MDTU,|det-1|^2,1-Re(det),Im(det)
1,0.934089,-0.47221,-2.47837e-05
2,0.799954,-0.18355,0.000963654
3,0.907449,-0.17061,-0.0021852
4,0.902243,-0.09568,-0.00093548
5,0.898211,-0.03684,-0.00548595
6,0.897217,-0.00133,-0.00104091
7,0.908528,-0.01898,0.00284262
8,0.859177,0.007468,0.00261275
9,0.880751,-0.01504,0.00328457
10,0.866814,0.029283,0.0019711
11,0.934756,-0.02128,0.00289572
12,0.85433,0.047471,-0.00199436
13,0.922071,0.03375,0.0045141
14,0.869259,0.017017,-0.00530123
15,0.852935,0.043405,0.000609441
16,0.882419,0.007459,0.00369903
17,0.880758,0.032924,-0.0031164
18,0.952737,-0.02202,-0.00515591
19,0.863016,0.028882,-0.00620802
20,0.922251,-0.01225,-0.00255475
21,0.890974,0.024626,0.00293616
22,0.919488,0.027676,-0.00190406
23,0.935869,0.01675,-0.00399746
24,0.893286,0.019333,0.00156737
25,0.914474,0.014114,-0.000693424
26,0.915725,0.027724,-0.00317706
27,0.915725,0.027724,-0.00317706
28,0.911649,0.004065,-0.00132681
29,0.931824,0.00645,-0.00131331
30,0.926781,0.015249,0.00295411
31,0.926781,0.015249,0.00295411
32,0.926781,0.015249,0.00295411
33,0.937064,-0.00359,0.00195433
34,0.948283,0.003997,-0.00361849
35,0.96773,0.001372,0.000779218
36,0.928571,0.008284,-0.00213161
37,0.860076,0.024176,0.00389003
38,0.918891,0.003533,-0.00265702
39,0.887764,0.016058,0.00188658
40,0.93749,0.018164,-0.00323399
41,0.909715,0.023482,0.00108015
42,0.980251,-0.00903,0.00351246
43,0.924235,0.026201,0.00024483
44,0.967639,-0.02177,0.00095456
45,0.893753,0.01675,-0.00502718
46,0.922355,0.007174,0.0014317
47,0.852777,0.017859,-0.000198374
48,0.926973,-0.00894,0.00323723
49,0.910832,0.010105,0.000800231
50,0.9508,-0.00195,-0.00520615
51,0.860508,0.029492,-0.00122795
52,0.942698,-0.02331,-0.000573765
53,0.874596,0.016725,0.000882558
54,0.91772,0.030311,-6.0323e-05
55,0.91893,0.013588,-0.000776435
56,0.876245,0.039205,-0.00166396
57,0.945298,-0.00825,0.000409001
58,0.840864,0.068066,-0.00077409
59,0.933059,0.0221,0.000861799
60,0.939076,0.012426,0.000619227
61,0.936505,-0.00935,-0.000947751
62,0.949098,-0.01302,-0.00527168
63,0.882896,0.044863,-0.0030018
64,0.901464,0.018834,-0.00565356
65,1.0067,0.001063,0.00333548
66,0.952248,0.021605,0.00508603
67,0.982328,0.014556,0.00316788
68,0.995232,0.002647,0.00165147
69,0.996301,-0.00155,0.000620843
70,0.947234,0.04883,-0.00311871
71,0.99299,0.012462,-0.000616014
72,0.934984,0.02522,-0.0018798
73,0.961026,0.010773,-0.00613287
74,0.97905,0.024917,-0.00473312
75,0.961449,0.02383,-0.00373261
76,1.00844,0.028841,-0.000462766
77,1.00124,0.021944,0.000314486
78,0.957397,0.039463,0.0065796
79,1.0047,0.024395,0.000217894
80,0.975975,0.039907,0.0042623
81,1.01273,0.006846,0.00109243
82,0.983334,0.036181,0.00232231
83,1.01381,0.021977,-0.00691284
84,1.00277,0.026044,-0.00518925
85,0.997815,0.014634,-0.00285398
86,0.951249,0.02331,0.00178836
87,0.931486,0.022881,-0.0090651
88,0.941721,0.010955,-0.00336587
89,0.987157,0.01034,-0.00611976
90,1.03961,-0.02403,-0.00061563
91,0.925479,0.036577,-0.00206745
92,0.943678,0.015823,-0.00482309
93,0.953977,0.008282,-0.00151479
94,0.924741,0.026054,-0.00189407
95,0.963258,0.004717,0.00305321
96,0.934375,0.026535,-0.000277746
97,0.970739,0.024161,0.000313117
98,0.943864,0.019361,-0.00270834
99,0.974662,0.010671,-0.00384646
100,0.965262,0.013209,0.00250187
101,0.965262,0.013209,0.00250187
102,0.96974,0.009506,7.20196e-05
103,0.935734,0.041827,0.00233722
104,0.957916,0.032566,-0.000767192
105,0.995701,0.003523,0.00191405
106,1.04518,-0.00817,-0.00246399
107,1.00413,0.002918,-0.00218172
108,0.942778,0.015045,0.00895914
109,0.987232,-0.00212,-0.00124193
110,1.00204,-0.00968,-0.000124971
111,0.899468,0.018283,6.32904e-05
112,0.947329,-0.00662,0.00161782
113,0.924716,0.016788,0.00396647
114,0.912587,-0.00026,0.00295845
115,0.910276,-0.00443,0.00162755
116,0.943783,0.005011,0.00415573
117,0.91412,0.000699,-0.00225479
118,0.909491,-0.00158,-0.000388539
119,0.909491,-0.00158,-0.000388539
120,0.922914,0.044811,-0.00811906
121,0.922356,-0.00614,-0.0021429
122,0.887403,0.019957,0.00483649
123,0.939598,0.002488,-0.000679842
124,0.889809,0.041794,0.000603635
125,0.947318,-0.02403,-0.00190922
126,0.914095,0.011092,-0.000167247
127,0.911848,0.013606,-0.00313902
128,0.901527,0.022136,-0.00325353
129,0.922667,0.018621,0.000760469
130,0.9297,0.006047,0.000229924
131,0.935556,-0.00958,-0.000701885
132,0.940701,-0.00036,0.00414477
133,0.896713,0.019587,0.00314959
134,0.955822,-0.02045,0.00243141
135,0.898394,0.007596,0.00143773
136,0.916822,-0.02344,-0.00483278
137,0.853528,0.027612,0.000845502
138,0.934491,-0.00827,-0.00349646
139,0.926154,0.008891,-0.00499331
140,0.890577,0.028216,-0.00157394
141,0.92473,0.00617,-0.000393393
142,0.863854,0.026216,-0.00156994
143,0.874213,0.006844,-0.00683165
144,0.921853,0.010906,-0.00522312
145,0.885519,0.024761,-0.00445273
146,0.935763,0.017608,-0.000904697
147,0.908311,0.010299,-0.00152488
148,0.866054,0.024949,-0.00543538
149,0.928175,-0.00854,-0.0040962
150,0.928175,-0.00854,-0.0040962
151,0.881018,0.027739,-0.00190869
152,0.897213,0.031072,0.00542323
153,0.924288,0.012858,-0.00384565
154,0.899065,0.01393,0.00366415
155,0.896424,0.003804,-0.000529677
156,0.912907,0.013755,0.00399056
157,0.93723,0.003218,-0.00202839
158,0.933732,0.013572,0.00027917
159,0.992257,-0.00396,-0.000677778
160,0.884156,0.032626,-0.00717924
161,0.9128,0.019884,0.0037518
162,0.900941,0.00889,0.000190439
163,0.916717,0.016355,-0.00135251
164,0.933361,-0.00378,0.000992843
165,0.949452,0.002498,-0.00183135
166,0.928212,0.006817,-2.41812e-05
167,0.930668,-0.00946,0.00111458
168,0.913051,0.010601,0.0012397
169,0.87588,0.019743,0.00655665
170,0.878539,0.018682,-0.00177198
171,0.952962,0.008016,-0.000326103
172,1.00182,-0.02077,-0.00503108
173,0.887582,0.029103,-0.00251712
174,0.928712,0.003301,0.000492358
175,0.929999,0.006189,0.000335487
176,0.887229,0.031617,-0.00413434
177,0.903687,0.020835,0.000157757
178,0.912224,0.021974,0.00053539
179,0.91544,0.012599,-0.000648596
180,0.912659,0.009465,-0.0041046
181,0.91688,0.013423,-0.00227188
182,0.88568,0.04068,-0.00162275
183,0.906709,0.012229,0.00367919
184,0.921312,-0.00556,-0.00486142
185,0.942768,-0.00935,-0.00231653
186,0.928822,-0.00376,-0.00269307
187,0.932334,0.019721,0.00158484
188,0.917575,0.028596,-0.00150616
189,0.919572,0.019284,0.00212911
190,0.88437,0.047461,-0.00398589
191,1.00199,-0.0185,5.16165e-05
192,0.973267,-0.00052,-0.000268568
193,0.940041,0.005303,0.000810548
194,1.00367,0.003085,0.000860921
195,0.960718,0.0018,0.00255206
196,0.906214,0.03835,-0.00181518
197,0.913559,0.031987,0.00192458
198,0.992689,-0.01361,0.00203725
199,0.914321,0.018952,-0.00706526
200,0.961626,-0.01636,-0.00440654
201,0.897626,0.01543,-0.0018286
202,0.916625,0.016357,-0.00356915
203,0.918333,0.035755,-0.00141659
204,0.998055,-0.00757,0.00380458
205,0.919896,0.040011,-0.00208556
206,0.905126,0.022411,0.00707469
207,0.905443,0.005431,-0.000477984
208,0.935645,0.010491,0.00111281
209,0.90943,0.013269,0.00398767
210,0.936465,0.019344,0.00121278
211,0.913584,0.011987,-0.00543575
212,0.896163,0.00916,-0.000752225
213,0.927229,0.008067,-0.000727355
214,0.928137,0.010225,0.000492699
215,0.893391,0.026884,-0.00123066
216,0.939147,0.013083,0.00473733
217,0.937414,0.026649,0.00086307
218,0.958063,0.013578,-0.000541628
219,0.905986,0.024637,0.00035219
220,0.901808,0.047758,0.002982
221,0.886347,0.022024,-0.00440469
222,0.900315,0.014881,0.00369365
223,0.92747,-0.00263,0.00601347
224,0.923415,-0.00076,0.000402948
225,0.911435,0.012205,0.00330351
226,0.887312,0.018868,-0.00379133
227,0.882485,0.027859,0.00288255
228,0.875224,0.042605,-0.00385771
229,0.875224,0.042605,-0.00385771
230,0.894294,0.016387,0.00230752
231,0.865681,0.032796,0.0020639
232,0.915423,0.00606,-0.000726078
233,0.923639,0.014661,-0.00136611
234,0.953121,-0.01002,0.0011733
235,0.947007,0.01011,-0.000385949
236,0.904768,0.027134,0.00606034
237,0.92584,0.013945,0.000395687
238,0.951987,0.002033,0.00605548
239,0.891213,0.033333,9.07795e-05
240,0.9584,0.00834,0.00187331
241,0.885817,0.001579,0.000294229
242,0.90475,0.007239,0.00126532
243,0.921383,0.008044,0.000616831
244,0.852007,0.037002,0.000814278
245,0.866542,0.015217,-0.00398439
246,0.874552,0.021765,-0.00380626
247,0.972491,-0.02384,-0.0026087
248,0.917685,0.010463,-0.00483466
249,0.898766,0.019177,0.0028201
250,0.87964,0.025512,0.00121802
251,0.943491,0.001492,-0.00392941
252,0.921065,0.014449,0.0020276
253,0.911179,0.005645,-0.00709147
254,0.92087,0.007547,-0.000958736
255,0.900484,0.020837,0.00125035
256,0.923458,0.007765,0.00307924
257,0.917024,0.0103,-0.00352845
258,0.94724,0.000488,-0.00597631
259,0.892146,0.02925,0.00192938
260,0.900149,0.015497,0.0028698
261,0.869002,0.045901,-0.00138233
262,0.915608,0.001921,0.000954107
263,0.950222,0.006973,0.00148214
264,0.922577,0.02888,-0.00327434
265,0.934941,0.017092,-0.00086208
266,0.913422,0.017875,-0.00484017
267,1.0018,-0.00396,0.000457816
268,0.948476,0.019507,0.00196866
269,0.98671,0.005603,-0.00216994
270,0.927935,0.04002,0.00530647
271,0.927935,0.04002,0.00530647
272,0.924108,0.018381,-0.00599063
273,0.952964,0.002903,0.00391232
274,0.913691,0.014427,-0.00339164
275,0.933754,0.011664,0.00469064
276,0.889828,0.022409,-0.00468838
277,0.951754,-0.00145,-0.000645589
278,0.937358,0.002403,0.000583058
279,0.920759,0.02261,-0.000552009
280,0.911648,0.014811,0.00118744
281,0.911648,0.014811,0.00118743
282,0.913076,0.013479,0.00724193
283,0.913076,0.013479,0.00724193
284,0.912653,0.036805,-0.000752843
285,0.92704,0.001802,0.00367567
286,0.974112,0.007394,0.00163707
287,0.992396,0.020027,-0.0112214
288,1.01597,0.011611,-0.00236678
289,1.01597,0.011611,-0.00236678
290,0.933855,0.023389,0.00246832
291,0.939084,0.035093,-0.00326118
292,0.902206,0.019337,0.000799593
293,0.895635,0.006272,0.00123631
294,0.886407,0.023497,0.00746134
295,0.943735,0.003792,0.00261546
296,0.937096,0.003946,-0.00473999
297,0.949674,0.01173,0.00112683
298,0.905787,0.042875,-0.00133958
299,0.950371,0.006014,0.00128435
300,0.915518,0.009744,0.000723707
301,0.915518,0.009744,0.000723707
302,0.909486,-0.00367,-0.00339526
303,0.909248,0.012019,-0.00430663
304,0.908264,-0.0035,0.000689817
305,0.870366,0.025319,0.00237546
306,0.91947,0.013691,-0.00382085
307,0.958666,-0.01166,-0.00343491
308,0.919036,0.02339,-0.00246362
309,0.952101,-0.01397,0.00216133
310,0.927514,0.000911,-0.00585056
311,0.927514,0.000911,-0.00585056
312,0.953925,-0.0192,-0.00971261
313,0.928244,0.022483,-0.00259161
314,0.920165,0.011238,-0.00667786
315,0.919933,0.007203,-0.000435754
316,0.919933,0.007203,-0.000435754
317,0.874641,0.038652,0.00101125
318,0.967433,-0.00275,0.000356977
319,0.857025,0.019963,-0.0057736
320,0.946861,-0.01345,-0.000416689
321,0.922158,0.013537,-0.00717603
322,0.957058,-0.01316,-0.000169868
323,0.87531,0.005333,0.00191886
324,0.902793,0.013981,-0.00463827
325,0.906639,0.001557,0.00058895
326,0.906639,0.001557,0.00058895
327,0.948939,0.009636,-0.00176202
328,0.962677,0.004884,0.00211469
329,0.962677,0.004884,0.00211469
330,0.940297,-0.0103,0.000971997
331,0.906475,-0.00067,-0.005043
332,0.92194,0.012507,0.00537716
333,0.929644,-0.00679,0.00141982
334,0.916526,0.013772,0.00670312
335,0.915426,0.023245,-0.00310502
336,0.980991,-0.01214,-0.00218902
337,0.962579,-0.00433,-0.00133435
338,0.921531,0.036489,0.00189624
339,0.9668,-0.0181,-0.00182558
340,0.924696,-0.00344,-0.000326437
341,0.882185,-0.00178,-0.00125186
342,0.86258,0.027138,-0.00189448
343,0.940333,-0.00693,-0.00157277
344,0.950764,0.005577,0.00145547
345,0.987839,-0.01062,0.00470093
346,0.926284,0.008396,-0.000856471
347,0.945008,-0.00454,0.00100557
348,0.911454,0.00154,-0.000496403
349,0.924617,-0.00448,0.000756646
350,0.889222,0.007011,0.00400626
351,0.92552,0.015976,0.0081904
352,0.918061,0.008542,-0.000246161
353,0.941778,-0.00222,0.00245399
354,0.913681,0.002659,-0.000232405
355,0.972089,-0.01783,0.00288765
356,0.944329,-0.0039,0.00416589
357,0.947374,0.013819,0.000557203
358,0.941065,-0.01477,0.003218
359,0.945614,-0.00915,0.00255193
360,0.915565,0.011495,-0.000761145
361,0.982097,-0.0198,0.000329299
362,0.913469,0.003293,0.00617415
363,0.917715,0.003801,-0.000325381
364,0.939377,-0.01322,-0.00243211
365,0.915879,0.008523,-0.00223983
366,0.901476,0.014161,-0.00158082
367,0.946117,0.003447,-0.00241418
368,0.915018,0.02118,-0.00386192
369,0.94114,-0.00492,-0.00265911
370,0.900104,0.036776,-0.00130067
371,0.920296,0.023894,-0.00281942
372,0.895435,0.012001,-0.00384921
373,0.88258,0.031724,0.00178681
374,0.88258,0.031724,0.00178681
375,0.977397,-0.00766,0.00115858
376,0.893791,0.023841,0.00499676
377,0.913029,0.027442,0.00296768
378,0.915415,0.005015,0.0027983
379,0.921037,0.00749,0.00516211
380,0.916371,-0.00381,0.00085339
381,0.899824,0.016854,-0.00221335
382,0.934222,0.00097,-0.00333368
383,0.923923,0.026283,-3.13763e-05
384,0.877454,0.038265,-0.00975642
385,0.949847,-0.01173,-0.00318934
386,0.887067,0.028937,0.00382557
387,0.887067,0.028937,0.00382557
388,0.942831,-0.00369,0.00166773
389,0.914177,0.01314,0.00175653
390,0.910433,-0.00364,0.0018189
391,0.921806,0.007172,0.000659092
392,0.91572,0.00388,-0.000133871
393,0.900124,0.031854,0.00188218
394,0.883846,0.000253,0.00248361
395,0.896976,0.008928,-0.0050023
396,0.884241,0.000737,-0.000558214
397,0.889963,0.016645,0.00291721
398,0.912906,0.014899,0.00278363
399,0.867627,0.059762,0.000212131
400,0.891085,0.015372,-0.00112486
401,0.917285,-0.01422,-0.00317339
402,0.89646,0.016706,-0.00357795
403,0.920215,0.015611,-0.00239609
404,0.887224,0.029262,0.000644716
405,0.887224,0.029262,0.000644716
406,0.881317,0.034327,0.00187885
407,0.914809,0.017337,-0.00155637
408,0.893769,0.030985,0.00019719
409,0.894966,0.010664,-0.00165054
410,0.909064,0.00214,-0.00587396
411,0.919524,0.013857,-0.00251668
412,0.950436,0.002759,-0.00841893
413,0.950436,0.002759,-0.00841893
414,0.928281,0.004679,-0.00208469
415,0.873582,0.022695,0.00294278
416,0.97662,0.003296,-0.00253708
417,0.905021,0.010996,-0.000207339
418,0.923458,0.009471,-0.00334148
419,0.90043,0.029447,-0.00451174
420,0.941513,-0.02634,-0.00645328
421,0.926293,0.023253,-0.00487081
422,0.883156,0.027915,-0.00258961
423,0.921433,0.031157,-0.00293789
424,0.921433,0.031157,-0.00293789
425,0.9098,0.033003,-0.00233996
426,0.961486,-0.01557,0.00090689
427,0.946973,0.009714,-0.000359034
428,0.963328,-0.0039,-0.00404718
429,0.948159,0.004821,-0.000862018
430,0.951075,0.015695,0.00329816
431,0.926082,0.03239,0.000648115
432,0.99241,0.001975,-0.00626066
433,0.99241,0.001975,-0.00626066
434,0.99241,0.001975,-0.00626066
435,0.965106,0.027338,7.41432e-05
436,0.965106,0.027338,7.41432e-05
437,0.946404,0.016057,-0.000648068
438,0.93212,0.023508,0.00252281
439,0.926952,0.020762,-0.00118978
440,0.932008,0.010241,0.00109115
441,0.915639,0.011257,0.00514774
442,0.92763,0.008026,0.00116022
443,0.918628,0.027252,0.000928784
444,0.932608,0.020073,-0.000671961
445,0.934779,-0.0014,-0.00249244
446,0.855913,0.017428,0.00210939
447,0.91596,-0.00242,-0.00637011
448,0.882482,0.022844,-0.0059526
449,0.894307,-0.0129,-0.00452202
450,0.862372,0.035566,-0.00322104
451,0.909913,0.008499,0.00263157
452,0.898678,0.013523,-0.000881593
453,0.93284,0.004378,-0.00354
454,0.970733,-0.01126,0.000578775
455,0.921621,0.032188,-0.000372222
456,0.922346,0.023699,-0.00396174
457,0.937989,-0.00184,-0.0073829
458,0.937438,0.033522,0.00126063
459,0.941602,0.022914,-0.00494538
460,0.941602,0.022914,-0.00494538
461,0.96622,-0.00991,0.00131153
462,0.89046,0.016437,0.000804233
463,0.942799,-0.00849,-0.00315507
464,0.876821,0.032369,0.000429332
465,0.900446,0.012574,0.00571828
466,0.871492,0.040749,0.000429201
467,0.966756,-0.00086,0.00149554
468,0.917686,0.024613,-0.00126975
469,0.966129,-0.00622,-0.00314188
470,0.936352,0.013553,0.00211109
471,0.966324,-0.0012,-0.00106639
472,0.891324,0.016015,0.00367692
473,0.933528,-0.00109,-0.00103415
474,0.961444,-0.00389,-0.0038609
475,0.957107,0.000286,0.00240686
476,0.892378,0.020043,0.00365753
477,0.954958,-0.00078,0.00045951
478,0.899259,0.007033,-0.00271898
479,0.942869,-0.01004,0.000761239
480,0.941597,0.011995,-0.00219259
481,0.941597,0.011995,-0.00219259
482,0.944499,0.003585,-0.00063288
483,0.885806,0.013688,0.000838079
484,0.952579,0.007438,0.00163969
485,0.952579,0.007438,0.00163969
486,0.916066,-0.00707,-0.00156117
487,0.909038,0.018546,-0.00351377
488,0.97483,0.003698,0.00401351
489,0.943366,0.002118,-0.00017067
490,0.942292,0.014129,-0.00525693
491,0.911469,0.021683,0.00291119
492,0.914266,0.015826,0.000573247
493,0.899695,0.020901,-0.00715533
494,0.957107,0.011867,0.000779406
495,0.976743,-0.00102,-0.00216149
496,0.927734,0.011872,-0.00135716
497,0.897253,0.028291,-0.00455351
498,0.941734,0.015569,-0.00109374
499,0.954742,0.027296,-0.00869789
500,1.0128,-0.0093,0.00258726
501,0.974217,0.007276,-0.00577579
502,0.96943,-0.00029,0.00464097
503,0.948561,0.010757,0.00112365
504,0.97687,-0.00673,-0.00359421
505,0.916233,0.028439,-0.00180465
506,0.929954,0.018446,-0.000283001
507,0.946016,0.033233,-0.000464816
508,0.977211,0.008384,-0.000572579
509,1.01236,0.004903,0.00124691
510,0.971549,0.009557,-0.00315418
511,0.940314,0.033364,0.00102873
512,0.938094,0.005643,-0.000661754
513,0.9466,-0.0047,0.00486042
514,0.980991,-5e-05,-0.00159447
515,0.949898,0.004122,-0.00338199
516,0.925184,0.040461,-0.00109358
517,0.977163,-0.00512,-0.00195277
518,0.895224,0.039595,0.00347983
519,0.925745,0.01832,-0.00163698
520,0.888148,0.042055,0.000320647
521,0.98766,0.006819,-0.000398016
522,0.925192,0.016257,0.000703465
523,0.956857,0.011709,0.000364256
524,0.924043,0.016395,-0.00505542
525,0.942758,0.016405,-0.00436858
526,0.958085,0.009172,-9.88278e-05
527,0.920929,0.031913,0.000867668
528,0.906933,0.008837,0.00393174
529,0.973677,-0.01678,0.00202465
530,0.964355,-0.00556,0.00100519
531,0.989619,-0.01851,-0.0029893
532,0.916696,0.027674,-0.00301953
533,0.949548,-0.01194,0.00166463
534,0.933937,0.002665,0.000724544
535,0.939352,0.012655,0.00429073
536,0.875926,0.048404,0.00128092
537,0.988739,0.021833,0.00580526
538,0.963741,0.00294,-0.00397149
539,0.963741,0.00294,-0.00397149
540,0.963741,0.00294,-0.00397149
541,1.03286,-0.02662,-0.000295939
542,0.921785,0.044795,-0.0065347
543,1.04827,-0.0365,-0.00204382
544,0.948171,-0.00256,0.00185654
545,0.957846,-0.00096,-0.0036749
546,0.853004,0.039612,-0.000939105
547,0.87075,0.017776,0.00557495
548,0.911797,0.0236,-0.00259441
549,0.911797,0.0236,-0.00259441
550,0.922686,0.015973,-0.00429325
551,0.885616,0.03446,-0.00113049
552,0.86632,0.022864,0.0043108
553,0.927153,0.013031,0.00315973
554,0.93561,-0.00043,0.00347922
555,0.945159,0.02016,-4.48336e-05
556,0.977788,-0.01186,0.00276175
557,0.947535,0.014288,-6.40436e-05
558,0.896076,0.017997,-0.000101661
559,0.926461,-0.00315,0.00423515
560,0.956274,-0.00529,0.00309242
561,0.877476,0.027764,0.000122434
562,0.952532,-0.01483,-0.00210685
563,0.956078,-0.01942,0.00167419
564,0.858278,0.024775,0.00240071
565,0.972811,-0.01372,-0.00022745
566,0.895284,0.002577,0.00121618
567,0.938984,0.004819,0.00481932
568,0.879779,0.015171,0.00087026
569,0.912971,-0.0047,-0.000693585
570,0.915455,0.011606,-0.00258516
571,0.888074,0.002016,-0.00175232
572,0.965762,-0.01228,-0.00491369
573,0.810549,0.074287,-0.0012486
574,0.921402,-0.00907,-0.00273583
575,0.921402,-0.00907,-0.00273583
576,0.88392,0.031154,0.00348278
577,0.899113,0.016472,-0.00567809
578,0.906271,0.018297,-0.00239878
579,0.906271,0.018297,-0.00239878
580,0.884035,0.026831,-0.00249716
581,0.948822,-0.01024,-0.00209631
582,0.941067,-0.00593,-0.00384585
583,0.894999,0.01463,0.00243839
584,0.927189,0.006411,-0.00294378
585,0.967152,0.003385,-0.000137758
586,0.929943,0.012419,0.00312377
587,0.955736,-0.01109,-0.00854228
588,0.923044,-0.00241,0.00571544
589,0.901746,0.017076,-0.00296496
590,0.901746,0.017076,-0.00296496
591,0.879819,0.037428,-0.00406835
592,0.910948,0.013748,-0.00265336
593,0.957996,0.005871,0.00310653
594,0.957315,0.003028,-0.00523761
595,0.962537,-0.00962,-0.00691055
596,1.02115,-0.00171,0.00285327
597,1.02417,-0.01322,-0.000766043
598,0.945962,0.00376,0.00870648
599,0.977015,-0.0004,-0.00570246
600,0.949167,-0.01716,0.00299076
601,0.955591,0.015893,0.00774951
602,0.947203,0.017178,-0.00295219
603,0.93291,0.027043,-0.000663901
604,0.910669,0.034394,-0.0029587
605,0.966023,-0.00192,1.77083e-05
606,1.00376,-0.01306,0.00103618
607,0.973272,0.006861,0.0026326
608,0.926934,0.025687,-0.00270885
609,0.991035,-0.00169,0.000381801
610,0.939512,0.015341,0.00137304
611,0.92857,0.018631,-0.00436432
612,0.941724,0.020011,0.00230221
613,0.911017,0.014651,0.00152539
614,0.948935,-0.02001,0.00216822
615,0.903193,0.010622,-0.000301614
616,0.928159,0.023709,0.000827321
617,0.960466,0.016931,0.000376345
618,0.939005,0.018762,-0.00246976
619,0.963317,0.017679,-0.0048952
620,0.887921,0.027922,0.000497696
621,0.941714,-0.00587,-0.00402716
622,0.936014,0.030082,0.0040481
623,0.96491,0.003974,-0.00126718
624,0.968634,-0.00848,-0.00280854
625,0.949361,0.009547,-0.00904088
626,0.939273,0.005546,0.00488406
627,0.95661,0.022846,0.00119874
628,0.889706,0.036465,0.00298024
629,0.990049,-0.01931,-0.00198851
630,0.928975,0.020224,-0.00225471
631,0.904127,0.0187,0.00403803
632,0.89247,0.031655,0.000977282
633,0.898179,0.010494,0.0021329
634,0.944798,0.002812,0.00495827
635,0.913517,0.02707,0.00564728
636,0.941707,0.012511,0.00679763
637,0.924068,0.010113,-0.00287157
638,0.915356,0.019066,0.000249648
639,0.940268,-0.00191,-0.00485337
640,0.940268,-0.00191,-0.00485337
641,0.958739,-0.00287,-0.00432135
642,0.921159,0.018387,-0.00315182
643,0.938835,0.005271,0.00312574
644,0.846727,0.047284,-0.00794648
645,0.886682,-0.00128,0.00176705
646,0.859792,0.04385,0.00149174
647,0.877416,0.038138,-0.000755328
648,0.933547,-0.00435,-0.00215344
649,0.898362,0.017469,0.00310233
650,0.869913,0.021848,-0.0034642
651,0.870844,0.023832,-0.00111675
652,0.885833,0.012144,0.00265741
653,0.86881,0.024466,0.000784087
654,0.86881,0.024466,0.000784087
655,0.86881,0.024466,0.000784087
656,0.863899,0.025782,-0.000106075
657,0.848518,0.027948,0.000317931
658,0.924129,0.007004,-0.000904759
659,0.899096,0.010662,0.00792556
660,0.867651,0.001649,0.00370156
661,0.884685,0.007217,-0.00183723
662,0.912068,0.012848,0.00221578
663,0.94202,-0.00022,0.000574141
664,0.903847,0.017653,-0.00170525
665,0.951861,-0.01561,-0.00108513
666,0.937674,0.020207,0.0014574
667,0.970919,-0.02247,-0.000920054
668,0.936701,-0.00299,-0.00376101
669,0.931714,0.015459,-0.00198415
670,0.943451,0.001771,0.000557797
671,0.912325,0.018347,0.00170594
672,0.933306,0.004709,0.00241857
673,0.943791,0.009324,-0.00298607
674,0.943791,0.009324,-0.00298607
675,0.945158,-0.01201,-0.00116308
676,0.908155,0.002539,-0.00912003
677,0.912192,-0.00625,0.000757499
678,0.865293,0.029781,-0.00166491
679,0.902871,-0.00286,-0.00208582
680,0.878622,0.021933,0.000554208
681,0.878962,0.01158,-0.00124038
682,0.913475,0.002712,-0.00131676
683,0.901727,0.014677,-0.00164356
684,0.906365,0.008047,0.00200519
685,0.922915,0.018124,0.00480605
686,0.953606,0.019319,0.0068848
687,0.967876,0.003265,0.00113808
688,0.967876,0.003265,0.00113808
689,0.863635,0.035877,0.00325957
690,0.968253,0.011441,0.00516596
691,0.873408,0.049144,-0.002017
692,0.954134,0.004132,0.000137399
693,0.900421,0.033556,0.00120316
694,0.907288,0.012075,0.000405374
695,0.935359,0.010426,0.00175621
696,0.937947,0.004165,0.00443754
697,0.901409,0.022657,0.00336844
698,0.901409,0.022657,0.00336844
699,0.87721,0.020383,0.0010075
700,0.933963,-0.00287,0.00365806
701,0.852798,0.043036,0.0055176
702,0.871306,0.030045,-0.000182914
703,0.859381,0.012615,-0.0033481
704,0.956525,-0.01755,-0.000835224
705,0.877048,0.0262,-0.00030888
706,0.947063,-0.00031,0.0028376
707,0.902385,0.018235,0.00112185
708,0.893209,0.031429,-0.0029906
709,0.938746,0.003986,-0.00720865
710,0.897134,0.010391,-0.00429752
711,0.902742,0.008099,-0.00524197
712,0.855497,0.047116,0.0003453
713,0.918067,-0.0039,0.00159229
714,0.90847,0.004577,0.00256162
715,0.898695,0.015816,0.00543358
716,0.929274,0.011399,-0.00137982
717,0.887584,0.027298,0.00402298
718,0.915839,-0.01101,-0.000241122
719,0.90994,-0.00205,0.00432324
720,0.943443,0.003403,-0.0075961
721,0.964725,-0.01017,0.00219837
722,0.893918,0.03304,-0.00178255
723,0.938277,0.003774,-0.00303611
724,0.907143,0.036027,-0.00242843
725,0.983176,-0.03512,-0.000167971
726,0.901542,0.018919,-0.00151438
727,0.901542,0.018919,-0.00151438
728,0.962605,-0.02118,-0.00274398
729,0.945033,0.002256,-0.00551927
730,0.960125,0.020177,0.000375469
731,0.949567,0.022203,-0.00204982
732,0.946876,0.019849,0.00452957
733,0.932258,0.037265,-0.00346251
734,0.9202,0.025772,-0.00197719
735,0.950662,0.027009,-0.00144798
736,0.951494,0.011733,-0.00426431
737,0.927856,0.02243,0.0016673
738,0.917126,0.024288,0.00275934
739,0.899785,0.033687,-0.00208513
740,0.915071,0.036706,0.00317221
741,0.883181,0.064845,-0.00467754
742,0.947173,0.031241,7.98242e-05
743,0.942912,0.033113,-0.00293226
744,0.992659,0.007818,-0.00148345
745,0.963799,0.009466,-0.00410018
746,1.02421,0.009316,0.00158156
747,1.01899,0.012539,-0.000910954
748,0.941266,0.031558,-0.00130692
749,0.941266,0.031558,-0.00130692
750,1.01863,0.00013,-0.000393078
751,1.00433,-0.00079,-0.011119
752,1.00358,0.018162,-0.00112358
753,0.947761,0.023897,-0.00226551
754,0.928558,0.034563,0.00242625
755,0.943392,0.01974,0.0030305
756,0.926761,0.013218,0.000385068
757,0.960535,0.017188,0.00250726
758,0.961374,0.033747,-0.00140093
759,0.994278,0.027361,-0.005164
760,0.927787,0.01025,0.000625198
761,0.933552,0.003007,0.00146628
762,0.910096,0.008058,-0.00379179
763,0.914036,0.000531,0.00449389
764,0.90924,-0.00092,0.00320384
765,0.906776,0.011305,0.0013299
766,0.906524,0.008647,0.00394111
767,0.932829,-0.0215,-0.000503564
768,0.87807,0.005106,-0.00488776
769,0.87807,0.005106,-0.00488776
770,0.926151,-0.0085,0.00207727
771,0.874445,0.034271,0.00269294
772,0.956199,-0.00219,-0.00409345
773,0.923788,0.014125,-0.00133446
774,0.975048,-0.02302,-0.000954445
775,0.97208,0.002165,-0.00200654
776,0.97982,-0.00202,-0.00288639
777,0.97982,-0.00202,-0.00288639
778,0.97489,0.001702,-0.00535577
779,0.96711,0.008776,-0.00323195
780,0.907961,0.026837,-0.000103222
781,0.944756,0.00499,-0.00146257
782,0.978202,0.001751,0.00245943
783,0.931508,0.018559,-0.00647824
784,0.938972,0.020372,0.00140219
785,0.953671,0.014067,0.00614633
786,0.932535,0.027618,0.00721982
787,0.99307,0.004535,-0.00122774
788,0.955353,0.007375,-0.0049206
789,0.925603,0.066483,-0.00219186
790,1.05136,-0.00333,-0.00180787
791,0.9716,0.053704,0.00279782
792,1.00295,0.015758,0.00400582
793,1.00295,0.015758,0.00400582
794,0.972565,0.022949,-0.00362359
795,1.01807,0.016237,-3.47074e-05
796,0.987952,0.04403,-0.0059779
797,0.994201,0.007849,-0.00674958
798,1.02512,0.018578,-0.00883221
799,0.986586,0.01292,-0.000806086
800,0.985391,0.00238,-0.00323985
801,0.953295,0.033572,0.00316665
802,0.950457,0.014582,0.000966972
803,0.982832,0.013117,0.00220745
804,0.955628,0.024756,-0.00195936
805,0.97525,0.005742,-0.00457237
806,0.946632,0.009015,-0.00254592
807,0.948416,0.007068,-0.00305646
808,0.933469,0.02357,-0.00493232
809,0.890978,0.038015,-0.00386118
810,0.936099,0.017014,0.0052495
811,0.932222,0.027112,0.00284441
812,0.932222,0.027112,0.00284441
813,1.00248,0.00507,-0.000149805
814,0.977423,-0.00317,-0.00511922
815,0.944495,0.008298,-0.00125184
816,0.902906,0.023936,-5.58719e-05
817,0.938437,0.003382,-0.00028908
818,0.974668,-0.01131,0.00706462
819,0.929817,-0.00464,0.00107183
820,0.917472,-0.00291,-0.00158842
821,0.906315,0.026007,0.00041516
822,0.939235,0.01716,-0.000712747
823,0.920139,0.024839,0.000799115
824,0.896236,0.019926,-0.000583889
825,0.921456,0.014108,0.000319967
826,0.921456,0.014108,0.000319967
827,0.88443,0.04259,-0.00259892
828,0.946226,-0.02068,0.00307658
829,0.840534,0.047897,0.00188553
830,0.882414,0.006441,0.00421011
831,0.896188,0.037595,-0.000136388
832,0.896188,0.037595,-0.000136388
833,0.933647,0.006577,0.00160285
834,0.866276,0.023282,0.00584049
835,0.896827,0.017367,-0.00242224
836,0.914008,0.007284,-0.000972329
837,0.850496,0.050095,-0.0073097
838,0.974802,-0.01337,-0.00548235
839,0.974802,-0.01337,-0.00548235
840,0.841898,0.053113,-0.00423015
841,0.898993,0.017612,-0.000718135
842,0.943176,0.012846,-0.000883102
843,0.924026,-0.00308,0.00226882
844,0.903597,0.00763,-0.00263632
845,0.943976,-0.00695,0.00413674
846,0.927697,0.008757,-0.00169205
847,0.889682,0.006634,0.00440462
848,0.994618,-0.01676,-0.00416898
849,0.9163,0.021115,0.00145227
850,0.936987,-0.0029,0.000516826
851,0.918368,-0.00145,0.00356031
852,0.929121,-0.00236,0.0021366
853,0.903992,0.025851,0.00175483
854,0.9304,0.000298,-0.00414005
855,0.905053,0.035512,-0.00163984
856,0.905053,0.035512,-0.00163984
857,0.979614,0.001974,0.000585304
858,0.968648,0.035134,0.00452589
859,0.927179,0.02929,-0.00167899
860,0.943151,0.010275,0.00304466
861,0.967727,0.009111,0.00680621
862,0.945858,0.007718,-0.0017256
863,0.93993,0.012202,-0.00105885
864,0.956827,0.01344,-7.87495e-05
865,0.987959,-0.02197,0.00207904
866,0.960771,-0.00471,-0.00735812
867,0.960771,-0.00471,-0.00735812
868,0.92732,-0.00436,-0.00157749
869,0.927107,-0.00593,-0.00286666
870,0.881568,0.032933,-0.00622111
871,0.935215,0.003293,0.00337028
872,0.923593,0.00976,0.00383437
873,0.946996,-0.00646,0.00132845
874,0.939571,0.009631,0.00492584
875,0.900846,0.031253,0.00455729
876,0.901851,0.00532,0.00188479
877,0.926229,-0.01346,-0.0013494
878,0.850019,0.032651,0.000793238
879,0.894691,0.02499,0.00316888
880,0.888328,0.003793,0.00699619
881,0.938339,-2e-05,0.000742243
882,0.882883,0.028151,0.00388285
883,0.920185,0.002274,0.00487823
884,0.927512,0.02298,0.00321757
885,0.952849,0.005114,0.0022378
886,0.92256,0.016546,0.000113501
887,0.937967,0.009392,0.00415251
888,0.970423,0.011094,-0.00101354
889,0.929816,0.033298,0.00570473
890,0.937765,0.042487,-0.00223514
891,0.937765,0.042487,-0.00223514
892,0.96148,0.008443,-0.000331395
893,0.958277,0.016175,0.00117553
894,0.885079,0.043884,0.00556832
895,0.924467,0.019837,0.00539479
896,0.910402,0.017835,-0.00111315
897,0.948496,-1e-05,0.00178365
898,0.912551,0.006796,0.00033892
899,0.852211,0.035942,0.00317812
900,0.852211,0.035942,0.00317812
901,0.94782,0.036852,-0.00324578
902,0.906611,0.032723,-0.00237227
903,0.94674,-0.00193,0.00179084
904,0.940417,0.012208,-0.000531793
905,0.944214,0.011486,0.00604071
906,0.943489,0.007163,0.0044223
907,0.893423,0.034415,0.00364072
908,0.880653,0.031425,-0.00156055
909,0.968941,0.000427,0.00538728
910,0.936726,0.003345,-0.00539755
911,0.890558,0.024383,-0.00225203
912,0.939347,0.003654,-0.00143885
913,0.932065,0.003375,-0.00540134
914,0.93471,0.00599,0.00153538
915,0.906225,0.020603,-0.00202611
916,0.906225,0.020603,-0.00202611
917,0.872758,0.011998,-0.00164892
918,0.863426,0.02397,0.000355828
919,0.952155,-0.02057,0.00218742
920,0.901295,0.033302,0.000286967
921,0.941876,-0.0067,0.00146653
922,0.875045,0.021325,0.000852314
923,0.870237,0.003143,-0.000150578
924,0.935999,-0.00544,-0.00200885
925,0.9352,0.004229,-4.76614e-05
926,0.901453,0.023221,-0.00554785
927,0.941625,0.002414,-0.00113545
928,0.935878,0.017398,0.000425843
929,0.955149,0.025501,0.00275397
930,0.946235,0.019478,0.000986938
931,0.912844,0.029394,-0.00136173
932,0.935996,-0.00249,-0.00126923
933,0.911303,0.02277,-0.00226976
934,0.953859,0.007628,0.00107803
935,0.922048,0.03016,0.00395681
936,0.917667,0.017629,0.000226186
937,0.95127,-0.01135,-0.00356834
938,0.966303,-0.00789,-0.00146592
939,0.958425,0.014872,0.00104693
940,0.91985,0.006805,-8.12608e-05
941,0.90789,0.0081,-0.00143862
942,0.916362,-0.00975,0.000226557
943,0.897413,0.013576,0.00553477
944,0.918635,-0.00949,-0.0026674
945,0.891691,0.007261,0.00214598
946,0.939278,-0.01036,-0.00454491
947,0.8831,0.012004,-0.00363894
948,0.906816,0.008318,0.000559578
949,0.875571,0.028937,-0.00282756
950,0.906718,0.00266,-0.00173433
951,0.873467,0.030962,0.00151684
952,0.887394,0.032844,0.00339709
953,0.979365,0.013446,0.00280308
954,0.887781,0.032288,0.000691739
955,0.944232,0.006594,-0.00263803
956,0.898672,0.024419,0.00434384
957,0.885018,0.02975,0.00529456
958,0.877784,0.021931,0.00516329
959,0.927068,-0.02061,0.000754959
960,0.927068,-0.02061,0.000754959
961,0.901065,-0.01583,-0.00347371
962,0.892905,0.001909,0.00313675
963,0.922518,-0.03258,-0.00135047
964,0.904234,-0.00374,-0.000324152
965,0.942287,-0.00271,0.000733456
966,0.893189,-0.00446,-0.00353292
967,0.894804,0.006747,-0.00466562
968,0.930014,-0.00626,-0.00117322
969,0.92143,0.007026,-0.000691308
970,0.890803,0.000597,-0.00224391
971,0.909587,0.001746,-0.00302956
972,0.87454,0.025718,-0.00362736
973,0.983786,-0.01278,9.9258e-05
974,0.962533,-0.00789,-0.00101786
975,0.939618,0.024206,-0.00240914
976,0.913489,0.020983,-0.00473877
977,0.95659,-0.02378,-0.00399736
978,0.913079,0.018988,0.00274499
979,0.957774,-0.01168,0.00481286
980,0.973767,-0.02642,-0.00102063
981,0.974222,-0.03725,0.000716149
982,0.913773,-0.00022,0.00225588
983,0.920579,-0.0025,0.00261107
984,0.909847,0.019219,0.00522164
985,0.959905,-0.00252,0.00549007
986,0.919187,0.01742,0.00174627
987,0.929963,0.039219,-0.000673795
988,0.986196,0.01082,0.000598413
989,0.986196,0.01082,0.000598413
990,0.935833,-0.00016,0.000578015
991,0.975658,0.004865,0.000303173
992,0.971246,0.005698,-0.000805165
993,1.00142,-0.01613,0.00502304
994,1.00142,-0.01613,0.00502304
995,0.917982,0.027524,0.00051018
996,0.923498,0.024877,-0.00055313
997,0.994491,-0.01798,0.00177397
998,0.952115,0.013207,-0.00753565
999,0.93591,0.006018,0.00207235
1000,0.93591,0.006018,0.00207235
1001,0.908535,0.032506,-0.00092587
1002,0.908535,0.032506,-0.00092587
1003,0.955138,0.012746,-0.00280877
1004,0.915124,0.009396,0.00521208
1005,0.95453,-0.00194,0.00162812
1006,0.936393,0.023522,0.00273125
1007,0.946331,0.032675,-0.000384451
1008,0.946331,0.032675,-0.000384451
1009,0.983606,0.015619,-0.00111285
1010,0.952379,0.032728,-0.00148596
1011,0.995209,-0.00653,-0.00636065
1012,0.975556,0.008137,0.00184407
1013,0.975229,0.026196,-0.000611273
1014,0.975229,0.026196,-0.000611273
1015,0.995913,0.028908,0.00134541
1016,1.00321,0.008415,-0.00399286
1017,0.965119,0.009971,0.00522733
1018,0.980914,4.7e-05,0.000692879
1019,0.930287,0.026973,0.0021329
1020,0.97948,0.004731,0.00283458
1021,0.967415,0.007998,-0.0032749
1022,0.9564,0.01911,-0.0040063
1023,0.913469,-0.0001,-6.21351e-06
1024,0.887148,0.021209,0.00366083
1025,0.945296,0.025286,0.00351661
1026,0.921744,0.012484,0.00155008
1027,0.921744,0.012484,0.00155008
1028,0.984234,-0.00446,0.00112754
1029,0.870985,0.02335,0.00130031
1030,0.911361,0.034279,0.00213249
1031,0.930774,0.007979,-0.00626039
1032,0.958964,0.005096,-5.69494e-05
1033,0.948623,0.015849,-0.0027974
1034,0.89422,0.022856,-0.000237527
1035,0.949922,0.023197,0.00521625
1036,0.924831,0.022214,0.00146244
1037,0.888789,0.050263,-0.00144974
1038,0.954622,0.004565,-0.00149925
1039,0.862206,0.03924,-0.00149167
1040,0.937668,-0.00089,-0.0110806
1041,0.867621,0.040684,-0.00324348
1042,0.92663,-0.01295,1.29645e-05
1043,0.878753,0.021099,0.00184058
1044,0.932564,0.000446,0.000148611
1045,0.889432,0.034037,0.00708584
1046,0.932412,0.011907,0.00134561
1047,0.856144,0.040236,-2.64035e-05
1048,0.914217,0.013023,-0.00646036
1049,0.918406,0.052662,-0.00369189
1050,0.954937,0.011934,-0.000902997
1051,0.930264,0.009962,-0.00195775
1052,0.908057,0.01329,-0.003802
1053,0.910278,0.017349,0.000333076
1054,0.981628,-0.00524,0.00226967
1055,0.91975,0.029551,0.00645711
1056,0.99549,-0.03023,0.00129786
1057,0.99549,-0.03023,0.00129786
1058,0.974676,-0.02223,-0.0036438
1059,0.946522,-0.00744,-0.000771064
1060,0.959289,-0.01775,-0.00268367
1061,0.859522,0.021262,0.00392458
1062,0.987366,-0.01182,0.00766141
1063,0.876998,0.022792,0.0059608
1064,0.867282,0.023494,0.000651504
1065,0.915304,0.011854,0.0014806
1066,0.916214,0.007978,-0.00291206
1067,0.935848,-0.01896,0.00152951
1068,0.887998,0.036573,0.00524394
1069,0.945172,-0.00744,-0.00313854
1070,0.903926,-0.00754,0.00415152
1071,0.918136,-0.00026,0.00287789
1072,0.938843,-0.00795,0.000134261
1073,0.931986,-0.0103,0.00111073
1074,0.917357,0.026088,-0.00176076
1075,0.981133,-0.00215,0.0050317
1076,0.907896,0.050831,0.000895959
1077,0.907896,0.050831,0.000895959
1078,0.948671,0.000601,-0.00618748
1079,0.950565,-0.0019,-0.00177792
1080,0.932533,0.003452,0.00119887
1081,0.938935,0.003306,0.00316979
1082,0.876882,0.033215,0.00154317
1083,0.910487,0.015766,0.00494146
1084,0.885764,0.007692,0.00524796
1085,0.894837,0.007201,-0.00580431
1086,0.952863,-0.02052,0.000265431
1087,0.910495,0.017393,0.00279356
1088,0.895793,0.020655,-0.0021642
1089,0.903188,-0.0035,-0.00340162
1090,0.92561,-0.02457,-0.000647524
1091,0.902787,-0.00596,0.00160801
1092,0.898646,0.014151,-0.000935567
1093,0.934422,-0.0147,-0.00151522
1094,0.89989,0.027311,-0.000950689
1095,0.925718,0.002531,-0.00585681
1096,0.913779,-0.00238,0.000452729
1097,0.973356,0.003906,0.00188517
1098,0.944694,-0.00155,2.53247e-05
1099,0.914276,0.009023,-0.00528994
1100,0.891007,0.022766,-0.00417293
1101,0.951578,0.013689,-0.00255646
1102,0.931005,0.014426,-0.00161791
1103,0.931005,0.014426,-0.00161791
1104,0.9273,0.019436,-0.000311592
1105,0.923236,0.035038,0.00449493
1106,0.902714,0.041034,-8.88119e-05
1107,0.950751,0.022061,-0.000675471
1108,0.965984,0.017744,-0.000912599
1109,0.963743,0.018211,-0.00640432
1110,0.925607,0.025335,0.000314198
1111,0.956772,0.023706,-0.00211244
1112,0.92412,0.049053,-0.00835137
1113,0.940144,0.015479,-0.00189165
1114,0.915935,0.037894,-0.00262587
1115,0.972375,-0.00071,-0.00201939
1116,0.963746,0.028677,-0.000458564
1117,0.914623,0.012849,-0.00390643
1118,0.947441,0.010863,-0.00255537
1119,0.908037,0.035204,-0.000799337
1120,0.936496,0.007573,0.0112755
1121,0.964235,0.011136,0.00598804
1122,0.902183,0.027576,-0.000689712
1123,0.88771,0.019957,0.00121573
1124,0.964278,-0.00342,0.00341258
1125,0.88725,0.040072,-0.00301435
1126,0.922402,0.032069,0.0042971
1127,0.888543,0.014243,-0.0039667
1128,0.92322,-0.00288,-0.00218691
1129,0.882491,0.014866,-0.00214041
1130,0.93353,-0.0074,0.00433512
1131,0.892995,0.017982,-0.00441322
1132,0.931063,0.011801,-0.00610282
1133,0.9283,0.024351,-0.002194
1134,0.923208,0.015829,-0.00375665
1135,0.91609,0.002955,0.000867975
1136,0.884247,0.012008,-0.00011963
1137,0.92602,0.009035,-0.00889566
1138,0.935768,0.019576,-0.00175973
1139,0.955786,0.01678,0.000535654
1140,0.955786,0.01678,0.000535654
1141,0.933181,0.033901,-0.000534073
1142,0.971262,-0.00957,0.00508303
1143,0.90783,0.021714,0.000141942
1144,0.921462,0.000861,0.00322907
1145,0.915886,0.023662,0.00103521
1146,0.915886,0.023662,0.00103521
1147,0.967129,0.006152,-0.00693391
1148,0.93655,0.022458,-0.000889251
1149,0.93655,0.022458,-0.000889251
1150,0.924629,0.015822,-0.00227351
1151,0.95816,0.014782,-0.000882454
1152,0.940444,0.013529,0.00170093
1153,0.944665,0.011762,0.0069316
1154,0.887404,0.03408,-0.00169437
1155,0.91145,0.012445,0.00496831
1156,0.915636,0.017158,0.00874414
1157,0.88421,0.0239,0.000763161
1158,0.917243,0.00711,-0.002111
1159,0.918701,0.007518,-0.00197134
1160,0.930126,-0.00184,-0.0046373
1161,0.896174,0.035741,-0.00416383
1162,0.952539,0.002987,-0.000464804
1163,0.899379,0.028678,-0.00207111
1164,0.981787,0.003251,-0.00212645
1165,0.930757,0.041977,0.00234306
1166,1.00665,0.003144,0.00368796
1167,0.95101,0.015076,-0.00576108
1168,0.933418,0.043199,0.00104973
1169,1.00936,0.001012,-0.00223563
1170,0.962173,0.009751,0.00401708
1171,0.917665,0.013039,0.00134252
1172,0.939331,-0.01027,-0.00397651
1173,0.908772,0.018395,0.000660208
1174,0.944046,0.016423,0.00412711
1175,0.944046,0.016423,0.00412711
1176,0.968713,0.030204,0.0012296
1177,0.96089,0.01194,0.000152152
1178,0.932525,0.004879,0.00312231
1179,0.925814,0.007574,0.00766087
1180,0.937535,-0.01867,0.00360856
1181,0.937535,-0.01867,0.00360856
1182,0.952069,0.000216,0.00613195
1183,0.930156,0.017303,0.00160777
1184,0.930156,0.017303,0.00160777
1185,0.963295,0.003073,0.000392494
1186,0.897448,0.035946,0.00244555
1187,0.956543,0.024924,0.0012405
1188,0.916852,0.032166,-0.000411194
1189,0.909624,0.025919,-0.00291482
1190,0.936491,0.038377,-0.00457721
1191,0.93145,0.016305,-0.00176191
1192,0.922386,0.034428,0.00268504
1193,0.927972,0.025732,-0.00635932
1194,0.97543,0.011716,0.00247109
1195,0.943545,0.009224,-0.00519145
1196,0.966748,0.003714,-0.00366437
1197,1.01937,-0.00908,0.00398937
1198,0.981444,-0.01521,-0.00242848
1199,0.985873,-5e-05,-0.001396
1200,0.954642,0.011723,0.000823862
1201,0.903062,0.026079,-0.00176591
1202,0.901873,0.035448,-0.00411547
1203,0.970017,0.003858,4.11716e-05
1204,0.937352,0.008408,0.00316365
1205,0.886506,-0.00382,-0.0036898
1206,0.876058,0.006469,0.00125732
1207,0.851704,0.047606,-9.89488e-06
1208,0.933314,0.010787,0.000448612
1209,0.9001,0.054002,-0.00250533
1210,0.937832,-0.00104,-0.000739866
1211,0.892805,0.039106,0.00177605
1212,0.916524,0.010853,-0.00152997
1213,0.923952,0.005594,-0.00365674
1214,0.923952,0.005594,-0.00365674
1215,0.923952,0.005594,-0.00365674
1216,0.892288,0.016778,-0.00100132
1217,0.936903,0.003872,-0.0019243
1218,0.91293,0.030814,-0.000619145
1219,0.913876,0.034556,-0.00213116
1220,0.903501,0.018797,-0.00705676
1221,0.951701,0.003108,-0.00518021
1222,0.963002,-0.01836,-0.00437228
1223,0.884359,0.020379,0.00116451
1224,0.89854,0.004439,-0.00189623
1225,0.899039,0.004112,-0.000502247
1226,0.86697,-0.00043,-0.00201796
1227,0.859462,0.025907,0.000470343
1228,0.888397,0.012843,-0.00443446
1229,0.872681,0.032214,0.00142962
1230,0.95221,-0.00372,-0.00352961
1231,0.854299,0.034744,0.00182861
1232,0.91868,0.004766,0.00137169
1233,0.88801,0.004814,-0.00276999
1234,0.913658,0.015377,-0.00344337
1235,0.907425,0.000596,0.000914846
1236,0.884878,0.028848,0.00371979
1237,0.906854,0.032906,-0.00349235
1238,0.937936,0.015264,-0.00309633
1239,0.902303,0.021896,0.0017183
1240,0.939006,-0.00328,0.00245499
1241,0.91917,0.017782,0.00679983
1242,0.927224,-0.0005,0.00276346
1243,0.888792,0.024481,0.0010368
1244,0.900326,0.041176,0.000145268
1245,0.949864,0.007712,-0.00254992
1246,0.898115,0.006035,0.00096948
1247,0.905476,0.021949,-0.0035976
1248,0.902873,0.015308,-0.00434658
1249,0.902873,0.015308,-0.00434658
1250,0.875299,0.035374,-0.00433694
1251,0.914211,0.0012,0.00140398
1252,0.890633,0.005755,-0.00156543
1253,0.927257,0.000258,0.00216249
1254,0.880638,0.019993,-0.00176919
1255,0.938412,-0.00127,-0.00102798
1256,0.905779,0.010517,0.00312818
1257,0.948026,-0.01824,-0.000102037
1258,0.948026,-0.01824,-0.000102037
1259,0.885223,0.04736,0.00121506
1260,0.902682,0.003942,-0.00285142
1261,0.902682,0.003942,-0.00285142
1262,0.902682,0.003942,-0.00285142
1263,0.935048,0.020211,0.00122033
1264,0.910017,0.048959,-0.00321922
1265,0.984677,-0.00772,-0.00217691
1266,0.884856,0.040048,-0.00394644
1267,0.884856,0.040048,-0.00394644
1268,0.928902,-0.00629,-0.00156359
1269,0.905589,0.025746,-0.000873295
1270,0.90018,0.028843,0.00291305
1271,0.905607,0.019755,0.00666592
1272,0.928912,0.011178,0.00204265
1273,0.872475,0.049464,0.00034045
1274,0.944149,0.013458,0.00377193
1275,0.950572,0.006856,0.00632017
1276,0.926804,0.016334,-0.000874441
1277,0.952837,0.011007,0.00533651
1278,0.944932,0.011642,0.00374804
1279,0.931496,0.022354,-0.000250537
1280,0.924611,0.009014,0.00627399
1281,0.92109,0.028727,-0.00482055
1282,0.945599,0.002319,0.00401106
1283,0.918395,0.038005,0.00769644
1284,0.968102,-0.0012,0.000830137
1285,0.977429,-0.00709,-0.00191667
1286,0.906976,0.024218,-0.00396526
1287,0.950342,0.010957,0.000368993
1288,0.950342,0.010957,0.000368993
1289,0.89876,0.041497,0.00187518
1290,0.948213,0.005605,0.00173347
1291,0.948213,0.005605,0.00173347
1292,0.971169,-0.01454,-0.000471954
1293,0.920431,0.012498,-0.00162634
1294,0.910922,0.025075,0.00407307
1295,0.975247,0.022698,0.00752975
1296,1.02824,0.005514,0.00143195
1297,0.991318,-0.00807,-0.000353163
1298,1.01625,-0.01654,-0.00624066
1299,0.990766,0.005399,-0.00514145
1300,0.956405,0.024688,-0.00267534
1301,0.96804,0.018106,-0.00133514
1302,1.00684,0.023185,-0.00378906
1303,0.952405,0.016398,0.00365347
1304,0.942017,0.011494,-0.00917733
1305,0.979893,0.001065,-0.00351968
1306,0.979893,0.001065,-0.00351968
1307,0.93907,0.020956,-0.00264051
1308,0.990599,-0.00781,-0.00216971
1309,0.968375,-0.01613,-0.00110523
1310,0.933904,0.009938,-0.000594954
1311,0.965029,-0.01648,0.00246738
1312,0.967828,-0.00126,-0.00183483
1313,1.01999,-0.02327,0.00795527
1314,0.982906,0.017893,-0.0017051
1315,0.991306,-0.00612,0.000219571
1316,0.979529,-0.00842,-0.00377547
1317,0.925699,0.01327,-0.0061811
1318,0.989274,-0.00835,-0.00427316
1319,0.907867,0.038504,-0.00460423
1320,0.92957,0.019587,-0.000918377
1321,0.988381,-0.00409,-0.00347814
1322,0.933049,0.014486,-0.00263625
1323,0.911204,0.041279,-0.00589505
1324,0.938815,0.008775,1.81347e-05
1325,0.965577,-0.01395,0.00452686
1326,0.946931,0.032614,0.00364837
1327,0.932248,0.025677,-0.00191401
1328,0.914724,0.02364,-0.00450394
1329,0.915662,0.017229,0.00199348
1330,0.924061,0.008079,-0.00213379
1331,0.913285,0.010392,-0.00322628
1332,0.956996,-0.00733,0.00165906
1333,0.914842,0.032304,0.00624789
1334,0.954799,-0.00739,0.00101597
1335,0.954799,-0.00739,0.00101597
1336,0.901238,0.030784,0.00410551
1337,0.991229,-0.01984,0.00236609
1338,0.940504,0.00154,0.00186493
1339,0.956181,0.009043,4.95479e-05
1340,0.929452,0.030477,0.0021055
1341,0.935457,0.019959,-0.00263769
1342,0.923713,0.032439,0.00271074
1343,0.920723,0.030392,-0.000787236
1344,0.93051,0.025552,0.00130481
1345,0.901468,0.040732,0.000381659
1346,0.901468,0.040732,0.000381659
1347,0.981342,0.004259,-0.000468925
1348,0.923741,0.025054,-0.000758735
1349,0.914094,0.009432,0.00180927
1350,0.928811,0.015718,-4.78307e-05
1351,0.912939,0.013345,-0.000951571
1352,0.889216,0.029456,0.00071625
1353,0.9121,0.005612,0.00623872
1354,0.915454,-0.01419,-0.000762206
1355,0.911767,-0.01205,-0.000931985
1356,0.901123,0.010825,0.000927314
1357,0.950771,-0.01711,-0.00277834
1358,0.943324,-0.01165,0.00173352
1359,0.873708,0.027545,-0.000691545
1360,0.957998,-0.01386,0.000587171
1361,0.886095,0.00722,-0.00132338
1362,0.897576,0.013385,0.000426382
1363,0.952884,-0.00243,0.00275288
1364,0.877341,0.016005,-0.00159186
1365,0.955796,-0.01989,0.00224057
1366,0.900417,-0.00219,-0.0015269
1367,0.948022,0.01712,0.00370058
1368,0.948022,0.01712,0.00370058
1369,0.917757,0.01869,0.000393923
1370,0.974654,0.006199,-0.00058176
1371,0.932913,0.007442,0.00469598
1372,0.94526,0.003603,0.00172101
1373,0.899442,0.030104,0.000222602
1374,0.933624,0.003665,0.0024414
1375,0.880707,0.01543,0.00386214
1376,0.904901,0.005174,0.00249458
1377,0.913396,0.028713,0.000469902
1378,0.923027,0.013087,0.00654809
1379,0.967786,-0.01018,-0.00212003
1380,0.935172,0.011098,-0.00471644
1381,0.947629,0.013157,0.00273287
1382,0.947385,0.003717,0.00212175
1383,0.954226,0.015101,0.00429835
1384,0.905176,0.034039,0.00278513
1385,0.914391,0.034581,-0.000829329
1386,0.944393,0.009617,-0.000200762
1387,0.880185,0.027335,-0.00121847
1388,0.930093,-0.00289,-0.00238675
1389,0.945167,-0.01304,0.00360141
1390,0.939289,0.007887,0.00360371
1391,0.893618,0.016128,-0.00100013
1392,0.893618,0.016128,-0.00100013
1393,0.901723,0.009353,-0.00654409
1394,0.923158,0.020081,0.00158574
1395,0.965476,-0.00877,0.00116486
1396,0.878458,0.028339,0.00116623
1397,0.976143,-0.04862,0.0035706
1398,0.85887,0.030653,0.00104087
1399,0.884691,0.02017,0.000253665
1400,0.921082,-6e-05,0.00153853
1401,0.936783,0.017342,-0.00480222
1402,0.936783,0.017342,-0.00480222
1403,0.877036,0.04507,0.000365535
1404,0.939988,0.011972,-0.00200681
1405,0.922522,0.01247,-0.00231358
1406,0.888939,0.04122,0.00214093
1407,0.952087,0.010496,0.00300685
1408,0.923512,0.010369,0.00460645
1409,0.919487,0.00586,0.00345581
1410,0.912982,0.016646,-0.00329538
1411,0.949944,0.002591,-0.00335186
1412,0.905049,-0.0055,-0.000219733
1413,0.871632,0.030013,0.00275355
1414,0.915915,0.002373,0.00457709
1415,0.933363,0.018855,-0.000949415
1416,0.970067,0.01159,0.00046533
1417,0.901011,0.020029,-0.00113218
1418,0.957099,-0.00487,-0.000557121
1419,0.880786,0.070512,-0.00292697
1420,0.920184,0.013754,-0.000173237
1421,0.913681,0.038405,0.00140213
1422,0.945947,0.01749,-0.00180709
1423,0.894675,0.029718,0.0101383
1424,0.894675,0.029718,0.0101383
1425,0.894675,0.029718,0.0101383
1426,0.956435,0.014618,0.00741946
1427,0.941844,0.042,0.00698094
1428,0.90595,0.034005,0.00340661
1429,0.914907,0.009319,0.00315466
1430,0.91971,0.003523,0.00383559
1431,0.91971,0.003523,0.00383559
1432,0.85036,0.065685,0.000150941
1433,0.898965,0.035487,-0.00173869
1434,0.917703,0.004304,0.00683926
1435,0.971896,0.009491,0.00185974
1436,0.917449,0.006365,0.00569794
1437,0.933793,-0.0277,0.00295849
1438,0.888969,-0.01304,0.00194475
1439,0.91046,0.006023,0.00545615
1440,0.91046,0.006023,0.00545615
1441,0.904841,0.002403,0.000750473
1442,0.871518,0.0175,-0.00408211
1443,0.924666,-0.00674,-0.000564142
1444,0.901349,0.009381,4.56632e-05
1445,0.921367,0.001006,-0.00015895
1446,0.90248,-0.00124,0.00546441
1447,0.922669,0.009291,-0.00194498
1448,0.896516,0.001448,0.00311453
1449,0.922289,0.015401,0.00341368
1450,0.894994,0.004302,0.00594555
1451,0.881731,0.011875,-0.00128914
1452,0.930912,-0.02198,0.000117593
1453,0.909019,0.017147,-0.000416944
1454,0.931805,-0.00089,-3.94188e-05
1455,0.931584,-0.00295,-0.00320985
1456,0.908862,0.000114,0.000133836
1457,0.906431,0.013951,0.00281253
1458,0.875426,0.013417,0.00195172
1459,0.875426,0.013417,0.00195172
1460,0.887871,0.019575,0.00152886
1461,0.958089,-0.02879,0.00484387
1462,0.912349,0.016386,-0.00110933
1463,0.888928,0.002934,-0.00689701
1464,0.874363,0.015695,0.00333822
1465,0.937992,-0.03233,-0.000589369
1466,0.901318,0.019893,0.00173161
1467,0.91001,-0.02067,-0.000829392
1468,0.875206,0.027181,-0.00218513
1469,0.830651,0.042624,-0.00122864
1470,0.901859,0.002676,-0.00159051
1471,0.912014,0.010127,-0.00708703
1472,0.912014,0.010127,-0.00708703
1473,0.887714,0.025342,-0.00149872
1474,0.853003,0.023201,0.00305254
1475,0.934898,0.002126,-0.00256142
1476,0.916158,-0.00902,-0.00158922
1477,0.892256,0.034735,0.00518583
1478,0.869428,0.04363,-0.00219776
1479,0.897344,0.013494,0.000381816
1480,0.912278,-0.02115,0.00493503
1481,0.894621,-0.01672,0.000809762
1482,0.877825,-0.01037,0.00282699
1483,0.918669,-0.0036,-0.00289313
1484,0.891145,0.017864,0.0013873
1485,0.91097,0.009808,-0.00313621
1486,0.900884,0.028566,-0.00901583
1487,0.95475,-0.00039,0.00150448
1488,0.894289,0.038067,-0.0015457
1489,0.902759,0.013691,0.000732262
1490,0.88434,0.018909,-0.00319776
1491,0.910375,0.005387,0.000533279
1492,0.931295,0.013828,0.00276237
1493,0.915569,0.01634,0.000101096
1494,0.932523,-0.0083,-0.0017017
1495,0.885338,0.010046,-0.000838066
1496,0.900749,0.018378,-0.00145906
1497,0.900749,0.018378,-0.00145906
1498,0.926649,-0.02423,0.0013694
1499,0.903811,0.006809,0.00484643
1500,0.899529,0.022027,0.00554556
1501,0.939365,-0.02162,0.00501141
1502,0.866244,0.033199,-0.000871542
1503,0.900515,0.007392,0.00199246
1504,0.927035,0.008538,-0.000907138
1505,0.892976,0.021799,-0.00274038
1506,0.96267,-0.00518,0.00134666
1507,0.949606,-0.00101,-0.000911579
1508,0.957871,0.004519,0.00192518
1509,0.964365,0.009689,0.00240639
1510,0.987194,0.000427,0.000656883
1511,0.931906,-0.0036,-0.000707969
1512,0.914432,0.014443,-0.000914299
1513,0.911905,0.010438,-0.000211248
1514,0.913389,0.017504,-0.00511671
1515,0.922164,0.000931,-0.00339879
1516,0.899527,0.035266,0.00153716
1517,0.909111,0.012895,0.000981836
1518,0.909376,0.015107,-0.00270436
1519,0.978518,-0.01442,-0.00594623
1520,0.908322,0.016756,-0.00291807
1521,0.882079,0.020057,0.0016989
1522,0.863297,0.015434,0.00143506
1523,0.966117,-0.00799,0.000879663
1524,0.915465,0.028218,0.0029066
1525,0.964227,0.009928,0.00400324
1526,0.94547,0.022072,-0.00146471
1527,0.926124,0.002747,0.000362307
1528,0.926124,0.002747,0.000362307
1529,0.952238,-0.00726,0.00193868
1530,0.936968,0.016659,0.000923424
1531,0.913004,0.024796,-0.000221214
1532,0.971067,0.002657,0.00357412
1533,0.909373,0.016938,-0.00133715
1534,0.916586,0.009814,-0.00216988
1535,0.911452,0.0197,0.0012893
1536,0.940858,0.007377,-0.00331262
1537,0.894993,0.030808,3.35713e-05
1538,0.927562,0.02145,0.00151146
1539,0.867446,0.022164,-0.00643643
1540,0.908801,0.016338,-0.00331436
1541,0.922858,0.01018,-0.00489339
1542,0.928864,0.023615,-0.000730676
1543,0.976446,-0.01911,-0.00407086
1544,0.875455,0.038699,-0.00197715
1545,0.940264,0.009365,0.00212154
1546,0.882788,0.035728,0.00109451
1547,0.881148,0.022181,0.00302055
1548,0.925795,-0.00878,0.00200904
1549,0.923999,-0.01058,0.00306151
1550,0.943008,0.010535,0.0049836
1551,0.941972,0.01313,-0.00500365
1552,0.970462,-0.00078,0.000824361
1553,0.946241,0.012068,0.00239279
1554,0.95523,0.023824,0.00712198
1555,0.935462,0.008963,0.00316584
1556,0.898551,0.015237,0.00112688
1557,0.943319,-0.0001,0.00374548
1558,0.901458,0.026967,0.00362068
1559,0.954071,0.010399,-0.00075873
1560,0.896025,0.041235,0.00214778
1561,0.945114,0.00254,0.00166985
1562,0.930456,0.015723,-6.8099e-05
1563,0.924332,-0.00208,-0.00150093
1564,0.92277,0.014435,-0.00381965
1565,0.950243,0.011712,0.000608558
1566,0.882924,0.025511,-0.00119287
1567,0.870978,0.01635,-0.000327301
1568,0.881228,0.014941,0.00250808
1569,0.939178,-0.01285,-0.00247942
1570,0.870757,-0.00055,-0.00550372
1571,0.899444,0.015356,0.00170122
1572,0.881968,0.020634,0.00101507
1573,0.934542,-0.0143,-0.00207063
1574,0.92139,-0.00508,0.00472853
1575,0.948899,0.002917,-0.00408382
1576,0.945032,0.007382,-0.00521891
1577,0.890999,0.005257,0.000138639
1578,0.895639,0.013149,-0.00351888
1579,0.910444,0.017054,-0.00156976
1580,0.864215,0.02152,-0.000108937
1581,0.971536,-0.01602,0.00611049
1582,0.889731,0.008251,0.000890478
1583,0.891009,0.010312,-0.000246317
1584,0.882539,0.005847,0.000112757
1585,0.923364,0.012982,0.00247788
1586,0.926408,0.011624,0.00321324
1587,0.966763,-0.00931,0.00342801
1588,0.886998,0.033907,-0.00310894
1589,0.987006,-0.01603,-0.00464263
1590,0.938066,0.001002,0.00491117
1591,0.955056,0.007998,0.00309872
1592,0.926567,0.010558,-0.0023867
1593,0.976436,-0.00207,0.00568271
1594,0.929284,0.005219,0.0042018
1595,0.977825,-0.01841,-0.0070421
1596,0.977825,-0.01841,-0.0070421
1597,0.987924,0.006149,0.00352597
1598,0.936212,0.017499,-0.003389
1599,0.976562,-0.00955,0.000707354
1600,0.899288,0.043414,0.000595289
1601,0.970267,6.5e-05,-0.00583233
1602,0.925151,0.029969,-0.00207778
1603,0.934125,0.012797,-0.00400963
1604,0.991288,-0.00224,0.00499232
1605,0.902619,0.032811,-0.00439983
1606,0.925059,0.036491,-0.0040413
1607,0.889773,0.030328,-0.00461358
1608,0.915545,0.005806,0.00186299
1609,0.91055,0.019123,-0.00201928
1610,0.921319,0.014655,0.00324609
1611,0.890939,0.015908,-0.00832187
1612,0.923454,0.007509,-0.00270378
1613,0.887608,0.021623,-0.00131865
1614,0.936508,0.012491,-0.00299862
1615,0.991529,-0.02805,-0.000561591
1616,0.957421,-0.0021,-0.000341273
1617,0.854256,0.037438,0.0024194
1618,0.911727,0.012662,0.00509221
1619,0.926022,0.037683,-0.00144282
1620,0.987499,0.025493,-0.00173769
1621,0.952894,0.012132,0.000660547
1622,0.987246,-0.00191,-0.00276586
1623,0.889765,0.052902,-0.00236686
1624,0.969842,-0.01013,-0.00107127
1625,0.908766,0.030176,-0.00250789
1626,0.919187,-0.01659,-0.0027394
1627,0.874969,0.035015,0.0009103
1628,0.919252,0.001166,-0.00276028
1629,0.855685,0.043037,0.00115966
1630,0.935505,-0.01312,0.00193175
1631,0.860795,0.044981,0.00144669
1632,0.920627,-0.00671,-0.00240566
1633,0.894845,0.000186,-0.00409403
1634,0.901509,-0.00417,-0.00110435
1635,0.90568,0.033686,0.00368303
1636,0.934784,0.001719,-0.00364063
1637,0.935466,0.019987,-0.00360778
1638,0.957464,0.004031,0.0046344
1639,0.936547,0.017198,0.00219445
1640,0.892535,0.041467,0.00368868
1641,1.00445,-0.00557,-0.00141144
1642,0.970862,0.022778,0.000274616
1643,0.979043,0.01228,0.00385343
1644,0.94014,0.0366,0.00211173
1645,0.98123,-0.00339,0.00567158
1646,0.9421,0.031557,0.00242383
1647,0.983889,0.009847,0.00130993
1648,0.97539,0.00138,0.00340074
1649,0.953637,0.020207,-0.00111638
1650,1.00619,0.010617,0.00130687
1651,0.9633,0.00504,-0.000126696
1652,0.911886,0.025118,-0.0030532
1653,0.961109,0.020844,-0.00361564
1654,0.915023,0.012879,0.00644132
1655,0.968696,-0.0003,-0.00328891
1656,0.901534,0.0294,-0.000518203
1657,0.901534,0.0294,-0.000518203
1658,0.952048,-0.01204,0.00128098
1659,0.955009,-0.00145,0.000185059
1660,0.938294,0.010369,0.000420907
1661,0.895415,0.045525,0.00382043
1662,1.01099,-0.02757,-0.000430481
1663,0.877939,0.047813,0.00347593
1664,0.946523,0.005674,0.00056978
1665,0.877519,0.051442,0.00140113
1666,0.957597,0.010308,-0.00250436
1667,0.900684,0.041298,0.00270442
1668,0.929688,0.003518,-0.000627782
1669,0.970346,-0.00564,0.00121355
1670,0.93825,0.024579,-0.00619509
1671,0.942823,0.017714,0.00214813
1672,0.955977,0.011637,0.00179969
1673,0.908818,0.026213,-0.0028419
1674,0.952444,-0.01033,-0.00514498
1675,0.925804,0.006887,0.00421005
1676,0.937292,0.028859,-0.00302318
1677,1.04001,-0.00756,0.00129531
1678,0.916942,0.048067,-0.0008806
1679,0.972626,0.00272,-0.000413056
1680,0.986706,-0.00229,0.00148031
1681,0.934371,0.040712,0.00084546
1682,0.934371,0.040712,0.00084546
1683,0.987959,0.003502,-0.000906252
1684,0.924029,0.03604,0.00457392
1685,0.963178,0.018268,-0.00213629
1686,0.982577,-0.00208,-0.00228149
1687,0.912224,0.024271,-1.48364e-05
1688,0.942,0.005598,-0.00476871
1689,0.975518,0.004142,-0.00488102
1690,0.931605,0.03914,-0.00286481
1691,0.931605,0.03914,-0.00286481
1692,0.960416,0.014519,0.000110533
1693,0.929254,0.006418,-0.00108881
1694,0.961539,0.017176,0.0034941
1695,0.959376,0.026025,0.00565193
1696,0.916559,0.042914,-0.000371798
1697,0.975877,0.013082,-0.00291247
1698,0.942877,0.027746,0.000738229
1699,0.977372,0.003281,0.00043798
1700,0.925506,0.019139,0.00769622
1701,1.03385,-0.01218,0.00618468
1702,0.970468,0.034911,-0.000814664
1703,1.00882,0.001099,-0.00213066
1704,0.950328,0.036997,0.00793682
1705,0.991019,0.00723,0.00048498
1706,0.954875,0.023605,0.00317001
1707,0.9853,0.024557,-0.000398002
1708,1.01829,0.004893,0.00191354
1709,0.932568,0.02618,-0.00355375
1710,0.957914,0.020579,-0.00511721
1711,0.918203,0.026002,0.00406677
1712,0.91345,0.031611,-0.000664912
1713,0.959898,-0.00503,0.00098805
1714,0.957961,0.013524,0.00101804
1715,0.954713,-0.00452,-0.00312542
1716,0.936422,0.016612,-0.005218
1717,1.01067,-0.00297,0.000170209
1718,0.913909,0.025326,-0.00342195
1719,0.934227,0.017094,-0.00246126
1720,0.940582,0.013856,0.00204306
1721,0.988478,-0.03099,0.00334101
1722,0.913953,0.01606,0.000472917
1723,0.952045,0.00135,-0.0101257
1724,0.952045,0.00135,-0.0101257
1725,0.941205,0.013922,0.00161981
1726,0.931109,0.016797,-0.00228132
1727,0.938884,0.024341,0.00539757
1728,0.922486,0.016622,-0.00248535
1729,0.957283,-0.00027,0.000167698
1730,0.967442,-0.00193,0.00219836
1731,0.946699,0.001181,-0.00480742
1732,0.918667,0.005405,0.000569878
1733,0.902864,0.032106,0.000209663
1734,0.94806,0.025069,-4.48612e-05
1735,0.94806,0.025069,-4.48612e-05
1736,0.922845,0.034409,0.00117204
1737,0.939336,0.00952,-0.00250027
1738,0.929649,0.023529,-0.000610287
1739,0.928832,-0.00819,0.00442997
1740,0.937743,-0.01911,0.0068109
1741,0.883904,0.002806,0.00206292
1742,0.892832,0.018052,-0.0015332
1743,0.900685,0.020851,0.00352583
1744,0.879639,0.015191,-0.00425213
1745,0.917576,-0.01429,0.00504983
1746,0.895358,0.019785,0.00193353
1747,0.906674,0.006283,-0.00201477
1748,0.887005,0.031633,-0.000435694
1749,0.918247,0.002346,-0.00137366
1750,0.967652,-0.013,-0.002663
1751,0.889213,0.015176,0.00221008
1752,0.903182,0.013932,-0.00108668
1753,0.925804,0.011605,0.00113344
1754,0.979318,0.001116,0.00293226
1755,0.945156,0.001592,0.00229595
1756,0.900248,0.036311,0.0078679
1757,0.979631,-0.01219,0.000890057
1758,0.915028,0.0118,0.00406933
1759,0.938339,-0.00016,-0.000679835
1760,0.907411,0.028713,0.00356394
1761,0.900444,0.002078,0.00212584
1762,0.889777,0.015679,-0.00580611
1763,0.852096,0.026067,-0.00628991
1764,0.848646,0.0083,-0.00141444
1765,0.880476,0.023027,0.00475185
1766,0.840402,0.037849,-0.00203577
1767,0.904068,-0.00212,0.00124431
1768,0.884181,0.021389,0.000769721
1769,0.914658,0.008551,0.00135274
1770,0.929806,0.005172,0.00200977
1771,0.911153,0.014552,0.00182123
1772,0.902453,0.029809,0.00553097
1773,0.967791,-0.02049,0.00212395
1774,0.903394,0.026861,-0.00122658
1775,0.928245,0.007243,0.00486899
1776,0.910585,0.007293,-0.000988582
1777,0.845505,0.027221,-0.00498082
1778,0.871702,0.018785,-0.00237642
1779,0.878516,0.00531,0.00102739
1780,0.872171,0.013231,-0.00375227
1781,0.873194,0.025814,-0.0011314
1782,0.894784,0.005696,0.00299512
1783,0.894784,0.005696,0.00299512
1784,0.900038,0.006748,-0.000493858
1785,0.928836,0.014102,0.000575455
1786,0.958498,-0.00089,-0.00155742
1787,0.952296,0.018162,-0.00389766
1788,0.940631,0.005191,0.00189351
1789,0.866802,0.040047,0.00213559
1790,0.883397,0.015219,-0.00443968
1791,0.927317,-0.00876,0.00436304
1792,0.879139,0.015758,-0.00192708
1793,0.865432,0.016617,0.00479993
1794,0.925899,0.007714,2.76758e-05
1795,0.895809,0.028383,-0.00324652
1796,0.971622,-0.00217,-0.000987996
1797,0.920023,0.039373,0.00568465
1798,0.923753,0.030598,-0.00754236
1799,0.92635,0.029689,-0.00109128
1800,0.904216,0.01386,0.00689871
1801,0.904216,0.01386,0.00689871
1802,0.900824,0.032481,0.00135871
1803,0.93314,0.004909,5.06459e-05
1804,0.954347,0.025138,0.00287833
1805,0.897597,0.022545,0.00277762
1806,0.874814,0.036553,0.000472635
1807,0.929273,0.020321,0.00324402
1808,0.917107,0.023099,-0.00140863
1809,0.938325,-0.00135,0.000908924
1810,0.896826,0.052945,-0.0013877
1811,0.896826,0.052945,-0.0013877
1812,0.926271,0.023804,0.00287616
1813,0.889384,0.041214,-0.000937636
1814,0.889071,0.021421,-0.00103812
1815,0.920991,0.022501,0.00249407
1816,0.912013,0.014154,0.00034769
1817,0.900455,0.028921,0.00358819
1818,0.904666,0.009649,0.00172257
1819,0.919759,0.023109,0.00317599
1820,0.919335,0.01472,0.00236094
1821,0.915464,0.005061,0.000973827
1822,0.928271,-0.00141,-0.000606655
1823,0.928271,-0.00141,-0.000606655
1824,0.895622,0.019028,0.00169721
1825,0.945826,-0.01452,0.00313287
1826,0.873887,0.012691,-0.00199493
1827,0.934824,-0.00486,0.000137596
1828,0.969569,-0.00486,0.000636945
1829,0.944492,-0.00186,0.000556154
1830,0.963305,0.005623,-0.00298922
1831,0.880975,0.024064,0.0047855
1832,1.00068,-0.0367,-0.00113082
1833,0.88825,0.029703,-0.00103143
1834,0.904596,0.034081,0.00580284
1835,0.926597,0.00835,-0.000856799
1836,0.904042,0.009508,-0.00481557
1837,0.932504,0.014329,-0.00182589
1838,0.89151,0.014847,-0.00578235
1839,0.92497,0.028166,-0.00247492
1840,0.915761,0.010042,-9.65397e-05
1841,0.967633,0.010891,-0.00170469
1842,0.922124,0.020377,-0.00467496
1843,0.951717,0.004936,-0.00147787
1844,0.905315,0.020166,0.00459975
1845,0.941767,-0.00959,0.00207138
1846,0.908363,0.024295,-0.0010187
1847,0.968745,-0.00581,-0.00404268
1848,0.905414,0.025345,6.2758e-05
1849,0.989762,0.000837,0.00204472
1850,0.99136,0.007619,0.00737888
1851,0.968422,0.007391,0.00137687
1852,1.0202,-0.02819,0.00653787
1853,0.960311,0.000616,0.00168702
1854,1.01981,-0.01466,0.000425095
1855,1.01981,-0.01466,0.000425095
1856,0.927621,0.012124,-0.00472895
1857,0.904751,0.023525,-0.00521721
1858,0.998041,0.003504,0.00390181
1859,0.918294,0.014192,0.00341352
1860,0.930543,0.021583,-0.000580906
1861,0.907824,0.025024,-0.00154129
1862,0.886443,0.045795,-0.00291735
1863,0.942074,-0.00993,0.0040352
1864,0.916405,0.011055,-0.00373704
1865,0.916405,0.011055,-0.00373704
1866,0.879216,0.021604,0.00137946
1867,0.946314,0.005668,-0.00454777
1868,0.933125,0.012128,-0.0015981
1869,0.905452,0.048506,0.00124879
1870,0.920186,0.031168,-0.00127371
1871,0.95093,0.011509,-0.000278003
1872,0.930548,0.018683,-0.00814259
1873,0.9734,-0.00307,-0.00212788
1874,0.966912,0.000672,0.00169773
1875,0.919029,0.013987,-0.00178545
1876,0.939232,-0.01591,-0.00140998
1877,0.928239,0.015771,-0.00276484
1878,0.956366,0.01295,-0.00638121
1879,0.987577,-0.00943,-0.00443585
1880,0.958447,-0.01281,0.00139141
1881,0.958447,-0.01281,0.00139141
1882,0.901044,0.032095,-0.00108543
1883,0.962707,0.001175,-0.00559857
1884,0.903824,0.024537,-0.00203032
1885,0.868738,0.048977,0.00206758
1886,0.951535,-0.00427,-7.39438e-05
1887,0.951535,-0.00427,-7.39438e-05
1888,0.901824,0.028554,-0.00371533
1889,0.887524,0.019019,0.00247951
1890,0.894236,0.012326,5.73679e-05
1891,0.926379,-0.0065,-0.00120401
1892,0.909411,0.024066,0.00616427
1893,0.876334,0.035388,-0.00197442
1894,0.911203,0.022292,-0.000154839
1895,0.935938,0.016031,0.00149477
1896,0.882366,0.025362,0.00166307
1897,0.933709,-0.02244,-7.65227e-05
1898,0.923997,0.029918,-0.000592479
1899,0.942004,0.00809,-0.00546678
1900,0.943643,-0.00383,0.00135728
1901,0.882765,0.037847,0.00139733
1902,0.931916,-0.00058,0.00166632
1903,0.891529,0.017888,0.00129018
1904,0.925588,0.015261,0.0014339
1905,0.883292,0.041209,1.69278e-05
1906,0.943595,0.002649,-0.00188963
1907,0.872158,0.040511,-0.0020919
1908,0.957779,0.006397,-0.00385203
1909,0.876457,0.032771,-0.00229169
1910,0.924033,-0.00673,-0.0020473
1911,0.88651,0.045524,-0.00404352
1912,0.926844,-0.00342,-0.000439736
1913,0.944655,0.002939,0.00123292
1914,0.926495,0.017826,-0.000962114
1915,0.937014,0.007978,-0.000520022
1916,0.909345,0.015603,-0.00168324
1917,0.976905,-0.00344,0.000661397
1918,0.956933,0.002072,0.000453224
1919,0.966894,0.006898,-0.000785415
1920,0.950544,0.022765,0.000307489
1921,0.956246,-0.00527,-0.00518973
1922,0.924831,0.009816,0.00274041
1923,0.888341,0.020758,0.00276837
1924,0.872979,0.026305,-0.000851697
1925,0.895107,0.006291,0.00149919
1926,0.893629,0.024051,-0.00184474
1927,0.911027,0.010718,-0.00358421
1928,0.901302,0.018039,-0.00425937
1929,0.979693,-0.02228,-0.000614509
1930,0.908319,0.019981,0.0016633
1931,0.898492,0.01745,-0.000442217
1932,0.88157,0.018904,0.00340268
1933,0.909526,0.027719,-0.000648858
1934,0.916475,0.022601,-0.00240173
1935,0.880332,0.029946,0.00618141
1936,0.92103,0.016815,0.000744773
1937,0.841826,0.045431,-0.00537903
1938,0.868153,0.022282,-0.00181874
1939,0.879958,0.018032,-0.00464119
1940,0.832875,0.048233,-0.00281651
1941,0.903043,0.021494,0.000768956
1942,0.910611,0.016576,-0.00557073
1943,0.910085,0.019013,-0.00281507
1944,0.894736,0.024703,0.000881366
1945,0.92159,0.008535,-0.00131061
1946,0.877868,0.021027,-0.000725056
1947,0.871954,0.013693,0.00028787
1948,0.890158,0.010537,-0.00141446
1949,0.879521,0.039369,0.00162787
1950,0.938145,0.015688,0.00207379
1951,0.9056,0.020918,-0.00030916
1952,0.921397,0.020446,-0.0012284
1953,0.889057,0.032979,0.000175689
1954,0.939993,0.014586,-0.00348807
1955,0.939993,0.014586,-0.00348807
1956,0.90157,0.029575,-0.00157407
1957,0.977476,-0.00757,-0.00604914
1958,0.868696,0.053314,-0.00220787
1959,0.982596,-0.0155,-0.00634376
1960,0.891396,0.029938,0.00122819
1961,0.96392,-0.00763,0.000310799
1962,0.96392,-0.00763,0.000310799
1963,0.920524,0.022546,0.00236371
1964,1.0117,-0.00963,0.00630219
1965,0.926635,0.028483,-0.000301112
1966,0.926635,0.028483,-0.000301112
1967,0.915715,0.01022,0.00120252
1968,0.92549,0.020532,-0.00322557
1969,0.886851,0.039425,-0.00126645
1970,0.962424,-0.00367,0.00247794
1971,0.899882,0.049748,-0.00754309
1972,0.887142,0.038622,-0.00176448
1973,0.874462,0.043179,0.00516568
1974,0.983767,-0.0285,-0.00534444
1975,0.934347,-0.00704,-0.000520532
1976,0.923807,0.002111,-0.00134448
1977,0.894608,0.024521,0.000839492
1978,0.906863,0.023475,0.00152405
1979,0.908037,0.015169,0.00351928
1980,0.905119,0.000109,0.00109885
1981,0.961795,-0.0166,0.00565336
1982,0.939573,0.013961,0.000937178
1983,0.898754,0.011151,-0.00338978
1984,0.917325,-0.00044,-0.00393173
1985,0.901311,0.04013,-0.00403756
1986,0.872156,0.053085,-0.00622417
1987,0.954469,0.002309,0.00313463
1988,0.877705,0.032582,-0.00424482
1989,0.888871,0.039233,-0.00292832
1990,0.919159,0.009787,0.00292388
1991,0.884072,0.025589,-0.00307295
1992,0.89133,0.013044,0.00985812
1993,0.871569,0.036392,0.00364439
1994,0.917324,-0.00409,0.0051167
1995,0.926582,-0.00062,0.00564307
1996,0.897338,0.010629,-0.00148378
1997,0.942306,-0.02184,0.00309576
1998,0.882178,0.02949,-0.00112997
1999,0.939361,0.002063,-0.00636623
2000,0.912279,0.022737,0.00037412
2001,0.912279,0.022737,0.00037412
2002,0.896939,0.010578,-0.00338342
2003,0.896939,0.010578,-0.00338342
2004,0.812996,0.062287,0.00315839
2005,0.851071,0.041571,-0.0049024
2006,0.901253,0.039898,0.000212402
2007,0.896183,0.018893,0.000166859
2008,0.929124,-0.01847,-0.000162225
2009,0.866401,0.020197,-0.000933531
2010,0.866401,0.020197,-0.000933531
2011,0.894871,0.011772,0.0003731
2012,0.88962,0.012496,-0.000264415
2013,0.91681,0.020477,-0.00308526
2014,0.926659,0.011108,-0.00157509
2015,0.830171,0.047324,0.00281842
2016,0.95571,-0.01089,0.000979855
2017,0.884389,0.032068,0.00156236
2018,0.884389,0.032068,0.00156236
2019,0.890094,0.013989,0.00660286
2020,0.943507,0.01373,0.00361004
2021,0.914145,0.001911,0.000870062
2022,0.914623,0.00723,-0.00635699
2023,0.945564,0.013316,0.00241157
2024,0.976515,0.001502,1.93708e-06
2025,0.894233,0.021342,-0.00187207
2026,0.947528,-0.01195,0.00606592
2027,0.892496,0.011118,0.00228866
2028,0.947042,0.002134,0.000641126
2029,0.964383,-0.0098,-0.00565337
2030,0.953353,0.004858,-0.00191372
2031,0.967972,-0.00826,-2.38316e-05
2032,0.952154,-0.00848,0.00591153
2033,0.925971,0.032112,-0.00239815
2034,0.942211,0.02185,0.00528253
2035,0.98005,0.000114,0.0035744
2036,0.873522,0.051395,0.000807957
2037,0.895897,0.019217,0.00199979
2038,0.940905,0.004904,0.00178392
2039,0.940905,0.004904,0.00178392
2040,0.913664,0.036643,0.00212763
2041,0.956426,-0.01286,-0.00362532
2042,0.983267,-0.00597,0.00255735
2043,0.945481,0.013728,0.00330688
2044,0.942795,-0.00173,-0.000125429
2045,0.940392,-0.01822,0.00193548
2046,0.939407,-0.00072,0.00246689
2047,0.985083,-0.01616,-0.00143624
2048,0.985083,-0.01616,-0.00143624
2049,0.977753,-0.00824,0.00367061
2050,0.891154,0.034828,0.00127828
