0.00216816,0.0243099
-0.0100075,0.0407611
0.0115437,0.0649125
-0.0421094,0.050303
-0.0176758,0.00239252
-0.0176758,0.00239252
-0.0176758,0.00239252
-0.0312187,-0.010074
-0.000733675,-0.0757725
0.0172916,-0.0748132
0.0172916,-0.0748132
0.0172916,-0.0748132
0.0172916,-0.0748132
0.0172916,-0.0748132
0.0172916,-0.0748132
0.0172916,-0.0748132
-0.0212795,-0.063768
0.0219298,-0.0912427
0.0219298,-0.0912427
0.0219298,-0.0912427
-0.00778872,-0.098483
-0.000977744,-0.0608998
-0.00321317,-0.0245669
-0.00321317,-0.0245669
0.00272332,-0.022136
-0.0324621,-0.0152081
-0.011863,-0.0344019
-0.011863,-0.0344019
-0.0191184,-0.0365386
-0.0191184,-0.0365386
-0.0191184,-0.0365386
-0.0191184,-0.0365386
-0.0191184,-0.0365386
-0.0191184,-0.0365386
-0.0191184,-0.0365386
-0.0191184,-0.0365386
-0.0191184,-0.0365386
-0.0191184,-0.0365386
-0.0560589,-0.018569
-0.0560589,-0.018569
-0.0161844,-0.0226338
-0.0161844,-0.0226338
0.00663959,-0.0185861
-0.00837971,0.0144809
0.0097456,0.01866
-0.00031585,0.0146503
-0.00031585,0.0146503
-0.00605714,0.00150763
-0.00605714,0.00150763
-0.00605714,0.00150763
0.00718329,-0.0371091
-0.00317673,-0.00633507
-0.00317673,-0.00633507
-0.00317673,-0.00633507
0.0104003,-0.0136804
-0.0120696,0.0112055
-0.0262893,0.0387805
-0.0262893,0.0387805
-0.0262893,0.0387805
0.00836028,0.0207679
0.00836028,0.0207679
0.00760004,0.0707031
0.00760004,0.0707031
0.00760004,0.0707031
0.04592,0.0499165
0.04592,0.0499165
0.04592,0.0499165
0.04592,0.0499165
0.0629399,-0.00150421
0.0344933,0.0430771
0.0157386,0.0765681
0.0227292,0.0776735
0.0195288,0.0289813
-0.0172652,0.0584181
-0.0121063,0.0416851
-0.0280895,0.0407021
-0.0278804,0.0182217
-0.0278804,0.0182217
-0.0278804,0.0182217
-0.00660207,0.0454362
-0.00660207,0.0454362
-0.00660207,0.0454362
-0.0730718,0.0309416
-0.0418577,0.0362997
-0.0596326,0.0299715
-0.0596326,0.0299715
-0.0770435,-0.0175285
-0.0770435,-0.0175285
-0.0770435,-0.0175285
-0.0770435,-0.0175285
-0.0770435,-0.0175285
-0.0929133,0.00313883
-0.090654,0.0072251
-0.0908779,-0.0133864
-0.0544536,-0.0117994
-0.0410091,-0.0165804
-0.0592399,-0.0201731
-0.0636565,-0.0351415
-0.0636565,-0.0351415
-0.0636565,-0.0351415
-0.0550505,-0.0290431
-0.0270393,0.000303023
-0.0270393,0.000303023
-0.0270463,0.0201551
-0.0115009,-0.0046937
-0.0115009,-0.0046937
-0.0115009,-0.0046937
-0.00556911,0.0137419
-0.0375088,0.0363276
0.0057886,0.00473625
0.000440045,0.0276829
0.000440045,0.0276829
0.000440045,0.0276829
0.000440045,0.0276829
0.018865,-0.0197766
0.018865,-0.0197766
-0.00155631,-0.0315896
-0.00155631,-0.0315896
-0.00155631,-0.0315896
-0.00257681,-0.035924
-0.00257681,-0.035924
-0.00257681,-0.035924
-0.00257681,-0.035924
-0.0610834,-0.0255287
-0.0144762,-0.0294361
-0.0144762,-0.0294361
-0.0144762,-0.0294361
-0.0185062,-0.0234218
-0.0185062,-0.0234218
-0.0135069,0.0438287
-0.0802625,0.0170585
-0.0802625,0.0170585
-0.0802625,0.0170585
-0.0802625,0.0170585
-0.0923733,0.043365
-0.0348464,-0.0231951
-0.0348464,-0.0231951
-0.0348464,-0.0231951
-0.0348464,-0.0231951
-0.056161,0.00771224
-0.0567119,0.0376521
-0.0567119,0.0376521
-0.0723933,-0.00572171
-0.0271395,0.0370201
-0.0424423,0.0422809
-0.00377805,0.0487732
-0.00377805,0.0487732
-0.0499653,0.0285606
-0.0216814,0.0223536
-0.0115324,0.0305705
-0.0155976,0.0302261
-0.00771126,0.01365
-0.00771126,0.01365
0.0251068,0.0120325
0.0212025,-0.0262161
0.0223463,-0.0350764
0.031464,-0.082426
0.00909048,-0.0275696
-0.00352122,-0.0935334
0.0237066,-0.103464
0.00420102,-0.103036
0.00419799,-0.068718
-0.00692994,-0.0827649
-0.00692994,-0.0827649
-0.028959,-0.0507735
0.00647814,0.0025081
-0.00716195,0.0144119
0.00026746,-0.011324
-0.0177461,0.0951309
-0.0177461,0.0951309
-0.023086,0.0697563
0.00778951,0.0513472
-0.0133671,0.0225048
-0.0594909,0.0334865
-0.0488842,-0.00736371
-0.0406108,0.0168209
-0.0406108,0.0168209
-0.0406108,0.0168209
-0.0406108,0.0168209
-0.0406108,0.0168209
0.0112867,0.06364
-0.0294624,0.0533525
-0.0294624,0.0533525
0.00172353,0.0587169
0.00475881,0.0657551
-0.00697466,0.0193344
0.0527965,0.0610871
0.0214661,0.026722
-0.000909221,0.0536035
-0.000909221,0.0536035
0.0280039,0.0752364
0.0280039,0.0752364
-0.0350516,0.0618542
-0.0368995,0.0518289
-0.0633988,0.0311417
-0.0633988,0.0311417
-0.0633988,0.0311417
-0.023762,0.00752119
-0.023762,0.00752119
-0.023762,0.00752119
-0.0345764,0.0231035
-0.0197756,0.0229835
-0.0112941,0.030861
-0.0720544,0.0340186
-0.0720544,0.0340186
-0.0600894,-0.0127329
-0.0600894,-0.0127329
-0.0600894,-0.0127329
-0.101619,0.0284268
-0.154769,0.0271171
-0.107218,0.0770934
-0.103629,0.0796369
-0.108934,0.0776021
-0.147097,0.067025
-0.147097,0.067025
-0.142445,0.0463666
-0.131977,0.0396734
-0.0445098,0.00850121
-0.0299657,0.0602557
-0.0299657,0.0602557
-0.0387061,0.0105262
-0.0257728,-0.00371472
-0.00200964,-0.00475228
-0.00200964,-0.00475228
-0.00792383,0.0278098
-0.0482882,0.0386374
-0.0482882,0.0386374
-0.035396,0.0791166
-0.026776,0.0388192
-0.0167606,0.0447528
-0.0407364,0.00168364
-0.0703216,0.033812
-0.0231476,0.0847491
-0.0231476,0.0847491
0.0275423,0.0405174
0.0275423,0.0405174
0.0246926,0.0677295
0.0471544,0.0790741
0.0471544,0.0790741
0.0391232,0.0368939
0.0391232,0.0368939
0.0215648,0.0494477
0.0551064,0.0726519
0.0551064,0.0726519
0.0679307,-0.00652531
0.0446444,0.00417026
-0.00670694,-0.036741
-0.00670694,-0.036741
-0.00670694,-0.036741
-0.00670694,-0.036741
-0.00114515,-0.00476075
-0.00114515,-0.00476075
0.050901,-0.0250886
0.050901,-0.0250886
-0.00325992,-0.00521946
-0.00612526,0.00782951
0.0267426,0.0264244
0.0267426,0.0264244
0.0267426,0.0264244
-0.0136345,0.015314
0.0537974,-0.0376355
0.0286474,-0.0306989
0.0286474,-0.0306989
0.0700898,-0.031183
0.0700898,-0.031183
0.0700898,-0.031183
0.049615,-0.0192336
0.049615,-0.0192336
0.049615,-0.0192336
-0.00222198,-0.0413234
-0.00222198,-0.0413234
-0.00222198,-0.0413234
0.0573116,-0.0752598
0.0569961,-0.084315
0.0569961,-0.084315
0.0569961,-0.084315
0.0569961,-0.084315
-0.0403749,-0.0673698
-0.0403749,-0.0673698
-0.0346436,-0.0210531
-0.0405812,-0.0599389
-0.042296,-0.0573244
-0.026176,-0.0879346
-0.026176,-0.0879346
-0.0126077,-0.101484
-0.0334243,-0.0691787
-0.0341889,-0.054326
-0.0341889,-0.054326
-0.0655037,-0.0644396
-0.048613,-0.0669326
-0.048613,-0.0669326
-0.048613,-0.0669326
-0.048613,-0.0669326
-0.048613,-0.0669326
-0.00410894,-0.0591724
0.0435333,-0.0580196
-0.00558671,-0.0883991
0.0133005,-0.0823504
0.0493481,-0.0678147
0.0227071,-0.0585306
0.0227071,-0.0585306
-0.0173535,-0.0279159
0.0366828,-0.012555
-0.00262683,-0.0117356
-0.00262683,-0.0117356
0.0199315,-0.0693026
0.0409489,-0.0725092
0.0409489,-0.0725092
0.035798,-0.0680303
0.0649649,-0.0519125
0.0649649,-0.0519125
0.0883888,-0.043368
0.0370205,-0.0249918
0.0370205,-0.0249918
0.0370205,-0.0249918
0.0463074,-0.0683779
0.0463074,-0.0683779
0.0523407,-0.0672414
0.0523407,-0.0672414
0.0407576,-0.0769109
0.0218246,-0.0559194
0.0188668,-0.0556869
0.0188668,-0.0556869
-0.0283793,-0.0365114
-0.014851,-0.0551389
0.0107568,-0.0392969
0.0107568,-0.0392969
0.0107568,-0.0392969
0.0352701,-0.0519669
0.0299403,-0.0843075
0.0632512,-0.0285682
0.0802685,-0.0643298
0.0802685,-0.0643298
0.0855764,-0.0423022
0.0554374,-0.074947
0.0554374,-0.074947
0.0746395,-0.0680399
0.0746395,-0.0680399
0.00980645,-0.0368995
0.00980645,-0.0368995
-0.029619,-0.0608865
-0.029619,-0.0608865
-0.0527235,-0.0349208
-0.0701614,-0.0300615
-0.0557401,-0.00474312
-0.0598648,-0.0365855
-0.0947603,-0.014617
-0.125156,-0.00787432
-0.125156,-0.00787432
-0.0861501,-0.014403
-0.0861501,-0.014403
-0.102852,-0.00637875
-0.121587,-0.041493
-0.0817546,-0.051419
-0.0770035,-0.0273087
-0.111256,-0.0449511
-0.111256,-0.0449511
-0.0511713,-0.0476408
-0.0511713,-0.0476408
-0.0576131,-0.1004
-0.0888159,-0.0670634
-0.0888159,-0.0670634
-0.0981614,-0.0860627
-0.0775818,-0.0291041
-0.0471082,-0.0683564
-0.0274763,-0.0637328
0.00392313,-0.00499681
-0.029316,-0.0543601
-0.0695031,-0.0464791
-0.0780803,0.0250252
-0.0780803,0.0250252
-0.10461,0.00260405
-0.0654847,-0.0226002
-0.0538993,-0.0423022
-0.0638963,-0.036646
-0.0638963,-0.036646
-0.0638963,-0.036646
-0.0507091,-0.0527344
-0.0322345,-0.0670601
-0.0300216,-0.0995954
-0.0300216,-0.0995954
-0.0108278,-0.0207557
-0.0175735,-0.0593513
-0.0175735,-0.0593513
-0.0601252,-0.092009
-0.0601252,-0.092009
-0.0601252,-0.092009
-0.0601252,-0.092009
-0.0601252,-0.092009
-0.0204986,-0.0612291
-0.0204986,-0.0612291
-0.0204986,-0.0612291
-0.0204986,-0.0612291
0.000396055,-0.0168988
0.000396055,-0.0168988
0.000396055,-0.0168988
0.00420352,0.00413303
0.00968014,0.0366839
0.00968014,0.0366839
0.0586876,-0.00479517
0.0249169,0.0508726
0.0354226,0.0397164
0.0121078,0.0397905
-0.0419981,0.0440342
-0.00101179,0.0102983
-0.00101179,0.0102983
-0.0367309,0.0300496
-0.0435,0.0275038
0.000443146,0.0386377
-0.0306565,0.0335935
-0.0240885,0.0783726
-0.0240885,0.0783726
-0.000235014,0.0827288
-0.0174888,0.0381144
-0.0229554,0.0449931
-0.0189124,-0.0252067
-0.0189124,-0.0252067
0.00203885,-0.0445429
0.0052201,-0.00901985
0.0052201,-0.00901985
-0.0069402,0.00822029
-0.0073353,0.0383759
-0.0346066,0.0734416
-0.0648266,0.028599
-0.0517857,0.0206016
-0.070156,0.0436638
-0.070156,0.0436638
-0.0566565,0.034296
-0.0642448,0.0182074
-0.0642448,0.0182074
-0.0296413,0.0664865
-0.0296413,0.0664865
-0.0319189,0.0750694
-0.0101777,0.0522129
-0.0185695,0.0550569
0.0403946,0.018356
0.057337,0.031948
0.0396474,0.0365328
0.0458648,0.0488159
-0.010651,0.0202699
0.0286214,0.0396395
0.0203319,0.0277696
0.0203319,0.0277696
0.0445286,0.0553927
0.0214651,0.0368834
-0.0286833,0.0264442
-0.00168502,0.0708302
-0.0318983,0.0195049
-0.0448064,0.0118587
-0.0241717,0.0632588
-0.0241717,0.0632588
-0.0801129,-0.0491445
-0.133754,-0.0433567
-0.136208,-0.0488172
-0.107733,-0.124623
-0.107733,-0.124623
-0.107733,-0.124623
-0.113022,-0.157424
-0.131739,-0.178121
-0.133841,-0.169607
-0.145131,-0.199445
-0.0802284,-0.173165
-0.103196,-0.148719
-0.0488497,-0.145239
-0.0575821,-0.154565
-0.0410359,-0.142699
-0.0410359,-0.142699
-0.0417652,-0.158966
-0.0417652,-0.158966
-0.0901711,-0.128862
-0.0901711,-0.128862
-0.000963416,-0.14398
-0.0222031,-0.124641
-0.0567889,-0.119042
-0.0142315,-0.081987
-0.0142315,-0.081987
-0.100476,-0.101233
-0.081658,-0.117607
-0.0565223,-0.121085
-0.0567336,-0.105856
-0.0520736,-0.0661605
-0.0520736,-0.0661605
-0.0520736,-0.0661605
-0.0467451,-0.0769875
-0.0276579,-0.0687543
-0.0200935,-0.0835364
-0.0200935,-0.0835364
-0.0459031,-0.0743339
-0.0459031,-0.0743339
-0.0445624,-0.0278061
-0.0534214,-0.0098762
-0.0361875,-0.00384294
-0.0222087,-0.0322706
-0.00389608,-0.055989
-0.0167586,-0.0375566
-0.0356251,-0.0580715
0.0381437,-0.0167022
0.0134475,-0.0207976
-0.0117537,-0.0249732
-0.0275351,-0.022807
0.000848079,-0.0753431
-0.0271953,-0.0582839
-0.0193981,0.00849699
-0.0193981,0.00849699
0.00238917,-0.00664554
-0.0303954,-0.0292248
-0.0303954,-0.0292248
0.0122626,0.0502776
0.00423737,0.0505105
0.00423737,0.0505105
0.0387188,0.0315426
0.0387188,0.0315426
0.0387188,0.0315426
0.0387188,0.0315426
0.0111007,0.0454584
-0.0276538,0.0515014
-0.0151816,0.0680091
-0.0244287,0.0624793
-0.0244287,0.0624793
-0.0266497,0.0749836
-0.0615677,0.0887389
0.00839215,0.0496059
-0.0295583,0.0995701
-0.0295583,0.0995701
-0.0351672,0.0669388
-0.0351672,0.0669388
0.0323575,0.0232872
0.0323575,0.0232872
0.0553605,0.0227906
0.0484118,0.0209825
0.0219282,0.0306699
0.00261734,0.0232019
0.0193829,-0.012272
0.00767155,-0.0128709
0.0257236,0.0253985
0.0257236,0.0253985
0.0179739,0.0260098
0.00622629,0.000200324
0.0250383,-0.00559193
-0.0469554,-0.050758
-0.0240983,-0.0622724
-0.0240983,-0.0622724
-0.0594309,-0.058982
-0.0712651,-0.0611387
-0.0711634,-0.0611408
-0.0318266,-0.0719299
-0.0308759,-0.0786796
-0.047027,-0.0802476
-0.047027,-0.0802476
-0.0269393,-0.000425502
-0.0269393,-0.000425502
-0.0360254,-0.085478
-0.0441672,-0.0748076
-0.0373897,-0.060372
-0.0165759,0.00946784
-0.0234814,-0.0539647
-0.0234814,-0.0539647
-0.0322294,-0.0224121
-0.0322294,-0.0224121
-0.0322294,-0.0224121
-0.0321304,-0.0340247
-0.069765,-0.0717322
-0.0545913,-0.0241367
-0.0191457,0.00281907
-0.0143289,-0.0275406
-0.013718,-0.0340234
-0.0299536,0.0125308
-0.0684198,-0.0193392
-0.0354259,-0.000700277
-0.0162274,-0.0423116
-0.0341484,-0.0174636
-0.00527069,0.0310196
-0.00527069,0.0310196
0.0364447,0.00215088
0.0429001,0.023343
0.0429001,0.023343
0.0376465,0.0374805
0.0411969,0.0376946
0.0411969,0.0376946
0.0411969,0.0376946
0.0693616,0.0194626
0.0693616,0.0194626
0.0334252,0.0338077
0.0334252,0.0338077
-0.00185696,-0.00658706
-0.0148989,0.0119249
-0.0326454,0.0195323
-0.0326454,0.0195323
-0.0326454,0.0195323
-0.0326454,0.0195323
-0.00130766,0.0313281
-0.0122575,0.013796
-0.040904,0.0219086
-0.040904,0.0219086
-0.040904,0.0219086
-0.0574006,0.0196207
-0.0574006,0.0196207
-0.0514923,-0.0081716
-0.0514923,-0.0081716
-0.0306545,0.0343453
-0.0306545,0.0343453
-0.0306545,0.0343453
0.00716977,0.0716776
-0.00294223,-0.0387298
0.0501393,0.0368358
0.0501393,0.0368358
0.0162498,0.0222341
0.0388619,0.0487102
0.0715329,0.0247251
0.0360128,0.00770035
0.0360128,0.00770035
0.0360128,0.00770035
0.0286922,0.0131985
0.0598715,0.00567559
0.0295176,-0.000732029
0.0137419,-0.018097
-0.0132672,0.0520917
-0.0141154,0.0151472
0.017265,0.0724246
-0.00597751,0.0996835
-0.00597751,0.0996835
0.00289199,0.0876076
0.00433202,0.113461
-0.0109255,0.155286
-0.00910525,0.103809
-0.00593355,0.100282
-0.00593355,0.100282
0.022892,0.129971
0.022892,0.129971
0.00797259,0.147081
0.0153859,0.093058
0.0320364,0.0678688
-0.0463718,0.115557
-0.0463718,0.115557
-0.0612849,0.127779
-0.053563,0.140359
-0.053563,0.140359
-0.0545399,0.140181
-0.0545399,0.140181
-0.0545399,0.140181
-0.0545399,0.140181
-0.0545399,0.140181
-0.0423234,0.092835
-0.0583766,0.0851192
-0.0719455,0.130829
-0.0719455,0.130829
-0.0455329,0.11442
-0.0438798,0.0971483
-0.052201,0.0833244
0.00566848,0.0837406
-0.0496832,0.120825
-0.0496832,0.120825
-0.0338315,0.116195
-0.0419822,0.115026
-0.0671671,0.0966804
-0.0912174,0.0733239
-0.0912174,0.0733239
-0.0656611,0.0917561
-0.0720369,0.0823814
-0.058441,0.130951
-0.0432204,0.124206
-0.0432204,0.124206
-0.0432204,0.124206
-0.04407,0.123928
-0.0577703,0.115103
-0.0645849,0.121916
-0.0645849,0.121916
-0.0515724,0.107831
-0.0707755,0.0801049
-0.0707755,0.0801049
-0.0593632,0.0364914
-0.0593632,0.0364914
-0.0717259,0.0432172
-0.0717259,0.0432172
-0.054739,0.0611968
-0.0114803,-0.00201468
-0.00641101,0.0488751
-0.0317421,0.077784
-0.0317421,0.077784
-0.0052177,0.0676405
-0.0143849,0.0599895
-0.0143849,0.0599895
-0.022153,-0.0223763
-0.0482588,0.0196251
-0.077147,-0.0331671
-0.0595754,-0.00590696
-0.052003,-0.0137191
-0.052003,-0.0137191
-0.0553961,-0.031283
-0.0553961,-0.031283
-0.0444014,-0.0397436
-0.0633752,0.0100744
-0.0685401,-0.0388839
-0.0685401,-0.0388839
-0.0397994,-0.0168284
-0.0517036,-0.0198475
-0.0448554,-0.0457922
-0.0469193,-0.0327137
-0.0469193,-0.0327137
0.00514299,-0.0448555
0.00216583,-0.0329837
0.00216583,-0.0329837
0.00216583,-0.0329837
-0.0277795,-0.0447569
-0.0128075,-0.0070005
0.0320187,0.000753789
0.0320187,0.000753789
0.0370704,-0.0243016
0.0370704,-0.0243016
0.0370704,-0.0243016
-0.0133464,-0.00923269
-0.0299696,-0.00950321
0.0647115,-0.0179748
0.0824875,-0.0443249
0.0609333,-0.00756008
0.0613428,-0.0275341
0.0613428,-0.0275341
0.0626856,-0.0385105
0.0693734,-0.00587236
0.0491404,0.0175047
0.0491404,0.0175047
0.0862114,0.0271849
0.0678996,-0.00117734
0.0678996,-0.00117734
0.0911191,0.0160402
0.100515,-0.00514456
0.0301273,0.00139718
0.0614005,-0.020755
0.0632272,-0.0188114
0.01569,-0.0428506
0.00695816,-0.000548686
-0.0217816,-0.0035565
0.0254749,0.00681466
0.00822965,-0.0531161
0.0205254,-0.0229495
0.0205254,-0.0229495
0.0205254,-0.0229495
-0.0324294,-0.0722235
-0.00434251,-0.0512447
-0.0231823,-0.0363185
-0.004352,-0.00565102
-0.004352,-0.00565102
0.0700343,-0.0382658
0.0104782,-0.00129415
0.0104782,-0.00129415
-0.00287034,-0.00132537
-0.00287034,-0.00132537
0.00293889,-0.0462805
-0.0499619,0.025723
-0.00526004,-0.0196604
0.0509501,0.0134184
0.0273427,0.00311046
-0.00545385,0.0517679
-0.00545385,0.0517679
0.0643935,0.0117162
0.0795422,0.0570555
0.03637,0.0265031
0.0759438,0.00560096
0.100937,0.0406114
0.0647369,0.0280986
0.0874701,0.00842393
0.0789327,-0.0049322
0.0608126,-0.0305498
0.0608126,-0.0305498
0.0608126,-0.0305498
0.0401469,-0.0574363
0.0401469,-0.0574363
0.0401469,-0.0574363
0.0248799,-0.0545666
0.010006,-0.0273794
0.0304721,-0.00285533
0.0304721,-0.00285533
0.0151695,-0.0445017
0.0151695,-0.0445017
0.0384716,0.00582604
0.0384716,0.00582604
0.0153587,-0.0209945
-0.0302296,0.0144122
-0.0179666,0.0652221
-0.02506,0.0422089
0.0428371,0.0679344
0.0428371,0.0679344
0.0233004,0.0653645
0.0233004,0.0653645
0.0583504,0.0204576
0.00600212,0.0522921
0.00600212,0.0522921
0.0495861,0.0221173
0.0340339,-0.0198152
0.0340339,-0.0198152
0.0519068,-0.0447604
0.071703,-0.0577638
0.0220125,-0.0601844
-0.0046958,-0.0121533
0.0747523,-0.0129306
0.0558029,-0.0141944
0.0697782,0.0289479
0.0471146,0.0451056
0.0243366,-0.0084536
0.0243366,-0.0084536
0.0243366,-0.0084536
0.0243366,-0.0084536
0.0243366,-0.0084536
0.0504054,0.0427109
0.00823354,0.0462062
0.0030653,0.0637153
-0.0284806,0.0252442
-0.0284806,0.0252442
0.0316586,-0.035448
-0.0054118,-0.0571445
-0.00838008,-0.0871799
-0.016471,-0.051076
0.0149635,-0.0629907
0.0149635,-0.0629907
0.0140318,-0.110497
0.0248494,-0.0345884
0.00611189,-0.0762504
0.00611189,-0.0762504
0.0193542,-0.0521168
0.0193542,-0.0521168
0.0193542,-0.0521168
0.00977636,-0.0419918
-0.00207245,-0.0751943
-0.0196474,-0.108597
-0.0479559,-0.0777411
-0.0134729,-0.10253
-0.0134729,-0.10253
0.0018175,-0.090054
0.0171372,-0.0784096
0.0109849,-0.080356
0.00686505,-0.113597
0.00686505,-0.113597
0.00686505,-0.113597
-0.00314491,-0.0662119
-0.00314491,-0.0662119
0.0213805,-0.0729774
0.0776725,-0.0649918
0.0776725,-0.0649918
0.0847055,-0.0302203
0.0847055,-0.0302203
0.117231,-0.0499951
0.0855744,-0.0131305
0.0855744,-0.0131305
0.0855744,-0.0131305
0.0855744,-0.0131305
0.0855744,-0.0131305
0.0855744,-0.0131305
0.0855744,-0.0131305
0.0855744,-0.0131305
0.0855744,-0.0131305
0.0989426,-0.0717649
0.0989426,-0.0717649
0.0989426,-0.0717649
0.0966275,-0.00817749
0.0650581,0.0119454
0.101614,-0.0340439
0.11887,-0.0389044
0.111977,-0.0325747
0.111977,-0.0325747
0.0583569,-0.0109215
0.100644,0.0353738
0.0749444,0.0174503
0.124918,0.0659388
0.0763296,0.0990014
0.0489332,0.00202234
0.0489332,0.00202234
0.0489332,0.00202234
0.00232108,0.0290362
0.00232108,0.0290362
0.00232108,0.0290362
-0.0172589,-0.00426731
-0.0172589,-0.00426731
0.0305021,-0.0195974
0.0409448,-0.0237706
0.0409448,-0.0237706
0.0412565,-0.0453019
0.0357059,-0.0467514
0.0428876,-0.00248922
0.0428876,-0.00248922
0.0811616,-0.036845
0.0886217,-0.0269079
0.0856441,-0.0188035
0.0880155,-0.0118167
0.0880155,-0.0118167
0.0757099,-0.0277241
0.0832729,-0.0241319
0.0577363,0.0182705
0.0729634,-0.0176855
0.0347905,-0.0526435
0.026101,-0.0502812
0.0404549,0.0120592
0.0404549,0.0120592
0.0356383,0.0257369
0.0356383,0.0257369
0.0611371,0.0196135
0.0603347,0.0195111
0.0354595,0.0499701
0.0164766,0.0939579
0.0164766,0.0939579
-0.0124391,0.0519694
-0.0487805,0.095712
-0.0487805,0.095712
-0.0402347,0.0389219
-0.0333619,0.0277134
-0.0937227,0.0154988
-0.0893909,0.0381201
-0.102145,0.0443269
-0.118651,0.0491729
-0.0526968,0.058801
-0.0822878,0.076481
-0.075183,0.0474759
-0.0614299,0.0469879
-0.0363089,0.00859751
-0.0114504,0.0433359
0.0110843,0.0295557
0.00316934,0.00926646
-0.0143914,0.038178
-0.0143914,0.038178
-0.0143914,0.038178
-0.0143914,0.038178
-0.0143914,0.038178
-0.0038778,0.0672459
-0.0127744,0.0804509
-0.0319691,0.0647491
-0.0319691,0.0647491
-0.0238475,0.127009
-0.0238475,0.127009
-0.056819,0.113859
-0.056819,0.113859
-0.0325196,0.0955794
-0.0325196,0.0955794
0.000360817,0.0902899
-0.0471306,0.0820997
-0.0471306,0.0820997
-0.0471306,0.0820997
-0.00753082,0.0459215
-0.0259401,0.0430095
-0.0624361,0.0364371
-0.120621,0.0384704
-0.092213,0.0808859
-0.092213,0.0808859
-0.07506,0.0708149
-0.07506,0.0708149
-0.07506,0.0708149
-0.0713358,0.060772
-0.00459284,0.0355782
-0.00459284,0.0355782
-0.00459284,0.0355782
-0.009976,0.102345
-0.009976,0.102345
-0.009976,0.102345
-0.0284419,0.0864369
-0.0708264,0.106303
-0.0439851,0.109694
-0.0439851,0.109694
-0.00440306,0.0643232
-0.0687049,0.120697
-0.0687049,0.120697
-0.0687049,0.120697
0.00146111,0.109587
-0.000602471,0.0872324
0.00562783,0.0928309
0.0442473,0.0458407
0.0442473,0.0458407
0.0442473,0.0458407
0.0140637,0.10081
0.0319955,0.0668668
0.0211311,0.0745101
0.0139839,0.0550586
0.000780069,0.0540055
0.0239256,0.0167909
0.002726,0.0176737
0.0199129,-0.00436182
-0.024785,0.0829885
-0.0035949,0.0889224
-0.0035949,0.0889224
-0.014921,0.0873234
-0.0359454,0.0855365
0.00336186,0.113783
-0.00959588,0.085591
-0.00959588,0.085591
-0.0523081,0.0740821
-0.0693196,0.105417
-0.0693196,0.105417
-0.0764296,0.0716165
-0.0764296,0.0716165
-0.0764296,0.0716165
-0.0462492,0.0209474
-0.0462492,0.0209474
-0.0578041,0.0445567
-0.0346951,0.0419659
-0.00710727,0.0572612
-0.0311037,0.0562
-0.00548723,0.0237339
-0.0334796,-0.0491265
0.0158389,-0.01893
0.00509271,-0.035353
0.0364411,-0.0783804
0.0306494,-0.026407
-0.0193616,-0.0573205
-0.014103,-0.0397392
-0.0324329,-0.047833
-0.0599343,-0.014932
0.000364351,-0.0464575
0.000364351,-0.0464575
0.0297659,-0.0412143
0.0107223,-0.0258886
0.0315648,-0.0122969
0.0155663,0.0350051
0.0155761,-0.00248136
0.0213171,-0.0412526
-0.00295025,-0.0731548
0.031012,0.00411154
0.0336412,-0.000368322
0.0336412,-0.000368322
0.0336412,-0.000368322
0.0112719,0.0411969
0.0112719,0.0411969
0.0112719,0.0411969
0.0427731,0.0479295
0.0292775,0.0434073
0.0463947,0.0664557
0.0691183,0.0311465
0.0757615,0.0337639
0.0894367,0.00840489
0.0537255,-0.0032779
0.0477556,0.0177135
0.0477556,0.0177135
0.0483931,-0.0440195
0.0685106,-0.0493674
0.0685106,-0.0493674
0.0697297,-0.0486331
0.0697297,-0.0486331
0.0418129,-0.0904075
-0.0179085,-0.00559917
-0.0644065,-0.0360176
-0.0176632,0.0469095
-0.0243958,0.0456737
-0.0036833,0.0371314
-0.0036833,0.0371314
-0.0261142,0.035149
-0.0463215,0.0131094
-0.0463215,0.0131094
-0.0454894,-0.027537
-0.0454894,-0.027537
-0.00726916,-0.0369073
0.0175869,-0.0520141
-0.0120185,-0.0493784
0.0125422,-0.0726046
-0.0105214,-0.0597415
-0.0105214,-0.0597415
0.0109118,-0.0527243
0.0109118,-0.0527243
0.0267973,-0.0523971
0.023584,0.0053034
0.0574891,0.0145419
0.0646105,-0.0535759
0.0549831,-0.025682
0.0429401,-0.0466241
0.045679,-0.00494194
0.045679,-0.00494194
0.0363617,0.00969338
0.00657061,-0.0202264
0.00766776,-0.0408291
0.00766776,-0.0408291
0.0113499,-0.0134234
0.0240962,0.0312185
0.0331769,-0.00724634
-0.00365529,0.0450055
-0.00365529,0.0450055
-0.00629724,-0.00966576
-0.00629724,-0.00966576
-0.0160509,-0.0717923
0.0130595,-0.0825759
0.00331094,-0.0875615
0.00820431,-0.0744334
0.00820431,-0.0744334
-0.0330182,-0.0537398
-0.0412156,-0.049969
-0.0536958,-0.0183932
-0.0536958,-0.0183932
-0.0318715,-0.0335608
-0.0138481,-0.0486165
-0.0138481,-0.0486165
-0.0446877,-0.084092
-0.0446877,-0.084092
-0.0446877,-0.084092
-0.0446877,-0.084092
-0.0446877,-0.084092
-0.00135244,-0.0510284
-0.00129277,0.0193215
-0.0077067,0.000876663
-0.0077067,0.000876663
-0.0128232,-0.0451838
-0.0128232,-0.0451838
-0.0128232,-0.0451838
-0.0128232,-0.0451838
-0.0109519,-0.00136458
-0.0109519,-0.00136458
-0.00397387,-0.0439379
0.0314195,-0.0176214
0.0314195,-0.0176214
0.0314195,-0.0176214
0.0207972,-0.0522481
0.0207972,-0.0522481
0.0300503,-0.0393714
-0.0161283,-0.0102696
0.0142151,0.0193361
0.00652444,-0.0393399
-0.00857699,-0.0408304
-0.00857699,-0.0408304
-0.00857699,-0.0408304
0.0661791,0.00926821
0.0096627,0.0112713
-0.0157308,0.0159065
0.0249863,0.062333
0.023851,0.0619842
-0.00126114,0.0435945
0.0186942,0.023258
0.00285316,0.0120092
-0.000968167,-0.00527239
0.0618882,0.0116716
0.0598399,0.0216131
0.11322,0.0127522
0.132639,0.0052122
0.132639,0.0052122
0.132639,0.0052122
0.104921,-0.0353764
0.0845117,-0.0235428
0.0171577,-0.000136191
0.0455469,-0.0430491
0.0218061,-0.00980174
0.0365219,-0.0582281
0.0365219,-0.0582281
0.0147136,-0.0586703
0.0295758,-0.0689348
0.0295758,-0.0689348
0.0295758,-0.0689348
0.0295758,-0.0689348
0.0295758,-0.0689348
0.0029809,-0.0724379
0.0319839,-0.0540202
0.018244,-0.0752513
0.030243,-0.0698343
0.030243,-0.0698343
0.0441114,-0.0720637
0.0326318,-0.046268
0.0804631,-0.0388266
0.0414969,-0.0343116
0.0484293,-0.048499
0.033232,-0.0395916
0.00365244,-0.0249788
0.00365244,-0.0249788
0.00365244,-0.0249788
-0.0212651,-0.000397259
-0.0212651,-0.000397259
-0.0189978,0.0411912
0.0332795,0.0190489
-0.00623797,0.041908
-0.0071876,0.0519291
-0.0071876,0.0519291
-0.016358,0.0295366
-0.0567766,0.017
-0.0442037,0.00964599
-0.0442037,0.00964599
-0.0412284,0.0286052
-0.0780911,-0.012092
-0.087148,0.0463467
-0.0818731,0.0429545
-0.0681106,0.0371426
-0.0619376,0.0571175
-0.0619376,0.0571175
-0.0875014,0.0304264
-0.0875014,0.0304264
-0.0689085,0.0459722
-0.0584494,0.0366889
-0.0584494,0.0366889
-0.105799,0.0418995
-0.0985058,0.0113153
-0.0868966,-0.0366731
-0.0868966,-0.0366731
-0.107049,-0.00667311
-0.124569,0.0497812
-0.101732,0.0488181
-0.102387,0.02952
-0.102387,0.02952
-0.118431,0.0350432
-0.101773,-0.00146397
-0.0611754,-0.0247231
-0.0756645,-0.0242386
-0.0762636,0.0590701
-0.0397085,0.0515346
-0.0280011,0.0569499
0.0225648,0.0422859
-0.0448959,0.0975344
-0.024717,0.0491765
-0.024717,0.0491765
-0.0631329,0.0734351
-0.0922436,0.0568939
-0.0514566,0.0180309
-0.108063,0.072101
-0.108063,0.072101
-0.109231,0.109542
-0.109231,0.109542
-0.109231,0.109542
-0.109231,0.109542
-0.0778797,0.110971
-0.0778797,0.110971
-0.0778797,0.110971
-0.0778797,0.110971
-0.0899212,0.128073
-0.103594,0.12387
-0.0867956,0.0919219
-0.061042,0.103031
-0.11241,0.103505
-0.116198,0.0927619
-0.116198,0.0927619
-0.15616,0.0955402
-0.15616,0.0955402
-0.091623,0.0788065
-0.091623,0.0788065
-0.091623,0.0788065
-0.0964319,0.0940816
-0.053546,0.0694859
-0.053546,0.0694859
-0.053546,0.0694859
-0.053546,0.0694859
-0.0667617,0.0848296
-0.0515989,0.0661236
-0.0349299,0.0389054
-0.00769382,0.0373209
-0.00769382,0.0373209
0.00949642,0.0687954
-0.00517179,0.0244344
-0.00517179,0.0244344
-0.0171402,-0.0130032
-0.0801998,-0.0108293
-0.0565926,-0.000728281
-0.0486311,-0.0176245
-0.0486311,-0.0176245
-0.0801384,-0.062654
-0.106459,-0.0501327
-0.0604739,0.0106617
-0.063911,-0.00882733
-0.0706131,-0.0190589
-0.0706131,-0.0190589
-0.0404054,-0.0515762
0.00236525,-0.0759881
0.00236525,-0.0759881
0.000592249,-0.0744049
-0.0156575,-0.0882276
0.0356365,-0.0565818
0.00945155,-0.0858697
-0.00208834,-0.076182
0.00947657,-0.118875
0.0328545,-0.105945
0.0204621,-0.104205
0.00288914,-0.0596059
0.00288914,-0.0596059
-0.0142691,-0.0889884
-0.00792335,-0.044592
-0.00792335,-0.044592
-0.0234631,-0.0441036
-0.0322868,-0.0452129
-0.0359541,-0.0692872
-0.00790095,-0.0305739
0.00663639,-0.0511747
0.0307824,-0.0361264
0.0307824,-0.0361264
0.0479756,-0.0709924
-0.0154784,-0.067746
-0.0154784,-0.067746
0.0439559,-0.0341961
0.039572,-0.0240276
0.0599526,-0.0842971
0.0599526,-0.0842971
0.0575756,-0.0430048
0.048545,0.00616436
0.0971657,0.0206475
0.0837136,0.039906
0.099462,0.0874255
0.110006,0.0669469
0.0849829,0.0486374
0.0849829,0.0486374
0.08097,0.0501055
0.0822529,-0.00425059
0.0922416,-0.0152622
0.0922416,-0.0152622
0.0922416,-0.0152622
0.00350853,-0.0697374
0.0470351,-0.024628
0.0470351,-0.024628
0.0517166,-0.02361
0.0232981,-0.0392629
0.0112065,0.00605356
-0.0427325,0.0147041
-0.0427325,0.0147041
-0.0409588,-0.0190974
-0.0541981,-0.0150423
-0.0525719,0.0122294
0.0269499,0.0644425
-0.0344736,0.0326644
-0.0712539,0.0220373
-0.0449589,0.00821814
-0.0309189,0.00823954
-0.0526371,-0.0458537
-0.0526371,-0.0458537
-0.0764151,-0.0145737
-0.00256011,-0.0486287
-0.00256011,-0.0486287
-0.0516981,-0.0543353
-0.0210504,-0.0114941
-0.0441289,0.00434339
-0.0441289,0.00434339
-0.0441289,0.00434339
-0.050582,0.0550553
-0.050582,0.0550553
-0.0472135,0.0553786
-0.054878,0.0183586
-0.0567309,-0.0130122
-0.0718562,-0.0138129
-0.0706698,-0.0142112
-0.0706698,-0.0142112
-0.0454628,-0.00224659
-0.0454628,-0.00224659
-0.028865,0.0225906
-0.028865,0.0225906
0.0232784,0.0294806
-0.0185075,0.0720487
0.00456976,0.0577195
0.00456976,0.0577195
-0.00630228,0.0499395
-0.00630228,0.0499395
0.0215296,0.0595461
0.0215296,0.0595461
0.00155368,0.0347823
0.0713653,0.0462524
0.0227265,0.0339105
0.0243545,0.023261
0.0793548,0.0637699
0.0328479,0.0444831
0.0316408,-0.000537351
0.0316408,-0.000537351
0.0316408,-0.000537351
0.0316408,-0.000537351
0.0316408,-0.000537351
0.0535066,0.0286769
0.0563085,0.023403
0.0563085,0.023403
0.0563085,0.023403
0.0320376,0.0391782
0.0234214,0.055899
-0.00781291,-0.0014736
0.0454036,0.00399166
0.0454036,0.00399166
0.0544166,-0.011653
0.0544166,-0.011653
0.0511392,0.00887168
0.0559248,0.00148752
0.0537046,0.0238648
0.041972,0.0397004
0.0558294,0.0245332
0.0558294,0.0245332
0.0149445,0.04719
0.00367039,0.05322
0.0438855,0.0300576
0.0438855,0.0300576
0.0438855,0.0300576
0.0438855,0.0300576
0.0653661,-0.0206757
0.0373216,0.00818479
0.0452656,-0.00538809
0.0452656,-0.00538809
0.0272885,0.00903144
0.0905431,0.0267082
0.0413856,0.0886129
0.026802,0.0404819
0.0654498,0.0317526
0.0483944,0.015823
0.00579686,0.0470967
0.00579686,0.0470967
0.0375094,0.0658103
0.0266482,0.0636101
-0.0188686,0.0942521
-0.0614041,0.0623645
-0.0662593,0.0951687
-0.0662593,0.0951687
-0.054673,0.0900656
-0.054673,0.0900656
-0.054673,0.0900656
-0.0447533,0.0755703
-0.072672,0.0770589
-0.0110758,0.056477
0.0160505,0.0662431
-0.000111899,0.0686129
0.00428106,0.054465
-0.0269663,0.0358925
0.00788475,0.0592629
0.0104143,0.0655674
-0.00639648,0.0460241
-0.0432186,0.0804876
0.000710821,0.0867596
-0.0108392,0.0647595
0.0105869,0.0566829
0.0105869,0.0566829
0.0101188,0.0102496
0.0101188,0.0102496
0.00196846,-0.034347
-0.0380925,-0.0170523
-0.0132301,-0.0460341
-0.0132301,-0.0460341
-0.0416405,-0.042568
-0.0416405,-0.042568
-0.0416405,-0.042568
-0.0117318,-0.056567
-0.0229844,-0.018797
-0.019563,-0.0646596
0.0270931,-0.0432328
0.0793641,-0.0392262
0.109633,0.0169788
0.122268,-0.00233408
0.137357,-0.0379144
0.137357,-0.0379144
0.137357,-0.0379144
0.122443,-0.026937
0.165635,0.015401
0.180265,0.0144569
0.180265,0.0144569
0.180265,0.0144569
0.180265,0.0144569
0.114904,0.00870908
0.0590445,0.0255675
0.108972,0.0286191
0.108972,0.0286191
0.108972,0.0286191
0.110171,0.0547071
0.110171,0.0547071
0.0938863,0.0727412
0.0938863,0.0727412
0.0454639,0.052801
0.0570208,0.0438354
0.0397971,0.0189581
0.0352234,0.00915806
0.0495584,0.044802
0.0309006,0.0392957
0.0136867,-0.0203281
0.0136867,-0.0203281
0.0136867,-0.0203281
0.0136867,-0.0203281
0.0559711,0.0035353
0.023298,0.00603255
0.0229792,-0.0307201
0.0480655,-0.0226245
0.0280744,-0.0274812
0.0280744,-0.0274812
0.029047,-0.0296229
0.0866718,0.0139599
0.00958205,0.00234492
0.0124513,-0.00630211
0.0124513,-0.00630211
0.0207295,0.0130486
0.0207295,0.0130486
0.0207295,0.0130486
0.0207425,-0.00159306
0.0311521,0.0104288
0.0402132,-0.0181251
0.0106841,-0.0220991
0.0258726,-0.0731249
0.0613095,-0.0230818
0.048068,-0.0245922
0.0469287,-0.0512861
0.0519235,-0.0787696
0.0418668,-0.0621636
0.0418668,-0.0621636
0.0418668,-0.0621636
0.0418668,-0.0621636
0.0632009,-0.0196002
0.0597581,-0.0254034
0.0542744,-0.0265624
0.0925201,0.00791541
0.0925201,0.00791541
0.0457211,0.0266475
0.0457211,0.0266475
0.0457211,0.0266475
0.05405,0.0414132
0.035593,0.0265538
0.0660171,0.022186
0.0631934,-0.0142744
0.106464,-0.0223913
0.0587208,-0.020462
0.062237,0.012536
0.062237,0.012536
0.0790057,-0.0715929
0.0337716,-0.119781
0.0448174,-0.0920475
0.0448174,-0.0920475
0.0448174,-0.0920475
0.061827,-0.0806369
0.0158554,-0.106952
0.0303987,-0.114336
0.0816183,-0.139182
0.0802289,-0.133563
0.038733,-0.140038
0.0182939,-0.163624
0.0182939,-0.163624
-0.0437011,-0.173711
-0.00959649,-0.174926
-0.00959649,-0.174926
-0.0123494,-0.205712
0.0238405,-0.154559
0.0238405,-0.154559
0.0239858,-0.0952458
0.0239858,-0.0952458
-0.0239842,-0.0621544
-0.0323436,-0.0945233
-0.039579,-0.0991386
-0.0260931,-0.0918331
0.00863499,-0.0991216
-0.012669,-0.082616
-0.012669,-0.082616
-0.012669,-0.082616
-0.0209592,-0.19499
-0.0209592,-0.19499
-0.0209592,-0.19499
-0.0209592,-0.19499
0.00520934,-0.161856
-0.0250715,-0.145406
-0.0286777,-0.144156
-0.00148779,-0.117764
-0.00148779,-0.117764
0.0540993,-0.15475
0.0540993,-0.15475
0.0540993,-0.15475
0.0540993,-0.15475
0.0611914,-0.125835
0.0611914,-0.125835
0.0279262,-0.114811
0.00238882,-0.0604297
0.0564481,-0.0219756
0.0868301,-0.0416253
0.055246,-0.0401195
0.055246,-0.0401195
0.0712698,-0.0231324
0.0290497,0.010601
0.0525625,0.00508711
0.0200965,0.0270992
0.0115189,0.0119989
0.0096254,0.0455751
0.0325075,0.0229106
0.0325075,0.0229106
0.045325,0.0169995
0.0801512,0.0116992
0.0752656,0.0134381
0.0754875,0.000123764
0.0754875,0.000123764
0.0560955,-0.0126657
0.0614973,-0.012222
0.0482034,-0.0332375
0.0482034,-0.0332375
0.0888404,-0.0180021
0.0888404,-0.0180021
0.0888404,-0.0180021
0.0421934,-0.0287097
0.0982399,-0.0503634
0.0982399,-0.0503634
0.0973938,-0.031259
0.0973938,-0.031259
0.11377,-0.0592927
0.0756216,-0.0923496
0.123482,-0.0553659
0.145721,-0.0196931
0.0991637,0.0102658
0.0896584,0.0290543
0.0896584,0.0290543
0.101333,0.0240701
0.0593704,0.03166
0.0203994,-0.000338534
0.0203994,-0.000338534
0.0228229,0.0415649
0.0680996,0.017942
0.0836964,0.0219447
0.0836964,0.0219447
0.108949,-0.011666
0.108949,-0.011666
0.113371,0.0176585
0.127757,0.00563289
0.0984346,0.0400691
0.0897946,0.0202962
0.0897946,0.0202962
0.0850984,0.00275114
0.124156,-0.0294405
0.121359,-0.0534905
0.121359,-0.0534905
0.163545,-0.0648155
0.163545,-0.0648155
0.163545,-0.0648155
0.163545,-0.0648155
0.167549,-0.0693752
0.182829,-0.0260245
0.183622,-0.0740719
0.12664,-0.075245
0.158,-0.000431869
0.114111,-0.0712811
0.114111,-0.0712811
0.112695,-0.0633496
0.104951,-0.0725517
0.0947016,-0.0518791
0.0895584,-0.111175
0.0895584,-0.111175
0.0557767,-0.10877
0.0992936,-0.0889539
0.0992936,-0.0889539
0.0458713,-0.121994
0.0458713,-0.121994
0.0593967,-0.0943525
0.0519374,-0.130249
0.070583,-0.0941756
0.0398638,-0.071102
0.0321825,-0.101061
0.00197079,-0.0589791
-0.0106662,-0.0644477
-0.0106662,-0.0644477
0.000863895,-0.0285682
0.000863895,-0.0285682
-0.0487335,-0.0433269
-0.0546073,-0.0368659
-0.0359159,0.0147124
-0.00694928,0.0310447
0.0095853,0.0429345
0.0139714,0.0631825
0.0139714,0.0631825
0.0139714,0.0631825
0.0139714,0.0631825
0.0350154,0.0284805
-0.0102297,0.00944081
-0.0102297,0.00944081
-0.0102297,0.00944081
-0.024944,-0.00621009
-0.024944,-0.00621009
-0.0443007,0.0307951
-0.046432,0.0117839
-0.0623296,-0.0244764
-0.0623296,-0.0244764
-0.028863,0.013345
-0.028863,0.013345
-0.0776634,0.0239214
-0.0802114,0.00618831
-0.0802114,0.00618831
-0.0614891,0.027006
-0.045558,0.0119537
-0.00382016,0.0312179
-0.00382016,0.0312179
-0.00382016,0.0312179
0.0121593,0.0363324
0.0028948,-0.00195761
-0.00220324,0.00255469
-0.067389,-0.0552211
-0.067389,-0.0552211
-0.0522973,0.0021161
-0.040051,0.0380406
-0.05917,0.019117
-0.0253041,0.020734
-0.0519901,0.032496
-0.0168775,0.0228549
-0.0168775,0.0228549
-0.044852,0.0536391
-0.00162593,0.0303199
-0.047801,0.0376604
-0.047801,0.0376604
-0.047801,0.0376604
-0.0577879,0.0528732
-0.0278784,0.0544943
-0.0278784,0.0544943
-0.0278784,0.0544943
-0.0494882,0.074096
-0.0569216,0.0563474
-0.0569216,0.0563474
-0.0569216,0.0563474
-0.0569216,0.0563474
-0.0569216,0.0563474
-0.0569216,0.0563474
-0.0505106,0.0662434
-0.0505106,0.0662434
-0.0739899,0.077884
-0.0684271,0.0750032
-0.0265011,0.0818129
-0.0265011,0.0818129
-0.0265011,0.0818129
-0.0210541,0.0449017
-0.073766,0.046781
-0.073766,0.046781
-0.00814643,0.0859851
-0.00814643,0.0859851
-0.00814643,0.0859851
-0.00814643,0.0859851
-0.00814643,0.0859851
-0.00814643,0.0859851
-0.0117345,0.0317142
-0.0117345,0.0317142
-0.015029,-0.00615315
-0.0274251,0.0192139
0.0189059,0.0519891
0.00417491,0.061984
-0.0434895,0.0276875
-0.0434895,0.0276875
-0.0434895,0.0276875
0.0207193,0.0152377
0.0447291,0.0493854
0.046239,0.0446975
0.046239,0.0446975
0.0330481,0.064844
0.0105332,0.0397329
0.0342676,0.0388961
0.00710796,0.0670086
0.0516861,0.033397
0.0245898,0.0569308
-0.0153956,0.0677138
-0.0351212,0.0722705
-0.0465025,0.0983829
-0.00797662,0.0652129
-0.0218179,0.0483416
-0.0519013,0.0310715
-0.0519013,0.0310715
-0.0519013,0.0310715
0.00613125,0.00787451
0.00302544,0.0334249
-0.0407812,0.0321707
-0.0476758,0.0290817
-0.0476758,0.0290817
-0.0346669,0.0248916
-0.0420738,-0.0117064
-0.0297709,0.00559011
-0.0625669,-0.0130271
-0.0668533,-0.0322257
-0.091219,-0.069886
-0.052221,-0.0106567
-0.052221,-0.0106567
-0.103037,-0.0331507
-0.0991344,-0.0102811
-0.0749721,0.0117505
-0.063023,-0.027359
-0.0178641,0.0142754
-0.0421354,0.0206445
0.0182054,-0.0139969
0.0182054,-0.0139969
0.0182054,-0.0139969
0.0677366,-0.0496346
0.0577696,-0.0520554
0.0577696,-0.0520554
0.0971604,-0.0439696
0.067374,-0.061935
0.0899478,-0.0267315
0.0444947,-0.0313452
0.0998557,-0.042064
0.0998557,-0.042064
0.0620337,-0.000585316
0.0760665,-0.0203459
0.0243729,-0.026799
-0.00212626,-0.0283194
-0.00212626,-0.0283194
0.00990195,-0.0765475
-0.0688265,-0.0752705
-0.0688265,-0.0752705
-0.0130002,-0.0654744
0.00101095,-0.0316973
0.00101095,-0.0316973
0.0103264,-0.035331
0.0103264,-0.035331
-0.0221135,-0.0199397
-0.0174543,-0.0314174
-0.0055931,-0.0024853
-0.0121914,-0.0409905
0.0191851,-0.0208573
0.0191851,-0.0208573
0.0296086,-0.0261561
0.00939441,-0.0303189
0.0372179,0.0058131
-0.000952194,0.0395316
0.0344811,0.0427135
0.0297933,0.0278448
0.0297933,0.0278448
-0.00632402,0.0354163
0.0302901,0.00740634
-0.0255753,-0.00418578
-0.0255753,-0.00418578
0.0441364,-0.0153159
0.0255811,0.0545604
0.0255811,0.0545604
0.0255811,0.0545604
0.0767188,0.0246125
0.0824651,-0.00918684
0.0611431,-0.0102267
0.0611431,-0.0102267
0.0218549,-0.0280022
0.0323927,-0.00416165
0.0313895,-0.0479726
0.0313895,-0.0479726
0.0402574,-0.0158583
0.0361099,0.00247421
0.0361099,0.00247421
0.0147724,0.00247784
0.0147724,0.00247784
0.0147724,0.00247784
0.0117327,-0.0387702
0.0347379,-0.0302979
-0.00565895,-0.0306487
-0.00565895,-0.0306487
0.0238175,-0.0333259
-0.00290011,-0.072029
-0.000444486,-0.0755288
-0.0178984,-0.0617926
-0.00491841,-0.0508767
-0.069551,-0.0317819
-0.0563997,0.0117513
-0.0578754,0.0387554
-0.0578754,0.0387554
-0.0957559,0.0431733
-0.0890554,-0.00916899
-0.0328528,0.0122039
-0.0534328,0.0631554
-0.0534328,0.0631554
-0.0419596,0.080606
-0.0768106,0.048359
-0.0486929,0.0533867
-0.0396646,0.0504996
-0.0379789,0.035427
-0.0465039,0.027368
-0.0382922,0.0261039
-0.0660111,0.0114973
-0.0660111,0.0114973
-0.0934449,0.0478896
-0.0809707,0.00889819
-0.0809707,0.00889819
-0.0761001,0.0044997
-0.105395,0.0176486
-0.112373,0.0291214
-0.112373,0.0291214
-0.0817261,0.0315085
-0.0525904,0.00860144
-0.156054,0.00572737
-0.142225,0.0260794
-0.142225,0.0260794
-0.128436,0.0367473
-0.127539,0.00183756
-0.118562,0.0168824
-0.112739,0.03341
-0.0839343,-0.0019659
-0.0839343,-0.0019659
-0.183256,-0.0465417
-0.183256,-0.0465417
-0.129235,-0.0446279
-0.129235,-0.0446279
-0.129235,-0.0446279
-0.0978599,-0.0421991
-0.0803848,-0.0296021
-0.0803848,-0.0296021
-0.0239014,-0.0843106
-0.0374592,-0.0826775
-0.0374592,-0.0826775
-0.0859478,-0.0814798
-0.0832249,-0.0531066
-0.0837887,-0.0863359
-0.0837887,-0.0863359
-0.09257,-0.0934636
-0.0675851,-0.113874
-0.0826527,-0.136962
-0.0826527,-0.136962
-0.105228,-0.103485
-0.0578412,-0.0927546
-0.0431386,-0.0746393
-0.0431386,-0.0746393
-0.0431386,-0.0746393
-0.059627,-0.0310354
-0.0705392,-0.0389818
-0.0479931,-0.0417853
-0.0406076,-0.0593422
-0.0656152,-0.0571784
-0.0439042,-0.0113009
-0.120756,0.00704456
-0.0842876,-0.00573185
-0.102465,-0.00987065
-0.102465,-0.00987065
-0.102465,-0.00987065
-0.0953271,-0.0171992
-0.0959963,0.0102013
-0.106707,0.0182656
-0.0498676,-0.0318128
-0.0327394,-0.0377341
-0.0323649,-0.0208699
-0.0166264,-0.0244025
-0.00757582,-0.00509509
0.0121893,0.0140547
0.0121893,0.0140547
-0.00486332,0.0322369
0.0145389,-0.0098522
0.0385409,-0.015469
0.0385409,-0.015469
-0.00701177,0.00933305
0.0277792,0.00488283
0.0828171,0.0212915
0.0639765,-0.0378565
0.0639765,-0.0378565
0.0779924,-0.0245919
0.0719016,-0.0608254
0.0719016,-0.0608254
0.0719016,-0.0608254
0.046366,-0.0429445
0.0584664,-0.00520663
0.00496598,-0.0276099
0.00496598,-0.0276099
0.00496598,-0.0276099
0.057237,0.018669
0.0591863,-0.00661761
0.0271557,0.0252995
0.0194327,0.0513977
0.00951629,0.0283495
0.0149285,0.0052439
0.0149285,0.0052439
0.00314667,-0.00524525
0.0069474,-0.0276057
0.0069474,-0.0276057
0.00208221,-0.0197969
0.00445241,-0.00526076
0.023551,-0.0470639
-0.0298026,0.00781914
-0.0298026,0.00781914
-0.0101543,-0.0232519
-0.00321478,0.00213298
-0.0519027,-0.0173806
-0.0611534,-0.00525285
-0.0751805,-0.0307316
-0.0489904,-0.0454899
-0.0489904,-0.0454899
-0.00636779,-0.0576783
-0.0703896,-0.048558
-0.0356402,-0.00763705
-0.0356402,-0.00763705
0.0148604,-0.0471601
0.0152995,-0.0130911
-0.0291431,-0.0432414
-0.0120448,-0.0412488
-0.0120448,-0.0412488
-0.0120448,-0.0412488
-0.0120448,-0.0412488
-0.0494805,-0.0361304
-0.0494805,-0.0361304
0.0176479,0.00632125
0.00207025,-0.0179974
0.00207025,-0.0179974
0.0470742,-0.0257437
0.0259608,-0.0292656
0.0259608,-0.0292656
0.0318819,0.0431392
-0.00727841,0.0444172
-0.00727841,0.0444172
0.00790712,0.0515516
0.00274909,0.0581906
-0.0316779,0.0695338
-0.0316779,0.0695338
-0.0317709,0.0775585
-0.0475859,0.0515271
-0.0367684,0.0567259
0.020534,0.098866
-0.0288188,0.110588
-0.0288188,0.110588
-0.00515282,0.126336
-0.00515282,0.126336
-0.00515282,0.126336
-0.0223089,0.0853285
-0.0223089,0.0853285
-0.0559446,0.0293808
-0.0757707,0.0580059
-0.0757707,0.0580059
-0.044335,0.0623573
-0.0845078,0.0565712
-0.0569001,0.0984788
-0.0569001,0.0984788
-0.0478387,0.10163
-0.0642537,0.102653
-0.0367459,0.123473
-0.0367459,0.123473
-0.00999539,0.130442
-0.00999539,0.130442
0.0407679,0.130716
0.0407679,0.130716
0.089539,0.0860615
0.089539,0.0860615
0.0284571,0.0745126
0.0190396,0.111493
0.0190396,0.111493
0.0223476,0.0899506
0.0223476,0.0899506
0.0223476,0.0899506
-0.0199432,0.117857
-0.0199432,0.117857
-0.0199432,0.117857
0.0198082,0.103648
-0.000920259,0.0848103
0.00983121,0.0421
0.058752,-0.00781059
0.102454,-0.0101854
0.11008,-0.0105171
0.11008,-0.0105171
0.0905586,0.00963049
0.0677006,0.0238931
0.082097,0.0544285
0.0626015,-0.0167498
0.0626015,-0.0167498
0.0626015,-0.0167498
-0.00101626,-0.0331064
0.0115718,-0.0225335
0.0257624,-0.0623893
0.0257624,-0.0623893
0.00679171,-0.0525858
0.0456558,-0.048375
0.0456558,-0.048375
0.043598,-0.044032
0.0798905,-0.0432051
0.0798905,-0.0432051
0.0970218,-0.0680824
0.016215,-0.0566971
0.016215,-0.0566971
0.0309885,-0.0559519
0.0275673,-0.0259029
0.0117408,0.0213541
0.0450791,0.0164029
0.0320275,0.024408
0.0333289,0.0606942
0.0107111,0.00198568
-0.0077773,-0.0238911
0.0117624,-0.0303479
0.0152026,-0.015861
-0.0117369,-0.053212
-0.0170131,0.0152392
-0.0324069,-0.027295
-0.0324069,-0.027295
-0.0324069,-0.027295
-0.0540529,0.00492024
-0.0234609,-0.0202718
-0.0234609,-0.0202718
-0.0234609,-0.0202718
-0.0140687,-0.00892026
-0.0140687,-0.00892026
-0.0635373,-0.00806331
-0.0264296,0.00398145
-0.029983,0.00897225
-0.0225703,-0.0113311
-0.0110589,0.0282333
-0.0102874,-0.00114528
-0.00171357,0.00625436
0.000681714,0.0220545
0.0255648,0.0355664
-0.0420825,0.00711925
-0.0414761,0.00584279
-0.0414761,0.00584279
-0.0414761,0.00584279
-0.0401776,0.0401637
0.00766758,0.0246747
-0.0140246,0.0211206
0.0313835,0.0404948
0.046109,-0.00709373
0.0125965,-0.0246369
0.0125965,-0.0246369
-0.0230255,-0.0675468
-0.00120165,-0.063312
0.00622023,-0.118268
-0.0560886,-0.122527
-0.0256741,-0.111948
-0.0256741,-0.111948
-0.0486492,-0.144479
-0.0486492,-0.144479
-0.0550518,-0.149613
0.014745,-0.114629
0.0202538,-0.0972966
-0.0167475,-0.12629
-0.0113312,-0.05547
-0.0113312,-0.05547
-0.0113312,-0.05547
0.0175456,-0.0752354
0.0186575,-0.0839674
0.0186575,-0.0839674
0.0103543,0.00681416
0.0744744,-0.0835616
0.000726404,-0.126608
0.000726404,-0.126608
0.000726404,-0.126608
0.000726404,-0.126608
0.0077437,-0.0970116
8.22977e-05,-0.0442619
0.019736,-0.0709411
0.0359548,-0.035375
-0.0270862,-0.0447237
-0.0270862,-0.0447237
0.0107902,-0.0228461
0.0414477,0.00763398
0.0414477,0.00763398
0.0414477,0.00763398
0.0392166,-0.0378795
0.025914,-0.105557
-0.00532948,-0.0628362
-0.0199726,-0.0342503
-0.0569015,-0.0056316
-0.0611992,0.000760206
-0.0709399,0.0226339
-0.102779,-0.00523866
-0.102779,-0.00523866
-0.102779,-0.00523866
-0.0857031,0.0362091
-0.0857031,0.0362091
-0.0857031,0.0362091
-0.0885194,0.0134591
-0.0885194,0.0134591
-0.0976161,0.0157436
-0.101107,0.0050546
-0.10121,-0.0405145
-0.0431649,-0.0678629
-0.0252254,-0.0661957
-0.0252254,-0.0661957
0.00489652,-0.0825875
0.00681475,-0.0470001
-0.0584645,-0.030283
-0.034959,-0.060617
-0.0243674,-0.0578846
0.0115342,-0.0473343
0.0277786,-0.0419779
0.0477663,-0.071428
0.0387144,-0.0733024
0.0859937,-0.0810042
0.0016053,-0.0905745
0.0016053,-0.0905745
0.0299024,-0.0306136
0.0904956,-0.0476254
0.0904956,-0.0476254
0.10216,-0.000978611
0.0648576,0.0140384
0.0401301,0.0377878
0.0370754,-0.00204312
0.0370754,-0.00204312
0.0449916,0.0308117
0.00792415,-0.0126774
-0.00546575,-0.0162469
-0.0691089,0.00345299
-0.113856,0.0379418
-0.0511951,0.0402547
-0.070119,0.0190376
-0.119233,-0.00686936
-0.0357883,-0.0213446
-0.0357883,-0.0213446
-0.0357883,-0.0213446
-0.00779689,-0.0470605
-0.00779689,-0.0470605
-0.0309121,-0.0340205
-0.0309121,-0.0340205
-0.0329871,-0.00794217
-0.0756363,-0.0339368
-0.0746302,-0.0108964
-0.104456,0.0246954
-0.153549,-0.0214021
-0.16632,0.00678019
-0.16632,0.00678019
-0.126874,0.00191535
-0.114614,-0.0313364
-0.107879,-0.0195515
-0.107879,-0.0195515
-0.0701533,-0.0193163
-0.0701533,-0.0193163
-0.0701533,-0.0193163
-0.10763,-0.0174465
-0.123246,-0.0278786
-0.1139,-0.00548504
-0.0739158,0.00473147
-0.049914,0.0220147
-0.0873852,0.0197293
-0.077286,-0.00933309
-0.077286,-0.00933309
-0.0230505,-0.00668795
-0.0286686,-0.00291582
-0.0280169,-0.0457855
-0.00863502,-0.0683406
-0.00863502,-0.0683406
0.0037881,-0.0516211
-0.000998075,-0.0346974
0.000319845,-0.110057
-0.029857,-0.123852
-0.0134405,-0.120474
-0.0517705,-0.0802099
-0.0517705,-0.0802099
-0.0285674,-0.144138
-0.0590534,-0.105895
-0.000131515,-0.101922
-0.0090675,-0.0721958
-0.0090675,-0.0721958
0.019472,-0.0100053
0.0464079,-0.0103047
-0.0172407,-0.0684325
0.0270669,-0.0667304
0.0303834,-0.0730536
0.00954246,-0.0842014
-0.0055643,-0.0804887
0.00773944,-0.0344373
-0.00494824,-0.0225641
0.0138897,-0.00289451
0.00168399,-0.0126348
0.00168399,-0.0126348
0.00168399,-0.0126348
0.00168399,-0.0126348
-0.0304761,0.00213363
-0.031892,-0.0286136
-0.031892,-0.0286136
-0.00562357,-0.0186324
-0.00562359,-0.0186324
-0.00562359,-0.0186324
-0.00562359,-0.0186324
-0.0170446,-0.046628
-0.0170446,-0.046628
-0.0179468,-0.020013
-0.0422886,0.000789365
-0.0422886,0.000789365
-0.0267378,0.0408799
-0.000902172,0.0374725
0.0055488,0.0596034
0.0255985,0.0953874
0.0189214,0.0952529
0.0176536,0.0712111
-0.01674,0.0355086
-0.01674,0.0355086
0.0543735,0.0577909
0.0436616,0.031139
0.01854,0.0443248
0.00416971,-0.0152587
-0.0125366,-0.0245075
0.0665646,0.0140011
0.015793,-0.00842202
0.0824017,0.000322511
0.0374134,0.0152865
0.00997229,0.0146386
-0.0205346,0.00105852
0.00221799,-0.0328701
0.0264302,-0.00251764
0.0110185,0.00286426
0.0110185,0.00286426
0.0190936,-0.0445514
0.0540666,-0.0413611
0.0313423,-0.00340375
0.032813,-0.00494236
-0.0043752,0.00710539
0.0291621,0.0121213
0.0127458,-0.0445079
0.00536495,-0.0211122
-0.0334989,0.00408396
-0.0334989,0.00408396
-0.0283249,-0.000302397
-0.0283249,-0.000302397
-0.0658959,0.000925495
-0.0658959,0.000925495
-0.117841,0.049871
-0.117841,0.049871
-0.0983587,0.0282521
-0.0983587,0.0282521
-0.0803539,-0.0297289
-0.0637919,0.0197034
-0.0301675,-0.0170772
-0.00301993,-0.0212151
0.0160959,0.0211116
0.0190652,0.0420188
0.0127154,0.0370373
0.0127154,0.0370373
0.0446389,0.0569566
0.00379485,0.0758777
-0.0616681,0.0819534
-0.0941598,0.0536379
-0.134118,0.0393571
-0.134118,0.0393571
-0.111208,0.0112875
-0.129763,-0.030252
-0.16342,-0.00636037
-0.154227,0.00254391
-0.154227,0.00254391
-0.173588,-0.00669253
-0.135546,0.0062211
-0.135546,0.0062211
-0.12571,-0.000323139
-0.129265,-0.0254807
-0.0587753,-0.0752296
-0.0404405,-0.0774254
-0.0210749,-0.0973853
-0.00466359,-0.078477
-0.00148409,-0.0496029
0.0127586,-0.0384408
-0.00306956,-0.0722316
0.077438,-0.0686469
0.0429399,-0.0723471
-0.00620283,-0.00506891
0.0360009,-0.0316711
0.0360009,-0.0316711
0.0360009,-0.0316711
-0.00511876,0.0348495
0.00423591,0.038701
-0.0637724,0.0838981
-0.0667767,0.0654726
-0.0988786,0.0712394
-0.103849,0.0500921
-0.103849,0.0500921
-0.0664051,0.0119372
-0.0664051,0.0119372
-0.0664051,0.0119372
-0.0866559,0.0768278
-0.105635,0.0316641
-0.105635,0.0316641
-0.105635,0.0316641
-0.0824976,0.122442
-0.0573121,0.08412
-0.0664189,-0.00389316
-0.0664189,-0.00389316
-0.0693196,-0.0184717
-0.115303,0.0564615
-0.115303,0.0564615
-0.0870346,0.0377707
-0.0842336,0.053739
-0.0865575,0.035919
-0.0547248,0.0840367
-0.0547248,0.0840367
-0.0547248,0.0840367
-0.0603284,0.0498505
-0.048126,0.0550416
-0.0633664,0.0526019
-0.0633664,0.0526019
-0.0295966,0.067273
-0.0502818,0.0474469
-0.0502818,0.0474469
-0.031282,0.0752124
-0.0345177,0.0653399
-0.0345177,0.0653399
-0.0201994,0.0529915
-0.0301336,0.0192728
-0.0392736,0.0433534
-0.0392736,0.0433534
-0.0467024,0.0246799
0.00131283,0.0269122
0.0257227,0.0090439
0.0257227,0.0090439
0.0162689,-0.0139918
-0.011962,0.00649365
-0.00881399,0.0212243
-0.0442634,0.070639
-0.0442634,0.070639
-0.0112135,0.0750718
-0.0436741,0.0490565
-0.0415242,0.0223927
-0.00657545,0.0342192
-0.0578301,0.050503
-0.0241085,0.0289135
-0.0655409,0.0322886
-0.059364,0.0797651
-0.111638,0.0536701
-0.0754319,0.0617924
-0.0598409,0.0273677
-0.0889086,0.0153709
-0.0895236,0.0142615
-0.0857383,0.00651937
-0.0744999,-0.0135967
-0.0526335,0.0277447
-0.0526335,0.0277447
-0.0403727,0.0374805
-0.038293,0.0206204
-0.038293,0.0206204
-0.0458013,0.0336362
-0.0458013,0.0336362
-0.0418683,-0.0168819
0.00275992,-0.0314528
0.016489,-0.0129534
-0.0163263,-0.00981939
0.00814148,-0.0625681
-0.0446476,-0.0953039
-0.0446476,-0.0953039
-0.0446476,-0.0953039
-0.0352735,-0.108135
-0.0805075,-0.0657273
-0.0197478,-0.0576956
-0.0197478,-0.0576956
-0.0310883,-0.0324822
0.0349825,-0.0494186
-0.0219425,-0.0600992
-0.010455,-0.067223
-0.010455,-0.067223
0.0292211,-0.0379805
0.0357909,-0.11456
0.0290995,-0.111755
0.0503026,-0.093066
0.0378681,-0.0811395
0.0378681,-0.0811395
0.0864866,-0.042829
0.0864866,-0.042829
0.0819124,-0.0108405
0.109601,0.00477934
0.109601,0.00477934
0.0785131,-0.0472589
0.0424682,-0.0752191
0.0361267,-0.0491671
0.0343647,-0.0685391
0.00350965,-0.0753073
0.0136557,-0.0230876
0.0374895,-0.00822572
0.00224426,0.00117582
0.00224426,0.00117582
0.00224426,0.00117582
0.020123,-0.022205
-0.0104543,0.0172323
-0.0134545,-0.0157161
-0.0182395,-0.0381756
-0.0242494,-0.0237796
-0.0242494,-0.0237796
-0.0242494,-0.0237796
-0.00292056,0.0673123
-0.0287899,0.0169726
0.0107558,0.00904537
0.0107558,0.00904537
0.0107558,0.00904537
0.0313109,0.0107424
-0.00256433,-0.0114434
0.0228665,-0.0180336
0.00419986,0.00668524
0.00419986,0.00668524
0.00419986,0.00668524
0.00419986,0.00668524
0.00862274,-0.00350009
0.0159283,0.0107882
-0.0344182,-0.0215301
-0.0344182,-0.0215301
-0.0344182,-0.0215301
-0.0457323,0.00438046
-0.00359311,0.00572408
-0.00359311,0.00572408
0.0160052,-0.0210934
0.0160052,-0.0210934
-0.016848,-0.0540318
0.0149946,-0.0184002
0.0505743,-0.0586664
0.00999964,-0.050486
0.00999964,-0.050486
0.0562761,-0.0402358
0.0508609,-0.0472514
0.0581849,-0.0357405
0.0581849,-0.0357405
0.0581849,-0.0357405
0.0581849,-0.0357405
0.0581849,-0.0357405
0.00691398,-0.00341569
0.00691398,-0.00341569
0.033079,-0.0228079
0.031878,-0.0118767
0.031878,-0.0118767
0.00701413,-0.011479
-0.00584482,0.0014343
-0.00240415,0.00315111
-0.0170424,0.000307482
-0.0718381,-0.0375009
-0.0622391,-0.055125
-0.0265169,-0.00624962
-0.0558809,0.0538921
-0.032648,0.0113938
-0.0637649,0.0401146
-0.0723851,-0.0341422
-0.0697911,0.00320024
-0.0320226,-0.0403896
9.16942e-05,-0.0581443
0.00667514,-0.0601145
0.0149372,-0.0570231
0.0149372,-0.0570231
-0.0270075,-0.0549591
-0.0222443,-0.0509288
-0.0670685,-0.0026822
-0.075209,-0.0469076
-0.075209,-0.0469076
-0.0557734,-0.0697594
-0.108607,-0.096855
-0.106655,-0.0946216
-0.106655,-0.0946216
-0.1151,-0.0767129
-0.0845998,-0.034337
-0.0845998,-0.034337
-0.0845998,-0.034337
-0.06439,-0.0343162
-0.103088,-0.0408625
-0.075106,-0.0633767
-0.03327,-0.0460246
-0.0556043,-0.058448
-0.070155,-0.0304687
-0.0507693,-0.0257866
-0.0384798,-0.0229728
-0.0386155,0.00298291
-0.0159829,0.0268855
-0.0327882,0.0180858
0.00394286,0.0592259
-0.0187541,-0.0417848
0.00963604,-0.01378
0.0125341,-0.0172649
0.0125341,-0.0172649
-0.00996075,-0.000636721
-0.0231412,-0.0404131
0.00487884,-0.0467095
0.026163,-0.100177
0.0917073,-0.087833
0.0896316,-0.0977966
0.0942626,-0.144638
0.0907037,-0.112637
0.0907037,-0.112637
0.0907037,-0.112637
0.0719845,-0.124108
0.0719845,-0.124108
0.0719845,-0.124108
0.0719845,-0.124108
0.0631221,-0.108162
0.0631221,-0.108162
0.0631221,-0.108162
0.102971,-0.175781
0.102971,-0.175781
0.0565541,-0.156096
0.103578,-0.193689
0.0329171,-0.180688
0.0329171,-0.180688
0.059105,-0.110117
0.0748541,-0.107365
0.0748541,-0.107365
0.0748541,-0.107365
0.0591499,-0.14311
0.037016,-0.10588
-0.0160553,-0.107174
-0.0327606,-0.118669
-0.041756,-0.0677489
-0.00341996,-0.0491362
0.000147116,-0.0839803
0.023519,-0.092381
-0.00960626,-0.0466926
-0.0461249,-0.0835151
0.0179776,-0.0465994
-0.0173044,-0.0272275
-0.0173044,-0.0272275
-0.0173044,-0.0272275
-0.0229764,-0.0829898
-0.00598076,-0.0610369
-0.0239939,-0.0394314
-0.0239939,-0.0394314
-0.038476,-0.0322663
-0.0615605,0.00936253
-0.0483944,-0.0246629
-0.101288,-0.0172709
-0.104512,-0.0332797
-0.037653,-0.0115227
-0.037653,-0.0115227
-0.0713648,-0.0206934
-0.0577086,0.024431
-0.0695497,-0.0241353
-0.0443756,-0.04981
-0.0315928,-0.0799803
-0.023212,-0.0569569
-0.000719541,-0.016633
-0.0115235,0.01415
0.0122344,0.0188676
-0.0127985,3.3318e-05
-0.0053656,0.0338746
-0.0198317,-0.00559365
-0.0041519,0.0407305
-0.0466625,0.0296589
-0.0466625,0.0296589
-0.0466625,0.0296589
-0.0466625,0.0296589
-0.0466625,0.0296589
-0.0281601,0.0751419
-0.0281601,0.0751419
-0.0663317,-0.020148
-0.0663317,-0.020148
-0.124559,-0.0365383
-0.0584392,-0.0062191
-0.0709999,-0.0395407
-0.0433948,-0.0544043
-0.067148,-0.0275271
-0.0598192,0.00230511
-0.0398031,0.018119
-0.0581974,0.00699364
-0.0581974,0.00699364
-0.0118701,0.0087766
0.0574709,-0.00509775
0.0598856,-0.0311221
0.0251131,-0.0579584
0.0695985,-0.0652219
0.061634,-0.0229974
0.0438105,-0.0303446
0.0766875,-0.0344054
0.0774269,-0.00980973
0.0774269,-0.00980973
0.0335862,-0.00761827
0.052473,0.0704878
0.0561789,0.072774
0.0561789,0.072774
0.0323349,0.0330695
0.0240151,0.039163
0.0240151,0.039163
0.0240151,0.039163
0.0240151,0.039163
0.0240151,0.039163
-0.0267504,0.0692606
-0.00789771,0.0246739
-0.000743789,0.0208476
0.0353729,0.0196376
0.0545661,0.0184134
0.0804935,0.0408881
0.0620633,0.0445025
0.0625095,0.0599548
0.101822,0.0195446
0.0838115,0.0248702
0.0738834,0.0206197
0.0190649,0.0470691
0.0190649,0.0470691
0.0371214,0.0753681
0.067792,0.0499599
0.0473773,0.0351611
0.0204329,0.0059896
0.0204329,0.0059896
0.00876628,-0.0149964
0.0302588,0.0124368
0.0082006,0.000282448
-0.010568,-0.000234605
-0.010568,-0.000234605
0.0197099,-0.0328683
0.0156014,-0.0226854
0.0156014,-0.0226854
0.0156014,-0.0226854
-0.0376279,-0.0325079
-0.049883,0.0166307
-0.0933367,0.0307416
-0.0836129,0.018168
-0.0625152,0.017806
-0.0389045,0.024925
-0.0334514,0.0460006
-0.0618493,-0.0029364
-0.0590761,0.0448319
-0.120244,0.0229224
-0.101252,0.067398
-0.101252,0.067398
-0.0841435,0.090044
-0.0741047,0.0654931
-0.0741047,0.0654931
-0.0741047,0.0654931
-0.0535816,0.0472323
0.000270903,0.078942
0.000270903,0.078942
-0.00356304,0.0669238
0.000432235,0.0756244
-0.0551065,0.0441708
-0.0564108,0.0516498
-0.0579423,0.025764
-0.0579423,0.025764
-0.0579423,0.025764
-0.0579423,0.025764
-0.0579423,0.025764
-0.039454,0.0228674
-0.024364,0.0300772
-0.024364,0.0300772
0.0205136,-0.0111127
0.0349095,0.0281971
0.050036,-0.0564721
0.0592764,-0.0113399
0.0592764,-0.0113399
0.0312343,-0.0483808
0.0304694,-0.0555886
-0.0125805,0.0300994
0.00919836,-0.0265756
-0.0400981,-0.0334784
-0.024338,-0.0219434
0.0088313,-0.0529144
0.0227087,-0.0227882
0.0227087,-0.0227882
0.0227087,-0.0227882
0.00646415,-0.0664108
0.00833369,-0.0706865
0.00833369,-0.0706865
0.00979281,-0.0527341
0.0246594,-0.0202101
-0.00499552,-0.00301084
-0.00324544,-0.0113809
-0.0161943,-0.0272891
-0.0138041,-0.0044069
-0.00923849,0.0144262
-0.00923849,0.0144262
0.00131641,0.00252293
0.00131641,0.00252293
-0.00689999,0.0139461
-0.00689999,0.0139461
-0.00689999,0.0139461
-0.01453,0.00593269
0.030131,-0.0613294
-0.0140735,-0.069451
-0.0140735,-0.069451
0.00458954,-0.0565908
-0.00469161,-0.0252421
-0.000950248,-0.0086998
-0.0286359,0.000166849
0.0390271,0.0123976
0.00255445,0.0262075
0.00981576,0.0170719
0.00745457,-0.00446757
0.0406525,0.0388167
0.0660165,0.00694825
0.141689,0.0115107
0.0987579,0.0197106
0.0987579,0.0197106
0.0684989,0.0117766
0.0675444,0.0320792
0.0675444,0.0320792
0.0773139,0.055078
0.0773139,0.055078
0.0621932,0.0279085
0.0283736,0.063414
0.0283736,0.063414
0.0145176,0.112951
-0.01793,0.0897776
-0.0390137,0.0921887
-0.0279882,0.144956
-0.0393717,0.115819
-0.0649721,0.123814
-0.0423799,0.105071
-0.0118841,0.0936149
-0.0118841,0.0936149
-0.000249151,0.0760653
-0.0265939,0.0614551
-0.0062362,0.067167
0.047903,0.0467489
0.0232579,0.0902094
0.0211269,0.0858335
0.00754262,0.0692143
0.0538251,0.115117
-0.00107324,0.114659
-0.0120935,0.0941873
-0.0284508,0.0738432
-0.00554099,0.0273106
-0.0222886,0.042397
-0.0644999,0.0657606
-0.0361851,0.0237654
-0.0529821,0.018858
-0.0529821,0.018858
-0.0731907,-0.00227211
-0.114524,-0.0226426
-0.114524,-0.0226426
-0.114524,-0.0226426
-0.114524,-0.0226426
-0.114524,-0.0226426
-0.0518039,0.00279247
-0.0419304,-0.019409
-0.0419304,-0.019409
0.00370745,-0.0634838
-0.0106853,-0.0187658
-0.0255636,-0.00109054
-0.0178183,-0.0198403
-0.0234815,-0.00878577
-0.0234815,-0.00878577
-0.016469,-0.0575316
0.000641214,-0.0323268
-0.0429545,-0.0799974
0.000963784,-0.0317663
-0.0160539,-0.0292904
-0.00867316,-0.061756
0.0377605,-0.042881
0.0211267,-0.0584845
-0.0226762,-0.028435
-0.0553259,-0.035692
0.0099312,-0.00737759
-0.0424727,-0.00211275
-0.0439805,0.017438
-0.0455654,0.0474556
-0.0158736,0.00223632
-0.000267971,-0.0190986
0.00224101,-0.0222224
0.00735268,-0.0342343
0.00735268,-0.0342343
-0.0095338,-0.0553725
0.0274512,-0.0805857
0.0252994,-0.066255
0.0252994,-0.066255
0.0350716,-0.0643499
0.0358713,-0.0276681
0.0301614,0.0518129
-0.000404474,0.0673111
-0.000404474,0.0673111
0.0139603,0.0803729
-0.0413234,0.00816357
-0.0413234,0.00816357
-0.0413234,0.00816357
-0.0280756,0.0198274
-0.0299681,0.0705405
-0.0299681,0.0705405
-0.0387091,0.0945105
-0.0269216,0.0376269
-0.0269216,0.0376269
-0.0453334,0.0828754
-0.0453334,0.0828754
-0.0453334,0.0828754
-0.00824884,0.0160704
-0.0706787,0.0137932
-0.03699,0.0327125
0.00394576,0.0565236
0.00607044,0.0890004
-0.034342,0.0125002
-0.034342,0.0125002
-0.0382229,0.0521946
-0.0658543,0.0903208
-0.0769685,0.112641
-0.0664057,0.105177
-0.0457576,0.103406
-0.0983079,0.094397
-0.105261,0.0956591
-0.105261,0.0956591
-0.0985159,0.0997764
-0.0442873,0.0357541
-0.0966256,-0.00342282
-0.0567752,0.0104162
-0.0567752,0.0104162
-0.0332682,0.015811
-0.0200493,0.00829889
0.0458884,0.0455463
0.0408649,0.0211409
0.0408649,0.0211409
0.0370733,0.0118623
0.0782939,-0.00730126
0.0787702,-0.00252154
0.0610791,-0.0121398
0.0610791,-0.0121398
0.101436,-0.0310296
0.101436,-0.0310296
0.0462885,0.0253617
0.0855816,-0.000509151
0.0431269,0.018953
0.0129271,0.0315466
0.0475781,0.0510203
0.0475781,0.0510203
0.0542795,0.0905864
0.0456755,0.0500227
0.0456755,0.0500227
0.00271474,0.100836
0.00271474,0.100836
0.00271474,0.100836
0.000895857,0.0538148
-0.00418906,0.0674585
-0.00418906,0.0674585
-0.00418906,0.0674585
-0.0236586,0.0752355
-0.0159196,0.0818786
-0.0439415,0.0376942
-0.0045445,0.0442509
-0.0082676,0.0560522
-0.0082676,0.0560522
-0.0348058,0.0442666
0.00134885,0.0293509
0.0265788,0.0209241
0.0106549,0.0168714
-0.0269184,-0.026831
-0.00576308,-0.0259895
0.018239,0.00731854
0.0120918,0.00876453
0.0120918,0.00876453
0.0354698,0.0160938
0.0354698,0.0160938
0.0354698,0.0160938
0.00121768,0.0216758
-0.00347766,0.0020094
-0.0870772,-0.0922354
-0.0525575,-0.0485806
-0.0693816,-0.042469
-0.0437079,-0.0212388
-0.0268196,-0.0769327
0.00914916,-0.0717711
-0.0090892,-0.0685842
-0.0090892,-0.0685842
-0.0696784,-0.111728
-0.080377,-0.0490251
-0.0575871,-0.0342264
-0.0735294,-0.0195699
-0.0768333,-0.0489002
-0.0736489,0.0128924
-0.0736489,0.0128924
-0.0772817,0.00879135
-0.0809778,-0.0423599
-0.0945554,-0.0450465
-0.0237009,-0.00780104
-0.0157049,-0.00907416
-0.0541273,-0.039326
0.000594204,-0.0370508
-0.0198876,-0.0459825
-0.0440325,-0.10591
-0.0440325,-0.10591
-0.0440325,-0.10591
-0.0440325,-0.10591
0.0177372,-0.100674
0.0177372,-0.100674
0.00372481,-0.0742396
-0.027716,-0.0460155
-0.00533704,-0.071923
-0.00960489,-0.00772268
-0.0369886,-0.0250745
-0.0463475,0.00675201
-0.0463475,0.00675201
-0.0463475,0.00675201
-0.0742788,0.00412853
-0.0724536,0.00973447
-0.0724536,0.00973447
-0.0698238,0.0328978
-0.0698238,0.0328978
0.00919987,0.0110142
-0.0221061,0.0167131
-0.0221061,0.0167131
-0.0439249,0.00147838
0.0153917,0.00103405
0.046475,0.030127
0.046475,0.030127
0.0998894,0.00156321
0.0998894,0.00156321
0.0944217,0.0233026
0.037447,0.0426106
0.00517166,0.043964
0.0182234,0.0240567
0.0351786,0.0129059
0.00860539,0.0325885
0.00860539,0.0325885
0.0158728,0.033217
0.0610136,0.0370147
0.0324549,0.028288
0.0250095,0.0685371
-0.0217682,0.0775813
0.0462443,0.0739221
0.0431332,0.0952834
0.0431332,0.0952834
0.045255,0.0776511
0.045255,0.0776511
0.0257485,0.0746305
0.0257485,0.0746305
0.067959,0.0995949
0.0269655,0.0927489
0.0270306,0.0273065
0.0397308,0.0677877
0.0397308,0.0677877
0.0072631,0.0584102
-0.0286455,0.127007
-0.00851923,0.0463219
-0.0217279,0.0184289
-0.0918381,0.0646562
-0.0918381,0.0646562
-0.0464051,0.0708132
-0.0629573,0.0188555
-0.096348,0.000327606
-0.0874463,-0.008411
-0.0841568,-0.00632254
-0.112218,-0.00883891
-0.13042,-0.0123467
-0.142698,-0.0157529
-0.142698,-0.0157529
-0.103488,-0.00359034
-0.0910222,0.0414626
-0.0910222,0.0414626
-0.0880293,0.0961271
-0.116575,0.132717
-0.103979,0.0792426
-0.085342,0.0486335
-0.0830659,0.0164311
-0.0830659,0.0164311
-0.0830659,0.0164311
-0.100248,-0.0207792
-0.0874901,-0.0146687
-0.126369,0.00705834
-0.0848847,0.0277146
-0.113356,0.0588207
-0.0782916,0.041999
-0.0974144,-0.0150699
-0.0812917,-0.00056607
-0.0812917,-0.00056607
-0.0596537,-0.0155699
-0.0489301,-0.0420561
-0.019043,-0.0722775
-0.046047,-0.0271428
-0.046047,-0.0271428
-0.046047,-0.0271428
-0.0599279,-0.0174314
-0.0599279,-0.0174314
-0.0788485,-0.0334216
-0.0788485,-0.0334216
-0.0874399,-0.0116836
-0.0687095,0.0242983
-0.0768156,0.0399365
-0.0768156,0.0399365
-0.0768156,0.0399365
-0.0404465,0.0194187
-0.0618251,-0.019654
-0.0101338,-0.0216143
-0.037716,-0.0893606
0.00814031,-0.0887363
-0.0368257,-0.103456
0.00804044,-0.0297214
0.0145895,0.0121485
0.0145895,0.0121485
0.0145895,0.0121485
-0.0238341,0.000756185
