ReTr(L),ImTr(L)
0.53408,0.0129408
0.526861,0.0225858
0.526861,0.0225858
0.526861,0.0225858
0.526861,0.0225858
0.574136,0.0663094
0.566481,0.0648054
0.566481,0.0648054
0.56562,0.087871
0.56562,0.087871
0.56562,0.087871
0.56562,0.087871
0.56562,0.087871
0.56562,0.087871
0.56562,0.087871
0.56562,0.087871
0.559639,0.070828
0.569349,0.0305175
0.571365,0.0284926
0.571365,0.0284926
0.574474,0.05045
0.574474,0.05045
0.597206,0.0256555
0.569601,0.0759738
0.580225,0.0501229
0.580225,0.0501229
0.556464,0.0342901
0.556464,0.0342901
0.556464,0.0342901
0.593356,0.00395757
0.587058,0.0343482
0.587058,0.0343482
0.587058,0.0343482
0.578216,0.0500076
0.578216,0.0500076
0.578216,0.0500076
0.59064,0.0303164
0.578544,0.043499
0.578544,0.043499
0.578544,0.043499
0.588899,0.00418934
0.577584,0.0783764
0.577584,0.0783764
0.577584,0.0783764
0.577584,0.0783764
0.577584,0.0783764
0.577584,0.0783764
0.578869,0.0731801
0.586867,-0.0132674
0.586867,-0.0132674
0.605282,-0.0136647
0.605282,-0.0136647
0.605282,-0.0136647
0.605282,-0.0136647
0.605282,-0.0136647
0.605282,-0.0136647
0.605282,-0.0136647
0.616399,-0.000525962
0.601814,-0.0589886
0.601814,-0.0589886
0.593152,-0.113412
0.612296,-0.107683
0.612296,-0.107683
0.592337,-0.0968288
0.592337,-0.0968288
0.592337,-0.0968288
0.589064,-0.0621079
0.589064,-0.0621079
0.589064,-0.0621079
0.59346,-0.0945689
0.62027,-0.0670911
0.62027,-0.0670911
0.62027,-0.0670911
0.59958,-0.0502909
0.607904,-0.0209241
0.607904,-0.0209241
0.607904,-0.0209241
0.59266,-0.0146425
0.59266,-0.0146425
0.59558,-0.0377661
0.59558,-0.0377661
0.58838,-0.022497
0.58838,-0.022497
0.58838,-0.022497
0.58838,-0.022497
0.58838,-0.022497
0.597812,0.000857922
0.616794,-0.00764864
0.614309,-0.00516674
0.611285,-0.05786
0.611285,-0.05786
0.608186,-0.110597
0.632556,-0.00223461
0.632556,-0.00223461
0.617166,0.0334593
0.605356,0.0395807
0.605356,0.0395807
0.591793,0.0558707
0.597257,0.0793138
0.600425,0.132667
0.600425,0.132667
0.607996,0.115961
0.607996,0.115961
0.596279,0.156697
0.596279,0.156697
0.554134,0.23285
0.554134,0.23285
0.555495,0.246776
0.571407,0.17422
0.571407,0.17422
0.580618,0.173685
0.575134,0.157883
0.599159,0.166238
0.599159,0.166238
0.600283,0.180176
0.575674,0.194775
0.573161,0.206967
0.573161,0.206967
0.565589,0.198306
0.565589,0.198306
0.56678,0.186315
0.56678,0.186315
0.548671,0.233251
0.592469,0.202604
0.592469,0.202604
0.592302,0.176313
0.592302,0.176313
0.575465,0.180965
0.575465,0.180965
0.575465,0.180965
0.587406,0.1799
0.587406,0.1799
0.5895,0.178906
0.5895,0.178906
0.5895,0.178906
0.5895,0.178906
0.585229,0.229469
0.569717,0.28872
0.569717,0.28872
0.571764,0.26293
0.587911,0.258207
0.59388,0.222617
0.59388,0.222617
0.59388,0.222617
0.59388,0.222617
0.59388,0.222617
0.547036,0.290438
0.560884,0.27932
0.521049,0.364031
0.517358,0.364907
0.517358,0.364907
0.539594,0.339025
0.539594,0.339025
0.51491,0.394132
0.51491,0.394132
0.51491,0.394132
0.51491,0.394132
0.51491,0.394132
0.511069,0.378215
0.471318,0.421754
0.471318,0.421754
0.471318,0.421754
0.471318,0.421754
0.45336,0.465279
0.470515,0.439675
0.424781,0.476714
0.410652,0.46532
0.35684,0.511571
0.450578,0.448076
0.451228,0.446773
0.451228,0.446773
0.431822,0.46032
0.451049,0.462316
0.451049,0.462316
0.451049,0.462316
0.462728,0.470944
0.462728,0.470944
0.490727,0.41612
0.490727,0.41612
0.437085,0.451159
0.437085,0.451159
0.451607,0.433783
0.451607,0.433783
0.464176,0.406599
0.490953,0.384734
0.480511,0.39707
0.477529,0.375171
0.477529,0.375171
0.484999,0.408459
0.433394,0.493209
0.414149,0.48247
0.4204,0.472285
0.420145,0.491712
0.420145,0.491712
0.420145,0.491712
0.425784,0.484438
0.458716,0.447579
0.495951,0.415825
0.495912,0.38276
0.495912,0.38276
0.491561,0.399394
0.530024,0.367055
0.530024,0.367055
0.544759,0.373726
0.536254,0.353081
0.557269,0.337944
0.557972,0.341033
0.518589,0.367312
0.508607,0.383006
0.544621,0.35213
0.544621,0.35213
0.526339,0.361077
0.49109,0.40535
0.49109,0.40535
0.478519,0.402054
0.482291,0.405378
0.490057,0.409463
0.495632,0.405992
0.48779,0.38602
0.529565,0.337014
0.502525,0.362265
0.551917,0.279624
0.551917,0.279624
0.54564,0.301179
0.55713,0.331434
0.554665,0.332496
0.554665,0.332496
0.524253,0.318566
0.548191,0.338402
0.548191,0.338402
0.545811,0.377839
0.545811,0.377839
0.517835,0.312922
0.563461,0.29587
0.563461,0.29587
0.556241,0.257408
0.569284,0.280241
0.556056,0.343432
0.525266,0.370964
0.525266,0.370964
0.537904,0.374016
0.526945,0.393581
0.565155,0.314559
0.57253,0.340991
0.57253,0.340991
0.547444,0.354976
0.547444,0.354976
0.533404,0.376994
0.533404,0.376994
0.544445,0.351725
0.544445,0.351725
0.563804,0.348118
0.563804,0.348118
0.56458,0.348392
0.548605,0.36943
0.554565,0.35291
0.567856,0.35554
0.567856,0.35554
0.5829,0.345328
0.596469,0.296035
0.596469,0.296035
0.5737,0.300511
0.569122,0.329832
0.569122,0.329832
0.54614,0.365524
0.496901,0.40632
0.507959,0.419324
0.507959,0.419324
0.512159,0.420631
0.512159,0.420631
0.512159,0.420631
0.514019,0.392896
0.547749,0.364387
0.531696,0.39302
0.546939,0.366706
0.552005,0.328827
0.579916,0.333239
0.554005,0.349287
0.525053,0.378805
0.525053,0.378805
0.525053,0.378805
0.523801,0.399769
0.553115,0.394383
0.547869,0.345463
0.547869,0.345463
0.547869,0.345463
0.573057,0.350464
0.579651,0.337301
0.588515,0.31358
0.588169,0.310652
0.558362,0.371909
0.528396,0.382802
0.566236,0.36223
0.566236,0.36223
0.566236,0.36223
0.53566,0.353623
0.53566,0.353623
0.53566,0.353623
0.59465,0.310574
0.583124,0.326362
0.614152,0.272402
0.620386,0.251174
0.638296,0.226208
0.638296,0.226208
0.642752,0.189885
0.617969,0.237434
0.617969,0.237434
0.617969,0.237434
0.617969,0.237434
0.622676,0.199893
0.634417,0.19821
0.59185,0.231171
0.59185,0.231171
0.5862,0.265585
0.5862,0.265585
0.602709,0.240182
0.602709,0.240182
0.602709,0.240182
0.600137,0.247158
0.600137,0.247158
0.593002,0.291428
0.549855,0.337544
0.555455,0.339621
0.550039,0.376028
0.546658,0.351744
0.516502,0.405958
0.542959,0.37786
0.542959,0.37786
0.542959,0.37786
0.52272,0.342361
0.581261,0.328184
0.568585,0.297442
0.568585,0.297442
0.568585,0.297442
0.568585,0.297442
0.568585,0.297442
0.57908,0.302641
0.565149,0.329004
0.572304,0.337046
0.540837,0.356489
0.53763,0.376607
0.53763,0.376607
0.564795,0.300729
0.569526,0.308874
0.569526,0.308874
0.569526,0.308874
0.569526,0.308874
0.556516,0.31706
0.555661,0.320864
0.555661,0.320864
0.555661,0.320864
0.555661,0.320864
0.555661,0.320864
0.555661,0.320864
0.51493,0.371883
0.514857,0.385144
0.502431,0.409775
0.489957,0.432894
0.489957,0.432894
0.519887,0.356719
0.571629,0.317881
0.571629,0.317881
0.571629,0.317881
0.564279,0.345205
0.518671,0.40287
0.518671,0.40287
0.518671,0.40287
0.553144,0.359556
0.511519,0.397959
0.538373,0.32659
0.538373,0.32659
0.54841,0.342253
0.569202,0.330934
0.569202,0.330934
0.599178,0.292359
0.546435,0.302329
0.546435,0.302329
0.546435,0.302329
0.5249,0.287257
0.555227,0.286121
0.555227,0.286121
0.555227,0.286121
0.555227,0.286121
0.574656,0.300733
0.574656,0.300733
0.574656,0.300733
0.574656,0.300733
0.555901,0.349694
0.555901,0.349694
0.582836,0.314858
0.582836,0.314858
0.554679,0.355544
0.573221,0.327856
0.573221,0.327856
0.571152,0.313783
0.57244,0.332062
0.562284,0.343931
0.562284,0.343931
0.584945,0.321339
0.584945,0.321339
0.601674,0.26429
0.601674,0.26429
0.611841,0.233135
0.598193,0.231241
0.598193,0.231241
0.58372,0.266549
0.58372,0.266549
0.58372,0.266549
0.606561,0.267342
0.579102,0.326462
0.565632,0.311955
0.559538,0.340243
0.59186,0.283679
0.552609,0.34103
0.552609,0.34103
0.552609,0.34103
0.581624,0.305976
0.573241,0.320735
0.532449,0.353344
0.50556,0.416271
0.483634,0.422035
0.490463,0.442983
0.490463,0.442983
0.48055,0.422939
0.48055,0.422939
0.423409,0.451118
0.400738,0.500249
0.400738,0.500249
0.400738,0.500249
0.430223,0.474889
0.477278,0.431245
0.527983,0.384174
0.542179,0.383816
0.490382,0.405881
0.490382,0.405881
0.490382,0.405881
0.466886,0.447629
0.479339,0.404813
0.468112,0.467281
0.468112,0.467281
0.499005,0.421067
0.505216,0.417743
0.486275,0.435771
0.437016,0.493968
0.437016,0.493968
0.412306,0.507515
0.412306,0.507515
0.403856,0.528595
0.403856,0.528595
0.440873,0.456276
0.456663,0.445491
0.468784,0.444464
0.487694,0.420183
0.533769,0.377839
0.540309,0.365683
0.539356,0.334209
0.539356,0.334209
0.539356,0.334209
0.540863,0.348052
0.551244,0.364752
0.551244,0.364752
0.574909,0.307959
0.574909,0.307959
0.587499,0.249995
0.592111,0.248392
0.604487,0.263267
0.572863,0.301142
0.572863,0.301142
0.548774,0.303652
0.553514,0.316308
0.553514,0.316308
0.553514,0.316308
0.54998,0.346484
0.54998,0.346484
0.54329,0.332653
0.576538,0.29391
0.572859,0.277734
0.581911,0.293129
0.531461,0.368383
0.553519,0.324861
0.51668,0.32929
0.490862,0.359453
0.514637,0.362065
0.514637,0.362065
0.504979,0.3729
0.504979,0.3729
0.520514,0.347923
0.486035,0.38056
0.486035,0.38056
0.486035,0.38056
0.486035,0.38056
0.486035,0.38056
0.486035,0.38056
0.453146,0.415541
0.449259,0.428714
0.46017,0.446798
0.46017,0.446798
0.474353,0.396129
0.459266,0.438055
0.451295,0.437138
0.471825,0.445345
0.427748,0.490791
0.444895,0.466225
0.444895,0.466225
0.417154,0.488123
0.42719,0.444563
0.413733,0.437415
0.413733,0.437415
0.413094,0.471381
0.413094,0.471381
0.413094,0.471381
0.413094,0.471381
0.413094,0.471381
0.411091,0.484131
0.43695,0.493212
0.43695,0.493212
0.413469,0.500711
0.363416,0.549705
0.331931,0.553769
0.357345,0.559659
0.363041,0.535834
0.363896,0.540626
0.399547,0.528585
0.350612,0.566344
0.327561,0.58376
0.299638,0.57649
0.271074,0.599676
0.259885,0.610143
0.259885,0.610143
0.323796,0.568096
0.323796,0.568096
0.323796,0.568096
0.323796,0.568096
0.323796,0.568096
0.32985,0.588299
0.267869,0.613371
0.21584,0.620816
0.185334,0.632317
0.215955,0.638059
0.23445,0.617656
0.270515,0.596655
0.270515,0.596655
0.321394,0.581533
0.321394,0.581533
0.327319,0.593533
0.35103,0.546506
0.332771,0.575272
0.332771,0.575272
0.30645,0.604409
0.30645,0.604409
0.309337,0.60379
0.303214,0.585625
0.312412,0.598856
0.312412,0.598856
0.272559,0.603484
0.258802,0.609507
0.254387,0.617695
0.254387,0.617695
0.254387,0.617695
0.254387,0.617695
0.254387,0.617695
0.240006,0.587476
0.241757,0.594905
0.223371,0.600639
0.223371,0.600639
0.174632,0.62012
0.186626,0.640771
0.155278,0.629827
0.155278,0.629827
0.155278,0.629827
0.142313,0.643742
0.106306,0.660059
0.106306,0.660059
0.142205,0.641725
0.0998872,0.647683
0.0544125,0.645579
0.0550606,0.659672
0.0550606,0.659672
0.0550606,0.659672
0.0550606,0.659672
0.0498384,0.659798
0.0108941,0.662564
-0.0543787,0.663366
-0.126659,0.64593
-0.12395,0.617606
-0.21548,0.615968
-0.21548,0.615968
-0.21548,0.615968
-0.21548,0.615968
-0.21548,0.615968
-0.176639,0.62864
-0.176639,0.62864
-0.135131,0.625895
-0.139934,0.622835
-0.167404,0.604132
-0.167404,0.604132
-0.167404,0.604132
-0.167404,0.604132
-0.22166,0.59267
-0.232619,0.612335
-0.228256,0.603755
-0.214455,0.608461
-0.250258,0.622992
-0.212501,0.602108
-0.212501,0.602108
-0.23519,0.625806
-0.331365,0.574242
-0.331365,0.574242
-0.311115,0.577524
-0.34007,0.564887
-0.336616,0.56755
-0.29659,0.583905
-0.277186,0.592281
-0.346158,0.527365
-0.305914,0.54515
-0.305914,0.54515
-0.301907,0.5801
-0.343041,0.543373
-0.343041,0.543373
-0.343041,0.543373
-0.339356,0.557051
-0.383556,0.525555
-0.362885,0.564194
-0.361861,0.538095
-0.394685,0.537124
-0.429684,0.489066
-0.429684,0.489066
-0.429684,0.489066
-0.430345,0.492346
-0.453591,0.47362
-0.453591,0.47362
-0.453591,0.47362
-0.462704,0.47321
-0.462704,0.47321
-0.469174,0.443511
-0.499735,0.4251
-0.456044,0.465074
-0.459586,0.456892
-0.453284,0.483924
-0.453284,0.483924
-0.435225,0.481998
-0.435225,0.481998
-0.465931,0.43944
-0.481084,0.419291
-0.50985,0.383939
-0.498661,0.413074
-0.471886,0.441701
-0.451223,0.472281
-0.41788,0.490594
-0.423573,0.505642
-0.41514,0.516146
-0.41514,0.516146
-0.421216,0.49099
-0.395914,0.518796
-0.395914,0.518796
-0.346456,0.560037
-0.288779,0.595378
-0.332981,0.567696
-0.349272,0.570944
-0.373915,0.537772
-0.373915,0.537772
-0.375142,0.55549
-0.375142,0.55549
-0.337141,0.564887
-0.301895,0.58371
-0.301895,0.58371
-0.301895,0.58371
-0.293911,0.586008
-0.232808,0.613941
-0.232808,0.613941
-0.21828,0.639576
-0.179649,0.626997
-0.179649,0.626997
-0.179649,0.626997
-0.240152,0.634579
-0.241923,0.604591
-0.199814,0.641554
-0.199814,0.641554
-0.204716,0.642203
-0.231616,0.609534
-0.231616,0.609534
-0.22379,0.644458
-0.231699,0.619934
-0.212135,0.628805
-0.19427,0.65515
-0.184853,0.648309
-0.243946,0.631757
-0.219829,0.644309
-0.213849,0.614613
-0.23727,0.63316
-0.241931,0.613996
-0.229824,0.616476
-0.200971,0.635054
-0.201926,0.634617
-0.301199,0.60918
-0.301199,0.60918
-0.330094,0.579544
-0.331489,0.601855
-0.345921,0.578259
-0.354131,0.567724
-0.332024,0.571952
-0.298368,0.573724
-0.339249,0.566653
-0.316709,0.56211
-0.302089,0.61333
-0.302089,0.61333
-0.302089,0.61333
-0.302089,0.61333
-0.27042,0.617938
-0.307422,0.598115
-0.32991,0.584399
-0.32991,0.584399
-0.348015,0.575195
-0.354913,0.58787
-0.319198,0.588204
-0.316628,0.579084
-0.291939,0.592329
-0.271238,0.62283
-0.327777,0.566135
-0.325524,0.566589
-0.288796,0.595019
-0.288796,0.595019
-0.321454,0.572594
-0.321454,0.572594
-0.352905,0.56846
-0.352905,0.56846
-0.35979,0.560763
-0.38756,0.532819
-0.38756,0.532819
-0.411237,0.526509
-0.451594,0.498056
-0.451594,0.498056
-0.478228,0.480565
-0.46967,0.45501
-0.46967,0.45501
-0.474693,0.462241
-0.474693,0.462241
-0.470718,0.470069
-0.463609,0.490297
-0.457359,0.444472
-0.43576,0.469841
-0.43576,0.469841
-0.409715,0.49087
-0.409715,0.49087
-0.363918,0.5507
-0.458778,0.469907
-0.458778,0.469907
-0.488497,0.474084
-0.445855,0.460502
-0.445855,0.460502
-0.484771,0.436281
-0.484771,0.436281
-0.484771,0.436281
-0.43841,0.478771
-0.423905,0.470996
-0.437344,0.48774
-0.39974,0.492155
-0.417319,0.482319
-0.408969,0.50491
-0.419856,0.499645
-0.44786,0.489209
-0.490717,0.463326
-0.497816,0.426626
-0.513545,0.429296
-0.491856,0.458699
-0.435785,0.49474
-0.457895,0.459747
-0.474982,0.454145
-0.474982,0.454145
-0.419989,0.496139
-0.419989,0.496139
-0.419989,0.496139
-0.377526,0.525394
-0.377526,0.525394
-0.411567,0.494909
-0.411567,0.494909
-0.411567,0.494909
-0.465154,0.44436
-0.465154,0.44436
-0.453459,0.477846
-0.460379,0.448344
-0.458349,0.451483
-0.457351,0.443454
-0.468127,0.454461
-0.483874,0.447398
-0.499,0.431057
-0.475375,0.460385
-0.475375,0.460385
-0.446969,0.462986
-0.469952,0.454659
-0.469952,0.454659
-0.45582,0.469654
-0.459229,0.46316
-0.459229,0.46316
-0.462469,0.474152
-0.505554,0.412425
-0.505718,0.424711
-0.471821,0.462591
-0.511513,0.406565
-0.49916,0.389081
-0.49916,0.389081
-0.531552,0.365146
-0.549998,0.350516
-0.532049,0.386732
-0.532049,0.386732
-0.578024,0.332686
-0.578024,0.332686
-0.578024,0.332686
-0.578024,0.332686
-0.578024,0.332686
-0.578024,0.332686
-0.597044,0.29544
-0.590436,0.279988
-0.591065,0.251101
-0.598855,0.283261
-0.57577,0.318231
-0.57577,0.318231
-0.57577,0.318231
-0.57577,0.318231
-0.58398,0.337402
-0.58398,0.337402
-0.601215,0.24702
-0.599496,0.265484
-0.599496,0.265484
-0.599496,0.265484
-0.599496,0.265484
-0.599496,0.265484
-0.62272,0.236664
-0.63074,0.22016
-0.63074,0.22016
-0.599369,0.223176
-0.599369,0.223176
-0.60257,0.243833
-0.576407,0.26309
-0.589017,0.222331
-0.589017,0.222331
-0.59816,0.185312
-0.57049,0.256236
-0.611566,0.266856
-0.57983,0.315474
-0.573444,0.32842
-0.573444,0.32842
-0.573444,0.32842
-0.573444,0.32842
-0.596005,0.269908
-0.610235,0.239932
-0.609749,0.242444
-0.609749,0.242444
-0.609749,0.242444
-0.6158,0.251126
-0.6158,0.251126
-0.589255,0.272421
-0.589255,0.272421
-0.589255,0.272421
-0.589255,0.272421
-0.611539,0.274669
-0.613924,0.254607
-0.599046,0.231313
-0.605745,0.217601
-0.605745,0.217601
-0.622329,0.138206
-0.622329,0.138206
-0.662898,0.108536
-0.64543,0.101972
-0.64543,0.101972
-0.632393,0.12235
-0.632393,0.12235
-0.632393,0.12235
-0.624509,0.212805
-0.615271,0.204515
-0.615271,0.204515
-0.614545,0.208184
-0.613908,0.219663
-0.613908,0.219663
-0.613908,0.219663
-0.591586,0.252019
-0.603169,0.262211
-0.629299,0.240813
-0.629299,0.240813
-0.629299,0.240813
-0.614404,0.208734
-0.622184,0.187351
-0.622184,0.187351
-0.611783,0.22147
-0.622316,0.260411
-0.596294,0.258238
-0.579389,0.26702
-0.579389,0.26702
-0.579389,0.26702
-0.608974,0.246814
-0.617402,0.22719
-0.617402,0.22719
-0.634066,0.175831
-0.598492,0.17881
-0.617186,0.268756
-0.622162,0.211418
-0.619059,0.144528
-0.614565,0.169547
-0.604762,0.172442
-0.604762,0.172442
-0.604762,0.172442
-0.615792,0.167451
-0.613025,0.230424
-0.623286,0.218956
-0.623286,0.218956
-0.624363,0.143939
-0.63719,0.147411
-0.614915,0.133739
-0.629165,0.093526
-0.62694,0.180871
-0.634526,0.204525
-0.608851,0.19658
-0.608851,0.19658
-0.608851,0.19658
-0.62342,0.19064
-0.62342,0.19064
-0.619989,0.129031
-0.615646,0.161226
-0.615646,0.161226
-0.617234,0.161675
-0.632836,0.161328
-0.634491,0.176101
-0.634491,0.176101
-0.60134,0.193731
-0.610627,0.191447
-0.610627,0.191447
-0.617716,0.212919
-0.610868,0.218641
-0.579226,0.25774
-0.606261,0.222165
-0.618711,0.22729
-0.601073,0.2398
-0.601073,0.2398
-0.601073,0.2398
-0.601073,0.2398
-0.636816,0.20868
-0.611474,0.271971
-0.611474,0.271971
-0.60215,0.293988
-0.575465,0.338394
-0.567234,0.321446
-0.589348,0.315453
-0.589348,0.315453
-0.589348,0.315453
-0.61319,0.264241
-0.602707,0.270556
-0.56278,0.338996
-0.56278,0.338996
-0.56278,0.338996
-0.57114,0.344896
-0.582319,0.353432
-0.587459,0.307995
-0.587459,0.307995
-0.61008,0.263621
-0.61008,0.263621
-0.612841,0.284185
-0.597001,0.284394
-0.602975,0.285856
-0.551929,0.349247
-0.551929,0.349247
-0.566596,0.321496
-0.566596,0.321496
-0.566596,0.321496
-0.600671,0.323239
-0.588741,0.285719
-0.555347,0.367816
-0.555347,0.367816
-0.565859,0.337645
-0.565859,0.337645
-0.554297,0.381739
-0.554297,0.381739
-0.533335,0.401441
-0.533335,0.401441
-0.52128,0.440156
-0.52128,0.440156
-0.538192,0.411772
-0.531961,0.415726
-0.469467,0.469901
-0.477158,0.474322
-0.4676,0.471346
-0.486474,0.466743
-0.486474,0.466743
-0.473,0.491139
-0.512243,0.43667
-0.524795,0.426497
-0.487092,0.468729
-0.414166,0.513229
-0.394087,0.529239
-0.363748,0.56888
-0.34264,0.554635
-0.412442,0.5192
-0.44513,0.50603
-0.455814,0.487812
-0.430571,0.515845
-0.430571,0.515845
-0.430571,0.515845
-0.422159,0.49473
-0.482426,0.477761
-0.455493,0.479699
-0.442487,0.467614
-0.442487,0.467614
-0.447622,0.453136
-0.461433,0.45795
-0.451674,0.501266
-0.451674,0.501266
-0.403789,0.531579
-0.385295,0.546578
-0.418633,0.496771
-0.3979,0.518571
-0.411024,0.500516
-0.38229,0.519669
-0.375767,0.540226
-0.399023,0.528663
-0.401071,0.526346
-0.408442,0.505328
-0.381514,0.534824
-0.358561,0.535311
-0.408873,0.509656
-0.408873,0.509656
-0.433734,0.507139
-0.467281,0.458659
-0.465066,0.457395
-0.453651,0.471147
-0.453651,0.471147
-0.453651,0.471147
-0.453651,0.471147
-0.455619,0.460828
-0.510814,0.439364
-0.437271,0.478744
-0.461826,0.445898
-0.455885,0.428326
-0.504785,0.37673
-0.504785,0.37673
-0.541786,0.391253
-0.53972,0.364532
-0.53125,0.361754
-0.51039,0.4027
-0.507746,0.405527
-0.516206,0.422546
-0.516206,0.422546
-0.516206,0.422546
-0.516206,0.422546
-0.504735,0.41892
-0.499616,0.433169
-0.519706,0.3973
-0.519706,0.3973
-0.52579,0.400375
-0.514351,0.400037
-0.514351,0.400037
-0.514351,0.400037
-0.514351,0.400037
-0.489743,0.456527
-0.483526,0.442978
-0.400255,0.49313
-0.426614,0.479379
-0.468471,0.420709
-0.468471,0.420709
-0.512936,0.354501
-0.488446,0.417146
-0.488446,0.417146
-0.488446,0.417146
-0.499096,0.448128
-0.47537,0.459769
-0.47537,0.459769
-0.47537,0.459769
-0.474502,0.451616
-0.4884,0.436151
-0.490354,0.432103
-0.482411,0.443824
-0.482411,0.443824
-0.426026,0.514735
-0.426026,0.514735
-0.419279,0.497991
-0.452615,0.466229
-0.448642,0.482509
-0.469517,0.434551
-0.499827,0.392342
-0.494144,0.437696
-0.480184,0.451291
-0.48419,0.44696
-0.502756,0.418417
-0.528556,0.387644
-0.518639,0.397395
-0.486944,0.42219
-0.41941,0.487231
-0.41941,0.487231
-0.454527,0.483193
-0.363839,0.537395
-0.364791,0.532417
-0.3476,0.55167
-0.36562,0.562545
-0.363375,0.534464
-0.372844,0.537018
-0.37822,0.5452
-0.295966,0.568577
-0.309341,0.564934
-0.309341,0.564934
-0.291866,0.580573
-0.329444,0.579236
-0.329444,0.579236
-0.371481,0.549791
-0.340926,0.572351
-0.379311,0.524741
-0.399719,0.529006
-0.399719,0.529006
-0.399719,0.529006
-0.437195,0.50444
-0.437195,0.50444
-0.433673,0.5067
-0.456799,0.481855
-0.456799,0.481855
-0.427509,0.499766
-0.431311,0.497988
-0.415796,0.486535
-0.415796,0.486535
-0.415796,0.486535
-0.430449,0.473739
-0.448103,0.491214
-0.504046,0.398977
-0.503045,0.40075
-0.525491,0.384064
-0.525491,0.384064
-0.526875,0.391771
-0.489119,0.43632
-0.45362,0.477074
-0.510151,0.416857
-0.496144,0.420365
-0.493799,0.429573
-0.423712,0.465633
-0.425727,0.466351
-0.407729,0.494787
-0.434026,0.479548
-0.421616,0.479284
-0.374387,0.518705
-0.327908,0.539235
-0.327908,0.539235
-0.327908,0.539235
-0.327908,0.539235
-0.327908,0.539235
-0.355689,0.533358
-0.372179,0.528015
-0.448235,0.505801
-0.476602,0.448898
-0.450779,0.464809
-0.532591,0.385423
-0.495066,0.426174
-0.495749,0.427057
-0.51352,0.442298
-0.51352,0.442298
-0.51352,0.442298
-0.520744,0.41408
-0.512994,0.429106
-0.512994,0.429106
-0.442731,0.47604
-0.458867,0.473895
-0.483275,0.459404
-0.513174,0.420245
-0.523737,0.403841
-0.523737,0.403841
-0.557549,0.374915
-0.572183,0.377144
-0.572183,0.377144
-0.565121,0.38038
-0.564599,0.369091
-0.564599,0.369091
-0.572054,0.385599
-0.57279,0.392959
-0.57279,0.392959
-0.584555,0.329451
-0.584555,0.329451
-0.584555,0.329451
-0.546937,0.373953
-0.546937,0.373953
-0.546937,0.373953
-0.546937,0.373953
-0.546937,0.373953
-0.546937,0.373953
-0.546937,0.373953
-0.546937,0.373953
-0.546937,0.373953
-0.587796,0.343977
-0.53639,0.380305
-0.53639,0.380305
-0.528714,0.39415
-0.569895,0.383634
-0.539356,0.398571
-0.576381,0.343975
-0.577001,0.3514
-0.546889,0.393927
-0.546889,0.393927
-0.546889,0.393927
-0.546889,0.393927
-0.546889,0.393927
-0.51749,0.389374
-0.51749,0.389374
-0.534521,0.438532
-0.491059,0.437245
-0.491059,0.437245
-0.491059,0.437245
-0.491059,0.437245
-0.512396,0.430173
-0.512396,0.430173
-0.512396,0.430173
-0.498994,0.44486
-0.487266,0.450519
-0.478422,0.444107
-0.492734,0.437514
-0.492734,0.437514
-0.469251,0.445317
-0.469251,0.445317
-0.464231,0.467694
-0.464231,0.467694
-0.471577,0.449769
-0.438351,0.498047
-0.438351,0.498047
-0.438351,0.498047
-0.451694,0.467661
-0.451694,0.467661
-0.445439,0.493836
-0.436939,0.504186
-0.474156,0.451603
-0.465766,0.476233
-0.449779,0.482388
-0.459189,0.446908
-0.43641,0.470659
-0.404444,0.51892
-0.366859,0.516661
-0.386406,0.522039
-0.386406,0.522039
-0.352282,0.550071
-0.352282,0.550071
-0.348637,0.567524
-0.357866,0.543446
-0.378684,0.527389
-0.346855,0.579187
-0.346855,0.579187
-0.346855,0.579187
-0.346855,0.579187
-0.309947,0.599816
-0.309947,0.599816
-0.309947,0.599816
-0.236923,0.598864
-0.278272,0.583852
-0.328761,0.579588
-0.346156,0.553754
-0.346156,0.553754
-0.346156,0.553754
-0.418969,0.486691
-0.418969,0.486691
-0.492705,0.431163
-0.509804,0.448674
-0.49977,0.428469
-0.466977,0.474829
-0.502736,0.433659
-0.502736,0.433659
-0.502736,0.433659
-0.531373,0.396462
-0.497277,0.440632
-0.498144,0.44021
-0.498144,0.44021
-0.505996,0.391027
-0.543105,0.381711
-0.543105,0.381711
-0.543105,0.381711
-0.550836,0.349854
-0.572253,0.30275
-0.601126,0.266356
-0.577814,0.300149
-0.577814,0.300149
-0.594738,0.294564
-0.594738,0.294564
-0.594738,0.294564
-0.594738,0.294564
-0.594738,0.294564
-0.594738,0.294564
-0.594738,0.294564
-0.574586,0.323095
-0.574586,0.323095
-0.574586,0.323095
-0.574586,0.323095
-0.574586,0.323095
-0.59683,0.27031
-0.59683,0.27031
-0.573477,0.267579
-0.568539,0.282784
-0.585929,0.27763
-0.557169,0.271269
-0.572093,0.270937
-0.568561,0.274011
-0.626202,0.202368
-0.66235,0.0996089
-0.613491,0.158079
-0.613491,0.158079
-0.613491,0.158079
-0.60202,0.140236
-0.591954,0.207321
-0.607809,0.210847
-0.593046,0.24623
-0.593046,0.24623
-0.603299,0.26003
-0.603299,0.26003
-0.603299,0.26003
-0.607556,0.234661
-0.607556,0.234661
-0.607556,0.234661
-0.596891,0.261703
-0.614786,0.221784
-0.614786,0.221784
-0.6004,0.310745
-0.550806,0.372988
-0.550806,0.372988
-0.514607,0.411633
-0.531752,0.406461
-0.568284,0.344096
-0.533672,0.375679
-0.533672,0.375679
-0.525276,0.401009
-0.504026,0.426499
-0.523532,0.400605
-0.556142,0.327107
-0.538458,0.364161
-0.538458,0.364161
-0.538458,0.364161
-0.546209,0.365123
-0.546209,0.365123
-0.567632,0.330405
-0.54002,0.362708
-0.568369,0.317763
-0.56064,0.335099
-0.56064,0.335099
-0.552928,0.368432
-0.575294,0.322266
-0.575294,0.322266
-0.549031,0.353224
-0.564789,0.326738
-0.564789,0.326738
-0.564789,0.326738
-0.570164,0.321184
-0.570164,0.321184
-0.583611,0.324724
-0.583611,0.324724
-0.583422,0.317469
-0.583422,0.317469
-0.596715,0.292481
-0.58201,0.281361
-0.584878,0.263273
-0.616358,0.226676
-0.624235,0.215894
-0.60839,0.232156
-0.63709,0.158379
-0.627335,0.186388
-0.65674,0.107491
-0.65674,0.107491
-0.664261,0.117605
-0.666913,0.0926805
-0.663155,0.0385765
-0.663155,0.0385765
-0.675663,0.0310493
-0.657001,-0.0355292
-0.657266,-0.0614715
-0.657266,-0.0614715
-0.645467,-0.043935
-0.672834,-0.02607
-0.669064,-0.0696932
-0.669064,-0.0696932
-0.645068,-0.0510576
-0.651434,-0.0106673
-0.651434,-0.0106673
-0.651434,-0.0106673
-0.651434,-0.0106673
-0.661168,-0.00811067
-0.676846,-0.0216877
-0.669029,0.0359088
-0.671269,0.0153114
-0.671269,0.0153114
-0.673411,0.0406579
-0.673411,0.0406579
-0.664146,0.024507
-0.664146,0.024507
-0.664146,0.024507
-0.663587,-0.010525
-0.663587,-0.010525
-0.650261,-0.0216336
-0.653319,-0.0512354
-0.658705,-0.0683046
-0.658705,-0.0683046
-0.658126,-0.057412
-0.658126,-0.057412
-0.665321,-0.0576028
-0.665321,-0.0576028
-0.665321,-0.0576028
-0.665321,-0.0576028
-0.666957,-0.0154101
-0.667044,-0.0451335
-0.667044,-0.0451335
-0.662681,-0.023727
-0.670276,0.00900737
-0.669087,-0.00904537
-0.643906,-0.0596404
-0.636097,-0.0975749
-0.636097,-0.0975749
-0.636097,-0.0975749
-0.645689,-0.118286
-0.636066,-0.168538
-0.636135,-0.160689
-0.646495,-0.126761
-0.646495,-0.126761
-0.646495,-0.126761
-0.63917,-0.151945
-0.580369,-0.202639
-0.580369,-0.202639
-0.617161,-0.193769
-0.615076,-0.214455
-0.636196,-0.168174
-0.65532,-0.147695
-0.629374,-0.174216
-0.634319,-0.14463
-0.634319,-0.14463
-0.634319,-0.14463
-0.634319,-0.14463
-0.628985,-0.122931
-0.628985,-0.122931
-0.63348,-0.175061
-0.623966,-0.143648
-0.623966,-0.143648
-0.642382,-0.119163
-0.676049,-0.118654
-0.647031,-0.0994054
-0.659502,-0.107718
-0.651717,-0.0528542
-0.63915,-0.136304
-0.63915,-0.136304
-0.632489,-0.115054
-0.661377,-0.12232
-0.635329,-0.162704
-0.635329,-0.162704
-0.635329,-0.162704
-0.635329,-0.162704
-0.635329,-0.162704
-0.63856,-0.130539
-0.63856,-0.130539
-0.651644,-0.140682
-0.647514,-0.148923
-0.647514,-0.148923
-0.643778,-0.128037
-0.668447,-0.133806
-0.648954,-0.160302
-0.614694,-0.221211
-0.614694,-0.221211
-0.614694,-0.221211
-0.634876,-0.168898
-0.634876,-0.168898
-0.634876,-0.168898
-0.608171,-0.205105
-0.608171,-0.205105
-0.628675,-0.173638
-0.594675,-0.251879
-0.589815,-0.258071
-0.564121,-0.284871
-0.601079,-0.235632
-0.601079,-0.235632
-0.581377,-0.285747
-0.556867,-0.325815
-0.556867,-0.325815
-0.541909,-0.320673
-0.541909,-0.320673
-0.541909,-0.320673
-0.531249,-0.392323
-0.531249,-0.392323
-0.531249,-0.392323
-0.531249,-0.392323
-0.53723,-0.390084
-0.495227,-0.414469
-0.551558,-0.312891
-0.545839,-0.375241
-0.555305,-0.364611
-0.553099,-0.332759
-0.579654,-0.294795
-0.576024,-0.304202
-0.57492,-0.319869
-0.57492,-0.319869
-0.572611,-0.334634
-0.556547,-0.354146
-0.549946,-0.315185
-0.553022,-0.34336
-0.553022,-0.34336
-0.553022,-0.34336
-0.549866,-0.347965
-0.54631,-0.370081
-0.54631,-0.370081
-0.543556,-0.346461
-0.569141,-0.325789
-0.569141,-0.325789
-0.579675,-0.304403
-0.56423,-0.327817
-0.556565,-0.345345
-0.556565,-0.345345
-0.556565,-0.345345
-0.532606,-0.353845
-0.538081,-0.372469
-0.547735,-0.337483
-0.547735,-0.337483
-0.529927,-0.351396
-0.529927,-0.351396
-0.529927,-0.351396
-0.529927,-0.351396
-0.529927,-0.351396
-0.566665,-0.34466
-0.565823,-0.310311
-0.55865,-0.338901
-0.55865,-0.338901
-0.56313,-0.308985
-0.561864,-0.31559
-0.550955,-0.312691
-0.556355,-0.309695
-0.556355,-0.309695
-0.505846,-0.398886
-0.532729,-0.35038
-0.481307,-0.389925
-0.516558,-0.3669
-0.516558,-0.3669
-0.539384,-0.370475
-0.566076,-0.322191
-0.566076,-0.322191
-0.552368,-0.307539
-0.553836,-0.342291
-0.553836,-0.342291
-0.553836,-0.342291
-0.526004,-0.38819
-0.526004,-0.38819
-0.496685,-0.426761
-0.496685,-0.426761
-0.496685,-0.426761
-0.495827,-0.39641
-0.483264,-0.44244
-0.483264,-0.44244
-0.448157,-0.447274
-0.448157,-0.447274
-0.472745,-0.421646
-0.472745,-0.421646
-0.482812,-0.427871
-0.482812,-0.427871
-0.462559,-0.463786
-0.467051,-0.412066
-0.514659,-0.38419
-0.498538,-0.388479
-0.532558,-0.370972
-0.531177,-0.352973
-0.562504,-0.321964
-0.511831,-0.37273
-0.52417,-0.348236
-0.52417,-0.348236
-0.52417,-0.348236
-0.5081,-0.36776
-0.527404,-0.376383
-0.49365,-0.38768
-0.48554,-0.410115
-0.49602,-0.392655
-0.49602,-0.392655
-0.506713,-0.342332
-0.506713,-0.342332
-0.515924,-0.371515
-0.480384,-0.396695
-0.480384,-0.396695
-0.480384,-0.396695
-0.504652,-0.386351
-0.503178,-0.40624
-0.503178,-0.40624
-0.503178,-0.40624
-0.486181,-0.388399
-0.486181,-0.388399
-0.43994,-0.454209
-0.45258,-0.439321
-0.489296,-0.414756
-0.489296,-0.414756
-0.489296,-0.414756
-0.485296,-0.423151
-0.501366,-0.393969
-0.514278,-0.397555
-0.514278,-0.397555
-0.514278,-0.397555
-0.514278,-0.397555
-0.49523,-0.402736
-0.451351,-0.47714
-0.463172,-0.445723
-0.464066,-0.447365
-0.452391,-0.469356
-0.480364,-0.468023
-0.443968,-0.48963
-0.443968,-0.48963
-0.443968,-0.48963
-0.424761,-0.503537
-0.424761,-0.503537
-0.424761,-0.503537
-0.427279,-0.489959
-0.440321,-0.437582
-0.440962,-0.465392
-0.440962,-0.465392
-0.447555,-0.469616
-0.44743,-0.450884
-0.540779,-0.372347
-0.545819,-0.345231
-0.545819,-0.345231
-0.545819,-0.345231
-0.545819,-0.345231
-0.54685,-0.350409
-0.54685,-0.350409
-0.54685,-0.350409
-0.558442,-0.331066
-0.591049,-0.284135
-0.604696,-0.208645
-0.594304,-0.247834
-0.611753,-0.217815
-0.611753,-0.217815
-0.610974,-0.205299
-0.610974,-0.205299
-0.594114,-0.203478
-0.60367,-0.201588
-0.60367,-0.201588
-0.622739,-0.135911
-0.653675,-0.175194
-0.653675,-0.175194
-0.624788,-0.219366
-0.618135,-0.194161
-0.618135,-0.194161
-0.618135,-0.194161
-0.624595,-0.188271
-0.624595,-0.188271
-0.602927,-0.239512
-0.57992,-0.304214
-0.57992,-0.304214
-0.57992,-0.304214
-0.556454,-0.339072
-0.556454,-0.339072
-0.542371,-0.313426
-0.611729,-0.264867
-0.611788,-0.286423
-0.611788,-0.286423
-0.606925,-0.236304
-0.606925,-0.236304
-0.61107,-0.238649
-0.603046,-0.242111
-0.603046,-0.242111
-0.579454,-0.25501
-0.579454,-0.25501
-0.544949,-0.317181
-0.566609,-0.298566
-0.582504,-0.272426
-0.529927,-0.352785
-0.529927,-0.352785
-0.567009,-0.357187
-0.567009,-0.357187
-0.559392,-0.323979
-0.569254,-0.322996
-0.536162,-0.312186
-0.536162,-0.312186
-0.521541,-0.353849
-0.521541,-0.353849
-0.521541,-0.353849
-0.53621,-0.379851
-0.53621,-0.379851
-0.551991,-0.352719
-0.542404,-0.358296
-0.537859,-0.366731
-0.537859,-0.366731
-0.592424,-0.31806
-0.582191,-0.341386
-0.582191,-0.341386
-0.570468,-0.340738
-0.570468,-0.340738
-0.565356,-0.347875
-0.565356,-0.347875
-0.579109,-0.325561
-0.579109,-0.325561
-0.551447,-0.398374
-0.548931,-0.375117
-0.548931,-0.375117
-0.546801,-0.399319
-0.531679,-0.385638
-0.531679,-0.385638
-0.531679,-0.385638
-0.535749,-0.399789
-0.533084,-0.394855
-0.540326,-0.380374
-0.483959,-0.43012
-0.476161,-0.450647
-0.500169,-0.441893
-0.510235,-0.40716
-0.508699,-0.437236
-0.508699,-0.437236
-0.493194,-0.410286
-0.499125,-0.421281
-0.499125,-0.421281
-0.515195,-0.413741
-0.515195,-0.413741
-0.520132,-0.413949
-0.520132,-0.413949
-0.520132,-0.413949
-0.520132,-0.413949
-0.528999,-0.416396
-0.528999,-0.416396
-0.508819,-0.420422
-0.522309,-0.412907
-0.515624,-0.402877
-0.515624,-0.402877
-0.52357,-0.380456
-0.51174,-0.386151
-0.496459,-0.411093
-0.496459,-0.411093
-0.51102,-0.391902
-0.51102,-0.391902
-0.488567,-0.409914
-0.488567,-0.409914
-0.488567,-0.409914
-0.488567,-0.409914
-0.488567,-0.409914
-0.518129,-0.367764
-0.508304,-0.384901
-0.528244,-0.365061
-0.532558,-0.38006
-0.526616,-0.372276
-0.496191,-0.415818
-0.496191,-0.415818
-0.540856,-0.35396
-0.540856,-0.35396
-0.552468,-0.287625
-0.552468,-0.287625
-0.552468,-0.287625
-0.544981,-0.294835
-0.544981,-0.294835
-0.519493,-0.364986
-0.472979,-0.412349
-0.472979,-0.412349
-0.511691,-0.399946
-0.549992,-0.33415
-0.522493,-0.375962
-0.537671,-0.371387
-0.578561,-0.235148
-0.584318,-0.270686
-0.584318,-0.270686
-0.595431,-0.236304
-0.600213,-0.213531
-0.603997,-0.164601
-0.629384,-0.147401
-0.650345,-0.128653
-0.633905,-0.185275
-0.631193,-0.181761
-0.640804,-0.144104
-0.620765,-0.162399
-0.64562,-0.145675
-0.628907,-0.203261
-0.636933,-0.195018
-0.636933,-0.195018
-0.629912,-0.224288
-0.594278,-0.247075
-0.589196,-0.270235
-0.591486,-0.294819
-0.595115,-0.249748
-0.589819,-0.27109
-0.589819,-0.27109
-0.589819,-0.27109
-0.601633,-0.244111
-0.601633,-0.244111
-0.601633,-0.244111
-0.605612,-0.228845
-0.605612,-0.228845
-0.642221,-0.235206
-0.617997,-0.199018
-0.617997,-0.199018
-0.617997,-0.199018
-0.631254,-0.14827
-0.659987,-0.0826459
-0.659987,-0.0826459
-0.654511,-0.0440473
-0.662316,-0.0273974
-0.662316,-0.0273974
-0.663872,0.0124837
-0.656274,-0.00952278
-0.664204,0.0213431
-0.651459,0.0233157
-0.651459,0.0233157
-0.651459,0.0233157
-0.651459,0.0233157
-0.644961,0.0301761
-0.644961,0.0301761
-0.641329,0.0101664
-0.653629,0.0458462
-0.652693,0.0148696
-0.653951,0.0285965
-0.636731,0.0397115
-0.633862,0.0929844
-0.627706,0.0900795
-0.627706,0.0900795
-0.627706,0.0900795
-0.625366,0.0521685
-0.625366,0.0521685
-0.625366,0.0521685
-0.625366,0.0521685
-0.625366,0.0521685
-0.636367,0.00785181
-0.652502,-0.0279986
-0.650815,0.0398045
-0.650815,0.0398045
-0.656709,0.0183976
-0.656709,0.0183976
-0.655376,0.0123583
-0.655376,0.0123583
-0.636722,0.027783
-0.65121,-0.0162578
-0.651702,0.00996192
-0.651702,0.00996192
-0.655157,0.0149576
-0.655157,0.0149576
-0.645745,-0.0419001
-0.645745,-0.0419001
-0.626147,-0.00122234
-0.637428,-0.0500826
-0.633678,-0.0904804
-0.633678,-0.0904804
-0.633678,-0.0904804
-0.633678,-0.0904804
-0.629328,-0.115013
-0.629328,-0.115013
-0.629328,-0.115013
-0.634728,-0.0828209
-0.634728,-0.0828209
-0.620469,-0.117906
-0.620469,-0.117906
-0.627868,-0.0749158
-0.627868,-0.0749158
-0.627868,-0.0749158
-0.627868,-0.0749158
-0.627868,-0.0749158
-0.627868,-0.0749158
-0.628921,-0.121951
-0.60996,-0.111855
-0.60996,-0.111855
-0.60996,-0.111855
-0.60996,-0.111855
-0.615343,-0.152464
-0.605672,-0.15433
-0.616885,-0.202739
-0.569274,-0.203429
-0.569274,-0.203429
-0.608955,-0.164807
-0.597903,-0.172705
-0.626853,-0.157751
-0.60386,-0.181627
-0.624089,-0.205333
-0.605211,-0.175436
-0.591689,-0.205055
-0.607966,-0.221053
-0.604113,-0.209127
-0.604113,-0.209127
-0.601266,-0.271888
-0.616071,-0.233485
-0.616071,-0.233485
-0.605445,-0.183885
-0.605445,-0.183885
-0.610691,-0.176701
-0.586379,-0.215642
-0.586379,-0.215642
-0.615348,-0.219809
-0.615348,-0.219809
-0.615348,-0.219809
-0.615348,-0.219809
-0.622604,-0.143783
-0.622604,-0.143783
-0.640164,-0.106654
-0.640164,-0.106654
-0.629066,-0.0992273
-0.660173,-0.0630465
-0.660173,-0.0630465
-0.619985,-0.150456
-0.619985,-0.150456
-0.615486,-0.170481
-0.614359,-0.22934
-0.592155,-0.245824
-0.59905,-0.286747
-0.567745,-0.353935
-0.591461,-0.324439
-0.591461,-0.324439
-0.558512,-0.340531
-0.584784,-0.316846
-0.602498,-0.319238
-0.60622,-0.315117
-0.603695,-0.269973
-0.616651,-0.285715
-0.602581,-0.315931
-0.602581,-0.315931
-0.602581,-0.315931
-0.583599,-0.311941
-0.582244,-0.30663
-0.608744,-0.259977
-0.619657,-0.247495
-0.609775,-0.270899
-0.604954,-0.250499
-0.604954,-0.250499
-0.611196,-0.262055
-0.581661,-0.277195
-0.581661,-0.277195
-0.559943,-0.333891
-0.580769,-0.275465
-0.581274,-0.252866
-0.582259,-0.273031
-0.595331,-0.245679
-0.598006,-0.226603
-0.607908,-0.170948
-0.591709,-0.157765
-0.591709,-0.157765
-0.598368,-0.109069
-0.630455,-0.125991
-0.630455,-0.125991
-0.633656,-0.0965426
-0.616161,-0.11177
-0.588871,-0.189389
-0.562514,-0.287434
-0.57829,-0.292296
-0.57829,-0.292296
-0.57829,-0.292296
-0.57829,-0.292296
-0.554515,-0.326306
-0.596801,-0.291112
-0.581662,-0.256893
-0.555994,-0.325172
-0.55888,-0.32968
-0.55888,-0.32968
-0.555893,-0.340076
-0.555893,-0.340076
-0.555893,-0.340076
-0.555893,-0.340076
-0.555893,-0.340076
-0.509279,-0.391141
-0.509279,-0.391141
-0.486799,-0.456006
-0.503045,-0.413315
-0.483346,-0.406285
-0.483346,-0.406285
-0.483346,-0.406285
-0.477715,-0.441571
-0.490617,-0.406467
-0.503742,-0.409035
-0.533974,-0.38085
-0.533974,-0.38085
-0.533974,-0.38085
-0.527676,-0.35844
-0.54809,-0.360955
-0.554042,-0.311281
-0.562029,-0.3024
-0.562029,-0.3024
-0.612295,-0.244126
-0.612295,-0.244126
-0.612295,-0.244126
-0.624874,-0.209659
-0.624874,-0.209659
-0.616914,-0.189309
-0.62258,-0.182921
-0.62258,-0.182921
-0.636058,-0.114446
-0.658089,-0.0934361
-0.642174,-0.0692119
-0.640168,-0.073635
-0.621613,-0.0979599
-0.625225,-0.0423399
-0.625225,-0.0423399
-0.671565,0.0114173
-0.652881,0.0613028
-0.652881,0.0613028
-0.663134,0.0636994
-0.663134,0.0636994
-0.680115,-0.0392578
-0.674661,-0.0362474
-0.656717,-0.0157322
-0.656717,-0.0157322
-0.65682,-0.0275919
-0.65682,-0.0275919
-0.65682,-0.0275919
-0.664998,-0.0167036
-0.664998,-0.0167036
-0.664998,-0.0167036
-0.671965,-0.0444473
-0.65674,-0.0174781
-0.649001,-0.0156895
-0.62958,0.019274
-0.637118,0.0300185
-0.655736,0.020669
-0.655736,0.020669
-0.646054,0.00250379
-0.646054,0.00250379
-0.635075,0.0578554
-0.635075,0.0578554
-0.630165,0.03459
-0.650678,0.0194956
-0.650678,0.0194956
-0.671519,0.0464469
-0.667739,0.0427566
-0.648885,0.0910729
-0.642221,0.0800504
-0.642221,0.0800504
-0.642221,0.0800504
-0.632574,0.123787
-0.637038,0.0834676
-0.632696,0.109856
-0.632696,0.109856
-0.632696,0.109856
-0.622559,0.122524
-0.632807,0.216519
-0.628994,0.20768
-0.645135,0.194025
-0.619309,0.244267
-0.592894,0.254901
-0.583231,0.250092
-0.583231,0.250092
-0.60289,0.251645
-0.58817,0.228915
-0.580438,0.279498
-0.564187,0.296478
-0.541225,0.291643
-0.543134,0.290417
-0.543134,0.290417
-0.530018,0.320059
-0.530018,0.320059
-0.530018,0.320059
-0.530018,0.320059
-0.547523,0.33951
-0.544273,0.347365
-0.56336,0.319199
-0.611959,0.273604
-0.611959,0.273604
-0.561878,0.308355
-0.571879,0.324686
-0.571879,0.324686
-0.571879,0.324686
-0.586096,0.319352
-0.599562,0.255496
-0.615509,0.251451
-0.618124,0.231179
-0.610494,0.267632
-0.622182,0.227759
-0.622182,0.227759
-0.615385,0.2383
-0.585785,0.297609
-0.59689,0.27525
-0.59689,0.27525
-0.621901,0.198644
-0.602904,0.253654
-0.602904,0.253654
-0.617466,0.24736
-0.647986,0.237966
-0.642095,0.237346
-0.629629,0.236836
-0.581924,0.300979
-0.585777,0.31324
-0.6,0.301743
-0.6,0.301743
-0.6,0.301743
-0.6,0.301743
-0.6,0.301743
-0.620502,0.23449
-0.620502,0.23449
-0.635251,0.210206
-0.635251,0.210206
-0.628226,0.245341
-0.628226,0.245341
-0.588148,0.254491
-0.60942,0.266816
-0.60942,0.266816
-0.60942,0.266816
-0.608474,0.217546
-0.617556,0.215298
-0.617556,0.215298
-0.623189,0.18711
-0.623189,0.18711
-0.630458,0.157596
-0.630458,0.157596
-0.633961,0.191163
-0.641299,0.150113
-0.64861,0.184419
-0.634671,0.178047
-0.638033,0.223048
-0.614841,0.216311
-0.614841,0.216311
-0.614841,0.216311
-0.637321,0.141415
-0.637321,0.141415
-0.656644,0.209835
-0.655299,0.176228
-0.655299,0.176228
-0.655299,0.176228
-0.657144,0.164963
-0.61529,0.237871
-0.61529,0.237871
-0.615968,0.273816
-0.605232,0.262561
-0.583125,0.291064
-0.583125,0.291064
-0.577773,0.288585
-0.546432,0.316546
-0.57244,0.338839
-0.598245,0.311089
-0.564538,0.311301
-0.54479,0.350475
-0.585155,0.302884
-0.585155,0.302884
-0.54914,0.329576
-0.541701,0.366116
-0.529188,0.351406
-0.560756,0.324291
-0.560756,0.324291
-0.568928,0.282035
-0.588629,0.287074
-0.57467,0.280059
-0.578356,0.280892
-0.568797,0.320966
-0.59323,0.312336
-0.59323,0.312336
-0.609225,0.297201
-0.601989,0.27675
-0.563837,0.321476
-0.593609,0.279525
-0.584691,0.302931
-0.584691,0.302931
-0.584691,0.23947
-0.583016,0.272165
-0.602317,0.235173
-0.602317,0.235173
-0.617117,0.168476
-0.617117,0.168476
-0.594934,0.243487
-0.586929,0.267412
-0.583874,0.271509
-0.583874,0.271509
-0.567726,0.295685
-0.565691,0.331094
-0.550906,0.330118
-0.570704,0.289834
-0.523539,0.322184
-0.523539,0.322184
-0.556959,0.338848
-0.541262,0.355201
-0.536003,0.343034
-0.536003,0.343034
-0.551708,0.321005
-0.590254,0.308553
-0.58905,0.302328
-0.599704,0.246684
-0.634879,0.203116
-0.596129,0.247674
-0.591056,0.243718
-0.623378,0.203959
-0.60633,0.213331
-0.621919,0.18031
-0.613842,0.132479
-0.613842,0.132479
-0.613842,0.132479
-0.645309,0.117823
-0.612204,0.150943
-0.62102,0.185444
-0.608286,0.187152
-0.631478,0.159361
-0.635791,0.101427
-0.635791,0.101427
-0.64958,0.0911595
-0.638659,0.073312
-0.641493,0.105375
-0.641493,0.105375
-0.630501,0.111309
-0.639481,0.131387
-0.639481,0.131387
-0.630479,0.125628
-0.617794,0.138258
-0.617794,0.138258
-0.627599,0.0975415
-0.620756,0.122877
-0.620756,0.122877
-0.620756,0.122877
-0.620756,0.122877
-0.634212,0.142416
-0.623633,0.136066
-0.623633,0.136066
-0.610974,0.175581
-0.610974,0.175581
-0.610974,0.175581
-0.616089,0.17698
-0.635898,0.161215
-0.623753,0.159114
-0.623753,0.159114
-0.623244,0.15334
-0.609654,0.16021
-0.609654,0.16021
-0.61801,0.172652
-0.604231,0.180489
-0.606294,0.150329
-0.606294,0.150329
-0.617151,0.193607
-0.618536,0.149237
-0.618371,0.178479
-0.62149,0.139469
-0.637519,0.14418
-0.598601,0.173632
-0.598601,0.173632
-0.573858,0.183804
-0.573858,0.183804
-0.573858,0.183804
-0.573858,0.183804
-0.573858,0.183804
-0.573858,0.183804
-0.593834,0.214138
-0.600307,0.143843
-0.600307,0.143843
-0.586851,0.163623
-0.586851,0.163623
-0.586851,0.163623
-0.586851,0.163623
-0.585566,0.156704
-0.593565,0.143784
-0.593565,0.143784
-0.62659,0.144004
-0.625062,0.10606
-0.610598,0.0993785
-0.610598,0.0993785
-0.610598,0.0993785
-0.629509,0.0840101
-0.620334,0.0410781
-0.620334,0.0410781
-0.640177,0.0832642
-0.636161,0.106984
-0.626769,0.143987
-0.626769,0.143987
-0.604638,0.158114
-0.638045,0.129326
-0.601415,0.160075
-0.601415,0.160075
-0.603766,0.198313
-0.571207,0.278398
-0.569874,0.220309
-0.59014,0.234542
-0.588331,0.199187
-0.594991,0.225964
-0.594991,0.225964
-0.594991,0.225964
-0.596287,0.223575
-0.596287,0.223575
-0.597141,0.240716
-0.597141,0.240716
-0.557946,0.24764
-0.560543,0.253665
-0.582751,0.261773
-0.583601,0.254632
-0.570114,0.302903
-0.572316,0.306881
-0.566619,0.323228
-0.566619,0.323228
-0.57888,0.30191
-0.57888,0.30191
-0.578091,0.296575
-0.529504,0.343627
-0.57398,0.312823
-0.57398,0.312823
-0.57398,0.312823
-0.583126,0.300579
-0.544604,0.353401
-0.544604,0.353401
-0.544604,0.353401
-0.544604,0.353401
-0.544604,0.353401
-0.56725,0.341144
-0.542841,0.344031
-0.542841,0.344031
-0.542841,0.344031
-0.541814,0.33436
-0.541814,0.33436
-0.497315,0.37021
-0.486136,0.429901
-0.486136,0.429901
-0.486136,0.429901
-0.486762,0.412598
-0.486762,0.412598
-0.485154,0.423113
-0.51773,0.383761
-0.511016,0.364017
-0.511016,0.364017
-0.541717,0.370906
-0.541717,0.370906
-0.554638,0.329035
-0.560878,0.330917
-0.560878,0.330917
-0.560878,0.330917
-0.560878,0.330917
-0.560878,0.330917
-0.58408,0.307198
-0.58408,0.307198
-0.58408,0.307198
-0.599938,0.261259
-0.606601,0.240481
-0.606601,0.240481
-0.606601,0.240481
-0.606601,0.240481
-0.614484,0.230395
-0.625015,0.204104
-0.615733,0.171749
-0.62824,0.19456
-0.610413,0.19659
-0.61526,0.209735
-0.599676,0.254946
-0.599676,0.254946
-0.599676,0.254946
-0.588871,0.266896
-0.60798,0.251868
-0.579093,0.282608
-0.579093,0.282608
-0.579093,0.282608
-0.584934,0.301534
-0.598501,0.282719
-0.598501,0.282719
-0.589117,0.253734
-0.582905,0.271006
-0.590361,0.272354
-0.593721,0.246202
-0.619123,0.214635
-0.619123,0.214635
-0.606381,0.221769
-0.592344,0.305371
-0.593419,0.293574
-0.572991,0.311238
-0.53962,0.368669
-0.551994,0.342162
-0.551994,0.342162
-0.530265,0.375991
-0.555709,0.353196
-0.555183,0.363602
-0.53993,0.363293
-0.53993,0.363293
-0.53993,0.363293
-0.567076,0.325096
-0.577595,0.317113
-0.577595,0.317113
-0.577595,0.317113
-0.577595,0.317113
-0.577595,0.317113
-0.577595,0.317113
-0.586938,0.30708
-0.557001,0.336543
-0.557001,0.336543
-0.571837,0.302708
-0.571837,0.302708
-0.571837,0.302708
-0.571837,0.302708
-0.571837,0.302708
-0.571837,0.302708
-0.571837,0.302708
-0.571837,0.302708
-0.571837,0.302708
-0.571837,0.302708
-0.571837,0.302708
-0.562409,0.27899
-0.562409,0.27899
-0.562409,0.27899
-0.562409,0.27899
-0.569353,0.294485
-0.570529,0.309946
-0.570529,0.309946
-0.556867,0.281236
-0.572412,0.26888
-0.583261,0.265298
-0.583029,0.331156
-0.583029,0.331156
-0.583029,0.331156
-0.539072,0.366694
-0.539072,0.366694
-0.540778,0.364386
-0.540778,0.364386
-0.540778,0.364386
-0.484971,0.398662
-0.527634,0.356605
-0.539173,0.374469
-0.510264,0.37899
-0.518475,0.394909
-0.509675,0.389446
-0.535641,0.37586
-0.535641,0.37586
-0.503216,0.404612
-0.503216,0.404612
-0.513626,0.395665
-0.535464,0.341747
-0.565465,0.315553
-0.559529,0.324171
-0.53517,0.332788
-0.53517,0.332788
-0.562124,0.307021
-0.592642,0.253156
-0.592642,0.253156
-0.592642,0.253156
-0.592642,0.253156
-0.592642,0.253156
-0.609869,0.151221
-0.583901,0.169344
-0.583901,0.169344
-0.60746,0.208718
-0.581824,0.178918
-0.610332,0.135984
-0.604052,0.152894
-0.60671,0.191527
-0.585947,0.257056
-0.585476,0.244224
-0.611511,0.225442
-0.611511,0.225442
-0.591805,0.235565
-0.591805,0.235565
-0.591805,0.235565
-0.566196,0.223581
-0.566196,0.223581
-0.58178,0.257569
-0.58178,0.257569
-0.58178,0.257569
-0.58178,0.257569
-0.58178,0.257569
-0.58178,0.257569
-0.58508,0.263951
-0.578693,0.252769
-0.582271,0.21265
-0.608846,0.159384
-0.592597,0.18501
-0.611841,0.191562
-0.611765,0.209776
-0.611765,0.209776
-0.611765,0.209776
-0.573375,0.247516
-0.588314,0.244001
-0.584692,0.260495
-0.602115,0.232398
-0.619444,0.20575
-0.58936,0.235876
-0.58936,0.235876
-0.58936,0.235876
-0.59432,0.214138
-0.59432,0.214138
-0.59432,0.214138
-0.578715,0.266036
-0.578715,0.266036
-0.578715,0.266036
-0.583538,0.256995
-0.581703,0.226049
-0.561037,0.266109
-0.533065,0.303113
-0.533065,0.303113
-0.508059,0.34751
-0.508059,0.34751
-0.540021,0.306179
-0.503956,0.366215
-0.503956,0.366215
-0.50797,0.352684
-0.50797,0.352684
-0.470119,0.412345
-0.51739,0.379426
-0.527634,0.391236
-0.512918,0.365017
-0.518034,0.343814
-0.518034,0.343814
-0.527221,0.336615
-0.527221,0.336615
-0.555965,0.330474
-0.555965,0.330474
-0.555965,0.330474
-0.539292,0.330805
-0.539292,0.330805
-0.536611,0.305421
-0.537936,0.298648
-0.527355,0.329245
-0.545515,0.321844
-0.545515,0.321844
-0.575096,0.296816
-0.591976,0.257241
-0.607104,0.202955
-0.607104,0.202955
-0.592302,0.1618
-0.592302,0.1618
-0.624825,0.135906
-0.624825,0.135906
-0.616766,0.135244
-0.61329,0.131598
-0.61329,0.131598
-0.616725,0.127535
-0.640309,0.0652018
-0.629058,0.0918659
-0.629058,0.0918659
-0.634586,0.0650086
-0.634586,0.0650086
-0.638254,0.0612215
-0.638254,0.0612215
-0.637387,0.0380596
-0.648335,0.0377967
-0.642836,0.0533226
-0.642836,0.0533226
-0.634467,0.043491
-0.631235,0.0702499
-0.629888,0.0131679
-0.629888,0.0131679
-0.629594,-0.0530088
-0.629594,-0.0530088
-0.63545,-0.0470015
-0.63545,-0.0470015
-0.63545,-0.0470015
-0.60831,-0.173965
-0.614195,-0.229725
-0.607774,-0.192441
-0.615834,-0.174161
-0.615834,-0.174161
-0.593864,-0.178099
-0.621045,-0.20426
-0.621045,-0.20426
-0.599801,-0.197494
-0.595709,-0.215248
-0.641304,-0.198002
-0.641304,-0.198002
-0.641304,-0.198002
-0.641304,-0.198002
-0.641304,-0.198002
-0.607161,-0.150529
-0.6201,-0.166417
-0.595117,-0.139558
-0.622936,-0.133274
-0.622936,-0.133274
-0.619267,-0.0990061
-0.619267,-0.0990061
-0.633285,-0.0437787
-0.642875,0.0446327
-0.64694,0.0295946
-0.623171,0.0121807
-0.661636,-0.0156775
-0.661636,-0.0156775
-0.65149,-0.0408814
-0.65149,-0.0408814
-0.643245,-0.0428584
-0.619953,-0.0560747
-0.619953,-0.0560747
-0.63621,-0.0508024
-0.65639,-0.0141134
-0.65639,-0.0141134
-0.65639,-0.0141134
-0.657484,0.00850819
-0.657484,0.00850819
-0.657484,0.00850819
-0.620386,0.0214471
-0.640761,-0.0409537
-0.640761,-0.0409537
-0.624355,-0.0263451
-0.624355,-0.0263451
-0.624355,-0.0263451
-0.624355,-0.0263451
-0.625956,0.0219921
-0.635097,0.0484439
-0.635097,0.0484439
-0.631258,0.0666786
-0.615794,0.0918335
-0.615794,0.0918335
-0.615794,0.0918335
-0.615794,0.0918335
-0.615794,0.0918335
-0.615794,0.0918335
-0.635286,0.12907
-0.621025,0.101233
-0.616421,0.0745821
-0.616421,0.0745821
-0.599302,0.086375
-0.632862,0.0360089
-0.632862,0.0360089
-0.632862,0.0360089
-0.632862,0.0360089
-0.621618,0.00867926
-0.621618,0.00867926
-0.621618,0.00867926
-0.634297,0.0353475
-0.634297,0.0353475
-0.621753,0.00379829
-0.621753,0.00379829
-0.621753,0.00379829
-0.621753,0.00379829
-0.613521,0.0127275
-0.613521,0.0127275
-0.613521,0.0127275
-0.618526,0.0119054
-0.603836,0.0247896
-0.63748,-0.0480041
-0.63748,-0.0480041
-0.624805,-0.0238351
-0.617599,-0.0797691
-0.617599,-0.0797691
-0.617599,-0.0797691
-0.617599,-0.0797691
-0.617599,-0.0797691
-0.617599,-0.0797691
-0.617599,-0.0797691
-0.617599,-0.0797691
-0.635842,-0.024756
-0.629171,-0.0229512
-0.614315,-0.0244504
-0.614315,-0.0244504
-0.614315,-0.0244504
-0.620988,-0.00101698
-0.619894,-0.0265939
-0.633919,-0.0908989
-0.614889,-0.0716289
-0.614889,-0.0716289
-0.620434,-0.0962999
-0.620434,-0.0962999
-0.620434,-0.0962999
-0.624607,-0.0991841
-0.624607,-0.0991841
-0.615433,-0.137221
-0.613635,-0.03998
-0.613635,-0.03998
-0.625956,-0.0425241
-0.620546,-0.0871047
-0.620546,-0.0871047
-0.620546,-0.0871047
-0.632435,-0.034979
-0.638728,-0.0971476
-0.630104,-0.11072
-0.630104,-0.11072
-0.630104,-0.11072
-0.643234,-0.0847642
-0.627776,-0.0472509
-0.650794,-0.0535914
-0.628636,-0.00354386
-0.628636,-0.00354386
-0.634334,-0.0312309
-0.634334,-0.0312309
-0.640649,-0.0364693
-0.640649,-0.0364693
-0.640649,-0.0364693
-0.640649,-0.0364693
-0.641586,-0.091589
-0.637508,-0.155161
-0.630055,-0.157229
-0.624795,-0.146154
-0.621416,-0.2117
-0.621416,-0.2117
-0.598739,-0.251149
-0.616519,-0.21302
-0.616519,-0.21302
-0.606816,-0.204047
-0.612393,-0.215769
-0.612393,-0.215769
-0.63081,-0.208868
-0.61132,-0.188995
-0.61132,-0.188995
-0.60022,-0.259274
-0.642895,-0.204919
-0.642895,-0.204919
-0.641424,-0.142549
-0.647881,-0.107155
-0.636394,-0.0602225
-0.635023,-0.139731
-0.612705,-0.168345
-0.612591,-0.185584
-0.612591,-0.185584
-0.612591,-0.185584
-0.610515,-0.197687
-0.623329,-0.21909
-0.613631,-0.199371
-0.629966,-0.135784
-0.629966,-0.135784
-0.633108,-0.204077
-0.619456,-0.18761
-0.576897,-0.267505
-0.554699,-0.279716
-0.537977,-0.33324
-0.502021,-0.396747
-0.532156,-0.361626
-0.532156,-0.361626
-0.522684,-0.343734
-0.524029,-0.341186
-0.545034,-0.34992
-0.559126,-0.29884
-0.559126,-0.29884
-0.55847,-0.312754
-0.561574,-0.302748
-0.561574,-0.302748
-0.561574,-0.302748
-0.561574,-0.302748
-0.497231,-0.352896
-0.497231,-0.352896
-0.497231,-0.352896
-0.497231,-0.352896
-0.498345,-0.410485
-0.506397,-0.388524
-0.506397,-0.388524
-0.506397,-0.388524
-0.500413,-0.388587
-0.500413,-0.388587
-0.479291,-0.39205
-0.479291,-0.39205
-0.479291,-0.39205
-0.479291,-0.39205
-0.456519,-0.411501
-0.458904,-0.422255
-0.458904,-0.422255
-0.458904,-0.422255
-0.458904,-0.422255
-0.458904,-0.422255
-0.499726,-0.375551
-0.492365,-0.387113
-0.485541,-0.394101
-0.485541,-0.394101
-0.470568,-0.427846
-0.470568,-0.427846
-0.470568,-0.427846
-0.501285,-0.420946
-0.501285,-0.420946
-0.49671,-0.414555
-0.49671,-0.414555
-0.49405,-0.395572
-0.511551,-0.395581
-0.511551,-0.395581
-0.525842,-0.36283
-0.525842,-0.36283
-0.525842,-0.36283
-0.507323,-0.39187
-0.577987,-0.306571
-0.546925,-0.369468
-0.546925,-0.369468
-0.56746,-0.362541
-0.56746,-0.362541
-0.550397,-0.363418
-0.550397,-0.363418
-0.58463,-0.30075
-0.551916,-0.334442
-0.514654,-0.370614
-0.514654,-0.370614
-0.508631,-0.405834
-0.443476,-0.436226
-0.449201,-0.420325
-0.449201,-0.420325
-0.452665,-0.45172
-0.452665,-0.45172
-0.452665,-0.45172
-0.452665,-0.45172
-0.459516,-0.446238
-0.460425,-0.452151
-0.43834,-0.483266
-0.43834,-0.483266
-0.43834,-0.483266
-0.443841,-0.478346
-0.443841,-0.478346
-0.443841,-0.478346
-0.475014,-0.479566
-0.444615,-0.473969
-0.444615,-0.473969
-0.429294,-0.472906
-0.429294,-0.472906
-0.429294,-0.472906
-0.40845,-0.501931
-0.384012,-0.531488
-0.384012,-0.531488
-0.384012,-0.531488
-0.384012,-0.531488
-0.402365,-0.518584
-0.402365,-0.518584
-0.387944,-0.52388
-0.4261,-0.525259
-0.4261,-0.525259
-0.4261,-0.525259
-0.4261,-0.525259
-0.475133,-0.455245
-0.475133,-0.455245
-0.480957,-0.45439
-0.508206,-0.386654
-0.508206,-0.386654
-0.508206,-0.386654
-0.508206,-0.386654
-0.537289,-0.38879
-0.56381,-0.357816
-0.55832,-0.376628
-0.576289,-0.305989
-0.576289,-0.305989
-0.576289,-0.305989
-0.553005,-0.321215
-0.570554,-0.293419
-0.570554,-0.293419
-0.57631,-0.25327
-0.57631,-0.25327
-0.595651,-0.243792
-0.60463,-0.213239
-0.606419,-0.258355
-0.591834,-0.243718
-0.591834,-0.243718
-0.631709,-0.215724
-0.631709,-0.215724
-0.631709,-0.215724
-0.595799,-0.222474
-0.584322,-0.219245
-0.613819,-0.238572
-0.588426,-0.252374
-0.584261,-0.29797
-0.589739,-0.284108
-0.572431,-0.308484
-0.572431,-0.308484
-0.553781,-0.338695
-0.500115,-0.412761
-0.500115,-0.412761
-0.500115,-0.412761
-0.500115,-0.412761
-0.500115,-0.412761
-0.5232,-0.40276
-0.509593,-0.4148
-0.509593,-0.4148
-0.509593,-0.4148
-0.509593,-0.4148
-0.481013,-0.437515
-0.523326,-0.381574
-0.5441,-0.394105
-0.5441,-0.394105
-0.5441,-0.394105
-0.535265,-0.368422
-0.525485,-0.367479
-0.550527,-0.369988
-0.550527,-0.369988
-0.54145,-0.376984
-0.544954,-0.350154
-0.537161,-0.334034
-0.537161,-0.334034
-0.550986,-0.310431
-0.550986,-0.310431
-0.550986,-0.310431
-0.565726,-0.333118
-0.561139,-0.357369
-0.561139,-0.357369
-0.561139,-0.357369
-0.514736,-0.411179
-0.514736,-0.411179
-0.492409,-0.394618
-0.492409,-0.394618
-0.47613,-0.439252
-0.460757,-0.454504
-0.456163,-0.452631
-0.481166,-0.429739
-0.481166,-0.429739
-0.481166,-0.429739
-0.537086,-0.380812
-0.496996,-0.423337
-0.496996,-0.423337
-0.488265,-0.446866
-0.488265,-0.446866
-0.50307,-0.448777
-0.50307,-0.448777
-0.503969,-0.411321
-0.501722,-0.430579
-0.501722,-0.430579
-0.501722,-0.430579
-0.519687,-0.412708
-0.543535,-0.389228
-0.543535,-0.389228
-0.534227,-0.392225
-0.541119,-0.389732
-0.514636,-0.42184
-0.51196,-0.432764
-0.51196,-0.432764
-0.506896,-0.420661
-0.496227,-0.440673
-0.496227,-0.440673
-0.523728,-0.41569
-0.523728,-0.41569
-0.530255,-0.413524
-0.527585,-0.385724
-0.496379,-0.447055
-0.493695,-0.415897
-0.493695,-0.415897
-0.46505,-0.437113
-0.456055,-0.410549
-0.475844,-0.432956
-0.475844,-0.432956
-0.475844,-0.432956
-0.408321,-0.4823
-0.41206,-0.46409
-0.41206,-0.46409
-0.487368,-0.449034
-0.507981,-0.399257
-0.507981,-0.399257
-0.507981,-0.399257
-0.507981,-0.399257
-0.495607,-0.404314
-0.495607,-0.404314
-0.517643,-0.387649
-0.504674,-0.441261
-0.504674,-0.441261
-0.487822,-0.422177
-0.517931,-0.391306
-0.545671,-0.370208
-0.498419,-0.416656
-0.528136,-0.395431
-0.514059,-0.380746
-0.505429,-0.398396
-0.489884,-0.36493
-0.527887,-0.365425
-0.497144,-0.385306
-0.494383,-0.397309
-0.50403,-0.424864
-0.464694,-0.458008
-0.464694,-0.458008
-0.464694,-0.458008
-0.483396,-0.423166
-0.50825,-0.396836
-0.456136,-0.442966
-0.456136,-0.442966
-0.482262,-0.411856
-0.531075,-0.387175
-0.541635,-0.361685
-0.585464,-0.326079
-0.576966,-0.310655
-0.576966,-0.310655
-0.576966,-0.310655
-0.590391,-0.252773
-0.590391,-0.252773
-0.599726,-0.251641
-0.620088,-0.199896
-0.62419,-0.14431
-0.62419,-0.14431
-0.619727,-0.20457
-0.593959,-0.245017
-0.593959,-0.245017
-0.613299,-0.211803
-0.63676,-0.139359
-0.614086,-0.151154
-0.614086,-0.151154
-0.615313,-0.203852
-0.605463,-0.213256
-0.616182,-0.224425
-0.616182,-0.224425
-0.616182,-0.224425
-0.609414,-0.236552
-0.600043,-0.255588
-0.614355,-0.231211
-0.614355,-0.231211
-0.59145,-0.252815
-0.59145,-0.252815
-0.588565,-0.27572
-0.588565,-0.27572
-0.608591,-0.261706
-0.5798,-0.258651
-0.602811,-0.215037
-0.635988,-0.171901
-0.625679,-0.209083
-0.618158,-0.210414
-0.639857,-0.145814
-0.639857,-0.145814
-0.646314,-0.134451
-0.646314,-0.134451
-0.637749,-0.0888532
-0.647464,-0.135752
-0.647464,-0.135752
-0.645835,-0.12157
-0.614067,-0.175649
-0.614067,-0.175649
-0.634384,-0.124776
-0.650675,-0.107663
-0.635328,-0.114759
-0.635328,-0.114759
-0.623023,-0.11977
-0.637663,-0.116943
-0.630281,-0.0849645
-0.630281,-0.0849645
-0.623139,-0.16395
-0.623139,-0.16395
-0.609078,-0.173616
-0.609078,-0.173616
-0.624721,-0.174339
-0.571377,-0.26143
-0.573325,-0.271267
-0.565782,-0.300116
-0.565782,-0.300116
-0.565782,-0.300116
-0.581674,-0.273705
-0.581674,-0.273705
-0.576982,-0.246595
-0.559002,-0.313671
-0.561339,-0.320462
-0.561339,-0.320462
-0.561339,-0.320462
-0.596274,-0.254841
-0.596274,-0.254841
-0.597413,-0.24031
-0.597067,-0.265251
-0.601228,-0.235063
-0.605805,-0.264541
-0.554388,-0.327091
-0.550081,-0.332228
-0.521177,-0.355826
-0.502081,-0.346384
-0.502081,-0.346384
-0.514517,-0.36232
-0.465691,-0.42554
-0.465691,-0.42554
-0.489397,-0.42811
-0.498115,-0.397726
-0.489764,-0.389526
-0.478131,-0.426396
-0.489776,-0.425567
-0.489776,-0.425567
-0.470898,-0.462801
