MDTU,|Tr(L)|,ReTr(L),ImTr(L)
1,0.595846,0.595841,-0.00240585
2,0.599581,0.598357,0.0382789
3,0.599581,0.598357,0.0382789
4,0.599581,0.598357,0.0382789
5,0.599581,0.598357,0.0382789
6,0.620221,0.617271,0.0604145
7,0.631628,0.625032,0.0910378
8,0.631628,0.625032,0.0910378
9,0.670537,0.657582,0.131169
10,0.670537,0.657582,0.131169
11,0.670537,0.657582,0.131169
12,0.670537,0.657582,0.131169
13,0.670537,0.657582,0.131169
14,0.670537,0.657582,0.131169
15,0.670537,0.657582,0.131169
16,0.670537,0.657582,0.131169
17,0.607575,0.6049,0.0569487
18,0.685239,0.680464,0.0807601
19,0.721782,0.721306,0.0262045
20,0.721782,0.721306,0.0262045
21,0.73887,0.73069,0.10964
22,0.73887,0.73069,0.10964
23,0.803223,0.801749,0.0486379
24,0.75611,0.744504,0.13197
25,0.780116,0.775355,0.0860521
26,0.780116,0.775355,0.0860521
27,0.746338,0.744295,0.0551797
28,0.746338,0.744295,0.0551797
29,0.746338,0.744295,0.0551797
30,0.816363,0.816359,-0.00249773
31,0.77742,0.776293,0.0418487
32,0.77742,0.776293,0.0418487
33,0.77742,0.776293,0.0418487
34,0.730519,0.728047,0.0600373
35,0.730519,0.728047,0.0600373
36,0.730519,0.728047,0.0600373
37,0.726179,0.72447,0.0497901
38,0.725343,0.72041,0.0844481
39,0.725343,0.72041,0.0844481
40,0.725343,0.72041,0.0844481
41,0.787865,0.787844,0.00572246
42,0.711623,0.70581,0.0907756
43,0.711623,0.70581,0.0907756
44,0.711623,0.70581,0.0907756
45,0.711623,0.70581,0.0907756
46,0.711623,0.70581,0.0907756
47,0.711623,0.70581,0.0907756
48,0.752443,0.746254,0.0963123
49,0.76741,0.766881,-0.0284806
50,0.76741,0.766881,-0.0284806
51,0.853924,0.850636,-0.0748618
52,0.853924,0.850636,-0.0748618
53,0.853924,0.850636,-0.0748618
54,0.853924,0.850636,-0.0748618
55,0.853924,0.850636,-0.0748618
56,0.853924,0.850636,-0.0748618
57,0.853924,0.850636,-0.0748618
58,0.868956,0.868951,0.00274915
59,0.885058,0.884944,-0.0142056
60,0.885058,0.884944,-0.0142056
61,0.892527,0.878541,-0.157381
62,0.871348,0.860252,-0.138611
63,0.871348,0.860252,-0.138611
64,0.83949,0.832039,-0.111604
65,0.83949,0.832039,-0.111604
66,0.83949,0.832039,-0.111604
67,0.822788,0.81435,-0.11753
68,0.822788,0.81435,-0.11753
69,0.822788,0.81435,-0.11753
70,0.79828,0.782722,-0.156834
71,0.839733,0.835636,-0.0828497
72,0.839733,0.835636,-0.0828497
73,0.839733,0.835636,-0.0828497
74,0.819872,0.815441,-0.0851239
75,0.81825,0.816289,-0.0566132
76,0.81825,0.816289,-0.0566132
77,0.81825,0.816289,-0.0566132
78,0.811146,0.811146,0.000520456
79,0.811146,0.811146,0.000520456
80,0.779187,0.778484,-0.0331035
81,0.779187,0.778484,-0.0331035
82,0.752582,0.752164,-0.025095
83,0.752582,0.752164,-0.025095
84,0.752582,0.752164,-0.025095
85,0.752582,0.752164,-0.025095
86,0.752582,0.752164,-0.025095
87,0.783504,0.783474,-0.00687255
88,0.81196,0.811689,-0.0209785
89,0.833149,0.833136,0.00456098
90,0.809542,0.806153,-0.0739984
91,0.809542,0.806153,-0.0739984
92,0.895898,0.882666,-0.153408
93,0.89219,0.892185,-0.00292042
94,0.89219,0.892185,-0.00292042
95,0.875932,0.871909,0.0838558
96,0.792641,0.789795,0.0671115
97,0.792641,0.789795,0.0671115
98,0.792676,0.788018,0.0858132
99,0.84799,0.841484,0.104842
100,0.866342,0.842082,0.203582
101,0.866342,0.842082,0.203582
102,0.862731,0.847234,0.162788
103,0.862731,0.847234,0.162788
104,0.903512,0.874965,0.225321
105,0.903512,0.874965,0.225321
106,0.81872,0.755722,0.314939
107,0.81872,0.755722,0.314939
108,0.900964,0.819661,0.37402
109,0.862339,0.824764,0.25178
110,0.862339,0.824764,0.25178
111,0.860264,0.830285,0.225126
112,0.810055,0.79272,0.166686
113,0.839754,0.811431,0.216254
114,0.839754,0.811431,0.216254
115,0.817195,0.772194,0.26744
116,0.827152,0.788404,0.250199
117,0.810208,0.760641,0.279037
118,0.810208,0.760641,0.279037
119,0.774076,0.732586,0.250021
120,0.774076,0.732586,0.250021
121,0.769508,0.736315,0.223569
122,0.769508,0.736315,0.223569
123,0.797707,0.743483,0.289086
124,0.881337,0.837462,0.274611
125,0.881337,0.837462,0.274611
126,0.859967,0.811625,0.284268
127,0.859967,0.811625,0.284268
128,0.906922,0.861795,0.282519
129,0.906922,0.861795,0.282519
130,0.906922,0.861795,0.282519
131,0.916243,0.87889,0.258947
132,0.916243,0.87889,0.258947
133,0.925744,0.881931,0.281425
134,0.925744,0.881931,0.281425
135,0.925744,0.881931,0.281425
136,0.925744,0.881931,0.281425
137,1.04169,0.977231,0.360741
138,1.07936,0.965114,0.483293
139,1.07936,0.965114,0.483293
140,1.08192,0.974211,0.470593
141,1.10654,1.00225,0.468965
142,1.06665,0.992106,0.391745
143,1.06665,0.992106,0.391745
144,1.06665,0.992106,0.391745
145,1.06665,0.992106,0.391745
146,1.06665,0.992106,0.391745
147,1.08378,0.952418,0.517177
148,1.09537,0.988601,0.471701
149,1.08916,0.851605,0.678994
150,1.03227,0.839051,0.601306
151,1.03227,0.839051,0.601306
152,1.05141,0.890437,0.559095
153,1.05141,0.890437,0.559095
154,1.05983,0.840779,0.645243
155,1.05983,0.840779,0.645243
156,1.05983,0.840779,0.645243
157,1.05983,0.840779,0.645243
158,1.05983,0.840779,0.645243
159,0.978015,0.785841,0.582209
160,0.985571,0.76996,0.615234
161,0.985571,0.76996,0.615234
162,0.985571,0.76996,0.615234
163,0.985571,0.76996,0.615234
164,0.985074,0.700726,0.692354
165,0.950076,0.683218,0.660195
166,0.997899,0.656981,0.751117
167,1.00517,0.666246,0.752644
168,1.06815,0.596881,0.885819
169,1.10121,0.819529,0.735545
170,0.974686,0.720996,0.655879
171,0.974686,0.720996,0.655879
172,0.984082,0.689348,0.702294
173,1.08257,0.772755,0.758166
174,1.08257,0.772755,0.758166
175,1.08257,0.772755,0.758166
176,1.0188,0.732908,0.707666
177,1.0188,0.732908,0.707666
178,0.999561,0.775144,0.63109
179,0.999561,0.775144,0.63109
180,0.968285,0.70732,0.661268
181,0.968285,0.70732,0.661268
182,1.00424,0.75161,0.666015
183,1.00424,0.75161,0.666015
184,0.986397,0.752195,0.638108
185,1.03274,0.823506,0.623204
186,1.09389,0.85068,0.687699
187,1.01628,0.794646,0.633535
188,1.01628,0.794646,0.633535
189,1.06776,0.82559,0.677134
190,1.11039,0.743838,0.824426
191,1.10126,0.728609,0.825779
192,1.11051,0.752515,0.816666
193,1.14758,0.747663,0.870602
194,1.14758,0.747663,0.870602
195,1.14758,0.747663,0.870602
196,1.15503,0.769617,0.861266
197,1.16673,0.79668,0.852381
198,1.13445,0.839108,0.76347
199,1.0814,0.826521,0.697336
200,1.0814,0.826521,0.697336
201,1.07454,0.844034,0.66502
202,1.14282,0.920796,0.676878
203,1.14282,0.920796,0.676878
204,1.12322,0.922273,0.641125
205,1.10254,0.933854,0.586098
206,1.08908,0.915417,0.590009
207,1.07538,0.916389,0.56273
208,1.03755,0.853119,0.590509
209,1.05353,0.833164,0.644799
210,1.09621,0.886066,0.645421
211,1.09621,0.886066,0.645421
212,1.10037,0.916635,0.608761
213,1.05437,0.820641,0.662007
214,1.05437,0.820641,0.662007
215,1.04365,0.763616,0.711403
216,1.00317,0.772686,0.639763
217,1.02044,0.780471,0.657388
218,1.0316,0.792453,0.660473
219,0.981734,0.76645,0.613479
220,0.931983,0.788523,0.496814
221,0.888825,0.733284,0.5023
222,0.907549,0.79375,0.440007
223,0.907549,0.79375,0.440007
224,0.946886,0.863395,0.388771
225,1.00638,0.867174,0.510704
226,0.996621,0.873064,0.480637
227,0.996621,0.873064,0.480637
228,0.91957,0.792945,0.465669
229,0.960296,0.810948,0.514328
230,0.960296,0.810948,0.514328
231,1.03905,0.843934,0.606132
232,1.03905,0.843934,0.606132
233,0.976638,0.825275,0.522247
234,1.01619,0.880779,0.506818
235,1.01619,0.880779,0.506818
236,0.915519,0.837299,0.370277
237,0.971716,0.870385,0.432044
238,1.04641,0.897546,0.537954
239,1.06444,0.87718,0.60299
240,1.06444,0.87718,0.60299
241,1.13706,0.93306,0.649857
242,1.15444,0.904995,0.716735
243,1.06783,0.919939,0.542186
244,1.09054,0.939272,0.554109
245,1.09054,0.939272,0.554109
246,1.0025,0.837008,0.55175
247,1.0025,0.837008,0.55175
248,0.992713,0.803092,0.583542
249,0.992713,0.803092,0.583542
250,1.06964,0.893948,0.587357
251,1.06964,0.893948,0.587357
252,1.09552,0.929525,0.579786
253,1.09552,0.929525,0.579786
254,1.01369,0.866695,0.525743
255,1.08572,0.927192,0.564899
256,1.10447,0.925276,0.60309
257,1.10761,0.956869,0.557859
258,1.10761,0.956869,0.557859
259,1.0798,0.94929,0.514611
260,1.10112,1.00243,0.45562
261,1.10112,1.00243,0.45562
262,1.05889,0.968081,0.429028
263,1.06826,0.956278,0.476135
264,1.06826,0.956278,0.476135
265,1.14376,0.947008,0.641385
266,1.13979,0.916291,0.677885
267,1.09564,0.858391,0.680869
268,1.09564,0.858391,0.680869
269,1.12271,0.866625,0.713756
270,1.12271,0.866625,0.713756
271,1.12271,0.866625,0.713756
272,1.07702,0.882026,0.618069
273,1.10078,0.951234,0.553952
274,1.12741,0.926943,0.641734
275,1.16435,0.984251,0.622054
276,1.11332,0.986838,0.515386
277,1.17297,1.03642,0.54926
278,1.15158,0.960697,0.63497
279,1.20096,0.982689,0.690379
280,1.20096,0.982689,0.690379
281,1.20096,0.982689,0.690379
282,1.22523,0.971272,0.74687
283,1.23325,0.990748,0.73439
284,1.11627,0.948419,0.588691
285,1.11627,0.948419,0.588691
286,1.11627,0.948419,0.588691
287,1.18726,1.00993,0.624201
288,1.25887,1.10322,0.60635
289,1.21583,1.08704,0.544596
290,1.19536,1.04701,0.576771
291,1.17787,0.990939,0.636726
292,1.1849,0.95416,0.702538
293,1.19336,1.01935,0.620514
294,1.19336,1.01935,0.620514
295,1.19336,1.01935,0.620514
296,1.14921,0.991144,0.58166
297,1.14921,0.991144,0.58166
298,1.14921,0.991144,0.58166
299,1.23187,1.07813,0.595936
300,1.20042,1.04735,0.586575
301,1.30576,1.20486,0.503309
302,1.28551,1.18884,0.48909
303,1.33417,1.2622,0.432284
304,1.33417,1.2622,0.432284
305,1.23021,1.18393,0.334254
306,1.14051,1.0566,0.429362
307,1.14051,1.0566,0.429362
308,1.14051,1.0566,0.429362
309,1.14051,1.0566,0.429362
310,1.18668,1.14375,0.316291
311,1.16603,1.1256,0.304399
312,1.15604,1.07522,0.424655
313,1.15604,1.07522,0.424655
314,1.09305,1.0135,0.409354
315,1.09305,1.0135,0.409354
316,1.12726,1.0569,0.392022
317,1.12726,1.0569,0.392022
318,1.12726,1.0569,0.392022
319,1.11319,1.04233,0.390814
320,1.11319,1.04233,0.390814
321,1.12954,1.02296,0.478971
322,1.11869,0.96397,0.567644
323,1.15115,0.968638,0.622009
324,1.13378,0.952521,0.61494
325,1.05667,0.874762,0.592741
326,1.09813,0.882334,0.653734
327,1.16592,0.965361,0.653791
328,1.16592,0.965361,0.653791
329,1.16592,0.965361,0.653791
330,1.03317,0.875261,0.548955
331,1.11645,0.944536,0.59524
332,1.01496,0.869199,0.524064
333,1.01496,0.869199,0.524064
334,1.01496,0.869199,0.524064
335,1.01496,0.869199,0.524064
336,1.01496,0.869199,0.524064
337,1.05852,0.924686,0.515196
338,1.08801,0.942669,0.543262
339,1.09016,0.939695,0.552649
340,1.06766,0.902935,0.569739
341,1.11564,0.953313,0.579518
342,1.11564,0.953313,0.579518
343,1.15504,1.02151,0.539107
344,1.19058,1.04407,0.572195
345,1.19058,1.04407,0.572195
346,1.19058,1.04407,0.572195
347,1.19058,1.04407,0.572195
348,1.15056,0.99047,0.585453
349,1.15227,1.00145,0.569924
350,1.15227,1.00145,0.569924
351,1.15227,1.00145,0.569924
352,1.15227,1.00145,0.569924
353,1.15227,1.00145,0.569924
354,1.15227,1.00145,0.569924
355,1.1782,0.932057,0.720707
356,1.17381,0.899365,0.754297
357,1.13107,0.87579,0.715762
358,1.07193,0.806524,0.706079
359,1.07193,0.806524,0.706079
360,1.08081,0.906891,0.58797
361,1.10743,0.963268,0.546368
362,1.10743,0.963268,0.546368
363,1.10743,0.963268,0.546368
364,1.06463,0.916412,0.541867
365,1.13827,0.906081,0.688972
366,1.13827,0.906081,0.688972
367,1.13827,0.906081,0.688972
368,1.09935,0.941218,0.568041
369,1.11294,0.920608,0.625393
370,1.01677,0.886391,0.49812
371,1.01677,0.886391,0.49812
372,1.11612,0.957835,0.572955
373,1.18656,1.01467,0.615123
374,1.18656,1.01467,0.615123
375,1.16776,1.04354,0.524112
376,1.05164,0.910739,0.525825
377,1.05164,0.910739,0.525825
378,1.05164,0.910739,0.525825
379,0.988777,0.86321,0.482234
380,0.979334,0.857555,0.472964
381,0.979334,0.857555,0.472964
382,0.979334,0.857555,0.472964
383,0.979334,0.857555,0.472964
384,1.04144,0.905279,0.514845
385,1.04144,0.905279,0.514845
386,1.04144,0.905279,0.514845
387,1.04144,0.905279,0.514845
388,1.10857,0.948584,0.573686
389,1.10857,0.948584,0.573686
390,1.08087,0.954479,0.507203
391,1.08087,0.954479,0.507203
392,1.08767,0.90989,0.595932
393,1.00438,0.883941,0.476897
394,1.00438,0.883941,0.476897
395,1.0515,0.94146,0.468295
396,1.10209,0.959591,0.542021
397,1.07225,0.908089,0.570179
398,1.07225,0.908089,0.570179
399,1.06149,0.930743,0.510367
400,1.06149,0.930743,0.510367
401,1.05381,0.958143,0.438725
402,1.05381,0.958143,0.438725
403,0.964049,0.903865,0.335289
404,0.984279,0.906435,0.383641
405,0.984279,0.906435,0.383641
406,1.00556,0.903478,0.44145
407,1.00556,0.903478,0.44145
408,1.00556,0.903478,0.44145
409,1.00448,0.92868,0.38279
410,0.994795,0.867738,0.486466
411,0.988448,0.867116,0.474489
412,1.04394,0.903883,0.522312
413,1.00872,0.917019,0.420224
414,0.987304,0.823785,0.544194
415,0.987304,0.823785,0.544194
416,0.987304,0.823785,0.544194
417,1.04279,0.933259,0.46522
418,1.0622,0.928236,0.516375
419,0.972495,0.787455,0.570667
420,1.05505,0.774871,0.716031
421,1.02214,0.737715,0.707486
422,1.06574,0.764699,0.742325
423,1.06574,0.764699,0.742325
424,1.06255,0.785609,0.715419
425,1.06255,0.785609,0.715419
426,0.956617,0.648494,0.703257
427,1.038,0.628254,0.82628
428,1.038,0.628254,0.82628
429,1.038,0.628254,0.82628
430,1.01146,0.66555,0.76164
431,1.02129,0.780883,0.658225
432,1.07136,0.840158,0.664798
433,1.07142,0.891325,0.594548
434,1.05019,0.809534,0.669003
435,1.05019,0.809534,0.669003
436,1.05019,0.809534,0.669003
437,1.00788,0.72424,0.700929
438,0.991922,0.782048,0.610173
439,0.986002,0.718836,0.674889
440,0.986002,0.718836,0.674889
441,1.00424,0.776881,0.636354
442,1.05977,0.826056,0.663885
443,1.05447,0.802978,0.683477
444,1.13397,0.758376,0.843065
445,1.13397,0.758376,0.843065
446,1.11632,0.704219,0.866169
447,1.11632,0.704219,0.866169
448,1.10707,0.721605,0.83958
449,1.10707,0.721605,0.83958
450,1.0611,0.756629,0.743936
451,1.08166,0.790816,0.737975
452,1.07818,0.792863,0.730645
453,1.08901,0.832554,0.701989
454,1.14454,0.893473,0.71531
455,1.12559,0.901887,0.673458
456,1.13515,0.9647,0.598263
457,1.13515,0.9647,0.598263
458,1.13515,0.9647,0.598263
459,1.16287,0.975679,0.632698
460,1.2133,0.983135,0.711013
461,1.2133,0.983135,0.711013
462,1.19497,1.0238,0.616273
463,1.19497,1.0238,0.616273
464,1.13044,1.02666,0.473156
465,1.09542,1.01747,0.405835
466,1.14401,1.05357,0.44583
467,1.1371,1.02001,0.502584
468,1.1371,1.02001,0.502584
469,1.02095,0.916514,0.44982
470,1.03677,0.910458,0.495943
471,1.03677,0.910458,0.495943
472,1.03677,0.910458,0.495943
473,0.975191,0.851249,0.475786
474,0.975191,0.851249,0.475786
475,0.93882,0.785183,0.514656
476,1.01172,0.881358,0.496774
477,0.962636,0.871005,0.4099
478,1.02127,0.916942,0.449684
479,1.01652,0.817876,0.603645
480,0.984838,0.844435,0.50679
481,0.885664,0.750736,0.469889
482,0.82951,0.665565,0.495086
483,0.908031,0.751745,0.509314
484,0.908031,0.751745,0.509314
485,0.867633,0.69083,0.52492
486,0.867633,0.69083,0.52492
487,0.886762,0.728845,0.505106
488,0.874987,0.67451,0.55735
489,0.874987,0.67451,0.55735
490,0.874987,0.67451,0.55735
491,0.874988,0.67451,0.557351
492,0.874988,0.67451,0.557351
493,0.874988,0.67451,0.557351
494,0.89886,0.680018,0.587814
495,0.87939,0.636402,0.606892
496,0.904839,0.643034,0.636585
497,0.904839,0.643034,0.636585
498,0.920379,0.669064,0.632021
499,0.928919,0.652954,0.660713
500,0.895772,0.622663,0.643971
501,0.971531,0.699641,0.674074
502,0.952034,0.618689,0.723598
503,0.886933,0.577769,0.672929
504,0.886933,0.577769,0.672929
505,0.881937,0.538236,0.698653
506,0.901236,0.610559,0.662906
507,0.879304,0.547255,0.68825
508,0.879304,0.547255,0.68825
509,0.903464,0.583119,0.690086
510,0.903464,0.583119,0.690086
511,0.903464,0.583119,0.690086
512,0.903464,0.583119,0.690086
513,0.903464,0.583119,0.690086
514,0.963995,0.644504,0.716869
515,0.950415,0.637999,0.704448
516,0.950415,0.637999,0.704448
517,0.918846,0.566515,0.723421
518,0.967069,0.546146,0.79809
519,0.983994,0.516109,0.83778
520,1.07534,0.571951,0.910621
521,1.06041,0.604216,0.871429
522,1.07217,0.616927,0.8769
523,1.11585,0.649296,0.907482
524,1.1261,0.578325,0.966251
525,1.19346,0.56445,1.05154
526,1.12315,0.546415,0.98127
527,1.14617,0.540934,1.0105
528,1.18641,0.523728,1.06455
529,1.18641,0.523728,1.06455
530,1.21381,0.626141,1.03985
531,1.21381,0.626141,1.03985
532,1.21381,0.626141,1.03985
533,1.21381,0.626141,1.03985
534,1.21381,0.626141,1.03985
535,1.28651,0.631565,1.12082
536,1.29871,0.526646,1.18714
537,1.39822,0.401044,1.33947
538,1.34178,0.416919,1.27536
539,1.31917,0.411901,1.25321
540,1.33735,0.511516,1.23566
541,1.39149,0.576394,1.2665
542,1.39149,0.576394,1.2665
543,1.40131,0.69352,1.21767
544,1.40131,0.69352,1.21767
545,1.38549,0.666974,1.21438
546,1.29991,0.727161,1.0775
547,1.37914,0.678249,1.20083
548,1.37914,0.678249,1.20083
549,1.39379,0.571627,1.27117
550,1.39379,0.571627,1.27117
551,1.31525,0.609614,1.16544
552,1.1748,0.477944,1.07319
553,1.31813,0.605956,1.17059
554,1.31813,0.605956,1.17059
555,1.3319,0.563966,1.20661
556,1.22716,0.482727,1.12822
557,1.29838,0.476521,1.20778
558,1.29838,0.476521,1.20778
559,1.29838,0.476521,1.20778
560,1.29838,0.476521,1.20778
561,1.29838,0.476521,1.20778
562,1.14468,0.385471,1.07783
563,1.09959,0.41941,1.01647
564,1.11329,0.411095,1.03461
565,1.11329,0.411095,1.03461
566,1.10086,0.309088,1.05658
567,1.15909,0.303355,1.11869
568,1.14239,0.245586,1.11568
569,1.14239,0.245586,1.11568
570,1.14239,0.245586,1.11568
571,1.16601,0.241735,1.14068
572,1.29536,0.227619,1.2752
573,1.29536,0.227619,1.2752
574,1.22904,0.250855,1.20316
575,1.27657,0.236987,1.25438
576,1.12018,0.101067,1.11561
577,1.21176,0.107385,1.20699
578,1.21176,0.107385,1.20699
579,1.21176,0.107385,1.20699
580,1.21176,0.107385,1.20699
581,1.19724,0.0935475,1.19358
582,1.13724,0.0385055,1.13659
583,1.12042,-0.136435,1.11208
584,1.15029,-0.213514,1.1303
585,1.09611,-0.227357,1.07227
586,1.17816,-0.457561,1.08568
587,1.17816,-0.457561,1.08568
588,1.17816,-0.457561,1.08568
589,1.17816,-0.457561,1.08568
590,1.17816,-0.457561,1.08568
591,1.0868,-0.283782,1.0491
592,1.0868,-0.283782,1.0491
593,1.12807,-0.245631,1.101
594,1.05202,-0.269955,1.0168
595,1.01931,-0.30012,0.974126
596,1.01931,-0.30012,0.974126
597,1.01931,-0.30012,0.974126
598,1.01931,-0.30012,0.974126
599,1.05961,-0.38263,0.988109
600,1.10546,-0.378949,1.03848
601,1.10823,-0.402354,1.03261
602,1.17558,-0.408589,1.10229
603,1.25235,-0.484136,1.15499
604,1.11345,-0.369584,1.05032
605,1.11345,-0.369584,1.05032
606,1.11853,-0.368956,1.05593
607,1.0867,-0.545307,0.939971
608,1.0867,-0.545307,0.939971
609,1.12312,-0.543604,0.982795
610,1.08934,-0.539124,0.946571
611,1.13008,-0.568059,0.976924
612,1.08903,-0.473504,0.980704
613,1.16037,-0.476909,1.05784
614,1.06382,-0.583951,0.889216
615,1.15139,-0.569447,1.00071
616,1.15139,-0.569447,1.00071
617,1.148,-0.536919,1.0147
618,1.15361,-0.642297,0.958268
619,1.15361,-0.642297,0.958268
620,1.15361,-0.642297,0.958268
621,1.14925,-0.642726,0.952724
622,1.14005,-0.725144,0.879705
623,1.22386,-0.67001,1.02417
624,1.11438,-0.642221,0.910713
625,1.20765,-0.684381,0.995014
626,1.10654,-0.724509,0.836369
627,1.10654,-0.724509,0.836369
628,1.10654,-0.724509,0.836369
629,1.11956,-0.749842,0.831355
630,1.14163,-0.798586,0.815835
631,1.14163,-0.798586,0.815835
632,1.14163,-0.798586,0.815835
633,1.09491,-0.774717,0.773719
634,1.09491,-0.774717,0.773719
635,1.1383,-0.876796,0.72592
636,1.1526,-0.876613,0.748363
637,1.10342,-0.777314,0.783154
638,1.08768,-0.770621,0.767584
639,1.10822,-0.755865,0.810446
640,1.10822,-0.755865,0.810446
641,1.06747,-0.716627,0.791162
642,1.06747,-0.716627,0.791162
643,1.10763,-0.817429,0.747431
644,1.02855,-0.763349,0.689356
645,0.95521,-0.75052,0.590886
646,0.94024,-0.720314,0.604317
647,0.922474,-0.695081,0.606481
648,0.951073,-0.676662,0.668332
649,0.971775,-0.657195,0.71585
650,1.06954,-0.736884,0.775185
651,0.987623,-0.633683,0.757526
652,0.987623,-0.633683,0.757526
653,1.03167,-0.651969,0.799554
654,1.08618,-0.66556,0.858383
655,1.08618,-0.66556,0.858383
656,1.21014,-0.634912,1.0302
657,1.26586,-0.564439,1.13306
658,1.16556,-0.601648,0.998276
659,1.26187,-0.677505,1.06457
660,1.2361,-0.703424,1.01643
661,1.2361,-0.703424,1.01643
662,1.16134,-0.64798,0.963762
663,1.16134,-0.64798,0.963762
664,1.14262,-0.630694,0.952786
665,1.18943,-0.561481,1.04856
666,1.18943,-0.561481,1.04856
667,1.18943,-0.561481,1.04856
668,1.18614,-0.535709,1.05828
669,1.17472,-0.399401,1.10474
670,1.17472,-0.399401,1.10474
671,1.15355,-0.354515,1.09772
672,1.18341,-0.391136,1.1169
673,1.18341,-0.391136,1.1169
674,1.18341,-0.391136,1.1169
675,1.21185,-0.474149,1.11525
676,1.08533,-0.403568,1.00751
677,1.19203,-0.343949,1.14133
678,1.19203,-0.343949,1.14133
679,1.2479,-0.359573,1.19497
680,1.24814,-0.492995,1.14665
681,1.24814,-0.492995,1.14665
682,1.23264,-0.462157,1.14273
683,1.28364,-0.448965,1.20257
684,1.23743,-0.408612,1.16802
685,1.19977,-0.316496,1.15727
686,1.32504,-0.348811,1.2783
687,1.32395,-0.49803,1.2267
688,1.33532,-0.463335,1.25236
689,1.1631,-0.437721,1.07759
690,1.22527,-0.481275,1.12679
691,1.1564,-0.406326,1.08266
692,1.14978,-0.39177,1.08098
693,1.28863,-0.406108,1.22297
694,1.28925,-0.380121,1.23194
695,1.28668,-0.54534,1.1654
696,1.28668,-0.54534,1.1654
697,1.15084,-0.547257,1.01239
698,1.15795,-0.570235,1.00781
699,1.15387,-0.614677,0.97652
700,1.20303,-0.673092,0.997114
701,1.03897,-0.464139,0.92953
702,1.05372,-0.485064,0.935436
703,1.17659,-0.584471,1.02116
704,1.14879,-0.524006,1.02232
705,1.22488,-0.550415,1.09425
706,1.22488,-0.550415,1.09425
707,1.22488,-0.550415,1.09425
708,1.22488,-0.550415,1.09425
709,1.31731,-0.557357,1.19359
710,1.31256,-0.602575,1.16607
711,1.26453,-0.634374,1.0939
712,1.26453,-0.634374,1.0939
713,1.32879,-0.682031,1.1404
714,1.34055,-0.702866,1.14152
715,1.29519,-0.613985,1.14042
716,1.23854,-0.623906,1.06992
717,1.22099,-0.536496,1.09681
718,1.28713,-0.513997,1.18004
719,1.17585,-0.590566,1.01679
720,1.16831,-0.624441,0.987437
721,1.19309,-0.5092,1.07897
722,1.19309,-0.5092,1.07897
723,1.12494,-0.571507,0.968958
724,1.12494,-0.571507,0.968958
725,1.12876,-0.588557,0.963169
726,1.12876,-0.588557,0.963169
727,1.2108,-0.666673,1.01073
728,1.14311,-0.65739,0.935165
729,1.14311,-0.65739,0.935165
730,1.19248,-0.71865,0.951603
731,1.16246,-0.739796,0.896675
732,1.16246,-0.739796,0.896675
733,1.21547,-0.829878,0.888073
734,1.12228,-0.792297,0.79485
735,1.12228,-0.792297,0.79485
736,1.1872,-0.808714,0.86915
737,1.1872,-0.808714,0.86915
738,1.18796,-0.817555,0.861886
739,1.16467,-0.785341,0.860051
740,1.09347,-0.824146,0.718654
741,1.09291,-0.75121,0.793817
742,1.09291,-0.75121,0.793817
743,1.05632,-0.680503,0.807915
744,1.05632,-0.680503,0.807915
745,1.16174,-0.683046,0.93973
746,1.10078,-0.750134,0.80562
747,1.10078,-0.750134,0.80562
748,1.14447,-0.831884,0.785991
749,1.09802,-0.77268,0.780134
750,1.09802,-0.77268,0.780134
751,1.08438,-0.818694,0.711076
752,1.08438,-0.818694,0.711076
753,1.08438,-0.818694,0.711076
754,1.14194,-0.761271,0.851172
755,1.0241,-0.672445,0.772394
756,1.07936,-0.747143,0.778974
757,0.952675,-0.631274,0.7135
758,0.973516,-0.666191,0.709875
759,1.10288,-0.718791,0.836476
760,1.13164,-0.718507,0.874279
761,1.20626,-0.778499,0.921414
762,1.29614,-0.942333,0.889939
763,1.16985,-0.881288,0.769334
764,1.1837,-0.919516,0.745406
765,1.10287,-0.81743,0.740365
766,1.06221,-0.743671,0.758445
767,1.11277,-0.808245,0.764857
768,1.14051,-0.829477,0.782765
769,1.14051,-0.829477,0.782765
770,1.08091,-0.682397,0.838271
771,1.08091,-0.682397,0.838271
772,1.08091,-0.682397,0.838271
773,1.05019,-0.60947,0.855244
774,1.05019,-0.60947,0.855244
775,1.12194,-0.717032,0.862912
776,1.12194,-0.717032,0.862912
777,1.12194,-0.717032,0.862912
778,1.02054,-0.722527,0.720732
779,1.02054,-0.722527,0.720732
780,1.08987,-0.748435,0.792246
781,1.03648,-0.728032,0.737735
782,1.01335,-0.713891,0.719191
783,1.0253,-0.751224,0.697785
784,0.999615,-0.720571,0.692825
785,1.02268,-0.761046,0.683136
786,0.993522,-0.758425,0.641778
787,1.0134,-0.74068,0.691651
788,1.0134,-0.74068,0.691651
789,1.05652,-0.760685,0.733214
790,1.05517,-0.769842,0.72161
791,1.05517,-0.769842,0.72161
792,1.07588,-0.745853,0.77538
793,1.11753,-0.821327,0.757821
794,1.11753,-0.821327,0.757821
795,1.14525,-0.800355,0.81917
796,1.16071,-0.94674,0.671511
797,1.10733,-0.832239,0.730451
798,1.02477,-0.725213,0.724024
799,0.998099,-0.785476,0.615816
800,0.970425,-0.74571,0.621
801,0.970425,-0.74571,0.621
802,0.92429,-0.744779,0.547373
803,0.952107,-0.795641,0.522938
804,1.04298,-0.809576,0.657564
805,1.04298,-0.809576,0.657564
806,1.04725,-0.906998,0.523543
807,1.04725,-0.906998,0.523543
808,1.04725,-0.906998,0.523543
809,1.04725,-0.906998,0.523543
810,1.04725,-0.906998,0.523543
811,1.04725,-0.906998,0.523543
812,1.09671,-0.991306,0.469127
813,1.04121,-0.944856,0.437445
814,0.97436,-0.90176,0.369061
815,1.06162,-0.951625,0.47059
816,1.08003,-0.944249,0.524279
817,1.08003,-0.944249,0.524279
818,1.08003,-0.944249,0.524279
819,1.08003,-0.944249,0.524279
820,1.17617,-1.02176,0.58256
821,1.17617,-1.02176,0.58256
822,1.10853,-1.0338,0.400133
823,1.10977,-1.02801,0.418073
824,1.10977,-1.02801,0.418073
825,1.10977,-1.02801,0.418073
826,1.10977,-1.02801,0.418073
827,1.10977,-1.02801,0.418073
828,1.22335,-1.14593,0.42829
829,1.22557,-1.14738,0.430754
830,1.22557,-1.14738,0.430754
831,1.11614,-1.04045,0.404016
832,1.11614,-1.04045,0.404016
833,1.12525,-1.05401,0.394012
834,1.13324,-1.06786,0.379351
835,1.07349,-1.02464,0.320145
836,1.07349,-1.02464,0.320145
837,1.06288,-1.0147,0.316387
838,1.0698,-0.977209,0.435358
839,1.20785,-1.12302,0.444666
840,1.16017,-1.0479,0.497895
841,1.17865,-1.02823,0.576152
842,1.17865,-1.02823,0.576152
843,1.17865,-1.02823,0.576152
844,1.17865,-1.02823,0.576152
845,1.15282,-1.06241,0.447522
846,1.08597,-1.0147,0.386926
847,1.17417,-1.09678,0.419227
848,1.17417,-1.09678,0.419227
849,1.17417,-1.09678,0.419227
850,1.12689,-1.0383,0.437969
851,1.12689,-1.0383,0.437969
852,1.09423,-1.0122,0.415669
853,1.09423,-1.0122,0.415669
854,1.09423,-1.0122,0.415669
855,1.09423,-1.0122,0.415669
856,1.13844,-1.03267,0.479219
857,1.13862,-1.0492,0.442317
858,1.03401,-0.965187,0.370929
859,0.99312,-0.93065,0.346668
860,0.99312,-0.93065,0.346668
861,0.933374,-0.911701,0.199969
862,0.933374,-0.911701,0.199969
863,1.08222,-1.07047,0.159068
864,1.07335,-1.06143,0.15951
865,1.07335,-1.06143,0.15951
866,1.0726,-1.0581,0.175805
867,1.0726,-1.0581,0.175805
868,1.0726,-1.0581,0.175805
869,1.09411,-1.0407,0.337651
870,1.06437,-1.00022,0.363901
871,1.06437,-1.00022,0.363901
872,1.07917,-1.01927,0.354531
873,1.06773,-1.00493,0.360784
874,1.06773,-1.00493,0.360784
875,1.06773,-1.00493,0.360784
876,1.09165,-1.00701,0.421475
877,1.06651,-0.986594,0.405056
878,1.08779,-1.02665,0.359535
879,1.08779,-1.02665,0.359535
880,1.08779,-1.02665,0.359535
881,1.01762,-0.972988,0.298076
882,1.01632,-0.971279,0.299198
883,1.01632,-0.971279,0.299198
884,1.08242,-1.00957,0.390396
885,1.10833,-1.01881,0.436379
886,1.07045,-0.960839,0.471853
887,1.05852,-0.978387,0.40401
888,1.05852,-0.978387,0.40401
889,1.05852,-0.978387,0.40401
890,1.07578,-0.984519,0.433614
891,1.06502,-1.0013,0.362871
892,1.06502,-1.0013,0.362871
893,0.986427,-0.950489,0.263835
894,0.967875,-0.930489,0.266408
895,1.03624,-0.952186,0.408813
896,1.01009,-0.953544,0.333206
897,1.017,-0.986008,0.24916
898,0.967808,-0.932081,0.260531
899,0.984734,-0.937251,0.302094
900,0.984734,-0.937251,0.302094
901,0.984734,-0.937251,0.302094
902,0.980278,-0.951929,0.234044
903,1.09512,-1.03525,0.357119
904,1.14835,-1.08484,0.376613
905,1.14835,-1.08484,0.376613
906,1.10359,-1.07888,0.23222
907,1.14478,-1.11505,0.259209
908,1.09617,-1.07133,0.232025
909,1.06525,-1.05057,0.176229
910,1.10934,-1.05901,0.330349
911,1.12876,-1.0667,0.369119
912,1.07014,-1.00912,0.356181
913,1.07014,-1.00912,0.356181
914,1.07014,-1.00912,0.356181
915,1.09547,-1.04424,0.331093
916,1.09547,-1.04424,0.331093
917,1.04256,-1.00643,0.272095
918,1.05231,-1.00705,0.305279
919,1.05231,-1.00705,0.305279
920,1.0651,-1.03467,0.252771
921,1.07588,-1.04846,0.24134
922,1.0808,-1.0435,0.281471
923,1.0808,-1.0435,0.281471
924,1.09739,-1.05011,0.318634
925,1.02657,-0.983841,0.293086
926,1.02657,-0.983841,0.293086
927,1.11941,-1.0655,0.343197
928,1.12506,-1.0642,0.364996
929,1.10786,-0.999916,0.476992
930,1.11662,-1.02555,0.441684
931,1.08629,-1.01951,0.375005
932,1.09226,-1.02409,0.379835
933,1.09226,-1.02409,0.379835
934,1.09226,-1.02409,0.379835
935,1.09226,-1.02409,0.379835
936,1.2356,-1.18083,0.363795
937,1.21059,-1.10074,0.503886
938,1.21059,-1.10074,0.503886
939,1.26579,-1.14348,0.542833
940,1.24109,-1.06207,0.642118
941,1.22915,-1.05349,0.633223
942,1.23542,-1.08285,0.59472
943,1.23542,-1.08285,0.59472
944,1.23542,-1.08285,0.59472
945,1.19145,-1.09254,0.475315
946,1.1237,-1.04177,0.421215
947,1.14613,-0.992855,0.572576
948,1.14613,-0.992855,0.572576
949,1.14613,-0.992855,0.572576
950,1.24108,-1.08992,0.593586
951,1.23877,-1.06749,0.628504
952,1.21632,-1.0601,0.596333
953,1.21632,-1.0601,0.596333
954,1.1692,-1.05606,0.50177
955,1.1692,-1.05606,0.50177
956,1.20447,-1.06377,0.564919
957,1.11736,-1.00367,0.491051
958,1.15801,-1.0291,0.530969
959,1.18034,-0.987786,0.64613
960,1.18034,-0.987786,0.64613
961,1.13937,-0.981649,0.578376
962,1.13937,-0.981649,0.578376
963,1.13937,-0.981649,0.578376
964,1.22992,-1.06627,0.613001
965,1.2172,-1.09398,0.533637
966,1.28341,-1.05998,0.723581
967,1.28341,-1.05998,0.723581
968,1.25744,-1.07964,0.64462
969,1.25744,-1.07964,0.64462
970,1.35129,-1.10176,0.782379
971,1.35129,-1.10176,0.782379
972,1.47095,-1.17814,0.880734
973,1.47095,-1.17814,0.880734
974,1.4336,-1.06857,0.955704
975,1.4336,-1.06857,0.955704
976,1.3768,-1.07459,0.860718
977,1.37865,-1.06462,0.875929
978,1.23892,-0.859839,0.89196
979,1.22139,-0.856548,0.870706
980,1.21741,-0.842557,0.878739
981,1.28342,-0.936996,0.877042
982,1.28342,-0.936996,0.877042
983,1.25354,-0.874455,0.898155
984,1.27567,-0.97082,0.827549
985,1.26524,-1.00095,0.773913
986,1.19167,-0.8829,0.80036
987,1.19144,-0.750171,0.925623
988,1.22914,-0.746478,0.9765
989,1.29429,-0.70838,1.08323
990,1.15433,-0.65191,0.952624
991,1.26157,-0.790575,0.983139
992,1.19008,-0.80694,0.874716
993,1.22272,-0.844489,0.884245
994,1.26523,-0.82581,0.958559
995,1.26523,-0.82581,0.958559
996,1.26523,-0.82581,0.958559
997,1.20984,-0.831175,0.879123
998,1.25279,-0.902929,0.868451
999,1.11792,-0.774643,0.80603
1000,1.1277,-0.796007,0.7988
1001,1.1277,-0.796007,0.7988
1002,1.16648,-0.850006,0.798855
1003,1.07628,-0.777664,0.744059
1004,1.14025,-0.775033,0.836353
1005,1.14025,-0.775033,0.836353
1006,1.17255,-0.687341,0.949967
1007,1.18865,-0.681319,0.974009
1008,1.19065,-0.767644,0.910149
1009,1.16404,-0.690333,0.937244
1010,1.19006,-0.750968,0.923198
1011,1.19425,-0.716923,0.955119
1012,1.23416,-0.714455,1.00633
1013,1.24875,-0.761271,0.989875
1014,1.26179,-0.72983,1.02931
1015,1.19155,-0.741956,0.932354
1016,1.25462,-0.732132,1.01886
1017,1.14705,-0.608385,0.972418
1018,1.15531,-0.705871,0.914591
1019,1.15531,-0.705871,0.914591
1020,1.31578,-0.858601,0.997035
1021,1.20595,-0.876613,0.828176
1022,1.09313,-0.788974,0.756605
1023,1.1027,-0.740226,0.817314
1024,1.1027,-0.740226,0.817314
1025,1.1027,-0.740226,0.817314
1026,1.1027,-0.740226,0.817314
1027,1.09144,-0.750285,0.792656
1028,1.18517,-0.882029,0.791617
1029,1.05212,-0.683296,0.800034
1030,1.0001,-0.736724,0.676342
1031,0.996559,-0.725069,0.68367
1032,1.00057,-0.801033,0.599572
1033,1.00057,-0.801033,0.599572
1034,1.15325,-0.922174,0.692511
1035,1.07184,-0.893194,0.592491
1036,1.05671,-0.855651,0.620079
1037,1.0755,-0.822375,0.693102
1038,1.06775,-0.823734,0.679375
1039,1.14116,-0.903127,0.69758
1040,1.14116,-0.903127,0.69758
1041,1.14116,-0.903127,0.69758
1042,1.14116,-0.903127,0.69758
1043,1.21915,-0.940556,0.775681
1044,1.2023,-0.931153,0.760574
1045,1.29048,-1.03133,0.775693
1046,1.29048,-1.03133,0.775693
1047,1.25159,-0.989216,0.766769
1048,1.19932,-0.945534,0.737786
1049,1.19932,-0.945534,0.737786
1050,1.19932,-0.945534,0.737786
1051,1.19932,-0.945534,0.737786
1052,1.15791,-0.862704,0.772338
1053,1.09281,-0.781609,0.763756
1054,1.09421,-0.689904,0.849314
1055,1.18804,-0.831669,0.848389
1056,1.15159,-0.856275,0.770029
1057,1.15159,-0.856275,0.770029
1058,1.07145,-0.912254,0.561954
1059,1.08633,-0.832034,0.698447
1060,1.08633,-0.832034,0.698447
1061,1.08633,-0.832034,0.698447
1062,1.17535,-0.869239,0.791114
1063,1.18555,-0.847871,0.828635
1064,1.18555,-0.847871,0.828635
1065,1.18555,-0.847871,0.828635
1066,1.23058,-0.88006,0.860132
1067,1.19727,-0.90907,0.779127
1068,1.25758,-0.935705,0.84022
1069,1.39065,-1.01898,0.946348
1070,1.39065,-1.01898,0.946348
1071,1.38408,-0.854679,1.08867
1072,1.38408,-0.854679,1.08867
1073,1.31507,-0.846215,1.00665
1074,1.29069,-0.876648,0.947291
1075,1.25629,-0.842326,0.932065
1076,1.15393,-0.826048,0.805729
1077,1.15429,-0.894875,0.729094
1078,1.12367,-0.801447,0.787608
1079,1.14226,-0.823341,0.791752
1080,1.1012,-0.839318,0.71288
1081,1.09278,-0.828991,0.711997
1082,1.0187,-0.796987,0.634469
1083,1.04817,-0.806573,0.669403
1084,0.993642,-0.761595,0.638199
1085,1.06561,-0.706165,0.798031
1086,1.06561,-0.706165,0.798031
1087,1.05436,-0.721333,0.76899
1088,1.10609,-0.583834,0.939459
1089,1.09931,-0.60558,0.917471
1090,1.08286,-0.561541,0.925885
1091,1.09156,-0.585499,0.921249
1092,1.08737,-0.612959,0.89814
1093,1.16069,-0.666091,0.95054
1094,1.23264,-0.705025,1.01111
1095,1.06111,-0.497468,0.937275
1096,1.14168,-0.569559,0.989464
1097,1.14168,-0.569559,0.989464
1098,1.17141,-0.484521,1.06651
1099,1.19692,-0.580248,1.04687
1100,1.19692,-0.580248,1.04687
1101,1.18378,-0.614131,1.01202
1102,1.22886,-0.604699,1.06978
1103,1.14414,-0.644081,0.945627
1104,1.22289,-0.740605,0.973126
1105,1.22289,-0.740605,0.973126
1106,1.22289,-0.740605,0.973126
1107,1.16993,-0.733001,0.911837
1108,1.16993,-0.733001,0.911837
1109,1.13984,-0.712531,0.889686
1110,1.18789,-0.793009,0.884435
1111,1.18789,-0.793009,0.884435
1112,1.09759,-0.691656,0.852235
1113,1.14702,-0.755448,0.863111
1114,1.14868,-0.754044,0.86653
1115,1.14868,-0.754044,0.86653
1116,1.14868,-0.754044,0.86653
1117,1.23706,-0.876698,0.872762
1118,1.28635,-0.903085,0.916036
1119,1.21569,-0.917746,0.797274
1120,1.23876,-0.953239,0.791107
1121,1.19002,-0.938339,0.731897
1122,1.19002,-0.938339,0.731897
1123,1.19232,-0.962072,0.704304
1124,1.12332,-0.853182,0.730696
1125,1.06175,-0.718287,0.781901
1126,1.07048,-0.83189,0.673713
1127,1.0279,-0.787626,0.660473
1128,1.08117,-0.83246,0.689881
1129,1.05984,-0.772881,0.725204
1130,1.02773,-0.717345,0.735969
1131,1.06255,-0.687044,0.810545
1132,0.9709,-0.643691,0.726849
1133,0.969588,-0.658896,0.711306
1134,1.03063,-0.623101,0.820946
1135,0.964276,-0.494164,0.828028
1136,0.964276,-0.494164,0.828028
1137,0.964276,-0.494164,0.828028
1138,0.964276,-0.494164,0.828028
1139,0.964276,-0.494164,0.828028
1140,1.02988,-0.543885,0.874549
1141,1.1121,-0.599994,0.936356
1142,1.08283,-0.713976,0.814102
1143,0.994895,-0.717655,0.689048
1144,1.06965,-0.734581,0.777516
1145,1.11462,-0.896988,0.661655
1146,1.07024,-0.79034,0.72165
1147,1.04131,-0.762309,0.709376
1148,1.12426,-0.842089,0.744879
1149,1.12426,-0.842089,0.744879
1150,1.12426,-0.842089,0.744879
1151,1.19967,-0.91386,0.777221
1152,1.14768,-0.876664,0.7407
1153,1.14768,-0.876664,0.7407
1154,1.22047,-0.856601,0.86935
1155,1.15084,-0.778139,0.847893
1156,1.15081,-0.83306,0.793966
1157,1.23185,-0.964339,0.766482
1158,1.26779,-0.996041,0.784343
1159,1.26779,-0.996041,0.784343
1160,1.38564,-1.13878,0.789423
1161,1.45523,-1.20748,0.812219
1162,1.45523,-1.20748,0.812219
1163,1.48876,-1.23762,0.827468
1164,1.47463,-1.24961,0.782957
1165,1.47463,-1.24961,0.782957
1166,1.56157,-1.30649,0.855328
1167,1.52652,-1.29636,0.806039
1168,1.52652,-1.29636,0.806039
1169,1.3239,-1.17957,0.601094
1170,1.3239,-1.17957,0.601094
1171,1.3239,-1.17957,0.601094
1172,1.25757,-1.0445,0.700355
1173,1.25757,-1.0445,0.700355
1174,1.25757,-1.0445,0.700355
1175,1.25757,-1.0445,0.700355
1176,1.25757,-1.0445,0.700355
1177,1.25757,-1.0445,0.700355
1178,1.25757,-1.0445,0.700355
1179,1.25757,-1.0445,0.700355
1180,1.25757,-1.0445,0.700355
1181,1.30532,-1.12652,0.659403
1182,1.27416,-1.01761,0.766781
1183,1.27416,-1.01761,0.766781
1184,1.33803,-1.05852,0.81844
1185,1.31378,-1.07673,0.752774
1186,1.16147,-0.934885,0.689206
1187,1.27177,-1.0864,0.66116
1188,1.25049,-1.06354,0.657725
1189,1.21863,-1.0048,0.68952
1190,1.21863,-1.0048,0.68952
1191,1.21863,-1.0048,0.68952
1192,1.21863,-1.0048,0.68952
1193,1.21863,-1.0048,0.68952
1194,1.20194,-0.943014,0.74524
1195,1.20194,-0.943014,0.74524
1196,1.29715,-0.976734,0.853581
1197,1.26022,-0.926315,0.854454
1198,1.26022,-0.926315,0.854454
1199,1.26022,-0.926315,0.854454
1200,1.26022,-0.926315,0.854454
1201,1.15532,-0.841275,0.79184
1202,1.15532,-0.841275,0.79184
1203,1.15532,-0.841275,0.79184
1204,1.13127,-0.810471,0.789239
1205,1.17461,-0.834944,0.826187
1206,1.13504,-0.808959,0.796179
1207,1.17969,-0.863186,0.804098
1208,1.17969,-0.863186,0.804098
1209,1.15091,-0.817454,0.810169
1210,1.15091,-0.817454,0.810169
1211,1.16806,-0.8169,0.834886
1212,1.16806,-0.8169,0.834886
1213,1.11182,-0.773511,0.798641
1214,1.11235,-0.745174,0.825855
1215,1.11235,-0.745174,0.825855
1216,1.11235,-0.745174,0.825855
1217,1.17996,-0.83123,0.837477
1218,1.17996,-0.83123,0.837477
1219,1.12518,-0.756696,0.832731
1220,1.15824,-0.73462,0.895465
1221,1.09243,-0.765334,0.779532
1222,1.13528,-0.789185,0.816114
1223,1.11283,-0.769352,0.80405
1224,1.01788,-0.716706,0.722781
1225,0.999333,-0.677485,0.73463
1226,0.973489,-0.589148,0.774975
1227,0.937536,-0.552845,0.75719
1228,0.962732,-0.596401,0.75575
1229,0.962732,-0.596401,0.75575
1230,1.00282,-0.552465,0.836915
1231,1.00282,-0.552465,0.836915
1232,0.979593,-0.493131,0.846419
1233,0.88283,-0.494114,0.731601
1234,0.951712,-0.510081,0.803475
1235,0.998838,-0.514888,0.855903
1236,0.998838,-0.514888,0.855903
1237,0.998838,-0.514888,0.855903
1238,0.998838,-0.514888,0.855903
1239,0.998248,-0.439255,0.896411
1240,0.998248,-0.439255,0.896411
1241,0.998248,-0.439255,0.896411
1242,0.98411,-0.343839,0.922089
1243,1.01798,-0.407549,0.932841
1244,1.09132,-0.486872,0.9767
1245,1.14568,-0.574823,0.991046
1246,1.14568,-0.574823,0.991046
1247,1.14568,-0.574823,0.991046
1248,1.11057,-0.726287,0.84016
1249,1.11057,-0.726287,0.84016
1250,1.18752,-0.909478,0.76358
1251,1.24326,-0.960949,0.788836
1252,1.17174,-0.875904,0.778311
1253,1.18096,-0.793913,0.874282
1254,1.22712,-0.929956,0.800625
1255,1.22712,-0.929956,0.800625
1256,1.22712,-0.929956,0.800625
1257,1.16858,-0.930272,0.707229
1258,1.08111,-0.801504,0.725525
1259,1.07253,-0.805771,0.707858
1260,1.07253,-0.805771,0.707858
1261,1.07838,-0.853104,0.659628
1262,1.08047,-0.892725,0.60866
1263,1.08047,-0.892725,0.60866
1264,1.08047,-0.892725,0.60866
1265,1.11246,-0.937065,0.599559
1266,1.06176,-0.945093,0.483865
1267,1.06066,-0.978791,0.408616
1268,1.02542,-0.928535,0.435088
1269,1.02542,-0.928535,0.435088
1270,0.996171,-0.90041,0.426167
1271,0.996171,-0.90041,0.426167
1272,0.996171,-0.90041,0.426167
1273,0.996171,-0.90041,0.426167
1274,0.996171,-0.90041,0.426167
1275,0.996171,-0.90041,0.426167
1276,0.996171,-0.90041,0.426167
1277,1.07914,-0.948876,0.513979
1278,1.07914,-0.948876,0.513979
1279,1.07914,-0.948876,0.513979
1280,1.07914,-0.948876,0.513979
1281,1.07914,-0.948876,0.513979
1282,1.05106,-0.970692,0.40308
1283,1.05106,-0.970692,0.40308
1284,0.951717,-0.86052,0.406534
1285,0.934419,-0.819916,0.448191
1286,0.958785,-0.86578,0.41194
1287,0.900692,-0.804961,0.404084
1288,0.925517,-0.846906,0.373273
1289,0.923354,-0.841609,0.379839
1290,1.06988,-1.02852,0.294616
1291,1.12456,-1.11582,0.139951
1292,1.11285,-1.0877,0.235266
1293,1.11285,-1.0877,0.235266
1294,1.11285,-1.0877,0.235266
1295,1.10449,-1.08284,0.217604
1296,1.04282,-0.987469,0.33522
1297,0.987877,-0.929439,0.33473
1298,1.04094,-0.953786,0.416953
1299,1.04094,-0.953786,0.416953
1300,1.07013,-0.988459,0.410041
1301,1.07013,-0.988459,0.410041
1302,1.07013,-0.988459,0.410041
1303,1.12437,-1.04364,0.418378
1304,1.12437,-1.04364,0.418378
1305,1.12437,-1.04364,0.418378
1306,1.13799,-1.03886,0.46452
1307,1.20557,-1.13445,0.407964
1308,1.20557,-1.13445,0.407964
1309,1.24416,-1.09358,0.593306
1310,1.29732,-1.07057,0.732739
1311,1.29732,-1.07057,0.732739
1312,1.23308,-0.959978,0.773903
1313,1.29576,-1.02189,0.796701
1314,1.31123,-1.10987,0.698215
1315,1.2791,-1.02712,0.762314
1316,1.2791,-1.02712,0.762314
1317,1.27546,-1.012,0.776306
1318,1.21537,-0.949008,0.75928
1319,1.19449,-0.969039,0.698399
1320,1.17996,-1.03289,0.57048
1321,1.23202,-1.03897,0.662131
1322,1.23202,-1.03897,0.662131
1323,1.23202,-1.03897,0.662131
1324,1.26849,-1.04291,0.722089
1325,1.26849,-1.04291,0.722089
1326,1.27607,-1.12476,0.602711
1327,1.23171,-1.03397,0.669338
1328,1.20284,-1.06885,0.551701
1329,1.27287,-1.08974,0.657775
1330,1.27287,-1.08974,0.657775
1331,1.1859,-0.985718,0.659336
1332,1.15833,-1.00472,0.576427
1333,1.15833,-1.00472,0.576427
1334,1.17217,-0.998745,0.613596
1335,1.12719,-0.989899,0.539125
1336,1.12719,-0.989899,0.539125
1337,1.12719,-0.989899,0.539125
1338,1.18491,-1.05488,0.539682
1339,1.18491,-1.05488,0.539682
1340,1.21261,-1.08794,0.535541
1341,1.21261,-1.08794,0.535541
1342,1.21464,-1.04167,0.624715
1343,1.21464,-1.04167,0.624715
1344,1.18914,-1.05253,0.553388
1345,1.14433,-1.03366,0.490972
1346,1.12047,-1.01583,0.472815
1347,1.21104,-1.12854,0.439333
1348,1.1995,-1.12887,0.405534
1349,1.06815,-0.982927,0.418091
1350,1.15183,-1.10931,0.310067
1351,1.17514,-1.11755,0.363382
1352,1.13946,-1.11726,0.223849
1353,1.13946,-1.11726,0.223849
1354,1.12981,-1.1159,0.17675
1355,1.21639,-1.20941,0.130133
1356,1.16952,-1.16623,0.0876509
1357,1.16952,-1.16623,0.0876509
1358,1.24177,-1.23778,0.0994432
1359,1.26056,-1.25965,-0.0479819
1360,1.30512,-1.30093,-0.104563
1361,1.30512,-1.30093,-0.104563
1362,1.33138,-1.33127,-0.0170082
1363,1.3053,-1.30371,-0.0643119
1364,1.29618,-1.28887,-0.137381
1365,1.29618,-1.28887,-0.137381
1366,1.22771,-1.22054,-0.13256
1367,1.13922,-1.13816,-0.0491405
1368,1.13922,-1.13816,-0.0491405
1369,1.13922,-1.13816,-0.0491405
1370,1.13922,-1.13816,-0.0491405
1371,1.19823,-1.19792,-0.0271706
1372,1.17436,-1.17411,-0.0243375
1373,1.09438,-1.09278,0.0591897
1374,1.15196,-1.15168,-0.0254107
1375,1.15196,-1.15168,-0.0254107
1376,1.19871,-1.19786,0.045222
1377,1.19871,-1.19786,0.045222
1378,1.16849,-1.16703,0.0583584
1379,1.16849,-1.16703,0.0583584
1380,1.16849,-1.16703,0.0583584
1381,1.2455,-1.24427,-0.0552882
1382,1.2455,-1.24427,-0.0552882
1383,1.18996,-1.18984,-0.0164531
1384,1.18592,-1.18412,-0.0654192
1385,1.2529,-1.25162,-0.0566175
1386,1.2529,-1.25162,-0.0566175
1387,1.12733,-1.12479,-0.0756795
1388,1.12733,-1.12479,-0.0756795
1389,1.15429,-1.14809,-0.119452
1390,1.15429,-1.14809,-0.119452
1391,1.15429,-1.14809,-0.119452
1392,1.15429,-1.14809,-0.119452
1393,1.15239,-1.15158,-0.0431596
1394,1.12467,-1.12269,-0.0666536
1395,1.12467,-1.12269,-0.0666536
1396,1.12293,-1.1212,-0.0623756
1397,1.21352,-1.21352,-0.000156509
1398,1.23798,-1.23775,-0.0239283
1399,1.06064,-1.05857,-0.0661146
1400,1.16679,-1.1581,-0.142199
1401,1.16679,-1.1581,-0.142199
1402,1.16679,-1.1581,-0.142199
1403,1.06708,-1.04713,-0.205384
1404,1.09045,-1.05729,-0.266839
1405,1.14003,-1.11101,-0.255595
1406,1.10445,-1.08379,-0.212616
1407,1.10445,-1.08379,-0.212616
1408,1.10445,-1.08379,-0.212616
1409,1.05701,-1.03239,-0.226809
1410,0.943519,-0.895733,-0.296466
1411,0.943519,-0.895733,-0.296466
1412,0.999012,-0.958446,-0.28179
1413,1.01323,-0.954256,-0.340635
1414,0.94023,-0.909567,-0.238157
1415,0.975288,-0.953049,-0.207086
1416,0.983647,-0.949646,-0.256384
1417,1.00985,-0.9783,-0.250465
1418,1.00985,-0.9783,-0.250465
1419,1.00985,-0.9783,-0.250465
1420,1.00985,-0.9783,-0.250465
1421,0.941023,-0.924885,-0.17353
1422,0.941023,-0.924885,-0.17353
1423,0.952093,-0.914449,-0.265075
1424,0.95279,-0.930689,-0.204028
1425,0.95279,-0.930689,-0.204028
1426,1.02369,-1.00938,-0.17056
1427,1.08133,-1.06285,-0.199029
1428,1.03676,-1.02351,-0.165235
1429,1.07354,-1.05699,-0.187785
1430,0.973723,-0.969765,-0.087708
1431,0.967448,-0.933499,-0.25404
1432,0.967448,-0.933499,-0.25404
1433,0.897386,-0.886247,-0.14095
1434,1.00509,-0.997796,-0.12085
1435,0.996043,-0.975424,-0.20162
1436,0.996043,-0.975424,-0.20162
1437,0.996043,-0.975424,-0.20162
1438,0.996043,-0.975424,-0.20162
1439,0.996043,-0.975424,-0.20162
1440,1.07193,-1.062,-0.145555
1441,1.07193,-1.062,-0.145555
1442,1.05041,-1.02897,-0.211154
1443,1.06373,-1.03918,-0.227211
1444,1.06373,-1.03918,-0.227211
1445,1.03887,-1.01804,-0.20704
1446,1.07879,-1.06164,-0.191604
1447,1.01119,-0.989946,-0.206189
1448,0.931943,-0.888649,-0.280751
1449,0.931943,-0.888649,-0.280751
1450,0.931943,-0.888649,-0.280751
1451,1.0074,-0.976577,-0.247275
1452,1.0074,-0.976577,-0.247275
1453,1.0074,-0.976577,-0.247275
1454,0.876566,-0.823503,-0.300353
1455,0.876566,-0.823503,-0.300353
1456,0.945559,-0.908639,-0.261644
1457,0.86179,-0.801719,-0.316116
1458,0.867062,-0.787055,-0.363786
1459,0.888276,-0.787286,-0.411357
1460,0.872297,-0.798863,-0.350316
1461,0.872297,-0.798863,-0.350316
1462,0.903024,-0.78825,-0.440584
1463,0.88346,-0.758284,-0.453329
1464,0.88346,-0.758284,-0.453329
1465,0.855577,-0.729927,-0.446339
1466,0.855577,-0.729927,-0.446339
1467,0.855577,-0.729927,-0.446339
1468,0.89844,-0.724089,-0.531874
1469,0.89844,-0.724089,-0.531874
1470,0.89844,-0.724089,-0.531874
1471,0.89844,-0.724089,-0.531874
1472,0.951281,-0.756472,-0.576789
1473,0.940506,-0.750947,-0.566241
1474,0.891334,-0.790602,-0.411612
1475,0.946425,-0.764057,-0.558512
1476,0.976737,-0.806858,-0.550451
1477,1.00379,-0.845511,-0.541016
1478,0.986742,-0.868361,-0.468625
1479,1.08355,-0.94615,-0.5281
1480,1.07125,-0.923594,-0.542722
1481,1.07125,-0.923594,-0.542722
1482,1.08151,-0.929715,-0.552527
1483,1.06631,-0.896316,-0.57761
1484,1.09152,-0.917765,-0.590866
1485,1.14874,-0.936573,-0.66515
1486,1.14874,-0.936573,-0.66515
1487,1.14874,-0.936573,-0.66515
1488,1.10919,-0.929604,-0.605099
1489,1.13477,-0.916406,-0.669262
1490,1.13477,-0.916406,-0.669262
1491,1.02495,-0.861993,-0.554515
1492,1.04541,-0.897686,-0.53577
1493,1.04541,-0.897686,-0.53577
1494,1.07884,-0.948356,-0.514304
1495,1.08957,-0.925504,-0.574989
1496,1.07769,-0.917558,-0.565237
1497,1.07769,-0.917558,-0.565237
1498,1.07769,-0.917558,-0.565237
1499,1.12348,-0.938666,-0.617346
1500,1.10737,-0.916839,-0.621032
1501,1.07405,-0.889082,-0.602588
1502,1.07405,-0.889082,-0.602588
1503,1.05567,-0.866326,-0.603252
1504,1.05567,-0.866326,-0.603252
1505,1.05567,-0.866326,-0.603252
1506,1.05567,-0.866326,-0.603252
1507,1.05567,-0.866326,-0.603252
1508,1.06679,-0.905482,-0.564036
1509,1.04598,-0.929226,-0.48022
1510,1.02436,-0.886713,-0.512881
1511,1.02436,-0.886713,-0.512881
1512,0.958149,-0.86095,-0.420492
1513,1.05707,-0.931057,-0.500535
1514,1.01958,-0.880425,-0.514201
1515,1.09482,-0.968291,-0.510931
1516,1.09482,-0.968291,-0.510931
1517,1.10151,-0.872565,-0.672283
1518,1.06406,-0.893979,-0.577087
1519,1.01978,-0.788299,-0.646945
1520,1.09086,-0.911558,-0.599196
1521,1.09086,-0.911558,-0.599196
1522,1.13173,-0.949168,-0.616354
1523,1.12866,-0.970751,-0.575766
1524,1.12866,-0.970751,-0.575766
1525,1.09211,-0.946449,-0.544919
1526,1.13805,-0.957618,-0.614914
1527,1.13805,-0.957618,-0.614914
1528,1.13805,-0.957618,-0.614914
1529,1.11166,-0.906576,-0.643356
1530,1.11166,-0.906576,-0.643356
1531,1.00228,-0.728418,-0.688461
1532,1.00228,-0.728418,-0.688461
1533,1.00228,-0.728418,-0.688461
1534,0.947208,-0.715576,-0.620607
1535,1.02617,-0.705581,-0.7451
1536,1.02617,-0.705581,-0.7451
1537,0.91153,-0.671351,-0.616583
1538,0.91153,-0.671351,-0.616583
1539,0.889389,-0.66687,-0.58847
1540,0.889389,-0.66687,-0.58847
1541,0.973352,-0.740278,-0.631984
1542,0.973352,-0.740278,-0.631984
1543,1.02022,-0.719178,-0.723625
1544,0.934228,-0.68593,-0.634258
1545,1.0929,-0.859436,-0.675134
1546,1.11949,-0.886387,-0.68379
1547,1.09274,-0.888186,-0.636556
1548,1.04145,-0.881094,-0.555244
1549,1.06863,-0.918501,-0.546195
1550,1.05035,-0.850145,-0.616842
1551,1.07322,-0.879741,-0.614705
1552,1.07322,-0.879741,-0.614705
1553,1.07322,-0.879741,-0.614705
1554,1.07434,-0.849921,-0.657151
1555,1.06471,-0.854671,-0.634941
1556,1.06306,-0.862923,-0.620857
1557,1.07309,-0.796019,-0.71964
1558,1.04791,-0.780185,-0.69959
1559,1.04791,-0.780185,-0.69959
1560,0.992929,-0.821074,-0.558341
1561,0.992929,-0.821074,-0.558341
1562,1.0001,-0.796279,-0.605093
1563,0.924483,-0.697831,-0.606383
1564,0.924483,-0.697831,-0.606383
1565,0.924483,-0.697831,-0.606383
1566,0.965838,-0.789282,-0.556665
1567,1.01707,-0.803362,-0.62373
1568,1.01707,-0.803362,-0.62373
1569,1.01707,-0.803362,-0.62373
1570,0.935969,-0.735807,-0.578469
1571,0.935969,-0.735807,-0.578469
1572,0.955117,-0.681825,-0.668852
1573,0.896325,-0.643317,-0.624132
1574,0.941042,-0.712157,-0.615135
1575,0.941042,-0.712157,-0.615135
1576,0.941042,-0.712157,-0.615135
1577,0.937777,-0.688841,-0.636336
1578,0.974923,-0.775497,-0.590829
1579,0.993676,-0.780892,-0.61449
1580,0.993676,-0.780892,-0.61449
1581,0.993676,-0.780892,-0.61449
1582,0.993676,-0.780892,-0.61449
1583,0.946557,-0.761417,-0.562329
1584,0.982956,-0.651783,-0.735786
1585,0.918396,-0.683171,-0.613781
1586,0.994774,-0.689573,-0.716984
1587,0.94749,-0.64552,-0.693571
1588,1.02554,-0.720374,-0.729925
1589,1.07025,-0.729838,-0.782804
1590,1.07025,-0.729838,-0.782804
1591,1.07025,-0.729838,-0.782804
1592,1.0134,-0.65417,-0.77398
1593,1.0134,-0.65417,-0.77398
1594,1.0134,-0.65417,-0.77398
1595,1.03682,-0.676242,-0.785934
1596,1.02204,-0.741722,-0.70314
1597,1.02572,-0.705433,-0.744627
1598,1.02572,-0.705433,-0.744627
1599,1.00104,-0.740158,-0.673976
1600,1.06395,-0.779539,-0.724089
1601,1.12444,-0.940815,-0.61582
1602,1.1338,-0.953506,-0.613459
1603,1.1338,-0.953506,-0.613459
1604,1.1338,-0.953506,-0.613459
1605,1.1338,-0.953506,-0.613459
1606,1.09983,-0.926464,-0.592689
1607,1.09983,-0.926464,-0.592689
1608,1.09983,-0.926464,-0.592689
1609,1.04899,-0.8807,-0.569861
1610,1.07682,-0.994394,-0.413187
1611,1.07079,-1.02125,-0.321939
1612,1.07874,-1.00002,-0.404521
1613,1.07906,-1.01115,-0.376749
1614,1.07906,-1.01115,-0.376749
1615,1.04961,-0.98376,-0.365918
1616,1.04961,-0.98376,-0.365918
1617,1.11843,-1.05898,-0.359793
1618,1.20731,-1.14944,-0.369316
1619,1.20731,-1.14944,-0.369316
1620,1.23502,-1.21098,-0.242514
1621,1.20734,-1.17447,-0.279838
1622,1.20734,-1.17447,-0.279838
1623,1.09934,-1.04902,-0.328816
1624,1.0481,-1.00156,-0.308865
1625,1.0481,-1.00156,-0.308865
1626,1.0481,-1.00156,-0.308865
1627,1.06008,-1.01915,-0.291739
1628,1.06008,-1.01915,-0.291739
1629,1.02216,-0.942594,-0.39538
1630,1.07495,-0.955286,-0.492886
1631,1.07495,-0.955286,-0.492886
1632,1.07495,-0.955286,-0.492886
1633,1.03613,-0.898258,-0.516439
1634,1.03613,-0.898258,-0.516439
1635,1.02618,-0.895365,-0.501374
1636,1.06204,-0.993467,-0.375431
1637,1.16483,-1.07127,-0.457396
1638,1.16483,-1.07127,-0.457396
1639,1.18456,-1.13338,-0.344451
1640,1.18456,-1.13338,-0.344451
1641,1.15159,-1.07895,-0.402531
1642,1.07507,-0.992173,-0.41398
1643,1.07507,-0.992173,-0.41398
1644,1.03982,-0.962185,-0.394254
1645,1.03982,-0.962185,-0.394254
1646,0.955017,-0.858365,-0.41865
1647,0.97289,-0.853533,-0.466902
1648,1.03921,-0.941802,-0.439273
1649,1.02665,-0.812128,-0.628068
1650,1.02665,-0.812128,-0.628068
1651,1.07116,-0.890951,-0.594633
1652,1.07116,-0.890951,-0.594633
1653,1.10856,-0.979712,-0.518719
1654,1.12011,-0.985699,-0.53201
1655,1.08632,-0.938825,-0.546534
1656,1.08632,-0.938825,-0.546534
1657,1.10422,-0.920373,-0.610095
1658,1.10422,-0.920373,-0.610095
1659,1.10422,-0.920373,-0.610095
1660,1.17602,-0.911843,-0.742679
1661,1.17602,-0.911843,-0.742679
1662,1.18278,-0.976634,-0.6672
1663,1.1828,-0.990243,-0.646864
1664,1.24469,-1.01638,-0.718481
1665,1.24469,-1.01638,-0.718481
1666,1.2452,-1.0989,-0.585609
1667,1.25733,-1.10384,-0.602014
1668,1.25733,-1.10384,-0.602014
1669,1.24102,-1.04689,-0.666453
1670,1.24102,-1.04689,-0.666453
1671,1.24776,-1.07908,-0.626496
1672,1.24776,-1.07908,-0.626496
1673,1.30408,-1.13342,-0.644964
1674,1.30408,-1.13342,-0.644964
1675,1.35424,-1.10196,-0.787173
1676,1.36602,-1.12012,-0.781886
1677,1.36602,-1.12012,-0.781886
1678,1.35441,-1.06435,-0.837603
1679,1.26228,-1.02144,-0.741619
1680,1.26228,-1.02144,-0.741619
1681,1.26228,-1.02144,-0.741619
1682,1.28329,-1.0242,-0.7732
1683,1.36105,-1.10272,-0.797798
1684,1.23714,-1.01341,-0.709585
1685,1.15422,-0.821851,-0.810418
1686,1.19145,-0.867396,-0.816811
1687,1.25296,-0.954265,-0.811957
1688,1.23599,-1.00367,-0.721334
1689,1.28637,-0.982846,-0.829921
1690,1.28637,-0.982846,-0.829921
1691,1.17843,-0.903068,-0.757071
1692,1.10931,-0.821145,-0.745854
1693,1.10931,-0.821145,-0.745854
1694,1.18811,-0.90604,-0.768561
1695,1.18811,-0.90604,-0.768561
1696,1.2648,-0.976511,-0.803835
1697,1.2648,-0.976511,-0.803835
1698,1.2648,-0.976511,-0.803835
1699,1.2648,-0.976511,-0.803835
1700,1.23609,-0.963621,-0.774179
1701,1.23609,-0.963621,-0.774179
1702,1.23929,-0.952518,-0.792814
1703,1.32428,-1.0402,-0.819577
1704,1.15002,-0.893998,-0.723405
1705,1.15002,-0.893998,-0.723405
1706,1.05768,-0.831924,-0.653131
1707,1.0884,-0.842415,-0.689171
1708,1.03574,-0.790122,-0.669671
1709,1.03574,-0.790122,-0.669671
1710,1.06515,-0.823301,-0.675806
1711,1.06515,-0.823301,-0.675806
1712,1.00323,-0.740075,-0.677325
1713,1.00323,-0.740075,-0.677325
1714,1.00323,-0.740075,-0.677325
1715,1.00323,-0.740075,-0.677325
1716,1.00323,-0.740075,-0.677325
1717,1.01614,-0.799597,-0.627036
1718,0.973127,-0.76802,-0.597596
1719,0.939828,-0.757428,-0.5564
1720,1.02017,-0.818329,-0.609174
1721,1.04171,-0.85397,-0.596577
1722,1.10572,-0.866736,-0.686581
1723,1.10572,-0.866736,-0.686581
1724,1.10683,-0.901234,-0.642539
1725,1.10683,-0.901234,-0.642539
1726,0.98823,-0.883346,-0.443055
1727,0.98823,-0.883346,-0.443055
1728,0.98823,-0.883346,-0.443055
1729,0.95801,-0.815603,-0.50257
1730,0.95801,-0.815603,-0.50257
1731,0.959356,-0.769939,-0.572326
1732,0.931858,-0.716313,-0.596034
1733,0.931858,-0.716313,-0.596034
1734,0.930194,-0.722675,-0.585664
1735,0.901063,-0.777397,-0.455596
1736,0.949022,-0.76195,-0.565752
1737,0.931078,-0.765591,-0.529883
1738,0.900204,-0.8246,-0.361111
1739,0.912136,-0.827157,-0.384451
1740,0.912136,-0.827157,-0.384451
1741,0.937403,-0.863051,-0.365878
1742,0.930819,-0.861011,-0.353673
1743,0.974535,-0.930576,-0.289389
1744,1.119,-1.09138,-0.247059
1745,1.07642,-1.05894,-0.193196
1746,1.10221,-1.04909,-0.338044
1747,1.09217,-1.03876,-0.337355
1748,1.0945,-1.05882,-0.277191
1749,1.05071,-1.02409,-0.234996
1750,1.07439,-1.05018,-0.226802
1751,1.05562,-1.00419,-0.325484
1752,1.04244,-0.984064,-0.343938
1753,1.04244,-0.984064,-0.343938
1754,1.14947,-1.07452,-0.408294
1755,1.16152,-1.04188,-0.513441
1756,1.16436,-1.06115,-0.479275
1757,1.13315,-1.02363,-0.486006
1758,1.13025,-1.04553,-0.429347
1759,1.1921,-1.10448,-0.44858
1760,1.1921,-1.10448,-0.44858
1761,1.1921,-1.10448,-0.44858
1762,1.1885,-1.07911,-0.498047
1763,1.1885,-1.07911,-0.498047
1764,1.1885,-1.07911,-0.498047
1765,1.17724,-1.08759,-0.450595
1766,1.17724,-1.08759,-0.450595
1767,1.26035,-1.18178,-0.438039
1768,1.22939,-1.16078,-0.404981
1769,1.22939,-1.16078,-0.404981
1770,1.22939,-1.16078,-0.404981
1771,1.22596,-1.193,-0.282366
1772,1.29071,-1.28665,-0.102342
1773,1.29071,-1.28665,-0.102342
1774,1.20509,-1.20343,-0.0631339
1775,1.28161,-1.28134,-0.0266683
1776,1.28161,-1.28134,-0.0266683
1777,1.27257,-1.27192,0.0406067
1778,1.23935,-1.2392,-0.018926
1779,1.20562,-1.20479,0.0447383
1780,1.1871,-1.18638,0.0411595
1781,1.1871,-1.18638,0.0411594
1782,1.1871,-1.18638,0.0411594
1783,1.1871,-1.18638,0.0411594
1784,1.14758,-1.14443,0.0849598
1785,1.14758,-1.14443,0.0849598
1786,1.06259,-1.06189,0.038722
1787,1.12016,-1.11299,0.126575
1788,1.17825,-1.17798,0.025404
1789,1.09906,-1.09829,0.0412474
1790,1.01138,-1.00693,0.0948019
1791,0.9665,-0.958866,0.121231
1792,1.02473,-1.01696,0.125905
1793,1.02473,-1.01696,0.125905
1794,1.02473,-1.01696,0.125905
1795,1.02728,-1.02267,0.097255
1796,1.02728,-1.02267,0.097255
1797,1.02728,-1.02267,0.097255
1798,1.02728,-1.02267,0.097255
1799,1.02728,-1.02267,0.097255
1800,1.11044,-1.10852,0.065209
1801,1.16996,-1.16978,-0.0205229
1802,1.04885,-1.0442,0.098603
1803,1.04885,-1.0442,0.098603
1804,1.08243,-1.08222,0.0212313
1805,1.08243,-1.08222,0.0212313
1806,1.04299,-1.04211,0.0430064
1807,1.04299,-1.04211,0.0430064
1808,1.00992,-1.00963,0.024285
1809,0.984966,-0.9842,-0.0388273
1810,0.874132,-0.87355,0.0318821
1811,0.874132,-0.87355,0.0318821
1812,0.947271,-0.947207,0.0109495
1813,0.947271,-0.947207,0.0109495
1814,0.935037,-0.933199,-0.0586047
1815,0.935037,-0.933199,-0.0586047
1816,0.827379,-0.827196,0.0173859
1817,0.922943,-0.921107,-0.0581778
1818,0.930922,-0.922567,-0.12444
1819,0.930922,-0.922567,-0.12444
1820,0.930922,-0.922567,-0.12444
1821,0.930922,-0.922567,-0.12444
1822,0.923193,-0.91417,-0.128756
1823,0.923193,-0.91417,-0.128756
1824,0.923193,-0.91417,-0.128756
1825,0.875385,-0.869639,-0.100134
1826,0.875385,-0.869639,-0.100134
1827,0.894699,-0.882314,-0.148356
1828,0.894699,-0.882314,-0.148356
1829,0.870936,-0.863285,-0.115187
1830,0.870936,-0.863285,-0.115187
1831,0.870936,-0.863285,-0.115187
1832,0.870936,-0.863285,-0.115187
1833,0.870936,-0.863285,-0.115187
1834,0.870936,-0.863285,-0.115187
1835,0.837544,-0.82689,-0.133164
1836,0.822545,-0.80915,-0.147841
1837,0.822545,-0.80915,-0.147841
1838,0.822545,-0.80915,-0.147841
1839,0.822545,-0.80915,-0.147841
1840,0.800578,-0.778634,-0.186158
1841,0.794767,-0.771394,-0.191329
1842,0.832641,-0.791072,-0.259799
1843,0.783538,-0.741895,-0.252039
1844,0.783538,-0.741895,-0.252039
1845,0.832007,-0.800068,-0.228316
1846,0.823728,-0.794229,-0.21847
1847,0.933598,-0.896475,-0.26065
1848,0.918661,-0.873959,-0.283081
1849,0.966935,-0.919899,-0.297909
1850,0.894809,-0.869023,-0.213269
1851,0.884527,-0.839139,-0.279703
1852,0.88982,-0.832204,-0.314986
1853,0.871278,-0.836041,-0.245275
1854,0.871278,-0.836041,-0.245275
1855,0.927567,-0.847431,-0.377149
1856,0.972582,-0.907159,-0.350683
1857,0.972582,-0.907159,-0.350683
1858,0.874731,-0.819266,-0.306524
1859,0.874731,-0.819266,-0.306524
1860,0.959387,-0.915864,-0.285686
1861,0.975248,-0.941998,-0.252485
1862,0.975248,-0.941998,-0.252485
1863,0.964782,-0.913532,-0.310264
1864,0.964782,-0.913532,-0.310264
1865,0.964782,-0.913532,-0.310264
1866,0.964782,-0.913532,-0.310264
1867,1.01152,-1.00064,-0.147923
1868,1.01152,-1.00064,-0.147923
1869,0.998172,-0.987949,-0.142496
1870,0.998172,-0.987949,-0.142496
1871,1.01263,-1.00319,-0.137941
1872,1.12896,-1.12536,-0.0899817
1873,1.12896,-1.12536,-0.0899817
1874,1.15038,-1.13062,-0.212266
1875,1.15038,-1.13062,-0.212266
1876,1.14781,-1.10966,-0.293466
1877,1.11411,-1.06313,-0.333143
1878,1.0686,-0.978509,-0.429454
1879,1.17536,-1.03881,-0.549855
1880,1.32854,-1.10116,-0.743281
1881,1.26912,-1.12925,-0.579185
1882,1.26912,-1.12925,-0.579185
1883,1.27044,-1.0968,-0.641126
1884,1.37695,-1.21842,-0.641431
1885,1.31536,-1.17847,-0.58427
1886,1.35709,-1.22752,-0.578691
1887,1.20707,-1.11669,-0.458265
1888,1.33025,-1.21276,-0.546601
1889,1.34907,-1.1786,-0.656414
1890,1.34907,-1.1786,-0.656414
1891,1.34907,-1.1786,-0.656414
1892,1.29107,-1.13471,-0.615879
1893,1.32396,-1.14667,-0.661834
1894,1.24375,-1.1412,-0.494549
1895,1.24405,-1.14725,-0.481134
1896,1.19745,-1.10828,-0.453419
1897,1.15245,-1.08284,-0.394449
1898,1.15245,-1.08284,-0.394449
1899,1.27699,-1.17708,-0.495169
1900,1.22494,-1.10053,-0.537859
1901,1.22494,-1.10053,-0.537859
1902,1.14298,-0.989097,-0.572789
1903,1.07563,-0.962217,-0.480743
1904,1.00757,-0.917684,-0.416
1905,1.05705,-0.954901,-0.453334
1906,1.00609,-0.918249,-0.411129
1907,0.990626,-0.933115,-0.332621
1908,1.00984,-0.980093,-0.243309
1909,1.01613,-0.986481,-0.243652
1910,1.01613,-0.986481,-0.243652
1911,0.986237,-0.968314,-0.187167
1912,1.04715,-1.0375,-0.141802
1913,1.04715,-1.0375,-0.141802
1914,1.08017,-1.076,-0.0948047
1915,0.985355,-0.978655,-0.114712
1916,1.01651,-0.971411,-0.299416
1917,0.952865,-0.861726,-0.40667
1918,1.05201,-0.95017,-0.451555
1919,1.05201,-0.95017,-0.451555
1920,1.05201,-0.95017,-0.451555
1921,1.05201,-0.95017,-0.451555
1922,0.963431,-0.821462,-0.503386
1923,0.990559,-0.880586,-0.453624
1924,1.01062,-0.903787,-0.452244
1925,1.058,-0.884601,-0.580376
1926,1.08074,-0.931394,-0.54819
1927,1.08074,-0.931394,-0.54819
1928,1.07263,-0.905714,-0.574644
1929,1.07263,-0.905714,-0.574644
1930,1.07263,-0.905714,-0.574644
1931,1.07263,-0.905714,-0.574644
1932,1.07263,-0.905714,-0.574644
1933,1.0481,-0.837591,-0.630049
1934,1.0481,-0.837591,-0.630049
1935,1.14116,-0.802564,-0.81125
1936,1.04411,-0.79759,-0.67381
1937,1.05361,-0.751541,-0.738437
1938,1.05361,-0.751541,-0.738437
1939,1.05361,-0.751541,-0.738437
1940,1.07638,-0.788979,-0.732187
1941,1.05033,-0.815495,-0.661933
1942,1.01962,-0.789752,-0.644919
1943,0.978567,-0.802297,-0.560279
1944,0.978567,-0.802297,-0.560279
1945,0.978567,-0.802297,-0.560279
1946,1.04976,-0.867374,-0.59132
1947,0.995459,-0.840442,-0.533475
1948,1.0092,-0.859725,-0.52854
1949,1.02407,-0.903099,-0.482845
1950,1.02407,-0.903099,-0.482845
1951,1.09081,-0.999302,-0.437327
1952,1.09081,-0.999302,-0.437327
1953,1.09081,-0.999302,-0.437327
1954,1.16862,-1.10252,-0.387452
1955,1.16862,-1.10252,-0.387452
1956,1.11798,-1.07037,-0.322763
1957,1.18998,-1.13599,-0.354384
1958,1.18998,-1.13599,-0.354384
1959,1.22627,-1.201,-0.24765
1960,1.15992,-1.14906,-0.158314
1961,1.19089,-1.18611,-0.106533
1962,1.21596,-1.2118,-0.100409
1963,1.14236,-1.13024,-0.165985
1964,1.21204,-1.20741,-0.105901
1965,1.21204,-1.20741,-0.105901
1966,1.25721,-1.25695,-0.0254088
1967,1.19544,-1.1911,0.101824
1968,1.19544,-1.1911,0.101824
1969,1.20347,-1.19823,0.112144
1970,1.20347,-1.19823,0.112144
1971,1.13081,-1.12806,-0.0788514
1972,1.2241,-1.22329,-0.0446233
1973,1.24507,-1.24342,-0.0639258
1974,1.24507,-1.24342,-0.0639258
1975,1.2547,-1.25449,-0.0228711
1976,1.2547,-1.25449,-0.0228711
1977,1.2547,-1.25449,-0.0228711
1978,1.21647,-1.21516,-0.0563911
1979,1.21647,-1.21516,-0.0563911
1980,1.21647,-1.21516,-0.0563911
1981,1.20224,-1.19685,-0.113742
1982,1.19672,-1.19606,-0.0396469
1983,1.11427,-1.11243,-0.0640768
1984,1.03154,-1.03114,0.0289301
1985,1.05846,-1.05781,0.0370126
1986,1.07417,-1.07403,-0.0178223
1987,1.07417,-1.07403,-0.0178223
1988,1.0692,-1.06905,-0.0178469
1989,1.0692,-1.06905,-0.0178469
1990,1.01834,-1.0165,0.0611444
1991,1.01834,-1.0165,0.0611444
1992,1.04472,-1.04096,0.0884604
1993,1.05913,-1.05759,0.0570699
1994,1.05913,-1.05759,0.0570699
1995,1.04161,-1.0384,0.0816495
1996,1.09207,-1.0885,0.0882332
1997,1.14726,-1.13255,0.183097
1998,1.15426,-1.14484,0.14716
1999,1.15426,-1.14484,0.14716
2000,1.15426,-1.14484,0.14716
2001,1.16103,-1.12962,0.268231
2002,1.17763,-1.16487,0.17288
2003,1.17633,-1.1552,0.221922
2004,1.17633,-1.1552,0.221922
2005,1.17633,-1.1552,0.221922
2006,1.08224,-1.04779,0.270888
2007,1.13431,-1.05598,0.414184
2008,1.12199,-1.04325,0.412905
2009,1.16815,-1.11042,0.362692
2010,1.15998,-1.07827,0.427648
2011,1.18138,-1.09429,0.445165
2012,1.1515,-1.06857,0.42909
2013,1.1515,-1.06857,0.42909
2014,1.11452,-1.03497,0.413501
2015,1.0894,-1.01696,0.390614
2016,1.02418,-0.904344,0.480733
2017,1.03994,-0.925801,0.473681
2018,0.995671,-0.87624,0.472825
2019,0.957819,-0.837441,0.464875
2020,0.957819,-0.837441,0.464875
2021,1.05477,-0.899191,0.551362
2022,1.05477,-0.899191,0.551362
2023,1.05477,-0.899191,0.551362
2024,1.05477,-0.899191,0.551362
2025,1.09306,-0.93811,0.561015
2026,1.06487,-0.884525,0.592921
2027,1.03459,-0.888108,0.530691
2028,1.16724,-1.06472,0.478338
2029,1.16724,-1.06472,0.478338
2030,1.07708,-0.97132,0.465434
2031,1.06152,-0.930972,0.510012
2032,1.06152,-0.930972,0.510012
2033,1.06152,-0.930972,0.510012
2034,1.08299,-0.943547,0.531579
2035,1.10538,-1.01016,0.448814
2036,1.18322,-1.09432,0.449979
2037,1.19749,-1.12352,0.414364
2038,1.17226,-1.07919,0.457763
2039,1.21698,-1.12982,0.452261
2040,1.21698,-1.12982,0.452261
2041,1.16382,-1.09808,0.385609
2042,1.17427,-1.06103,0.503111
2043,1.19598,-1.09012,0.491955
2044,1.19598,-1.09012,0.491955
2045,1.21214,-1.15904,0.354824
2046,1.17968,-1.09529,0.438142
2047,1.17968,-1.09529,0.438142
2048,1.19584,-1.12306,0.410791
2049,1.32182,-1.24234,0.451437
2050,1.19341,-1.1037,0.453969
2051,1.05341,-0.967703,0.416202
2052,1.05993,-0.942643,0.484646
2053,1.05335,-0.915221,0.521465
2054,1.07188,-0.96727,0.461852
2055,1.07188,-0.96727,0.461852
2056,1.07188,-0.96727,0.461852
2057,1.07188,-0.96727,0.461852
2058,1.07188,-0.96727,0.461852
2059,1.14883,-1.09323,0.353087
2060,1.14883,-1.09323,0.353087
2061,1.1926,-1.13361,0.37042
2062,1.1926,-1.13361,0.37042
2063,1.23518,-1.15787,0.43012
2064,1.23518,-1.15787,0.43012
2065,1.1311,-1.03989,0.444993
2066,1.19903,-1.09927,0.47884
2067,1.19903,-1.09927,0.47884
2068,1.19903,-1.09927,0.47884
2069,1.14959,-1.0773,0.401213
2070,1.1816,-1.10382,0.421614
2071,1.1816,-1.10382,0.421614
2072,1.18834,-1.14541,0.316536
2073,1.18834,-1.14541,0.316536
2074,1.19545,-1.16507,0.267794
2075,1.19545,-1.16507,0.267794
2076,1.15719,-1.10869,0.331501
2077,1.1386,-1.10484,0.275182
2078,1.22804,-1.1854,0.320802
2079,1.2778,-1.23379,0.332459
2080,1.2244,-1.16504,0.376619
2081,1.14393,-1.0832,0.367768
2082,1.14393,-1.0832,0.367768
2083,1.14393,-1.0832,0.367768
2084,1.09849,-1.08211,0.188991
2085,1.09849,-1.08211,0.188991
2086,1.25788,-1.20171,0.371715
2087,1.17583,-1.13276,0.31531
2088,1.17583,-1.13276,0.31531
2089,1.17583,-1.13276,0.31531
2090,1.15006,-1.11535,0.280415
2091,1.06495,-0.98852,0.396178
2092,1.06495,-0.98852,0.396178
2093,1.0882,-0.986761,0.458773
2094,1.02,-0.936966,0.4031
2095,1.03126,-0.925404,0.4551
2096,1.03126,-0.925404,0.4551
2097,0.993323,-0.883798,0.453424
2098,0.991052,-0.854306,0.502339
2099,1.03937,-0.912011,0.498516
2100,1.09431,-0.97938,0.488194
2101,1.04858,-0.92024,0.502675
2102,1.04995,-0.899475,0.54161
2103,1.04444,-0.922591,0.489571
2104,1.04444,-0.922591,0.489571
2105,1.0304,-0.849674,0.582897
2106,1.09131,-0.908197,0.605082
2107,1.06223,-0.862571,0.619929
2108,1.09559,-0.95554,0.535972
2109,1.09559,-0.95554,0.535972
2110,1.06355,-0.941145,0.495368
2111,1.17919,-1.03465,0.565686
2112,1.17404,-1.05784,0.509261
2113,1.1659,-1.02625,0.553275
2114,1.07951,-0.940189,0.53045
2115,1.03293,-0.911595,0.485725
2116,1.03293,-0.911595,0.485725
2117,1.07989,-0.968715,0.477229
2118,1.01941,-0.925736,0.426851
2119,1.00606,-0.882718,0.48266
2120,1.09806,-0.986579,0.482066
2121,1.01078,-0.893613,0.47238
2122,1.01078,-0.893613,0.47238
2123,0.994526,-0.917929,0.382738
2124,0.98882,-0.916221,0.371893
2125,0.967681,-0.905091,0.342369
2126,0.967681,-0.905091,0.342369
2127,0.96995,-0.93444,0.260047
2128,0.96995,-0.93444,0.260047
2129,0.98563,-0.904552,0.391474
2130,0.95677,-0.864445,0.410054
2131,0.955772,-0.869132,0.39763
2132,0.955772,-0.869132,0.39763
2133,0.963229,-0.853615,0.446264
2134,1.00105,-0.875156,0.486016
2135,1.02445,-0.897549,0.493875
2136,0.961811,-0.868206,0.413882
2137,0.933793,-0.80432,0.474382
2138,0.933793,-0.80432,0.474382
2139,0.966319,-0.843514,0.471441
2140,1.03276,-0.86958,0.557161
2141,0.991757,-0.827265,0.547005
2142,0.991757,-0.827265,0.547005
2143,0.970459,-0.848409,0.471162
2144,1.06961,-0.959365,0.472946
2145,1.1017,-0.968621,0.5249
2146,1.15577,-1.08336,0.402681
2147,1.15232,-1.09896,0.346601
2148,1.04107,-0.970056,0.377912
2149,1.09874,-1.02344,0.399753
2150,1.11814,-1.06016,0.35538
2151,1.08563,-1.03669,0.32227
2152,1.07146,-1.03104,0.291499
2153,0.99864,-0.983631,0.172489
2154,0.99864,-0.983631,0.172489
2155,0.99864,-0.983631,0.172489
2156,0.948774,-0.930658,0.184524
2157,0.985816,-0.944804,0.281389
2158,1.05736,-1.00691,0.322736
2159,1.10181,-1.04165,0.359114
2160,1.24628,-1.21272,0.287272
2161,1.17652,-1.15593,0.21914
2162,1.17652,-1.15593,0.21914
2163,1.21428,-1.19996,0.185913
2164,1.15772,-1.1474,0.154259
2165,1.15577,-1.13183,0.234055
2166,1.15577,-1.13183,0.234055
2167,1.17178,-1.14571,0.2458
2168,1.16132,-1.13575,0.242359
2169,1.16132,-1.13575,0.242359
2170,1.09268,-1.07003,0.221315
2171,1.12316,-1.09314,0.257968
2172,1.12316,-1.09314,0.257968
2173,1.02337,-1.00616,0.186917
2174,0.984165,-0.965742,0.18953
2175,0.984165,-0.965742,0.18953
2176,0.984165,-0.965742,0.18953
2177,0.984165,-0.965742,0.18953
2178,1.03539,-1.00447,0.251141
2179,0.985689,-0.955403,0.242465
2180,0.985689,-0.955403,0.242465
2181,1.06496,-1.01767,0.313835
2182,1.06496,-1.01767,0.313835
2183,1.06496,-1.01767,0.313835
2184,1.09272,-1.0399,0.33564
2185,1.14963,-1.11912,0.2631
2186,1.06551,-1.02096,0.304855
2187,1.06551,-1.02096,0.304855
2188,1.01012,-0.969675,0.282961
2189,1.01558,-0.984158,0.250679
2190,1.01558,-0.984158,0.250679
2191,1.02586,-0.989685,0.270011
2192,0.979737,-0.925166,0.322416
2193,0.912854,-0.892815,0.190219
2194,0.912854,-0.892815,0.190219
2195,0.951319,-0.904883,0.29359
2196,0.936482,-0.9113,0.215709
2197,0.957121,-0.921529,0.258585
2198,0.92574,-0.905876,0.190741
2199,0.968251,-0.947766,0.198114
2200,0.902853,-0.873295,0.229128
2201,0.902853,-0.873295,0.229128
2202,0.787611,-0.754284,0.226689
2203,0.787611,-0.754284,0.226689
2204,0.787611,-0.754284,0.226689
2205,0.787611,-0.754284,0.226689
2206,0.787611,-0.754284,0.226689
2207,0.787611,-0.754284,0.226689
2208,0.808666,-0.76201,0.270706
2209,0.796994,-0.777822,0.173756
2210,0.796994,-0.777822,0.173756
2211,0.704458,-0.677165,0.194186
2212,0.704458,-0.677165,0.194186
2213,0.704458,-0.677165,0.194186
2214,0.704458,-0.677165,0.194186
2215,0.75517,-0.731656,0.186977
2216,0.758583,-0.742237,0.156628
2217,0.758583,-0.742237,0.156628
2218,0.852698,-0.826931,0.208035
2219,0.914287,-0.894195,0.19062
2220,0.944336,-0.928817,0.170496
2221,0.944336,-0.928817,0.170496
2222,0.944336,-0.928817,0.170496
2223,1.00009,-0.995799,0.0925236
2224,0.944873,-0.938712,0.107717
2225,0.944873,-0.938712,0.107717
2226,1.02976,-1.02386,0.110082
2227,1.01407,-1.00244,0.153106
2228,0.989763,-0.961771,0.233722
2229,0.989763,-0.961771,0.233722
2230,1.01188,-0.981999,0.24409
2231,1.16841,-1.1468,0.22369
2232,1.14058,-1.10767,0.272027
2233,1.14058,-1.10767,0.272027
2234,1.10158,-1.05597,0.313682
2235,1.13529,-1.01045,0.517566
2236,1.02073,-0.945696,0.384121
2237,1.06674,-0.973692,0.435716
2238,1.10252,-1.0394,0.367683
2239,1.18201,-1.10658,0.415467
2240,1.18201,-1.10658,0.415467
2241,1.18201,-1.10658,0.415467
2242,1.17245,-1.08193,0.451756
2243,1.17245,-1.08193,0.451756
2244,1.10239,-1.02758,0.399199
2245,1.10239,-1.02758,0.399199
2246,1.00314,-0.900264,0.442519
2247,1.06819,-0.949989,0.488409
2248,1.0982,-0.979221,0.497161
2249,1.10774,-1.00717,0.461181
2250,1.16884,-1.02771,0.556776
2251,1.16351,-1.05142,0.498271
2252,1.13857,-0.995026,0.55342
2253,1.13857,-0.995026,0.55342
2254,1.13856,-1.00997,0.525619
2255,1.13856,-1.00997,0.525619
2256,1.09111,-0.959624,0.519273
2257,1.07719,-0.889641,0.60735
2258,1.06712,-0.946435,0.492953
2259,1.06712,-0.946435,0.492953
2260,1.06712,-0.946435,0.492953
2261,1.17782,-1.05084,0.531987
2262,1.14508,-0.919954,0.681832
2263,1.14508,-0.919954,0.681832
2264,1.14508,-0.919954,0.681832
2265,1.14508,-0.919954,0.681832
2266,1.14508,-0.919954,0.681832
2267,1.18922,-1.0289,0.596326
2268,1.15365,-0.971975,0.621425
2269,1.15365,-0.971975,0.621425
2270,1.15365,-0.971975,0.621425
2271,1.14919,-0.968785,0.61814
2272,1.14919,-0.968785,0.61814
2273,1.13221,-0.875555,0.717851
2274,1.10169,-0.823627,0.731677
2275,1.10169,-0.823627,0.731677
2276,1.10169,-0.823627,0.731677
2277,1.11586,-0.850994,0.721766
2278,1.11586,-0.850994,0.721766
2279,1.11499,-0.839754,0.733498
2280,1.08935,-0.846274,0.685937
2281,1.03467,-0.83729,0.607851
2282,1.03467,-0.83729,0.607851
2283,1.08675,-0.881258,0.63593
2284,1.08675,-0.881258,0.63593
2285,1.07635,-0.897544,0.594094
2286,1.07609,-0.918339,0.560919
2287,1.07609,-0.918339,0.560919
2288,1.07609,-0.918339,0.560919
2289,1.07609,-0.918339,0.560919
2290,1.07609,-0.918339,0.560919
2291,1.13747,-1.01092,0.521419
2292,1.13747,-1.01092,0.521419
2293,1.13747,-1.01092,0.521419
2294,1.12753,-1.04109,0.432959
2295,1.21749,-1.12586,0.463398
2296,1.21749,-1.12586,0.463398
2297,1.21749,-1.12586,0.463398
2298,1.21749,-1.12586,0.463398
2299,1.23283,-1.15506,0.43094
2300,1.18328,-1.12969,0.352051
2301,1.20825,-1.16479,0.321129
2302,1.27392,-1.22036,0.365499
2303,1.21464,-1.14033,0.418332
2304,1.15599,-1.08612,0.395819
2305,1.15783,-1.06437,0.455738
2306,1.15783,-1.06437,0.455738
2307,1.15783,-1.06437,0.455738
2308,1.09409,-1.00052,0.44271
2309,1.05576,-0.964445,0.429514
2310,1.0831,-0.963827,0.494104
2311,1.0831,-0.963827,0.494104
2312,1.0831,-0.963827,0.494104
2313,1.21406,-1.04915,0.610934
2314,1.22758,-1.10572,0.533244
2315,1.22758,-1.10572,0.533244
2316,1.08334,-1.00883,0.394835
2317,1.11017,-1.01132,0.457942
2318,1.16814,-1.05637,0.498614
2319,1.17718,-1.0725,0.485281
2320,1.20557,-1.14456,0.378664
2321,1.20557,-1.14456,0.378664
2322,1.10211,-1.02165,0.413384
2323,1.14753,-1.03303,0.499681
2324,1.0724,-0.950864,0.495872
2325,1.08843,-0.958255,0.516165
2326,1.01813,-0.834642,0.583061
2327,1.1117,-0.962023,0.557129
2328,1.1117,-0.962023,0.557129
2329,1.05957,-0.86864,0.606755
2330,1.11439,-0.965396,0.556659
2331,1.07943,-0.888944,0.612326
2332,1.08038,-0.91421,0.575709
2333,1.08038,-0.91421,0.575709
2334,1.08038,-0.91421,0.575709
2335,1.12285,-0.967962,0.569071
2336,1.18329,-1.04503,0.555056
2337,1.18329,-1.04503,0.555056
2338,1.18329,-1.04503,0.555056
2339,1.18329,-1.04503,0.555056
2340,1.18329,-1.04503,0.555056
2341,1.18329,-1.04503,0.555056
2342,1.14132,-1.01224,0.527238
2343,1.10731,-0.948597,0.571219
2344,1.10731,-0.948597,0.571219
2345,1.07112,-0.917004,0.553529
2346,1.07112,-0.917004,0.553529
2347,1.07112,-0.917004,0.553529
2348,1.07112,-0.917004,0.553529
2349,1.07112,-0.917004,0.553529
2350,1.07112,-0.917004,0.553529
2351,1.07112,-0.917004,0.553529
2352,1.07112,-0.917004,0.553529
2353,1.07112,-0.917004,0.553529
2354,1.07112,-0.917004,0.553529
2355,1.07112,-0.917004,0.553529
2356,0.94471,-0.833455,0.44478
2357,0.94471,-0.833455,0.44478
2358,0.94471,-0.833455,0.44478
2359,0.94471,-0.833455,0.44478
2360,1.00029,-0.898116,0.440416
2361,0.95267,-0.844635,0.44065
2362,0.95267,-0.844635,0.44065
2363,0.882896,-0.793971,0.386155
2364,0.948852,-0.863513,0.393276
2365,0.948263,-0.866319,0.38561
2366,1.0622,-0.922234,0.527031
2367,1.0622,-0.922234,0.527031
2368,1.0622,-0.922234,0.527031
2369,0.957025,-0.777162,0.558494
2370,0.957025,-0.777162,0.558494
2371,1.03343,-0.846058,0.593434
2372,1.03343,-0.846058,0.593434
2373,1.03343,-0.846058,0.593434
2374,1.00289,-0.775365,0.63608
2375,1.02756,-0.860521,0.561593
2376,1.06894,-0.865058,0.627939
2377,1.05969,-0.877737,0.593739
2378,1.0152,-0.795562,0.630649
2379,1.08382,-0.854601,0.666581
2380,1.06203,-0.835881,0.655147
2381,1.06203,-0.835881,0.655147
2382,1.133,-0.849955,0.749175
2383,1.133,-0.849955,0.749175
2384,1.03749,-0.799066,0.661726
2385,1.00455,-0.834854,0.558702
2386,1.11307,-0.97498,0.536981
2387,1.12883,-0.995846,0.531556
2388,1.02269,-0.868762,0.539585
2389,1.02269,-0.868762,0.539585
2390,1.06157,-0.952514,0.468662
2391,1.10131,-1.01629,0.424305
2392,1.10131,-1.01629,0.424305
2393,1.10131,-1.01629,0.424305
2394,1.10131,-1.01629,0.424305
2395,1.10131,-1.01629,0.424305
2396,1.01892,-0.994296,0.222661
2397,1.0212,-0.979676,0.288249
2398,1.0212,-0.979676,0.288249
2399,0.999651,-0.940344,0.339199
2400,0.904347,-0.864136,0.266668
2401,0.904836,-0.87681,0.223454
2402,0.951329,-0.925816,0.218841
2403,0.940412,-0.900509,0.271031
2404,0.935929,-0.853181,0.384765
2405,0.877589,-0.805499,0.34833
2406,0.961714,-0.89125,0.361341
2407,0.961714,-0.89125,0.361341
2408,0.978945,-0.914991,0.348029
2409,0.978945,-0.914991,0.348029
2410,0.978945,-0.914991,0.348029
2411,0.898992,-0.851086,0.289549
2412,0.898992,-0.851086,0.289549
2413,0.903762,-0.83049,0.356473
2414,0.903762,-0.83049,0.356473
2415,0.903762,-0.83049,0.356473
2416,0.903762,-0.83049,0.356473
2417,0.903762,-0.83049,0.356473
2418,0.903762,-0.83049,0.356473
2419,1.00644,-0.93215,0.37949
2420,1.00007,-0.909299,0.416312
2421,0.885623,-0.822072,0.329433
2422,0.939045,-0.908558,0.237335
2423,0.993072,-0.945275,0.304381
2424,1.086,-1.04151,0.307652
2425,1.1315,-1.08337,0.326486
2426,1.1315,-1.08337,0.326486
2427,1.1315,-1.08337,0.326486
2428,0.993069,-0.925889,0.35905
2429,1.07455,-1.00042,0.392207
2430,1.13698,-1.0412,0.456755
2431,1.14849,-1.0756,0.402655
2432,1.11885,-1.06126,0.35431
2433,1.03019,-0.948075,0.40305
2434,1.03019,-0.948075,0.40305
2435,1.03019,-0.948075,0.40305
2436,1.00402,-0.933299,0.370139
2437,1.00402,-0.933299,0.370139
2438,1.00402,-0.933299,0.370139
2439,1.10622,-0.999955,0.473084
2440,1.10622,-0.999955,0.473084
2441,1.10622,-0.999955,0.473084
2442,1.15508,-1.01283,0.555321
2443,1.05472,-0.949454,0.459324
2444,1.03919,-0.918899,0.485331
2445,0.991103,-0.852099,0.506175
2446,0.991103,-0.852099,0.506175
2447,0.956855,-0.742915,0.603032
2448,0.956855,-0.742915,0.603032
2449,0.936759,-0.804039,0.480666
2450,0.855727,-0.683201,0.515271
2451,0.855727,-0.683201,0.515271
2452,0.839373,-0.702159,0.459914
2453,0.839373,-0.702159,0.459914
2454,0.825216,-0.628258,0.535045
2455,0.92683,-0.737553,0.561276
2456,0.938501,-0.757687,0.5538
2457,0.923753,-0.760225,0.524764
2458,0.917425,-0.759408,0.514751
2459,0.917425,-0.759408,0.514751
2460,0.920383,-0.793801,0.465815
2461,0.920383,-0.793801,0.465815
2462,0.993435,-0.857814,0.501067
2463,0.993435,-0.857814,0.501067
2464,0.993435,-0.857814,0.501067
2465,0.900976,-0.765775,0.474706
2466,0.900976,-0.765775,0.474706
2467,0.875203,-0.761027,0.432224
2468,0.848521,-0.751604,0.393801
2469,0.806679,-0.689254,0.419119
2470,0.859706,-0.756734,0.407981
2471,0.859706,-0.756734,0.407981
2472,1.01028,-0.894196,0.470193
2473,0.981599,-0.892018,0.409685
2474,0.987808,-0.932954,0.324595
2475,0.987808,-0.932954,0.324595
2476,0.895317,-0.858903,0.252744
2477,0.895317,-0.858903,0.252744
2478,0.979549,-0.956036,0.213335
2479,0.979549,-0.956036,0.213335
2480,0.989817,-0.962315,0.231705
2481,0.92284,-0.901784,0.196008
2482,0.92284,-0.901784,0.196008
2483,0.935522,-0.910473,0.215036
2484,0.975125,-0.96924,0.10697
2485,0.89445,-0.884173,0.135204
2486,0.89445,-0.884173,0.135204
2487,0.908653,-0.903404,0.0975264
2488,0.908653,-0.903404,0.0975264
2489,0.946018,-0.940704,0.100137
2490,0.946018,-0.940704,0.100137
2491,0.935079,-0.931351,0.0834149
2492,0.923386,-0.918549,0.0943892
2493,0.914078,-0.911336,0.0707429
2494,0.914078,-0.911336,0.0707429
2495,0.977944,-0.975634,0.0671875
2496,0.99043,-0.981536,0.132429
2497,0.964703,-0.963541,0.0473235
2498,0.964703,-0.963541,0.0473235
2499,0.991713,-0.990304,-0.0528594
2500,0.991713,-0.990304,-0.0528594
2501,0.959112,-0.958302,-0.0393857
2502,0.959112,-0.958302,-0.0393857
2503,0.959112,-0.958302,-0.0393857
2504,0.924782,-0.884824,-0.268901
2505,0.968688,-0.913878,-0.321224
2506,1.00576,-0.965538,-0.28157
2507,0.973686,-0.940079,-0.253606
2508,0.973686,-0.940079,-0.253606
2509,0.955773,-0.911734,-0.286782
2510,0.979211,-0.93638,-0.286439
2511,0.979211,-0.93638,-0.286439
2512,0.978177,-0.932163,-0.296484
2513,0.978443,-0.923914,-0.322078
2514,1.03742,-0.993337,-0.2992
2515,1.03742,-0.993337,-0.2992
2516,1.03742,-0.993337,-0.2992
2517,1.03742,-0.993337,-0.2992
2518,1.03742,-0.993337,-0.2992
2519,0.91894,-0.885425,-0.245913
2520,0.939229,-0.902081,-0.261535
2521,0.928482,-0.911946,-0.17445
2522,1.02062,-1.00003,-0.203992
2523,1.02062,-1.00003,-0.203992
2524,0.992418,-0.984634,-0.124055
2525,0.992418,-0.984634,-0.124055
2526,0.960381,-0.955874,-0.0929399
2527,0.961606,-0.960108,0.0536703
2528,1.03102,-1.02978,0.050575
2529,1.00147,-1.00135,0.0150065
2530,1.10873,-1.10873,0.00169341
2531,1.10873,-1.10873,0.00169341
2532,1.03895,-1.03702,-0.0633265
2533,1.03895,-1.03702,-0.0633265
2534,1.05933,-1.05895,-0.028524
2535,1.10978,-1.10709,-0.077084
2536,1.10978,-1.10709,-0.077084
2537,1.12977,-1.1277,-0.0684732
2538,1.13745,-1.13642,-0.0484344
2539,1.13745,-1.13642,-0.0484344
2540,1.13745,-1.13642,-0.0484344
2541,1.17315,-1.17315,0.000252159
2542,1.17315,-1.17315,0.000252159
2543,1.17315,-1.17315,0.000252159
2544,1.01698,-1.01627,0.0380076
2545,1.02898,-1.02808,-0.0431604
2546,1.02898,-1.02808,-0.0431604
2547,1.0232,-1.02254,-0.0368194
2548,1.0232,-1.02254,-0.0368194
2549,1.0232,-1.02254,-0.0368194
2550,1.0232,-1.02254,-0.0368194
2551,0.973095,-0.972037,0.0453635
2552,1.04666,-1.04243,0.0939933
2553,1.04666,-1.04243,0.0939933
2554,1.04438,-1.03396,0.147127
2555,0.97356,-0.966557,0.116555
2556,0.97356,-0.966557,0.116555
2557,0.97356,-0.966557,0.116555
2558,0.97356,-0.966557,0.116555
2559,0.97356,-0.966557,0.116555
2560,0.97356,-0.966557,0.116555
2561,1.11014,-1.09298,0.194476
2562,0.99272,-0.982661,0.140962
2563,0.981738,-0.975736,0.10839
2564,0.981738,-0.975736,0.10839
2565,0.941704,-0.933629,0.123061
2566,0.967077,-0.965063,0.0623817
2567,0.967077,-0.965063,0.0623817
2568,0.967077,-0.965063,0.0623817
2569,0.967077,-0.965063,0.0623817
2570,0.93903,-0.938647,0.0268069
2571,0.93903,-0.938647,0.0268069
2572,0.93903,-0.938647,0.0268069
2573,0.857087,-0.856679,0.026441
2574,0.857087,-0.856679,0.026441
2575,0.852007,-0.851771,-0.0200365
2576,0.852007,-0.851771,-0.0200365
2577,0.852007,-0.851771,-0.0200365
2578,0.852007,-0.851771,-0.0200365
2579,0.877367,-0.876199,0.0452571
2580,0.877367,-0.876199,0.0452571
2581,0.877367,-0.876199,0.0452571
2582,0.868755,-0.868374,0.0257511
2583,0.881518,-0.88131,0.0191535
2584,0.963198,-0.956022,-0.117351
2585,0.963198,-0.956022,-0.117351
2586,0.904283,-0.903105,-0.0461491
2587,0.89329,-0.891001,-0.0639075
2588,0.89329,-0.891001,-0.0639075
2589,0.89329,-0.891001,-0.0639075
2590,0.89329,-0.891001,-0.0639075
2591,0.89329,-0.891001,-0.0639075
2592,0.89329,-0.891001,-0.0639075
2593,0.89329,-0.891001,-0.0639075
2594,0.89329,-0.891001,-0.0639075
2595,0.942483,-0.938929,-0.0817704
2596,0.960755,-0.958156,-0.0706148
2597,0.985622,-0.980065,-0.104518
2598,0.985622,-0.980065,-0.104518
2599,0.985622,-0.980065,-0.104518
2600,0.980033,-0.978823,-0.0486966
2601,0.899202,-0.896849,-0.0650185
2602,0.991743,-0.978751,-0.159997
2603,1.0139,-1.00421,-0.139856
2604,1.0139,-1.00421,-0.139856
2605,1.02364,-1.0072,-0.182707
2606,1.02364,-1.0072,-0.182707
2607,1.02364,-1.0072,-0.182707
2608,0.991785,-0.97446,-0.184566
2609,0.991785,-0.97446,-0.184566
2610,0.988685,-0.966596,-0.20782
2611,0.909173,-0.907804,-0.049883
2612,0.909173,-0.907804,-0.049883
2613,1.01078,-1.00727,-0.0841713
2614,0.977504,-0.967067,-0.142459
2615,0.977504,-0.967067,-0.142459
2616,0.977504,-0.967067,-0.142459
2617,1.06252,-1.06071,-0.0619521
2618,1.05278,-1.04389,-0.136521
2619,1.0017,-0.981651,-0.199389
2620,1.0017,-0.981651,-0.199389
2621,1.0017,-0.981651,-0.199389
2622,1.03355,-1.02061,-0.163034
2623,1.01799,-1.01319,-0.0987647
2624,1.02668,-1.0231,-0.085743
2625,0.966044,-0.966013,0.00774566
2626,0.966044,-0.966013,0.00774566
2627,1.04852,-1.04845,-0.0120109
2628,1.04852,-1.04845,-0.0120109
2629,1.10071,-1.1,-0.0394482
2630,1.10071,-1.1,-0.0394482
2631,1.10071,-1.1,-0.0394482
2632,1.10071,-1.1,-0.0394482
2633,1.12873,-1.122,-0.123063
2634,1.13285,-1.11302,-0.211025
2635,1.16729,-1.13887,-0.256036
2636,1.12434,-1.10243,-0.220886
2637,1.15954,-1.08278,-0.414869
2638,1.15954,-1.08278,-0.414869
2639,1.134,-1.04247,-0.446317
2640,1.13899,-1.07595,-0.373664
2641,1.13899,-1.07595,-0.373664
2642,1.1264,-1.06626,-0.363136
2643,1.17713,-1.09516,-0.431588
2644,1.17713,-1.09516,-0.431588
2645,1.16592,-1.1019,-0.38102
2646,1.11945,-1.06031,-0.35906
2647,1.11945,-1.06031,-0.35906
2648,1.09773,-0.992757,-0.468441
2649,1.18299,-1.11343,-0.399657
2650,1.18299,-1.11343,-0.399657
2651,1.06947,-1.04376,-0.233082
2652,1.09501,-1.07918,-0.185528
2653,1.12079,-1.10839,-0.166269
2654,1.08952,-1.06945,-0.208164
2655,1.06468,-1.02474,-0.288854
2656,0.996788,-0.962647,-0.258641
2657,0.996788,-0.962647,-0.258641
2658,0.996788,-0.962647,-0.258641
2659,1.04495,-0.984316,-0.350772
2660,1.13456,-1.06891,-0.380344
2661,1.02186,-0.962566,-0.343016
2662,1.06108,-1.04059,-0.207536
2663,1.06108,-1.04059,-0.207536
2664,1.03077,-0.98042,-0.318211
2665,0.95555,-0.919231,-0.260941
2666,0.951805,-0.875239,-0.374018
2667,0.86489,-0.770485,-0.392923
2668,0.926514,-0.780807,-0.498766
2669,0.943948,-0.728944,-0.599733
2670,0.970157,-0.77733,-0.580485
2671,0.970157,-0.77733,-0.580485
2672,1.00065,-0.795214,-0.607409
2673,0.943621,-0.782822,-0.526887
2674,1.03229,-0.855398,-0.57786
2675,0.970176,-0.836875,-0.490796
2676,0.970176,-0.836875,-0.490796
2677,0.961481,-0.838866,-0.46984
2678,1.03268,-0.910767,-0.486765
2679,1.03268,-0.910767,-0.486765
2680,1.03268,-0.910767,-0.486765
2681,1.03268,-0.910767,-0.486765
2682,0.934462,-0.743542,-0.566007
2683,0.934462,-0.743542,-0.566007
2684,0.934462,-0.743542,-0.566007
2685,0.934462,-0.743542,-0.566007
2686,0.911173,-0.72187,-0.556004
2687,0.910934,-0.706876,-0.574566
2688,0.910934,-0.706876,-0.574566
2689,0.910934,-0.706876,-0.574566
2690,0.879509,-0.704375,-0.52668
2691,0.879509,-0.704375,-0.52668
2692,0.865631,-0.671144,-0.546701
2693,0.865631,-0.671144,-0.546701
2694,0.865631,-0.671144,-0.546701
2695,0.865631,-0.671144,-0.546701
2696,0.84899,-0.62179,-0.578066
2697,0.941847,-0.70044,-0.62965
2698,0.941847,-0.70044,-0.62965
2699,0.941847,-0.70044,-0.62965
2700,0.941847,-0.70044,-0.62965
2701,0.941847,-0.70044,-0.62965
2702,0.903192,-0.711108,-0.55685
2703,0.865951,-0.681625,-0.534096
2704,0.843781,-0.626578,-0.565125
2705,0.843781,-0.626578,-0.565125
2706,0.876904,-0.63726,-0.602379
2707,0.876904,-0.63726,-0.602379
2708,0.876904,-0.63726,-0.602379
2709,0.87399,-0.658636,-0.574505
2710,0.87399,-0.658636,-0.574505
2711,0.83673,-0.637269,-0.542223
2712,0.83673,-0.637269,-0.542223
2713,0.857142,-0.67123,-0.53305
2714,0.872379,-0.675231,-0.552366
2715,0.872379,-0.675231,-0.552366
2716,0.93242,-0.765521,-0.532339
2717,0.93242,-0.765521,-0.532339
2718,0.93242,-0.765521,-0.532339
2719,0.899321,-0.716233,-0.543865
2720,0.999568,-0.877126,-0.47936
2721,1.04524,-0.874901,-0.571913
2722,1.04524,-0.874901,-0.571913
2723,1.07706,-0.884604,-0.614435
2724,1.07706,-0.884604,-0.614435
2725,1.07369,-0.885341,-0.607444
2726,1.07369,-0.885341,-0.607444
2727,1.08556,-0.967086,-0.493142
2728,1.088,-0.956129,-0.5192
2729,0.949576,-0.787986,-0.52988
2730,0.949576,-0.787986,-0.52988
2731,0.989101,-0.785218,-0.60146
2732,0.985279,-0.703234,-0.690099
2733,0.926896,-0.662984,-0.647756
2734,0.926896,-0.662984,-0.647756
2735,1.01597,-0.67914,-0.755628
2736,1.01597,-0.67914,-0.755628
2737,1.01597,-0.67914,-0.755628
2738,1.01597,-0.67914,-0.755628
2739,0.905966,-0.638689,-0.642535
2740,0.906528,-0.631607,-0.65028
2741,0.894407,-0.593386,-0.669221
2742,0.894407,-0.593386,-0.669221
2743,0.894407,-0.593386,-0.669221
2744,0.99162,-0.662194,-0.738112
2745,0.99162,-0.662194,-0.738112
2746,0.99162,-0.662194,-0.738112
2747,1.03082,-0.704327,-0.752676
2748,0.987037,-0.649188,-0.743504
2749,0.987037,-0.649188,-0.743504
2750,0.940033,-0.638279,-0.690118
2751,0.940033,-0.638279,-0.690118
2752,0.940033,-0.638279,-0.690118
2753,1.01534,-0.690573,-0.744334
2754,1.05295,-0.61685,-0.853341
2755,1.05295,-0.61685,-0.853341
2756,1.05295,-0.61685,-0.853341
2757,1.05295,-0.61685,-0.853341
2758,1.03223,-0.620138,-0.82519
2759,1.03223,-0.620138,-0.82519
2760,1.0769,-0.652916,-0.856399
2761,1.05253,-0.657173,-0.822157
2762,1.05253,-0.657173,-0.822157
2763,1.05253,-0.657173,-0.822157
2764,1.05253,-0.657173,-0.822157
2765,1.0418,-0.760866,-0.711644
2766,1.0418,-0.760866,-0.711644
2767,1.07201,-0.785866,-0.729117
2768,1.1003,-0.891416,-0.645005
2769,1.1003,-0.891416,-0.645005
2770,1.1003,-0.891416,-0.645005
2771,1.1003,-0.891416,-0.645005
2772,1.14408,-0.921192,-0.678465
2773,1.24701,-1.06245,-0.652877
2774,1.26711,-1.05897,-0.695811
2775,1.21082,-1.0806,-0.546249
2776,1.21082,-1.0806,-0.546249
2777,1.21082,-1.0806,-0.546249
2778,1.13712,-0.991094,-0.557468
2779,1.14651,-1.0237,-0.51626
2780,1.14651,-1.0237,-0.51626
2781,1.043,-0.941894,-0.447983
2782,1.043,-0.941894,-0.447983
2783,1.08488,-1.00283,-0.413865
2784,1.04868,-1.00428,-0.301914
2785,1.05155,-0.977121,-0.388565
2786,0.986574,-0.923636,-0.346732
2787,0.986574,-0.923636,-0.346732
2788,1.09763,-1.04572,-0.333552
2789,1.09763,-1.04572,-0.333552
2790,1.09763,-1.04572,-0.333552
2791,0.966837,-0.889548,-0.378786
2792,0.926092,-0.864969,-0.33087
2793,1.0673,-0.983084,-0.41555
2794,1.00379,-0.918666,-0.404534
2795,1.00181,-0.870454,-0.495908
2796,1.04917,-0.927991,-0.489469
2797,0.989624,-0.878683,-0.455273
2798,0.989624,-0.878683,-0.455273
2799,0.993981,-0.835045,-0.539165
2800,0.968566,-0.75208,-0.610324
2801,0.968566,-0.75208,-0.610324
2802,0.968566,-0.75208,-0.610324
2803,0.968566,-0.75208,-0.610324
2804,0.968566,-0.75208,-0.610324
2805,1.06986,-0.834773,-0.669153
2806,1.07343,-0.826345,-0.685139
2807,1.07343,-0.826345,-0.685139
2808,1.07343,-0.826345,-0.685139
2809,1.07343,-0.826345,-0.685139
2810,1.0153,-0.74646,-0.688205
2811,1.00003,-0.789968,-0.613202
2812,1.04995,-0.858723,-0.604136
2813,1.04995,-0.858723,-0.604136
2814,1.04995,-0.858723,-0.604136
2815,0.993977,-0.799201,-0.590989
2816,0.951133,-0.754785,-0.578753
2817,0.953894,-0.804209,-0.512992
2818,0.953894,-0.804209,-0.512992
2819,0.983133,-0.800841,-0.570266
2820,0.878596,-0.737385,-0.477697
2821,0.934842,-0.782744,-0.511119
2822,0.934842,-0.782744,-0.511119
2823,0.944843,-0.820014,-0.469367
2824,0.944843,-0.820014,-0.469367
2825,0.944843,-0.820014,-0.469367
2826,1.00104,-0.872896,-0.490035
2827,1.03001,-0.872084,-0.548076
2828,1.03001,-0.872084,-0.548076
2829,1.03001,-0.872084,-0.548076
2830,1.02324,-0.783394,-0.658271
2831,1.02324,-0.783394,-0.658271
2832,0.997727,-0.815754,-0.574461
2833,0.997727,-0.815754,-0.574461
2834,0.944253,-0.718221,-0.613003
2835,0.951154,-0.69121,-0.653393
2836,1.03968,-0.751316,-0.718654
2837,1.06723,-0.831461,-0.669065
2838,1.06723,-0.831461,-0.669065
2839,1.06723,-0.831461,-0.669065
2840,1.13227,-0.908601,-0.675639
2841,1.12066,-0.855034,-0.724422
2842,1.12066,-0.855034,-0.724422
2843,1.1372,-0.863081,-0.740487
2844,1.1372,-0.863081,-0.740487
2845,1.21233,-0.941609,-0.763615
2846,1.21233,-0.941609,-0.763615
2847,1.1583,-0.890912,-0.740224
2848,1.22556,-0.946037,-0.779106
2849,1.22556,-0.946037,-0.779106
2850,1.22556,-0.946037,-0.779106
2851,1.24802,-1.01134,-0.731267
2852,1.24435,-1.00334,-0.73602
2853,1.24435,-1.00334,-0.73602
2854,1.20721,-0.985956,-0.696597
2855,1.18182,-0.988208,-0.648177
2856,1.14307,-0.885815,-0.72245
2857,1.17631,-0.888365,-0.77105
2858,1.17631,-0.888365,-0.77105
2859,1.2098,-0.902864,-0.805261
2860,1.175,-0.87024,-0.789501
2861,1.175,-0.87024,-0.789501
2862,1.36874,-1.07333,-0.849365
2863,1.36874,-1.07333,-0.849365
2864,1.29614,-1.00597,-0.817322
2865,1.33449,-1.05341,-0.81925
2866,1.44259,-1.11288,-0.91792
2867,1.34887,-1.05049,-0.846115
2868,1.34887,-1.05049,-0.846115
2869,1.22745,-0.907631,-0.826335
2870,1.11424,-0.873009,-0.692375
2871,1.11491,-0.827331,-0.74736
2872,1.11491,-0.827331,-0.74736
2873,1.11491,-0.827331,-0.74736
2874,1.10781,-0.731487,-0.831965
2875,1.06976,-0.6938,-0.814269
2876,1.06976,-0.6938,-0.814269
2877,1.14641,-0.85042,-0.768785
2878,1.07009,-0.856281,-0.641772
2879,1.07009,-0.856281,-0.641772
2880,1.07009,-0.856281,-0.641772
2881,1.07009,-0.856281,-0.641772
2882,1.0714,-0.852039,-0.649563
2883,1.0714,-0.852039,-0.649563
2884,1.06229,-0.85124,-0.635493
2885,1.24866,-0.930319,-0.832864
2886,1.24866,-0.930319,-0.832864
2887,1.14008,-0.838797,-0.772147
2888,1.0835,-0.865287,-0.652119
2889,1.03822,-0.86523,-0.573836
2890,1.06512,-0.844695,-0.64883
2891,1.08302,-0.889931,-0.617214
2892,0.998043,-0.804299,-0.590925
2893,1.05892,-0.833002,-0.653769
2894,0.966766,-0.748674,-0.611656
2895,1.03007,-0.853025,-0.577403
2896,1.00973,-0.801205,-0.614507
2897,1.06799,-0.847789,-0.649509
2898,1.07825,-0.826991,-0.691889
2899,1.10034,-0.790439,-0.765479
2900,1.10034,-0.790439,-0.765479
2901,1.10034,-0.790439,-0.765479
2902,1.00849,-0.73277,-0.692889
2903,1.06142,-0.798471,-0.699326
2904,0.993861,-0.682545,-0.722421
2905,0.993861,-0.682545,-0.722421
2906,1.02917,-0.773709,-0.678646
2907,1.07132,-0.850986,-0.650804
2908,1.10228,-0.903241,-0.631801
2909,1.1707,-1.0143,-0.58458
2910,1.0739,-0.930054,-0.536901
2911,1.0739,-0.930054,-0.536901
2912,1.0739,-0.930054,-0.536901
2913,1.18941,-1.10724,-0.434416
2914,1.18941,-1.10724,-0.434416
2915,1.10425,-1.03537,-0.383911
2916,1.11015,-1.05395,-0.348759
2917,1.0313,-0.999245,-0.25511
2918,1.0313,-0.999245,-0.25511
2919,1.0371,-0.966194,-0.376896
2920,1.06492,-0.97639,-0.425117
2921,1.06492,-0.97639,-0.425117
2922,1.10222,-1.05088,-0.332484
2923,1.0908,-1.06721,-0.225659
2924,1.07679,-1.05047,-0.236627
2925,1.07679,-1.05047,-0.236627
2926,1.10893,-1.06157,-0.320631
2927,1.06601,-1.00198,-0.36386
2928,1.12451,-1.0394,-0.429148
2929,1.12451,-1.0394,-0.429148
2930,1.12451,-1.0394,-0.429148
2931,1.17487,-1.08645,-0.447156
2932,1.12268,-1.0265,-0.454634
2933,1.17984,-1.09469,-0.4401
2934,1.17984,-1.09469,-0.4401
2935,1.12168,-1.02625,-0.452725
2936,1.12168,-1.02625,-0.452725
2937,1.15781,-1.04167,-0.505422
2938,1.15781,-1.04167,-0.505422
2939,1.2074,-1.11003,-0.475029
2940,1.13665,-1.04438,-0.448591
2941,1.12467,-1.04779,-0.408678
2942,1.16997,-1.12485,-0.321761
2943,1.2151,-1.15427,-0.379657
2944,1.24294,-1.16107,-0.443654
2945,1.17779,-1.13596,-0.311106
2946,1.17779,-1.13596,-0.311106
2947,1.19873,-1.17104,-0.25614
2948,1.19873,-1.17104,-0.25614
2949,1.13955,-1.1233,-0.19175
2950,1.16457,-1.14643,-0.20473
2951,1.16457,-1.14643,-0.20473
2952,1.07879,-1.0551,-0.224791
2953,0.986423,-0.951094,-0.26163
2954,0.986423,-0.951094,-0.26163
2955,1.03164,-1.01004,-0.210047
2956,1.05932,-1.04059,-0.198332
2957,1.04669,-1.03372,-0.164227
2958,1.04669,-1.03372,-0.164227
2959,1.00315,-0.979862,-0.214892
2960,1.03707,-1.01392,-0.217917
2961,1.00632,-0.997536,-0.132679
2962,1.00632,-0.997536,-0.132679
2963,1.02212,-0.979419,-0.292339
2964,1.02212,-0.979419,-0.292339
2965,1.0241,-0.978679,-0.301605
2966,1.0241,-0.978679,-0.301605
2967,1.02574,-0.982472,-0.294761
2968,0.967603,-0.900602,-0.353795
2969,0.885024,-0.812573,-0.350705
2970,0.934228,-0.84436,-0.399799
2971,0.934228,-0.84436,-0.399799
2972,0.934228,-0.84436,-0.399799
2973,0.920363,-0.837584,-0.381474
2974,0.920363,-0.837584,-0.381474
2975,0.970399,-0.897258,-0.369598
2976,0.985481,-0.85449,-0.490938
2977,1.02089,-0.903104,-0.476036
2978,1.02089,-0.903104,-0.476036
2979,1.02089,-0.903104,-0.476036
2980,1.00476,-0.920224,-0.403404
2981,1.00476,-0.920224,-0.403404
2982,0.950232,-0.883015,-0.351034
2983,1.05354,-0.962732,-0.427891
2984,1.06925,-0.990615,-0.402465
2985,1.12529,-1.0025,-0.51115
2986,1.0237,-0.890161,-0.505544
2987,1.00785,-0.854753,-0.534011
2988,0.971788,-0.824398,-0.514529
2989,0.915969,-0.755471,-0.517941
2990,0.915969,-0.755471,-0.517941
2991,0.923072,-0.737114,-0.55563
2992,1.05423,-0.788327,-0.699961
2993,1.05423,-0.788327,-0.699961
2994,1.08125,-0.776429,-0.752502
2995,1.0979,-0.882769,-0.65277
2996,1.06884,-0.857359,-0.638251
2997,1.07246,-0.839776,-0.667044
2998,1.06312,-0.812983,-0.685044
2999,1.06312,-0.812983,-0.685044
3000,1.05233,-0.774602,-0.712314
