MDTU,|Tr(L)|,ReTr(L),ImTr(L)
1,0.663988,0.663955,-0.0065738
2,0.515812,0.509385,-0.0811715
3,0.411231,0.41098,-0.0143526
4,0.415766,0.412601,-0.051207
5,0.405733,0.401245,-0.060178
6,0.38711,0.382137,0.0618495
7,0.400574,0.393078,0.077127
8,0.389939,0.369654,0.124131
9,0.393581,0.381282,0.0976225
10,0.401976,0.391877,0.089538
11,0.44327,0.435484,0.082716
12,0.395663,0.391547,0.05692
13,0.443562,0.443512,0.0066686
14,0.431276,0.431252,-0.00445909
15,0.40664,0.39684,0.08874
16,0.476439,0.468442,0.0869275
17,0.462503,0.452094,0.0975705
18,0.431993,0.431974,0.00410621
19,0.479504,0.47636,-0.054823
20,0.370238,0.36823,-0.0385103
21,0.398117,0.386297,-0.096288
22,0.367648,0.357537,-0.0856305
23,0.378234,0.363286,-0.105283
24,0.434518,0.427544,-0.077539
25,0.439196,0.41455,-0.145057
26,0.455323,0.448681,-0.0774855
27,0.455323,0.448681,-0.0774855
28,0.436169,0.426967,-0.0891235
29,0.445825,0.418185,-0.154536
30,0.41008,0.39458,-0.11168
31,0.482415,0.479812,-0.050051
32,0.430978,0.421698,-0.0889545
33,0.461213,0.457376,-0.05937
34,0.449603,0.446043,-0.0564715
35,0.440574,0.426225,-0.111522
36,0.42812,0.426096,0.0415905
37,0.421284,0.418821,0.0454874
38,0.492253,0.485818,0.0793335
39,0.45262,0.445392,0.0805645
40,0.438926,0.438924,0.00120221
41,0.45238,0.451113,-0.0338289
42,0.437306,0.436423,-0.0277746
43,0.452524,0.442652,-0.0940065
44,0.436479,0.431306,-0.066994
45,0.413889,0.385445,-0.150783
46,0.428004,0.398418,-0.156367
47,0.447759,0.426282,-0.13701
48,0.433658,0.400068,-0.167345
49,0.385108,0.364839,-0.123288
50,0.427809,0.38791,-0.180406
51,0.369093,0.32451,-0.175849
52,0.419501,0.3721,-0.193707
53,0.390841,0.342321,-0.188609
54,0.381616,0.294759,-0.24238
55,0.327087,0.238513,-0.223824
56,0.34283,0.252211,-0.23221
57,0.389174,0.283571,-0.266541
58,0.441908,0.334804,-0.288425
59,0.328609,0.266627,-0.192079
60,0.377627,0.322794,-0.195974
61,0.430427,0.368617,-0.222237
62,0.359451,0.275214,-0.231219
63,0.347372,0.292424,-0.1875
64,0.439322,0.35887,-0.253408
65,0.433109,0.21434,-0.376354
66,0.431403,0.288877,-0.320404
67,0.356193,0.209953,-0.287738
68,0.338071,0.169416,-0.292558
69,0.369301,0.285635,-0.234084
70,0.353915,0.277314,-0.219892
71,0.416608,0.311426,-0.276723
72,0.401175,0.204862,-0.344925
73,0.431661,0.256766,-0.34699
74,0.363625,0.205115,-0.300252
75,0.371822,0.22287,-0.297625
76,0.334531,0.199905,-0.268232
77,0.370398,0.20135,-0.31089
78,0.412222,0.232332,-0.340512
79,0.360323,0.213398,-0.290334
80,0.417098,0.297564,-0.292278
81,0.410568,0.182664,-0.367696
82,0.407209,0.166558,-0.371588
83,0.437419,0.15999,-0.40711
84,0.429088,0.176426,-0.39114
85,0.526038,0.187391,-0.491529
86,0.455248,0.164281,-0.424573
87,0.434795,0.161989,-0.403493
88,0.414719,0.144104,-0.388877
89,0.463833,0.163877,-0.433919
90,0.466069,0.184168,-0.428138
91,0.466069,0.184168,-0.428138
92,0.451525,0.23172,-0.387531
93,0.334812,0.200089,-0.268446
94,0.353827,0.177854,-0.305878
95,0.301898,0.13903,-0.267979
96,0.260971,0.0750475,-0.249947
97,0.264656,0.0986075,-0.2456
98,0.274456,0.09678,-0.256827
99,0.189133,0.065184,-0.177545
100,0.297723,0.0569725,-0.292222
101,0.297723,0.0569725,-0.292222
102,0.408749,0.051756,-0.405459
103,0.330217,0.0672,-0.323307
104,0.343909,0.0635735,-0.337982
105,0.287896,0.063418,-0.280824
106,0.331867,0.0949125,-0.318005
107,0.373006,0.098452,-0.359779
108,0.414248,0.183814,-0.371233
109,0.383326,0.175901,-0.340585
110,0.394048,0.131922,-0.371309
111,0.434255,0.155768,-0.405357
112,0.43658,0.0301567,-0.435537
113,0.412209,-0.0680725,-0.40655
114,0.412365,-0.00810925,-0.412286
115,0.463654,-0.0607525,-0.459657
116,0.416211,-0.131586,-0.394863
117,0.447281,-0.129017,-0.42827
118,0.436574,-0.164894,-0.404236
119,0.389213,-0.11444,-0.372008
120,0.376536,-0.176177,-0.332778
121,0.371637,-0.144962,-0.342199
122,0.443312,-0.052613,-0.440179
123,0.438164,-0.101708,-0.426196
124,0.456536,-0.0761275,-0.450144
125,0.43696,-0.079137,-0.429734
126,0.408582,0.00308995,-0.40857
127,0.365997,0.0661575,-0.359968
128,0.390617,0.156918,-0.357712
129,0.301138,0.0568885,-0.295716
130,0.402201,0.0836745,-0.393401
131,0.403352,0.119633,-0.385203
132,0.424661,0.167814,-0.390097
133,0.389104,0.166752,-0.351562
134,0.349982,0.130254,-0.32484
135,0.358307,0.200652,-0.296855
136,0.306932,0.123399,-0.281033
137,0.280349,0.103827,-0.260414
138,0.427049,0.258218,-0.340139
139,0.428244,0.232476,-0.35965
140,0.391311,0.208207,-0.331322
141,0.425098,0.219283,-0.364175
142,0.404562,0.224186,-0.336765
143,0.401804,0.26944,-0.298075
144,0.40487,0.274936,-0.297203
145,0.432407,0.243775,-0.357141
146,0.407793,0.21097,-0.34898
147,0.350534,0.130787,-0.325221
148,0.347033,0.155842,-0.310072
149,0.31756,0.172187,-0.266825
150,0.304666,0.103981,-0.286373
151,0.3048,0.097431,-0.288808
152,0.361234,0.161205,-0.323269
153,0.347615,0.145922,-0.315505
154,0.33371,0.140454,-0.302713
155,0.384307,0.126631,-0.362845
156,0.354175,0.0769315,-0.345719
157,0.441782,0.195526,-0.396157
158,0.438162,0.217039,-0.380631
159,0.469071,0.212399,-0.418227
160,0.434462,0.213597,-0.378329
161,0.397906,0.200817,-0.343515
162,0.38316,0.206216,-0.322933
163,0.410613,0.278931,-0.301331
164,0.473055,0.375387,-0.287863
165,0.420608,0.382808,-0.174266
166,0.347424,0.310235,-0.156389
167,0.438158,0.357416,-0.253449
168,0.473515,0.42534,-0.208092
169,0.45359,0.397744,-0.218046
170,0.535216,0.51278,-0.15334
171,0.483515,0.465178,-0.131892
172,0.47281,0.466458,-0.0772415
173,0.434363,0.426411,-0.0827385
174,0.418504,0.401848,-0.116893
175,0.46403,0.45772,-0.0762695
176,0.48311,0.478815,-0.064279
177,0.451158,0.433385,-0.125386
178,0.430785,0.424016,-0.076068
179,0.465254,0.438391,-0.155803
180,0.448895,0.444947,-0.059405
181,0.438563,0.438542,0.00434112
182,0.419785,0.414938,0.0636075
183,0.352696,0.345566,0.070564
184,0.383735,0.376626,0.0735225
185,0.455743,0.453543,0.0447257
186,0.46902,0.462174,0.0798425
187,0.400362,0.386944,0.102782
188,0.430663,0.36087,0.235038
189,0.459994,0.426704,0.171808
190,0.481739,0.434957,0.207085
191,0.481739,0.434957,0.207085
192,0.402013,0.353675,0.191125
193,0.39116,0.366162,0.137593
194,0.436336,0.414474,0.136383
195,0.449347,0.44459,0.065213
196,0.475725,0.475641,0.00896655
197,0.443405,0.443279,0.0105466
198,0.462884,0.462303,0.0231893
199,0.410967,0.408659,-0.0434964
200,0.400837,0.39027,-0.0914305
201,0.330436,0.31803,-0.089691
202,0.427912,0.42509,-0.0490638
203,0.461379,0.441644,-0.133497
204,0.417873,0.401108,-0.117176
205,0.40441,0.380402,-0.137265
206,0.450867,0.447591,-0.054251
207,0.438335,0.438298,0.0057021
208,0.440417,0.440416,0.00107382
209,0.435503,0.433911,0.0372046
210,0.45619,0.453505,0.0494247
211,0.441116,0.414548,0.150777
212,0.428282,0.398473,0.156984
213,0.428165,0.405984,0.136022
214,0.467318,0.460174,0.0814025
215,0.466064,0.429127,0.181839
216,0.437533,0.434922,0.0477241
217,0.485888,0.460689,0.154441
218,0.441497,0.415538,0.149156
219,0.43496,0.401097,0.168262
220,0.461414,0.447198,0.113654
221,0.406294,0.374991,0.156386
222,0.416308,0.363818,0.202357
223,0.432474,0.414513,0.123342
224,0.422499,0.395075,0.149737
225,0.46885,0.454476,0.115202
226,0.439174,0.434953,0.060744
227,0.439174,0.434953,0.060744
228,0.463269,0.46124,-0.0433083
229,0.473866,0.461438,-0.107816
230,0.464415,0.435592,-0.16106
231,0.452397,0.43308,-0.130786
232,0.439206,0.393712,-0.194661
233,0.460398,0.393601,-0.238842
234,0.450994,0.386922,-0.231704
235,0.426992,0.399693,-0.150227
236,0.324421,0.244541,-0.213186
237,0.298207,0.235579,-0.182838
238,0.352808,0.221422,-0.274674
239,0.323402,0.247342,-0.208352
240,0.38304,0.258592,-0.282577
241,0.38304,0.258592,-0.282577
242,0.349191,0.215131,-0.275052
243,0.38311,0.3034,-0.233927
244,0.38311,0.3034,-0.233927
245,0.344102,0.236799,-0.249664
246,0.326612,0.201366,-0.257153
247,0.238521,0.162612,-0.174497
248,0.321972,0.218988,-0.23603
249,0.348938,0.19108,-0.29197
250,0.363354,0.26035,-0.253464
251,0.388597,0.333296,-0.199805
252,0.379224,0.301917,-0.22947
253,0.395991,0.28285,-0.277137
254,0.401081,0.31747,-0.24511
255,0.438161,0.372499,-0.230717
256,0.448875,0.434121,-0.114139
257,0.417392,0.402658,-0.109923
258,0.455236,0.453262,-0.0423511
259,0.445578,0.441541,0.0598455
260,0.397665,0.396037,-0.0359507
261,0.380881,0.378418,-0.0432384
262,0.414026,0.41223,-0.0385187
263,0.414026,0.41223,-0.0385187
264,0.333439,0.332889,-0.0191352
265,0.398242,0.398242,-0.000340231
266,0.43277,0.425189,0.080649
267,0.453314,0.452792,0.0217422
268,0.332459,0.33141,0.0263879
269,0.410093,0.410093,0.000230555
270,0.394894,0.389469,-0.0652345
271,0.449886,0.449879,0.00247942
272,0.405282,0.40224,0.0495647
273,0.434216,0.431115,0.051805
274,0.412244,0.412216,-0.00474571
275,0.355048,0.354886,0.0107341
276,0.347405,0.338693,-0.0773115
277,0.352552,0.320277,-0.147364
278,0.423836,0.40794,-0.114989
279,0.470532,0.447007,-0.14692
280,0.443624,0.40882,-0.172247
281,0.382178,0.319437,-0.209809
282,0.411023,0.335334,-0.237679
283,0.438149,0.365432,-0.241731
284,0.457558,0.379837,-0.255114
285,0.418435,0.336672,-0.248474
286,0.469457,0.367299,-0.292373
287,0.48579,0.380028,-0.302607
288,0.462745,0.373937,-0.272589
289,0.462745,0.373937,-0.272589
290,0.447151,0.382777,-0.231138
291,0.398799,0.366497,-0.157226
292,0.412302,0.37937,-0.161466
293,0.422312,0.389037,-0.164308
294,0.465871,0.390852,-0.253517
295,0.452062,0.329165,-0.309856
296,0.452652,0.348843,-0.288448
297,0.380092,0.349535,-0.149315
298,0.308807,0.254478,-0.174936
299,0.310486,0.292168,-0.105069
300,0.376312,0.36253,-0.100913
301,0.376312,0.36253,-0.100913
302,0.362808,0.35116,-0.0911925
303,0.37929,0.371684,-0.075576
304,0.398341,0.396544,-0.0377984
305,0.392787,0.384008,-0.0825825
306,0.34522,0.344214,0.0263406
307,0.30624,0.29036,0.097336
308,0.337467,0.290731,0.171346
309,0.292351,0.252846,0.146758
310,0.303189,0.232969,0.194033
311,0.302602,0.286214,0.0982325
312,0.27118,0.268981,0.0344656
313,0.363711,0.363702,-0.0026755
314,0.344155,0.344095,-0.0064673
315,0.325291,0.312634,-0.0898575
316,0.325291,0.312634,-0.0898575
317,0.336795,0.327578,-0.07825
318,0.300047,0.286297,-0.0897895
319,0.300047,0.286297,-0.0897895
320,0.244481,0.20635,-0.131112
321,0.275608,0.253116,-0.109051
322,0.244005,0.237147,-0.0574425
323,0.235506,0.220278,-0.0833105
324,0.174563,0.173734,-0.0169964
325,0.15337,0.150255,0.030756
326,0.140428,0.138895,-0.0206916
327,0.214721,0.214697,0.00320464
328,0.137395,0.131712,0.0391077
329,0.217832,0.217596,0.0101256
330,0.229187,0.224013,0.0484231
331,0.192139,0.185563,0.0498363
332,0.234516,0.233872,0.0173721
333,0.235756,0.232823,0.0370706
334,0.224277,0.221471,0.0353624
335,0.267501,0.240736,0.116631
336,0.335182,0.320497,0.0981255
337,0.38983,0.38663,0.0498495
338,0.325873,0.325802,-0.0068254
339,0.379082,0.367179,0.09425
340,0.408815,0.387956,0.128915
341,0.390598,0.371683,0.120077
342,0.390642,0.372725,0.116949
343,0.305006,0.289614,0.0956685
344,0.421081,0.383933,0.172931
345,0.369811,0.360913,0.080635
346,0.387182,0.373652,0.101461
347,0.448303,0.442963,0.068987
348,0.407618,0.404558,-0.0498501
349,0.43223,0.430113,-0.0427271
350,0.45451,0.453305,-0.0330682
351,0.391132,0.390923,-0.0128007
352,0.445396,0.442537,-0.050381
353,0.495037,0.492399,-0.0510415
354,0.454027,0.450652,-0.0552555
355,0.444621,0.426513,-0.1256
356,0.427819,0.378602,-0.199221
357,0.385693,0.369811,-0.109538
358,0.386659,0.36415,-0.129997
359,0.347744,0.340965,-0.0683325
360,0.31082,0.291828,-0.106983
361,0.315738,0.272726,-0.159095
362,0.311476,0.30098,-0.0801785
363,0.296389,0.264904,-0.132937
364,0.32661,0.319556,-0.0675145
365,0.33723,0.321032,-0.103261
366,0.311462,0.311397,0.00634395
367,0.352463,0.352251,-0.0122217
368,0.372929,0.370445,-0.0429703
369,0.35484,0.354774,-0.00683305
370,0.301056,0.293346,0.0676965
371,0.403229,0.391823,0.0952285
372,0.353811,0.339718,0.098863
373,0.283659,0.265253,0.100513
374,0.331327,0.328509,0.0431216
375,0.381469,0.373901,0.075608
376,0.354221,0.329754,0.129362
377,0.399002,0.378204,0.127141
378,0.340544,0.305484,0.1505
379,0.365987,0.300792,0.208496
380,0.313585,0.206146,0.236305
381,0.359108,0.305233,0.189187
382,0.401326,0.345033,0.204977
383,0.337232,0.250067,0.226256
384,0.37137,0.258586,0.266551
385,0.328509,0.2567,0.204995
386,0.340094,0.279116,0.194316
387,0.340094,0.279116,0.194316
388,0.391269,0.342012,0.19005
389,0.440031,0.382584,0.217386
390,0.363174,0.349077,0.100201
391,0.264607,0.262021,0.0369022
392,0.34789,0.346997,0.0249043
393,0.323445,0.32251,0.0245711
394,0.246191,0.246077,0.00751255
395,0.236794,0.23422,0.0348212
396,0.221769,0.221769,-7.43395e-05
397,0.371199,0.364065,-0.0724205
398,0.341634,0.328018,-0.0954915
399,0.395829,0.352179,-0.180695
400,0.427333,0.338761,-0.260489
401,0.395943,0.308543,-0.248137
402,0.377264,0.325768,-0.190271
403,0.429807,0.357231,-0.238998
404,0.366227,0.320481,-0.17724
405,0.362636,0.312788,-0.183491
406,0.362572,0.331552,-0.146738
407,0.362572,0.331552,-0.146738
408,0.305203,0.235453,-0.194192
409,0.384176,0.377501,-0.0713025
410,0.423378,0.399846,-0.139184
411,0.43373,0.432908,-0.0266778
412,0.390632,0.38779,-0.0470313
413,0.453433,0.444439,-0.0898635
414,0.445374,0.43347,-0.10228
415,0.453377,0.446227,-0.0801995
416,0.472142,0.427107,-0.20124
417,0.482734,0.420216,-0.237595
418,0.382645,0.325352,-0.201403
419,0.319626,0.284394,-0.145879
420,0.378454,0.358511,-0.121235
421,0.402561,0.39016,-0.0991505
422,0.474229,0.473735,-0.0216412
423,0.373118,0.373098,-0.00386622
424,0.376124,0.373859,0.0412197
425,0.403017,0.402942,0.0077668
426,0.423273,0.421901,-0.0340485
427,0.435126,0.42404,0.097596
428,0.399531,0.385248,0.105869
429,0.35661,0.352216,0.0558065
430,0.321017,0.320395,0.0199885
431,0.38587,0.384987,0.0260957
432,0.304488,0.3029,0.0310597
433,0.280154,0.278301,0.0321707
434,0.314251,0.289349,0.1226
435,0.345761,0.27033,0.215575
436,0.345761,0.27033,0.215575
437,0.368106,0.32652,0.169961
438,0.366765,0.352442,0.101497
439,0.264133,0.263686,-0.0153643
440,0.340179,0.338451,0.0342417
441,0.326956,0.325358,0.0322848
442,0.244875,0.233874,0.072573
443,0.244875,0.233874,0.072573
444,0.291401,0.263638,0.124136
445,0.357655,0.322666,0.154284
446,0.302187,0.257715,0.157796
447,0.358766,0.332898,0.133762
448,0.317038,0.292488,0.122325
449,0.370659,0.343824,0.138469
450,0.38566,0.38057,0.0624465
451,0.345473,0.344778,-0.0218913
452,0.333048,0.332431,0.0202716
453,0.271478,0.267894,-0.0439718
454,0.232739,0.232682,-0.00515115
455,0.29333,0.291969,-0.0282235
456,0.224096,0.223214,0.0198687
457,0.224096,0.223214,0.0198687
458,0.364337,0.362681,0.034701
459,0.336671,0.334377,0.0392355
460,0.333755,0.325555,0.073526
461,0.31169,0.311314,0.0152993
462,0.299809,0.299325,-0.0170352
463,0.354773,0.346181,-0.0776015
464,0.291141,0.28456,-0.061553
465,0.29366,0.293637,0.00371083
466,0.199608,0.199591,0.00260886
467,0.188458,0.188139,0.010961
468,0.26161,0.25934,-0.0343859
469,0.288867,0.273707,-0.0923495
470,0.249958,0.235059,-0.0850095
471,0.364026,0.351637,-0.0941595
472,0.30113,0.298344,-0.0408659
473,0.381897,0.38163,0.0142962
474,0.367837,0.367669,0.0110881
475,0.365934,0.364115,-0.0364367
476,0.348299,0.348272,-0.00434335
477,0.361429,0.360374,-0.0275937
478,0.301036,0.30079,-0.0121553
479,0.335063,0.305403,-0.137825
480,0.352822,0.348461,-0.0552985
481,0.352821,0.348461,-0.0552985
482,0.35989,0.347118,-0.0950225
483,0.333459,0.300625,-0.144291
484,0.321586,0.290984,-0.136916
485,0.321586,0.290984,-0.136916
486,0.347675,0.30693,-0.163314
487,0.32728,0.292857,-0.146105
488,0.327276,0.246702,-0.215052
489,0.286765,0.191142,-0.213772
490,0.324943,0.182944,-0.268551
491,0.34048,0.159794,-0.300653
492,0.298556,0.115369,-0.275365
493,0.373513,0.145575,-0.343976
494,0.389772,0.228026,-0.316111
495,0.374804,0.226136,-0.298899
496,0.399131,0.218581,-0.333958
497,0.463384,0.288621,-0.362522
498,0.473712,0.301565,-0.365324
499,0.381942,0.277182,-0.262773
500,0.358508,0.222594,-0.281033
501,0.37402,0.256325,-0.272377
502,0.348928,0.206067,-0.281579
503,0.423155,0.27688,-0.319995
504,0.348861,0.232777,-0.259844
505,0.36373,0.273622,-0.239647
506,0.370521,0.216329,-0.300812
507,0.349564,0.189497,-0.293745
508,0.285878,0.213516,-0.190098
509,0.390356,0.251254,-0.298746
510,0.390356,0.251254,-0.298746
511,0.322799,0.204288,-0.249932
512,0.345981,0.24332,-0.245964
513,0.347322,0.26593,-0.223414
514,0.32628,0.233555,-0.227838
515,0.302469,0.218611,-0.209036
516,0.280203,0.140608,-0.242369
517,0.266532,0.151622,-0.219203
518,0.333097,0.209064,-0.259317
519,0.317374,0.191392,-0.253171
520,0.321571,0.136979,-0.290938
521,0.297469,0.191565,-0.227575
522,0.222027,0.130174,-0.179863
523,0.222027,0.130174,-0.179863
524,0.222027,0.130174,-0.179863
525,0.327288,0.225721,-0.236997
526,0.349779,0.240414,-0.25406
527,0.331242,0.205411,-0.25986
528,0.379973,0.252289,-0.284129
529,0.410357,0.275131,-0.304461
530,0.410357,0.275131,-0.304461
531,0.388958,0.254382,-0.294241
532,0.439952,0.339756,-0.279506
533,0.40579,0.303782,-0.269039
534,0.279309,0.251182,-0.122151
535,0.26584,0.213684,-0.158145
536,0.256141,0.216375,-0.137077
537,0.266012,0.202993,-0.171919
538,0.19714,0.163642,-0.109934
539,0.199377,0.176445,-0.092836
540,0.211184,0.175677,-0.117203
541,0.369091,0.232234,-0.286872
542,0.309611,0.158023,-0.266248
543,0.325679,0.165821,-0.280304
544,0.356976,0.1471,-0.325259
545,0.378202,0.187966,-0.328186
546,0.34042,0.177831,-0.29028
547,0.309346,0.182702,-0.24963
548,0.348462,0.164994,-0.306924
549,0.387588,0.0446223,-0.385011
550,0.387588,0.0446223,-0.385011
551,0.334582,0.043355,-0.331761
552,0.371847,0.0827745,-0.362517
553,0.425865,0.250815,-0.34417
554,0.381653,0.218877,-0.312653
555,0.368716,0.188076,-0.317142
556,0.371064,0.176706,-0.326288
557,0.381034,0.247325,-0.289858
558,0.320462,0.211318,-0.240916
559,0.290849,0.149506,-0.249481
560,0.192095,0.0896945,-0.169869
561,0.213311,0.122196,-0.174842
562,0.122335,0.050774,-0.111301
563,0.177274,0.101723,-0.145184
564,0.11902,0.076168,-0.091456
565,0.151249,0.119668,-0.0924965
566,0.141573,0.122186,-0.071508
567,0.187057,0.140495,-0.123496
568,0.098235,0.072438,-0.066354
569,0.0920598,0.0791175,-0.0470683
570,0.190451,0.108155,-0.156761
571,0.116526,0.085576,-0.0790895
572,0.143261,0.0602825,-0.12996
573,0.0743509,0.0210209,-0.0713175
574,0.105513,0.0320092,-0.100541
575,0.105513,0.0320092,-0.100541
576,0.0264993,-0.0194968,0.0179468
577,0.0457469,-0.0402858,-0.0216758
578,0.0511779,0.00112705,-0.0511655
579,0.0575447,-0.0132836,-0.0559905
580,0.0258901,-0.0150189,0.0210887
581,0.0292922,-0.0121592,-0.0266494
582,0.0453458,-0.0440135,0.0109116
583,0.106532,-0.0959435,0.0463016
584,0.15146,-0.129836,0.0779915
585,0.171768,-0.148585,0.086179
586,0.152632,-0.116509,0.098601
587,0.259702,-0.16701,0.198879
588,0.217005,-0.111287,0.186297
589,0.215662,-0.0628015,0.206315
590,0.258287,-0.0856535,0.243671
591,0.280063,-0.117017,0.254445
592,0.300132,-0.106829,0.280477
593,0.232553,-0.161321,0.1675
594,0.259266,-0.166717,0.198555
595,0.308743,-0.256296,0.172149
596,0.29246,-0.219259,0.193542
597,0.291562,-0.22666,0.183394
598,0.328525,-0.277243,0.176253
599,0.301962,-0.256637,0.159117
600,0.284694,-0.248058,0.139708
601,0.255127,-0.226365,0.11768
602,0.295067,-0.202136,0.214955
603,0.302864,-0.226343,0.201236
604,0.291308,-0.237666,0.168451
605,0.241898,-0.16454,0.177316
606,0.241218,-0.178583,0.162156
607,0.272597,-0.191447,0.194054
608,0.342539,-0.208742,0.271587
609,0.335288,-0.201701,0.267834
610,0.318052,-0.212273,0.236848
611,0.293456,-0.148512,0.253103
612,0.350555,-0.243474,0.252209
613,0.351254,-0.1938,0.292951
614,0.353114,-0.188941,0.298313
615,0.379283,-0.227977,0.303121
616,0.414506,-0.300367,0.285648
617,0.301583,-0.208183,0.218201
618,0.255216,-0.165597,0.194199
619,0.351977,-0.240942,0.256584
620,0.311999,-0.151389,0.272809
621,0.346022,-0.0459246,0.342961
622,0.363154,-0.0569815,0.358656
623,0.45787,-0.0492889,0.455209
624,0.358473,-0.0131647,0.358231
625,0.314245,-0.0203628,0.313585
626,0.314245,-0.0203628,0.313585
627,0.363958,-0.05775,0.359347
628,0.376444,-0.118495,0.357308
629,0.364424,-0.12484,0.342373
630,0.333957,-0.151371,0.297681
631,0.29307,-0.121828,0.266548
632,0.306044,-0.086961,0.29343
633,0.299771,-0.0233949,0.298857
634,0.27143,0.0324879,0.269479
635,0.299192,0.0641635,0.292231
636,0.268766,0.0572625,0.262595
637,0.323084,-0.00969505,0.322939
638,0.310242,0.0125402,0.309988
639,0.319907,-0.029818,0.318514
640,0.34941,0.051898,0.345535
641,0.40102,-0.0148042,0.400747
642,0.340987,-0.074486,0.332752
643,0.281912,0.0339595,0.279859
644,0.288721,0.0268209,0.287473
645,0.323522,0.00225039,0.323514
646,0.318607,0.0203732,0.317954
647,0.224015,0.0152107,0.223498
648,0.236784,0.0580635,0.229554
649,0.239045,0.05248,0.233213
650,0.203342,0.0412144,0.199122
651,0.256666,0.0678035,0.247549
652,0.180223,0.0698565,0.166134
653,0.27079,0.18577,0.19702
654,0.262652,0.233821,0.11964
655,0.262312,0.209211,0.158235
656,0.190023,0.139705,0.128807
657,0.17425,0.161588,0.0652095
658,0.206402,0.155154,0.136121
659,0.309163,0.266701,0.156372
660,0.293057,0.249953,0.152989
661,0.324029,0.262684,0.189717
662,0.335114,0.23515,0.238759
663,0.310897,0.224842,0.214716
664,0.279851,0.233906,0.153638
665,0.373035,0.308084,0.21033
666,0.270174,0.195503,0.186473
667,0.346319,0.289901,0.189459
668,0.346319,0.289901,0.189459
669,0.382045,0.298898,0.237946
670,0.342166,0.265848,0.215413
671,0.359812,0.318499,0.167401
672,0.321929,0.270006,0.175315
673,0.316672,0.246633,0.198629
674,0.406016,0.334539,0.23007
675,0.313542,0.286402,0.127603
676,0.276189,0.233113,0.148117
677,0.363554,0.265292,0.24858
678,0.363554,0.265292,0.24858
679,0.403374,0.304223,0.264875
680,0.389915,0.308684,0.238218
681,0.459948,0.368928,0.274671
682,0.467933,0.369183,0.287516
683,0.476013,0.334621,0.338552
684,0.357466,0.250877,0.254642
685,0.424767,0.29864,0.302063
686,0.405778,0.283243,0.290568
687,0.405778,0.283243,0.290568
688,0.393694,0.273919,0.282778
689,0.400836,0.335421,0.219459
690,0.382095,0.267677,0.272664
691,0.382095,0.267677,0.272664
692,0.360712,0.279514,0.228002
693,0.354445,0.277558,0.220437
694,0.339825,0.281113,0.190937
695,0.346318,0.28785,0.192558
696,0.379028,0.30142,0.229799
697,0.308729,0.238517,0.196018
698,0.321399,0.264802,0.182146
699,0.338078,0.253412,0.223783
700,0.293003,0.22272,0.190386
701,0.298653,0.225093,0.196282
702,0.320405,0.25764,0.190476
703,0.294166,0.247836,0.158464
704,0.287321,0.271388,0.0943485
705,0.220215,0.211994,0.0596095
706,0.241846,0.216939,0.106898
707,0.231725,0.225127,0.0549025
708,0.279165,0.278585,-0.0179996
709,0.217394,0.216119,-0.0235083
710,0.103027,0.10199,-0.0145814
711,0.131977,0.124002,-0.0451812
712,0.24956,0.239328,-0.070727
713,0.176667,0.130847,-0.118704
714,0.141102,0.123289,-0.0686275
715,0.250323,0.186789,-0.166648
716,0.270399,0.209885,-0.170483
717,0.280724,0.171882,-0.221952
718,0.237269,0.123733,-0.202452
719,0.326186,0.153027,-0.288063
720,0.353335,0.216637,-0.279131
721,0.412894,0.255734,-0.324163
722,0.418952,0.229656,-0.350398
723,0.386837,0.167409,-0.348736
724,0.440136,0.253269,-0.359965
725,0.369373,0.187809,-0.318063
726,0.397411,0.320697,-0.234709
727,0.346643,0.199377,-0.283567
728,0.382494,0.198129,-0.32718
729,0.462951,0.216695,-0.409104
730,0.492653,0.252498,-0.423027
731,0.504313,0.18932,-0.467429
732,0.392529,0.109634,-0.376908
733,0.397307,0.069876,-0.391114
734,0.427314,0.0385344,-0.425573
735,0.42939,0.0310243,-0.428268
736,0.471023,0.12555,-0.453982
737,0.430711,0.200061,-0.381428
738,0.396336,0.201569,-0.341251
739,0.390796,0.121194,-0.371528
740,0.424153,0.125476,-0.405168
741,0.418994,0.081424,-0.411006
742,0.332888,0.0700375,-0.325437
743,0.429795,0.192496,-0.384277
744,0.400173,0.266014,-0.298957
745,0.373551,0.252233,-0.275533
746,0.385582,0.274076,-0.271212
747,0.319168,0.221004,-0.230272
748,0.42647,0.360528,-0.227808
749,0.394879,0.29064,-0.267315
750,0.418009,0.324259,-0.263794
751,0.383237,0.323073,-0.206142
752,0.366452,0.312801,-0.190899
753,0.374152,0.31203,-0.206463
754,0.354148,0.277739,-0.21973
755,0.399114,0.315279,-0.244727
756,0.436573,0.377868,-0.218661
757,0.406909,0.329607,-0.238609
758,0.351579,0.296388,-0.189107
759,0.351579,0.296388,-0.189107
760,0.413386,0.321709,-0.259599
761,0.398517,0.32347,-0.232773
762,0.41984,0.306233,-0.287206
763,0.367339,0.27717,-0.24107
764,0.401221,0.294252,-0.272752
765,0.385522,0.26868,-0.276474
766,0.386106,0.290567,-0.254261
767,0.41903,0.371717,-0.193422
768,0.340978,0.237221,-0.244933
769,0.426863,0.284171,-0.318526
770,0.277359,0.199651,-0.19253
771,0.301543,0.21882,-0.207476
772,0.301543,0.21882,-0.207476
773,0.319073,0.224715,-0.226519
774,0.316169,0.219417,-0.227638
775,0.328224,0.262518,-0.197017
776,0.357334,0.283859,-0.217052
777,0.404381,0.322382,-0.244118
778,0.353243,0.318356,-0.15307
779,0.332064,0.279957,-0.178579
780,0.403106,0.343436,-0.211061
781,0.376646,0.325022,-0.190324
782,0.375064,0.341855,-0.154298
783,0.407412,0.370881,-0.168616
784,0.416013,0.392868,-0.136827
785,0.46922,0.40473,-0.237405
786,0.46922,0.40473,-0.237405
787,0.458065,0.422368,-0.177283
788,0.419743,0.39009,-0.154965
789,0.405962,0.390541,-0.110827
790,0.443361,0.440686,-0.048634
791,0.384197,0.380844,-0.050651
792,0.398316,0.397782,0.0206227
793,0.314157,0.310797,0.0458242
794,0.314157,0.310797,0.0458242
795,0.314157,0.310797,0.0458242
796,0.326029,0.322149,0.0501515
797,0.334921,0.33468,-0.0126847
798,0.26149,0.260023,0.0276598
799,0.253123,0.238681,0.0842765
800,0.299781,0.287757,0.084054
801,0.210772,0.201091,0.0631435
802,0.283468,0.268159,0.0918965
803,0.168122,0.14711,0.081385
804,0.155047,0.130266,0.084086
805,0.260418,0.254868,0.0534755
806,0.20384,0.200655,0.0358946
807,0.185327,0.184635,0.0160099
808,0.290292,0.282085,0.068537
809,0.300412,0.287762,0.0862585
810,0.36687,0.283358,0.233027
811,0.294055,0.239994,0.169914
812,0.271612,0.248055,0.110642
813,0.206826,0.200238,0.0517855
814,0.156614,0.154614,0.0249479
815,0.177164,0.154242,0.087158
816,0.122859,0.114376,0.0448607
817,0.107157,0.0937435,0.0519115
818,0.131406,0.103598,0.0808385
819,0.15217,0.111687,0.103353
820,0.115203,0.113884,0.0173821
821,0.145013,0.133242,0.0572315
822,0.134146,0.116322,0.066816
823,0.116861,0.101692,0.057579
824,0.191667,0.14678,0.123256
825,0.173685,0.165545,0.052547
826,0.146394,0.135055,0.05649
827,0.166385,0.120111,0.115141
828,0.216332,0.183112,0.115194
829,0.224732,0.195405,0.111002
830,0.219426,0.199255,0.091897
831,0.148362,0.098228,0.111187
832,0.1134,0.082441,0.077865
833,0.110948,0.062995,0.091329
834,0.171659,0.0994625,0.139907
835,0.0514571,0.0174758,0.0483987
836,0.0514571,0.0174758,0.0483987
837,0.0330796,0.0303984,-0.013046
838,0.0728595,0.054198,0.0486938
839,0.0566983,0.056655,0.00221441
840,0.0453185,-0.00237561,-0.0452562
841,0.0707589,0.0302962,-0.063945
842,0.0729383,-0.0179228,-0.070702
843,0.0190001,-0.00451356,-0.0184562
844,0.0862364,-0.0332011,-0.079589
845,0.0166219,-0.0114457,-0.0120533
846,0.0520012,-0.0425324,-0.0299184
847,0.0205045,-0.0013774,-0.0204582
848,0.0324792,0.0130084,-0.0297604
849,0.0633657,-0.0168147,-0.061094
850,0.0856283,0.063708,0.0572145
851,0.0536879,-0.0521645,0.0126985
852,0.0687435,-0.0213074,-0.065358
853,0.044619,-0.00581775,-0.0442381
854,0.0942634,-0.0448778,-0.082895
855,0.160704,-0.0451507,-0.15423
856,0.011337,0.0087555,-0.00720195
857,0.0313422,0.0280747,-0.0139335
858,0.0150287,-0.00759275,0.0129696
859,0.0528354,0.028566,0.0444473
860,0.10077,0.053341,0.085495
861,0.0980668,0.050206,0.0842405
862,0.172089,0.0994585,0.140437
863,0.155108,0.056505,0.14445
864,0.19181,0.150111,0.119405
865,0.111673,0.110215,0.0179813
866,0.0891967,0.0804475,0.0385259
867,0.0604651,0.0418396,0.0436518
868,0.100146,0.0738005,0.067696
869,0.269881,0.115445,0.243943
870,0.171136,0.0557235,0.161809
871,0.171136,0.0557235,0.161809
872,0.111726,0.058595,0.0951275
873,0.199221,0.0976155,0.173668
874,0.164775,0.075327,0.146549
875,0.217543,0.18051,0.121413
876,0.149922,0.127942,0.0781485
877,0.18853,0.164594,0.0919375
878,0.23496,0.178495,0.152792
879,0.189376,0.129291,0.138374
880,0.28953,0.212283,0.196885
881,0.268122,0.161143,0.214295
882,0.232774,0.131763,0.191891
883,0.29364,0.177828,0.23367
884,0.248227,0.188426,0.161593
885,0.248227,0.188426,0.161593
886,0.370507,0.29313,0.226605
887,0.324832,0.271975,0.177611
888,0.244115,0.203365,0.135037
889,0.360695,0.2159,0.288944
890,0.332046,0.221254,0.24759
891,0.332046,0.221254,0.24759
892,0.359373,0.191225,0.304273
893,0.336883,0.0976365,0.322425
894,0.316488,0.094185,0.302149
895,0.321772,0.158504,0.280025
896,0.321772,0.158504,0.280025
897,0.338992,0.076728,0.330194
898,0.317895,0.064351,0.311314
899,0.20914,0.0257576,0.207547
900,0.296399,0.0295513,0.294922
901,0.211356,-0.00702755,0.211239
902,0.193716,-0.0227288,0.192378
903,0.0974671,0.0173635,0.095908
904,0.240357,-0.0305518,0.238407
905,0.199366,-0.000212985,0.199366
906,0.261802,-0.0203654,0.261009
907,0.341066,-0.040894,0.338606
908,0.215379,-0.062056,0.206245
909,0.204854,-0.0383536,0.201232
910,0.153443,-0.04258,0.147417
911,0.241303,-0.102916,0.218255
912,0.191962,-0.118332,0.151151
913,0.142709,-0.073354,0.122414
914,0.208806,-0.059462,0.20016
915,0.104844,-0.00964295,0.1044
916,0.109253,-0.0293347,0.105242
917,0.148007,-0.0568595,0.136649
918,0.156222,-0.0345196,0.15236
919,0.107265,0.0158318,0.106091
920,0.064497,0.0507835,0.0397605
921,0.201044,-0.102372,0.173028
922,0.170113,-0.0993005,0.138122
923,0.0904481,-0.0119364,0.089657
924,0.137048,0.0124187,0.136485
925,0.112855,-0.051326,0.100508
926,0.09324,-0.0498827,0.0787745
927,0.0661897,0.0279467,0.0600005
928,0.029137,-0.0146653,0.0251773
929,0.0465742,-0.0465708,0.000558575
930,0.0762204,0.0262394,-0.0715615
931,0.12351,0.0473389,-0.114078
932,0.132928,0.051778,-0.122429
933,0.122715,0.075013,-0.0971185
934,0.160755,0.141572,-0.076154
935,0.0662119,0.0662075,0.000763415
936,0.0628785,0.061392,-0.0135915
937,0.0240447,0.0100623,-0.021838
938,0.0716745,0.0301548,-0.0650225
939,0.018865,-0.00645035,-0.017728
940,0.0639847,-0.0313167,0.055797
941,0.12889,0.00682385,0.12871
942,0.158382,-0.00251924,0.158361
943,0.112166,-0.00819145,0.111866
944,0.0333269,0.0183348,0.0278302
945,0.014648,0.014588,-0.00132446
946,0.138088,0.0509355,-0.128351
947,0.0978434,0.038144,-0.090102
948,0.113172,0.0227759,-0.110856
949,0.166226,0.073928,-0.148882
950,0.0806605,0.00177158,-0.080641
951,0.0408245,-0.0320288,-0.0253139
952,0.0770751,0.058547,-0.050128
953,0.10779,0.0074582,0.107532
954,0.0229764,0.0224605,0.00484158
955,0.00733906,0.00385914,-0.0062425
956,0.0647536,0.0297073,0.057537
957,0.102831,0.070479,-0.0748795
958,0.0523281,0.0315427,-0.0417527
959,0.0736465,0.0215469,-0.070424
960,0.054668,0.0370448,-0.040203
961,0.0591574,-0.0181325,-0.05631
962,0.052448,0.0078515,0.051857
963,0.0410618,-0.0100421,-0.0398149
964,0.128784,-0.01766,-0.127567
965,0.184802,-0.0270865,-0.182807
966,0.151042,0.0213536,-0.149525
967,0.154561,-0.076518,-0.134291
968,0.161242,-0.0618895,-0.148891
969,0.101637,-0.0106067,-0.101082
970,0.168111,-0.0152207,-0.16742
971,0.132383,-0.08654,-0.10018
972,0.0897382,-0.0263512,-0.085782
973,0.0311345,-0.00587585,-0.030575
974,0.0568439,0.0181009,-0.053885
975,0.0347198,-0.0247996,-0.024299
976,0.0653731,0.0230331,-0.061181
977,0.021147,0.0165378,-0.0131795
978,0.0909328,-0.0314702,0.0853135
979,0.0958639,0.00316973,0.0958115
980,0.08228,0.0167308,0.080561
981,0.0418527,0.0111559,0.0403385
982,0.0825645,0.0282105,0.0775955
983,0.101603,0.0185194,0.099901
984,0.0499007,-0.0323702,0.037977
985,0.205755,0.0922555,0.183914
986,0.218956,0.0429284,0.214707
987,0.245108,0.0683225,0.235394
988,0.264796,0.0708235,0.255149
989,0.192408,0.0429278,0.187558
990,0.219409,0.0023029,0.219396
991,0.225212,-0.050625,0.219448
992,0.233793,-0.0315603,0.231653
993,0.29732,-0.0267964,0.29611
994,0.290648,-0.072031,0.281581
995,0.331162,-0.0301473,0.329787
996,0.331162,-0.0301473,0.329787
997,0.303584,-0.051706,0.299148
998,0.345426,-0.0238897,0.344599
999,0.280965,-0.0697645,0.272166
1000,0.280965,-0.0697645,0.272166
1001,0.250544,-0.0403536,0.247273
1002,0.184089,-0.0424843,0.179119
1003,0.351051,-0.0115819,0.350859
1004,0.318372,0.00214278,0.318365
1005,0.312355,-0.0811055,0.301642
1006,0.3028,-0.177986,0.244967
1007,0.170168,-0.0731195,0.153658
1008,0.235314,-0.120775,0.201956
1009,0.15509,-0.068202,0.139289
1010,0.130366,-0.0862095,0.0977915
1011,0.0779723,-0.074391,0.0233595
1012,0.131306,-0.0760565,0.107036
1013,0.131306,-0.0760565,0.107036
1014,0.114717,-0.076169,0.08578
1015,0.154068,-0.0997705,0.117401
1016,0.162677,-0.088366,0.136584
1017,0.165691,-0.059336,0.154702
1018,0.199778,-0.153122,0.128315
1019,0.28865,-0.212675,0.195161
1020,0.316121,-0.246759,0.197592
1021,0.29787,-0.238122,0.178953
1022,0.31507,-0.188692,0.252318
1023,0.345834,-0.230752,0.257595
1024,0.356923,-0.248213,0.256485
1025,0.375243,-0.288878,0.239493
1026,0.39013,-0.345813,0.180596
1027,0.361864,-0.341964,0.118348
1028,0.326251,-0.250801,0.208659
1029,0.314367,-0.273984,0.154141
1030,0.231454,-0.21438,0.0872475
1031,0.260845,-0.225438,0.131217
1032,0.292853,-0.250433,0.151811
1033,0.292853,-0.250433,0.151811
1034,0.367872,-0.352164,0.106348
1035,0.401135,-0.400402,-0.0242463
1036,0.408883,-0.408639,-0.0141198
1037,0.387705,-0.387621,0.008082
1038,0.429774,-0.428714,0.0301547
1039,0.451887,-0.45175,0.0111109
1040,0.398323,-0.398203,-0.0097571
1041,0.438104,-0.432038,0.0726525
1042,0.404963,-0.399644,-0.065417
1043,0.415044,-0.402253,-0.102243
1044,0.374977,-0.337757,-0.162875
1045,0.371766,-0.371759,-0.00221541
1046,0.347234,-0.340838,0.0663395
1047,0.347568,-0.344892,0.0430448
1048,0.290567,-0.290323,-0.0119061
1049,0.378244,-0.378227,-0.00365633
1050,0.303689,-0.300291,0.0453055
1051,0.295784,-0.294828,-0.0237674
1052,0.372422,-0.372347,-0.0074552
1053,0.287109,-0.28247,-0.051401
1054,0.295883,-0.282116,-0.089203
1055,0.333848,-0.330724,-0.0455624
1056,0.399422,-0.399078,-0.0165709
1057,0.319614,-0.317858,-0.0334644
1058,0.432544,-0.412894,-0.12889
1059,0.434145,-0.42526,-0.087383
1060,0.44901,-0.416974,-0.166561
1061,0.453733,-0.424046,-0.161428
1062,0.461586,-0.442113,-0.132654
1063,0.399221,-0.388832,-0.0904805
1064,0.425068,-0.425067,0.000960825
1065,0.431646,-0.422938,-0.0862675
1066,0.368971,-0.368823,-0.0104424
1067,0.366909,-0.352431,-0.102051
1068,0.370671,-0.36044,-0.0864905
1069,0.392119,-0.384545,-0.0767005
1070,0.404265,-0.368802,-0.165575
1071,0.460569,-0.445041,-0.118585
1072,0.481197,-0.470401,-0.101358
1073,0.351641,-0.328732,-0.124848
1074,0.444974,-0.437002,-0.083853
1075,0.425811,-0.397503,-0.152664
1076,0.387467,-0.338649,-0.188275
1077,0.432672,-0.392736,-0.181557
1078,0.360986,-0.305503,-0.1923
1079,0.439412,-0.411762,-0.153412
1080,0.460598,-0.402396,-0.224117
1081,0.462874,-0.415063,-0.20488
1082,0.485411,-0.41207,-0.256558
1083,0.423438,-0.333191,-0.261312
1084,0.445669,-0.389138,-0.217239
1085,0.432191,-0.396872,-0.17112
1086,0.438672,-0.356389,-0.255773
1087,0.471828,-0.367328,-0.296129
1088,0.41998,-0.352468,-0.228362
1089,0.434165,-0.344339,-0.264443
1090,0.432624,-0.315424,-0.296094
1091,0.395269,-0.258903,-0.298675
1092,0.396498,-0.228132,-0.324294
1093,0.427276,-0.255209,-0.342685
1094,0.467478,-0.343468,-0.317121
1095,0.44189,-0.252246,-0.36282
1096,0.471781,-0.305677,-0.359359
1097,0.47488,-0.300449,-0.367752
1098,0.436837,-0.182619,-0.396833
1099,0.463873,-0.148971,-0.439302
1100,0.412531,-0.147457,-0.385277
1101,0.367448,-0.179851,-0.320424
1102,0.499589,-0.1982,-0.458591
1103,0.426957,-0.252065,-0.34461
1104,0.345827,-0.177131,-0.29702
1105,0.389472,-0.254824,-0.294538
1106,0.416022,-0.240566,-0.339415
1107,0.408125,-0.302797,-0.273642
1108,0.312699,-0.211772,-0.230073
1109,0.301229,-0.248458,-0.170316
1110,0.345952,-0.287121,-0.192988
1111,0.416475,-0.323703,-0.262045
1112,0.448589,-0.302511,-0.331239
1113,0.481432,-0.342571,-0.338263
1114,0.449077,-0.299308,-0.334791
1115,0.405551,-0.314072,-0.256576
1116,0.354057,-0.292585,-0.199377
1117,0.405313,-0.355165,-0.195285
1118,0.466804,-0.435016,-0.169313
1119,0.457646,-0.374423,-0.263149
1120,0.409367,-0.303308,-0.274929
1121,0.395909,-0.297889,-0.260779
1122,0.502779,-0.453836,-0.216379
1123,0.520835,-0.482109,-0.197079
1124,0.425236,-0.394769,-0.15806
1125,0.434101,-0.374883,-0.218876
1126,0.390144,-0.33449,-0.20082
1127,0.351465,-0.315507,-0.154864
1128,0.404154,-0.382221,-0.131328
1129,0.409774,-0.396132,-0.104852
1130,0.446001,-0.429957,-0.118549
1131,0.463921,-0.45079,-0.109595
1132,0.404932,-0.401514,-0.0525065
1133,0.374611,-0.363967,-0.088668
1134,0.375204,-0.354476,-0.122983
1135,0.283797,-0.25457,-0.125439
1136,0.338792,-0.32914,-0.080294
1137,0.322242,-0.308066,-0.094527
1138,0.241974,-0.221741,-0.096863
1139,0.291996,-0.23576,-0.172275
1140,0.291996,-0.23576,-0.172275
1141,0.291996,-0.23576,-0.172275
1142,0.304389,-0.234992,-0.193472
1143,0.22365,-0.207093,-0.084449
1144,0.183903,-0.153662,-0.101036
1145,0.168156,-0.150642,-0.074723
1146,0.277122,-0.270327,-0.0609875
1147,0.277448,-0.260846,-0.094537
1148,0.301005,-0.253532,-0.162251
1149,0.340019,-0.271967,-0.204075
1150,0.31022,-0.237363,-0.199739
1151,0.266786,-0.228122,-0.13833
1152,0.249062,-0.167593,-0.184241
1153,0.213819,-0.140818,-0.1609
1154,0.188969,-0.139765,-0.127182
1155,0.215354,-0.168714,-0.133838
1156,0.173271,-0.158572,-0.069842
1157,0.233621,-0.199368,-0.121784
1158,0.27738,-0.22796,-0.15803
1159,0.187843,-0.159324,-0.0995045
1160,0.164555,-0.157671,-0.0470976
1161,0.114885,-0.113297,-0.0190312
1162,0.19099,-0.186494,-0.041199
1163,0.153296,-0.143537,-0.0538215
1164,0.17107,-0.163059,-0.051736
1165,0.167645,-0.163923,-0.0351286
1166,0.236381,-0.232241,-0.0440417
1167,0.168654,-0.168353,0.0100672
1168,0.168654,-0.168353,0.0100672
1169,0.229062,-0.209552,0.0925075
1170,0.20416,-0.203574,0.0154539
1171,0.222182,-0.217911,0.0433552
1172,0.214193,-0.190015,0.098858
1173,0.226283,-0.215153,0.070091
1174,0.16907,-0.156614,0.0636905
1175,0.208368,-0.205934,0.0317562
1176,0.208368,-0.205934,0.0317562
1177,0.177664,-0.159642,0.0779665
1178,0.102699,-0.0990525,0.0271247
1179,0.150689,-0.140223,0.0551795
1180,0.129442,-0.121054,0.0458361
1181,0.110824,-0.105956,0.0324824
1182,0.14384,-0.103048,0.100355
1183,0.089959,-0.070393,0.056013
1184,0.0441275,-0.0432992,-0.0085094
1185,0.0555431,-0.052293,0.0187211
1186,0.0183973,-0.0092745,0.0158886
1187,0.0758717,0.00256004,-0.0758285
1188,0.143464,0.110071,-0.0920125
1189,0.216461,0.198274,-0.08685
1190,0.143765,0.130929,-0.0593805
1191,0.246366,0.210649,-0.127762
1192,0.261043,0.241976,-0.097935
1193,0.185515,0.182821,-0.0314979
1194,0.213654,0.202558,-0.0679575
1195,0.205955,0.205921,-0.00374553
1196,0.130383,0.11879,-0.053747
1197,0.119799,0.106001,-0.0558155
1198,0.207299,0.204411,-0.0344766
1199,0.212188,0.206455,-0.0489908
1200,0.212188,0.206455,-0.0489908
1201,0.149247,0.141755,-0.0466936
1202,0.17805,0.147312,-0.100006
1203,0.254923,0.231524,-0.106686
1204,0.143946,0.122537,-0.0755335
1205,0.220816,0.209752,-0.0690215
1206,0.220816,0.209752,-0.0690215
1207,0.194226,0.185193,-0.0585445
1208,0.0953978,0.05626,-0.0770425
1209,0.134483,0.051426,-0.124262
1210,0.103013,0.059003,-0.084441
1211,0.151242,0.109767,-0.104045
1212,0.169336,0.0844135,-0.146795
1213,0.183571,0.139606,-0.119198
1214,0.231903,0.227787,-0.0435029
1215,0.231903,0.227787,-0.0435029
1216,0.274053,0.273691,-0.0140725
1217,0.303123,0.302706,0.0158971
1218,0.213202,0.213201,-0.00053263
1219,0.233541,0.231922,-0.0274504
1220,0.302639,0.301515,0.0260618
1221,0.287787,0.283643,-0.0486642
1222,0.289116,0.275598,-0.08737
1223,0.297955,0.280388,-0.100795
1224,0.411931,0.381543,-0.155282
1225,0.384803,0.376495,-0.079531
1226,0.381904,0.375973,-0.067043
1227,0.377462,0.330399,-0.182522
1228,0.356232,0.333483,-0.125261
1229,0.394293,0.340921,-0.198089
1230,0.415937,0.395925,-0.127465
1231,0.390112,0.381805,-0.0800775
1232,0.429402,0.419619,-0.091139
1233,0.385362,0.370706,-0.105263
1234,0.358293,0.341772,-0.107544
1235,0.348618,0.338317,-0.084117
1236,0.376996,0.367739,-0.0830295
1237,0.383324,0.345616,-0.165791
1238,0.401372,0.358791,-0.179914
1239,0.306026,0.272238,-0.139778
1240,0.385194,0.373358,-0.0947515
1241,0.394835,0.394835,-0.000333535
1242,0.430631,0.429108,-0.0361805
1243,0.406164,0.406091,-0.00771035
1244,0.405319,0.404363,-0.027818
1245,0.410906,0.41061,-0.0155987
1246,0.416275,0.414986,-0.0327324
1247,0.438867,0.438047,0.0268079
1248,0.397081,0.394737,0.0430796
1249,0.473183,0.471351,0.0415998
1250,0.43812,0.436063,0.0424034
1251,0.39781,0.395024,0.0470053
1252,0.429666,0.425718,0.058108
1253,0.440457,0.439163,0.0337269
1254,0.407685,0.407394,-0.0153796
1255,0.358999,0.358699,0.0146806
1256,0.38134,0.377322,-0.055208
1257,0.387954,0.376501,-0.0935705
1258,0.412462,0.410333,-0.0418571
1259,0.417687,0.417005,0.0238613
1260,0.463464,0.452625,0.099648
1261,0.472833,0.451115,0.141654
1262,0.472833,0.451115,0.141654
1263,0.454745,0.452122,0.0487641
1264,0.411421,0.410994,-0.0187429
1265,0.481686,0.473398,-0.0889655
1266,0.413664,0.408425,-0.065626
1267,0.399127,0.398884,-0.0139302
1268,0.38647,0.382184,0.0573995
1269,0.383045,0.382864,-0.0117652
1270,0.370228,0.369388,-0.0249243
1271,0.360475,0.358608,0.036644
1272,0.361943,0.358328,-0.0510275
1273,0.420325,0.419675,-0.0233498
1274,0.402124,0.392014,-0.089603
1275,0.430016,0.399867,-0.158176
1276,0.405787,0.368107,-0.170762
1277,0.403055,0.381132,-0.131118
1278,0.374899,0.342952,-0.151436
1279,0.404693,0.384337,-0.126737
1280,0.383297,0.334419,-0.187297
1281,0.408973,0.35239,-0.207559
1282,0.387969,0.335689,-0.194507
1283,0.459372,0.354378,-0.292299
1284,0.459372,0.354378,-0.292299
1285,0.324477,0.25176,-0.2047
1286,0.382192,0.288971,-0.250132
1287,0.397767,0.291668,-0.270459
1288,0.40832,0.260353,-0.314549
1289,0.386232,0.203689,-0.328155
1290,0.327463,0.229675,-0.233412
1291,0.297269,0.266282,-0.132148
1292,0.370021,0.317048,-0.190778
1293,0.329664,0.30658,-0.121191
1294,0.231999,0.221537,-0.068882
1295,0.257316,0.24568,-0.076503
1296,0.272723,0.182613,-0.20256
1297,0.289501,0.201657,-0.207714
1298,0.338192,0.290099,-0.173829
1299,0.205758,0.182703,-0.094635
1300,0.238776,0.223749,-0.0833675
1301,0.268443,0.223227,-0.149102
1302,0.370817,0.338078,-0.152344
1303,0.414611,0.408403,-0.0714815
1304,0.37743,0.374251,-0.0488848
1305,0.371716,0.371578,-0.0101273
1306,0.371716,0.371578,-0.0101273
1307,0.397342,0.396161,-0.0306158
1308,0.430524,0.430034,-0.0205271
1309,0.430524,0.430034,-0.0205271
1310,0.37846,0.378358,0.0087684
1311,0.387536,0.383064,0.0587025
1312,0.348418,0.34743,0.0262181
1313,0.428808,0.426611,0.0433487
1314,0.32514,0.322587,0.0406654
1315,0.305177,0.304814,-0.0148864
1316,0.35007,0.347085,-0.0456251
1317,0.273695,0.273554,-0.00880405
1318,0.332254,0.33212,-0.00941835
1319,0.365817,0.363654,0.0397201
1320,0.398864,0.384319,0.106731
1321,0.415234,0.410355,0.063468
1322,0.456347,0.452452,0.0594975
1323,0.383242,0.382823,0.0179288
1324,0.295816,0.290488,0.0558945
1325,0.374248,0.352759,0.124991
1326,0.389255,0.378076,0.092617
1327,0.429832,0.413336,0.117938
1328,0.429832,0.413336,0.117938
1329,0.458415,0.448404,0.095278
1330,0.443602,0.42881,0.113599
1331,0.435389,0.413967,0.134889
1332,0.500754,0.480606,0.140618
1333,0.401512,0.38941,0.097839
1334,0.378203,0.360198,0.115303
1335,0.378203,0.360198,0.115303
1336,0.40087,0.374781,0.142251
1337,0.342586,0.328884,0.0959175
1338,0.351809,0.292968,0.19478
1339,0.27653,0.233154,0.148687
1340,0.252628,0.17165,0.185357
1341,0.240149,0.179908,0.159075
1342,0.240149,0.179908,0.159075
1343,0.126305,0.104631,0.0707485
1344,0.0822982,0.075982,0.0316186
1345,0.175231,0.173094,0.0272852
1346,0.200187,0.191409,0.05863
1347,0.155075,0.128627,0.086622
1348,0.136128,0.119977,0.0643145
1349,0.176113,0.147837,0.095708
1350,0.148198,0.115138,0.0933055
1351,0.111519,0.078811,0.0789
1352,0.118479,0.0553475,0.104757
1353,0.0805298,0.0572225,0.0566625
1354,0.0886784,0.0385072,0.0798815
1355,0.11313,0.0308615,0.10884
1356,0.132408,0.062244,0.116866
1357,0.125447,0.0416656,0.118325
1358,0.0982949,0.0462288,0.0867455
1359,0.0915971,0.0422115,0.081291
1360,0.059224,-0.00284784,-0.0591555
1361,0.0992299,-0.00801055,-0.098906
1362,0.0937171,0.0220548,-0.091085
1363,0.0665751,0.0466767,-0.0474714
1364,0.0684236,-0.00879105,-0.0678565
1365,0.143523,-0.0419372,-0.13726
1366,0.166871,-0.0364123,-0.16285
1367,0.212001,-0.00633335,-0.211906
1368,0.203709,-0.06677,-0.192456
1369,0.225419,-0.068384,-0.214797
1370,0.16371,-0.0283838,-0.161231
1371,0.16371,-0.0283838,-0.161231
1372,0.151254,-0.0325176,-0.147717
1373,0.1586,-0.07187,-0.141381
1374,0.206627,-0.088655,-0.186641
1375,0.20368,-0.0959375,-0.179671
1376,0.15253,-0.098869,-0.116148
1377,0.145504,-0.0267097,-0.143031
1378,0.204602,-0.079447,-0.188548
1379,0.256835,-0.0313939,-0.254909
1380,0.248281,0.0378873,-0.245373
1381,0.284978,0.0703055,-0.27617
1382,0.352802,0.0254299,-0.351884
1383,0.33506,0.0496558,-0.33136
1384,0.291311,-0.0336444,-0.289362
1385,0.275628,-0.141101,-0.236773
1386,0.339959,-0.238874,-0.24189
1387,0.237553,-0.20279,-0.123724
1388,0.162705,-0.11367,-0.116413
1389,0.247362,-0.124239,-0.213899
1390,0.205695,-0.138569,-0.152017
1391,0.171981,-0.115471,-0.127451
1392,0.151082,-0.0937165,-0.118503
1393,0.191982,-0.146214,-0.124413
1394,0.25428,-0.161295,-0.196576
1395,0.186552,-0.127431,-0.136246
1396,0.245425,-0.150748,-0.193671
1397,0.351354,-0.254713,-0.242014
1398,0.350998,-0.281778,-0.209286
1399,0.350998,-0.281778,-0.209286
1400,0.336717,-0.188065,-0.279303
1401,0.290592,-0.194275,-0.216104
1402,0.359957,-0.179128,-0.312221
1403,0.346815,-0.177526,-0.297936
1404,0.32301,-0.137434,-0.292314
1405,0.358628,-0.103922,-0.343241
1406,0.369844,-0.0246721,-0.36902
1407,0.403151,-0.148468,-0.374818
1408,0.368428,-0.174563,-0.32445
1409,0.387291,-0.236963,-0.306338
1410,0.398329,-0.220529,-0.331712
1411,0.343344,-0.176947,-0.294236
1412,0.356556,-0.184884,-0.304878
1413,0.329586,-0.143877,-0.296523
1414,0.277076,-0.147654,-0.234456
1415,0.24697,-0.106471,-0.22284
1416,0.337874,-0.239072,-0.238754
1417,0.294861,-0.174417,-0.237743
1418,0.235755,-0.05855,-0.228369
1419,0.155557,-0.0061251,-0.155436
1420,0.24196,-0.0996315,-0.220496
1421,0.162319,-0.0837115,-0.139068
1422,0.198595,-0.0895635,-0.177252
1423,0.231331,-0.10397,-0.20665
1424,0.244386,-0.125502,-0.209699
1425,0.169761,-0.101268,-0.136248
1426,0.187838,-0.0993615,-0.159406
1427,0.164335,-0.063189,-0.151701
1428,0.115379,-0.03964,-0.108355
1429,0.177138,0.0649905,-0.164785
1430,0.101746,0.0697995,-0.074029
1431,0.101981,0.0955075,0.0357563
1432,0.0485298,0.0159321,-0.0458401
1433,0.0787819,0.0249626,-0.0747225
1434,0.119392,0.0164175,-0.118258
1435,0.061299,0.0429107,-0.0437748
1436,0.115708,0.0430512,-0.107401
1437,0.036497,0.0353116,-0.00922615
1438,0.0783129,-0.00536375,-0.078129
1439,0.132819,0.0778095,-0.107642
1440,0.0401112,0.0157076,-0.0369078
1441,0.0752638,-0.00942345,-0.0746715
1442,0.0253557,0.00133293,-0.0253206
1443,0.0639933,0.0611935,0.0187216
1444,0.0677199,0.0532245,0.0418705
1445,0.115453,0.0429928,0.107149
1446,0.152173,0.0564495,0.141316
1447,0.169168,0.0600695,0.158143
1448,0.0295123,0.0220284,0.0196399
1449,0.140999,0.088133,0.11006
1450,0.165421,0.073528,0.148181
1451,0.23202,0.146033,0.180299
1452,0.163336,0.125322,0.104753
1453,0.247838,0.0945035,0.229113
1454,0.216425,0.112577,0.184841
1455,0.138475,0.0806775,0.112545
1456,0.173072,0.138448,0.103856
1457,0.208379,0.119277,0.170865
1458,0.311526,0.193738,0.243956
1459,0.311526,0.193738,0.243956
1460,0.350872,0.193418,0.292747
1461,0.39767,0.182302,0.353422
1462,0.39767,0.182302,0.353422
1463,0.381826,0.224927,0.308543
1464,0.359896,0.210352,0.292023
1465,0.391857,0.199279,0.337402
1466,0.456284,0.203879,0.408201
1467,0.452613,0.062597,0.448263
1468,0.390412,-0.00081026,0.390411
1469,0.414334,0.0074399,0.414267
1470,0.454354,-0.089015,0.445549
1471,0.378264,-0.0690195,0.371914
1472,0.378264,-0.0690195,0.371914
1473,0.441951,-0.0113796,0.441804
1474,0.445429,-0.103706,0.433188
1475,0.477295,-0.0449461,0.475174
1476,0.42847,-0.0536465,0.425098
1477,0.457804,-0.121478,0.441393
1478,0.433588,-0.148582,0.407336
1479,0.499294,-0.282749,0.411518
1480,0.439378,-0.232466,0.372844
1481,0.440789,-0.17354,0.40519
1482,0.431945,-0.163213,0.399923
1483,0.450945,-0.0499169,0.448174
1484,0.380014,0.0332947,0.378553
1485,0.394785,0.0121431,0.394598
1486,0.404955,-0.00266571,0.404946
1487,0.449319,-0.0465631,0.4469
1488,0.412424,-0.122459,0.393825
1489,0.436715,-0.0711345,0.430883
1490,0.401815,-0.107624,0.387134
1491,0.402877,-0.115752,0.38589
1492,0.387687,-0.144388,0.359796
1493,0.36971,-0.0742515,0.362177
1494,0.342855,-0.114173,0.323286
1495,0.236737,-0.059675,0.229092
1496,0.215569,-0.054394,0.208593
1497,0.248114,-0.111824,0.221486
1498,0.296159,-0.130673,0.265771
1499,0.264539,-0.101731,0.244196
1500,0.201345,-0.137355,0.147218
1501,0.252146,-0.151951,0.201217
1502,0.241279,-0.197259,0.138941
1503,0.363421,-0.255136,0.258806
1504,0.37701,-0.225282,0.302299
1505,0.286585,-0.131813,0.254473
1506,0.18701,-0.061365,0.176655
1507,0.246929,-0.0156592,0.246431
1508,0.249052,-0.013006,0.248712
1509,0.174723,-0.0252414,0.17289
1510,0.171181,0.0089559,0.170947
1511,0.20122,-0.0477035,0.195484
1512,0.203341,-0.0399028,0.199387
1513,0.228083,-0.0177823,0.227389
1514,0.180336,-0.0559715,0.17143
1515,0.202482,-0.0463934,0.197096
1516,0.182082,-0.0488664,0.175402
1517,0.109585,-0.0398467,0.102084
1518,0.112835,-0.092255,0.0649675
1519,0.110093,-0.0639165,0.0896385
1520,0.0978645,0.001741,0.097849
1521,0.178171,-0.0408516,0.173425
1522,0.163222,-0.0395858,0.158349
1523,0.145748,-0.0595525,0.133026
1524,0.0907587,-0.0357036,0.083441
1525,0.101503,-0.0350743,0.0952505
1526,0.119086,-0.0545185,0.105873
1527,0.189688,-0.0747845,0.174324
1528,0.128755,-0.0409332,0.122075
1529,0.112108,-0.0442492,0.103006
1530,0.102069,-0.049372,0.089334
1531,0.0315903,0.028976,-0.0125835
1532,0.0600309,0.000879545,0.0600245
1533,0.0748906,-0.016895,0.07296
1534,0.218315,-0.0192159,0.217468
1535,0.171117,0.072781,0.154868
1536,0.19685,0.0487586,0.190716
1537,0.275928,0.048059,0.27171
1538,0.254769,0.0327774,0.252652
1539,0.251626,0.04997,0.246614
1540,0.208847,0.0179638,0.208072
1541,0.109176,0.0174595,0.107771
1542,0.175969,0.0278468,0.173752
1543,0.281954,0.0408222,0.278983
1544,0.217462,0.0268071,0.215803
1545,0.266144,0.0682935,0.257233
1546,0.214205,0.071872,0.201788
1547,0.275162,0.135665,0.239394
1548,0.283181,0.078902,0.271967
1549,0.1374,0.0446761,0.129934
1550,0.173421,0.0725215,0.157529
1551,0.144065,0.0399171,0.138425
1552,0.197123,0.067264,0.185291
1553,0.0532628,0.0149368,0.0511255
1554,0.0903696,-0.0169882,0.0887585
1555,0.0831713,0.0149483,0.081817
1556,0.0844589,0.0571055,0.0622275
1557,0.0951097,0.0405706,0.0860225
1558,0.0638781,0.0281102,0.0573605
1559,0.0638781,0.0281102,0.0573605
1560,0.103287,0.0554715,0.087127
1561,0.165597,0.102162,0.130328
1562,0.231624,0.159133,0.168305
1563,0.189787,0.106528,0.15707
1564,0.240592,0.181527,0.1579
1565,0.34847,0.254982,0.23752
1566,0.290146,0.204259,0.206065
1567,0.353601,0.213201,0.282096
1568,0.403575,0.263954,0.305289
1569,0.350093,0.206558,0.282664
1570,0.301972,0.187328,0.236845
1571,0.376528,0.242782,0.287802
1572,0.23936,0.131256,0.200162
1573,0.24925,0.126752,0.214614
1574,0.206492,0.081361,0.189788
1575,0.242177,0.115785,0.212705
1576,0.150525,0.0564405,0.139543
1577,0.171385,0.089351,0.146251
1578,0.210828,0.105664,0.182437
1579,0.190008,0.091979,0.166262
1580,0.174498,0.0460404,0.168315
1581,0.196345,0.081692,0.178543
1582,0.220161,0.101052,0.1956
1583,0.266465,0.17346,0.202275
1584,0.219711,0.125433,0.180388
1585,0.271906,0.160662,0.219365
1586,0.289952,0.171411,0.233859
1587,0.295453,0.195043,0.221925
1588,0.212164,0.143707,0.156082
1589,0.300209,0.193038,0.229916
1590,0.383218,0.192413,0.331411
1591,0.375019,0.207267,0.312538
1592,0.318693,0.159169,0.276099
1593,0.412081,0.278495,0.303729
1594,0.359109,0.235439,0.271159
1595,0.427241,0.257894,0.340625
1596,0.358288,0.262593,0.243753
1597,0.36013,0.233219,0.274413
1598,0.36013,0.233219,0.274413
1599,0.412219,0.266759,0.314268
1600,0.426376,0.302234,0.300751
1601,0.45395,0.351784,0.286911
1602,0.442522,0.33877,0.284712
1603,0.389709,0.319261,0.223486
1604,0.424345,0.377257,0.194283
1605,0.433818,0.389499,0.191019
1606,0.401949,0.336944,0.21916
1607,0.442329,0.425723,0.120062
1608,0.385114,0.371741,0.100606
1609,0.391114,0.388645,0.0438808
1610,0.408547,0.370407,0.172366
1611,0.389274,0.355857,0.157797
1612,0.340568,0.27745,0.197504
1613,0.410229,0.375741,0.164639
1614,0.412188,0.366625,0.188375
1615,0.344529,0.303113,0.163777
1616,0.436422,0.392396,0.191023
1617,0.433296,0.347353,0.25902
1618,0.335462,0.262482,0.208897
1619,0.295603,0.23713,0.176494
1620,0.327751,0.263167,0.195355
1621,0.343546,0.236956,0.248748
1622,0.324252,0.268713,0.181475
1623,0.369272,0.266015,0.25612
1624,0.449431,0.343601,0.289701
1625,0.386205,0.295542,0.248614
1626,0.318024,0.228981,0.220696
1627,0.416426,0.331259,0.252346
1628,0.304713,0.224251,0.206305
1629,0.343939,0.262933,0.221721
1630,0.319954,0.141909,0.286762
1631,0.344548,0.111356,0.326057
1632,0.267922,0.00851365,0.267787
1633,0.281363,0.0603905,0.274805
1634,0.275813,0.11091,0.252531
1635,0.315442,0.103221,0.298075
1636,0.305518,0.103586,0.287422
1637,0.356107,0.0856045,0.345664
1638,0.286096,0.0360832,0.283811
1639,0.241176,0.0717455,0.230258
1640,0.205433,0.0797565,0.189319
1641,0.309978,0.168268,0.260331
1642,0.230047,0.056644,0.222965
1643,0.270599,0.13179,0.236338
1644,0.219375,0.129493,0.17708
1645,0.261576,0.115177,0.234854
1646,0.311192,0.20705,0.232315
1647,0.267196,0.147745,0.222633
1648,0.165459,0.114642,0.119305
1649,0.230058,0.109743,0.202196
1650,0.248662,0.108429,0.223776
1651,0.349394,0.116144,0.329525
1652,0.327552,0.0704535,0.319885
1653,0.27999,0.088141,0.265755
1654,0.283409,0.077262,0.272674
1655,0.220844,0.008057,0.220696
1656,0.31104,0.096139,0.29581
1657,0.326951,0.142649,0.294191
1658,0.354678,0.184845,0.302702
1659,0.252836,0.125092,0.219722
1660,0.264992,0.069944,0.255595
1661,0.258586,0.0989455,0.238907
1662,0.258586,0.0989455,0.238907
1663,0.280585,0.049334,0.276214
1664,0.306652,0.116535,0.283646
1665,0.265505,0.0979715,0.246769
1666,0.303267,0.194441,0.232731
1667,0.339619,0.192693,0.279661
1668,0.328641,0.196453,0.26346
1669,0.359398,0.222447,0.282284
1670,0.36817,0.314439,0.191513
1671,0.428941,0.412841,0.116414
1672,0.42538,0.384979,0.18094
1673,0.44474,0.407446,0.178273
1674,0.419564,0.392624,0.147919
1675,0.408468,0.368613,0.175985
1676,0.460532,0.426758,0.173113
1677,0.457137,0.400003,0.221297
1678,0.39211,0.297471,0.255464
1679,0.403599,0.301864,0.267898
1680,0.374258,0.258597,0.270549
1681,0.380493,0.294233,0.241252
1682,0.380493,0.294233,0.241252
1683,0.428034,0.306403,0.298882
1684,0.332833,0.245588,0.224641
1685,0.404005,0.259588,0.309571
1686,0.345261,0.196593,0.283824
1687,0.330725,0.212232,0.253647
1688,0.355782,0.269695,0.232047
1689,0.34118,0.268759,0.210172
1690,0.34118,0.268759,0.210172
1691,0.457834,0.413423,0.196707
1692,0.506823,0.4429,0.246394
1693,0.514823,0.457819,0.235466
1694,0.536299,0.489028,0.220155
1695,0.452347,0.399615,0.211956
1696,0.384649,0.337871,0.183842
1697,0.331662,0.323668,0.072378
1698,0.352112,0.319559,0.147866
1699,0.420186,0.347649,0.236002
1700,0.383744,0.32594,0.202541
1701,0.431694,0.382453,0.200222
1702,0.440007,0.40582,0.170047
1703,0.470023,0.441482,0.161295
1704,0.45344,0.423059,0.163183
1705,0.402339,0.369307,0.159653
1706,0.440158,0.394137,0.195946
1707,0.465347,0.428678,0.181061
1708,0.434233,0.417604,0.119015
1709,0.451615,0.44152,0.094954
1710,0.438261,0.43047,0.0822685
1711,0.468153,0.424695,0.19698
1712,0.418891,0.362611,0.20972
1713,0.411397,0.39166,0.125896
1714,0.444397,0.41399,0.161556
1715,0.470523,0.336583,0.328792
1716,0.451996,0.313162,0.325929
1717,0.369062,0.272117,0.249317
1718,0.389613,0.303507,0.244298
1719,0.310179,0.213221,0.225273
1720,0.351707,0.260108,0.236731
1721,0.387974,0.326613,0.209398
1722,0.335545,0.282508,0.181053
1723,0.248504,0.195123,0.153888
1724,0.248504,0.195123,0.153888
1725,0.299983,0.226107,0.197143
1726,0.260144,0.186853,0.181
1727,0.236334,0.233133,0.0387601
1728,0.263018,0.255293,0.063278
1729,0.343628,0.329668,0.09695
1730,0.306542,0.293969,0.0868915
1731,0.348881,0.348714,0.0107802
1732,0.439428,0.438073,0.03448
1733,0.419398,0.419189,-0.0132535
1734,0.41669,0.408358,0.082909
1735,0.448388,0.421414,0.153174
1736,0.338,0.322194,0.102153
1737,0.36462,0.349479,0.103982
1738,0.353744,0.338747,0.101908
1739,0.414659,0.393489,0.130799
1740,0.396984,0.390746,0.0701015
1741,0.387245,0.387152,0.0084815
1742,0.350726,0.349546,-0.0287464
1743,0.450257,0.443786,0.076062
1744,0.42982,0.400289,0.156569
1745,0.501409,0.47249,0.16782
1746,0.427261,0.386477,0.182173
1747,0.477966,0.440177,0.186268
1748,0.421103,0.409166,0.0995525
1749,0.454597,0.440125,0.113791
1750,0.425908,0.408162,0.121661
1751,0.48415,0.47416,0.097846
1752,0.42495,0.424753,0.0129435
1753,0.441352,0.440088,0.0333712
1754,0.415664,0.412512,-0.0510885
1755,0.328953,0.32893,0.00388382
1756,0.394028,0.393896,0.0102145
1757,0.423263,0.422882,-0.0179526
1758,0.389375,0.387686,0.0362259
1759,0.412756,0.410392,-0.044104
1760,0.368315,0.368043,0.0141455
1761,0.406641,0.406432,0.0130271
1762,0.414993,0.414764,-0.0137985
1763,0.455193,0.45112,-0.0607555
1764,0.394412,0.380579,-0.103539
1765,0.417658,0.411259,-0.0728305
1766,0.391533,0.385933,-0.0659785
1767,0.408196,0.406969,-0.0316382
1768,0.373157,0.371347,0.0367102
1769,0.3185,0.317433,-0.0260368
1770,0.37872,0.376441,0.0414893
1771,0.335388,0.329858,0.0606505
1772,0.316583,0.299648,0.102157
1773,0.358334,0.328263,0.143689
1774,0.358334,0.328263,0.143689
1775,0.3424,0.293658,0.176075
1776,0.291006,0.270637,0.106957
1777,0.355788,0.338166,0.110586
1778,0.234373,0.223108,0.071787
1779,0.204911,0.184102,0.0899725
1780,0.266351,0.242742,0.109632
1781,0.241334,0.225879,0.0849755
1782,0.189988,0.139277,0.129218
1783,0.270034,0.239392,0.124939
1784,0.270034,0.239392,0.124939
1785,0.320094,0.294148,0.126242
1786,0.401768,0.400689,0.0294385
1787,0.333973,0.326118,0.0720065
1788,0.367108,0.344327,0.127306
1789,0.366625,0.36364,0.046691
1790,0.38781,0.382535,0.063747
1791,0.393686,0.390082,0.053153
1792,0.455515,0.452238,-0.054543
1793,0.399743,0.384568,-0.109096
1794,0.387623,0.344809,-0.177084
1795,0.412771,0.390811,-0.132838
1796,0.328251,0.282692,-0.166834
1797,0.309917,0.272517,-0.14759
1798,0.395319,0.360876,-0.161388
1799,0.391663,0.363074,-0.146891
1800,0.371464,0.347274,-0.131856
1801,0.371464,0.347274,-0.131856
1802,0.318379,0.279265,-0.152892
1803,0.356308,0.34428,-0.0917945
1804,0.391794,0.370416,-0.127651
1805,0.38249,0.376477,-0.0675555
1806,0.440066,0.440061,0.00211787
1807,0.38937,0.388186,-0.0303397
1808,0.339042,0.338754,-0.0139648
1809,0.347744,0.346037,-0.0344132
1810,0.280705,0.251899,-0.123862
1811,0.339853,0.274869,-0.199868
1812,0.241557,0.197887,-0.13853
1813,0.209186,0.168393,-0.124107
1814,0.313893,0.223368,-0.220535
1815,0.309283,0.222873,-0.214439
1816,0.340211,0.258622,-0.221038
1817,0.367145,0.271975,-0.246627
1818,0.393223,0.304736,-0.248517
1819,0.367339,0.339859,-0.139404
1820,0.397823,0.393069,-0.06132
1821,0.372771,0.371879,0.02578
1822,0.347466,0.347445,0.00382809
1823,0.347466,0.347445,0.00382809
1824,0.407826,0.396118,-0.097018
1825,0.372828,0.364995,-0.076018
1826,0.31441,0.305488,-0.074371
1827,0.307217,0.292542,-0.0938175
1828,0.293494,0.271442,-0.111616
1829,0.29344,0.265798,-0.124333
1830,0.29344,0.265798,-0.124333
1831,0.33405,0.273085,-0.192391
1832,0.34209,0.309181,-0.146399
1833,0.31931,0.307692,-0.085346
1834,0.337631,0.327525,-0.0819895
1835,0.387412,0.366079,-0.126783
1836,0.352177,0.342089,-0.08369
1837,0.331782,0.33124,-0.0189704
1838,0.364744,0.356373,0.077696
1839,0.375938,0.37515,0.0243248
1840,0.405049,0.404477,0.021502
1841,0.425689,0.425414,-0.015278
1842,0.354757,0.351737,-0.046193
1843,0.371557,0.371554,-0.00147745
1844,0.372568,0.36907,0.0509355
1845,0.331646,0.331036,0.0201107
1846,0.27426,0.266271,0.065716
1847,0.311725,0.307047,0.053801
1848,0.306534,0.304961,0.0310098
1849,0.315789,0.315024,-0.021959
1850,0.251815,0.239489,-0.077818
1851,0.26278,0.239147,-0.108914
1852,0.358098,0.308634,-0.1816
1853,0.313959,0.245448,-0.195769
1854,0.385557,0.3066,-0.233775
1855,0.424747,0.339775,-0.254878
1856,0.387116,0.312966,-0.22784
1857,0.408924,0.358575,-0.196578
1858,0.444605,0.370695,-0.245477
1859,0.487039,0.353572,-0.334954
1860,0.477873,0.368785,-0.303909
1861,0.53254,0.392901,-0.359482
1862,0.43024,0.358151,-0.238399
1863,0.372653,0.293949,-0.229052
1864,0.411859,0.369271,-0.182392
1865,0.353064,0.329146,-0.127738
1866,0.345919,0.272296,-0.213343
1867,0.38727,0.368717,-0.118432
1868,0.341597,0.315804,-0.130216
1869,0.450577,0.348327,-0.285811
1870,0.473696,0.39645,-0.259259
1871,0.368302,0.301513,-0.211509
1872,0.399399,0.336189,-0.215631
1873,0.378993,0.306613,-0.222765
1874,0.372974,0.242834,-0.283093
1875,0.373338,0.239441,-0.286442
1876,0.41054,0.292343,-0.288235
1877,0.408683,0.330174,-0.240845
1878,0.499012,0.419851,-0.269699
1879,0.43498,0.390538,-0.191541
1880,0.407131,0.398952,-0.0811965
1881,0.390659,0.386389,-0.0575965
1882,0.429635,0.420012,-0.090423
1883,0.274468,0.255281,-0.100816
1884,0.273194,0.246801,-0.117153
1885,0.258788,0.25597,-0.0380931
1886,0.285752,0.278919,-0.0621115
1887,0.225433,0.222864,-0.0339394
1888,0.300141,0.298346,-0.0327732
1889,0.328122,0.327935,0.0110893
1890,0.308532,0.305992,0.0395083
1891,0.338654,0.338529,0.00918645
1892,0.391351,0.389628,0.0366872
1893,0.361194,0.343649,0.111204
1894,0.342499,0.338627,0.051358
1895,0.359374,0.324788,0.153827
1896,0.38237,0.31818,0.212058
1897,0.402729,0.32373,0.239562
1898,0.364427,0.230837,0.281996
1899,0.255542,0.123441,0.22375
1900,0.28664,0.120971,0.259862
1901,0.381435,0.190323,0.33056
1902,0.370892,0.171181,0.329026
1903,0.360104,0.254373,0.254891
1904,0.386757,0.235244,0.306988
1905,0.383476,0.27121,0.271108
1906,0.410336,0.306414,0.272921
1907,0.388145,0.213228,0.32433
1908,0.358183,0.219702,0.282888
1909,0.36864,0.17326,0.325387
1910,0.439993,0.200677,0.391564
1911,0.439993,0.200677,0.391564
1912,0.465415,0.269683,0.379319
1913,0.425249,0.211153,0.369122
1914,0.447886,0.146903,0.42311
1915,0.440128,0.1093,0.426341
1916,0.448587,0.0487561,0.44593
1917,0.470512,0.00929095,0.47042
1918,0.357404,-0.0337334,0.355809
1919,0.35748,-0.0891025,0.346197
1920,0.305148,-0.081791,0.293982
1921,0.408658,-0.076112,0.401508
1922,0.431506,-0.117637,0.415162
1923,0.415424,-0.145404,0.389147
1924,0.470907,-0.19843,0.427059
1925,0.459849,-0.108785,0.446796
1926,0.512893,-0.137041,0.494246
1927,0.437015,-0.162033,0.405867
1928,0.421023,-0.115588,0.404846
1929,0.406612,-0.111033,0.391158
1930,0.412685,-0.089846,0.402786
1931,0.327573,-0.110679,0.308308
1932,0.378429,-0.0498305,0.375134
1933,0.416582,-0.0797555,0.408876
1934,0.422043,-0.192271,0.375702
1935,0.480584,-0.169763,0.449602
1936,0.430226,-0.131644,0.409591
1937,0.454859,-0.170957,0.421509
1938,0.493567,-0.185531,0.457369
1939,0.470436,-0.174122,0.437026
1940,0.461509,-0.140122,0.439723
1941,0.42594,-0.0849575,0.417381
1942,0.411084,-0.0322376,0.409818
1943,0.398051,0.0287615,0.397011
1944,0.447029,0.104212,0.434712
1945,0.420698,0.141898,0.396045
1946,0.41445,0.183862,0.371435
1947,0.39592,0.13299,0.372916
1948,0.397792,0.119457,0.379432
1949,0.42725,0.193341,0.381001
1950,0.396226,0.277268,0.28305
1951,0.425828,0.343002,0.252347
1952,0.423192,0.396506,0.147901
1953,0.429883,0.385032,0.19118
1954,0.398787,0.375975,0.132944
1955,0.448213,0.407527,0.186591
1956,0.362926,0.352094,0.088008
1957,0.362926,0.352094,0.088008
1958,0.38103,0.380796,0.0133457
1959,0.385387,0.385188,-0.0124104
1960,0.346631,0.340367,-0.0655995
1961,0.378869,0.377329,-0.0341153
1962,0.399051,0.398898,-0.0110601
1963,0.371587,0.360878,0.0885655
1964,0.311273,0.289578,0.114173
1965,0.289486,0.266311,0.113492
1966,0.289486,0.266311,0.113492
1967,0.31844,0.294112,0.122073
1968,0.406506,0.393122,0.103452
1969,0.41618,0.397452,0.12344
1970,0.400834,0.386817,0.105071
1971,0.400834,0.386817,0.105071
1972,0.368119,0.34456,0.129577
1973,0.292522,0.269081,0.114739
1974,0.376333,0.327815,0.184834
1975,0.428425,0.330908,0.272118
1976,0.372818,0.225493,0.296894
1977,0.372818,0.225493,0.296894
1978,0.329228,0.13604,0.299807
1979,0.328844,0.141079,0.297044
1980,0.367082,0.210379,0.300816
1981,0.356437,0.20548,0.291249
1982,0.384283,0.194527,0.33141
1983,0.405339,0.26668,0.305256
1984,0.405339,0.26668,0.305256
1985,0.370226,0.222235,0.296106
1986,0.396517,0.234002,0.320108
1987,0.397612,0.278197,0.284081
1988,0.383141,0.253362,0.287411
1989,0.43226,0.198984,0.383738
1990,0.393251,0.253734,0.300441
1991,0.357761,0.277218,0.226149
1992,0.407876,0.266666,0.308629
1993,0.358416,0.236676,0.269159
1994,0.335485,0.230897,0.243386
1995,0.322045,0.200976,0.251638
1996,0.354281,0.254601,0.246359
1997,0.332824,0.223675,0.246457
1998,0.363877,0.234626,0.278132
1999,0.30875,0.142523,0.273886
2000,0.276181,0.14073,0.237637
2001,0.266009,0.154506,0.216537
2002,0.259653,0.107328,0.236433
2003,0.259653,0.107328,0.236433
2004,0.167088,0.0750085,0.149306
2005,0.135996,0.0587005,0.122675
2006,0.20118,0.112847,0.16655
2007,0.223445,0.104408,0.197552
2008,0.25199,0.049946,0.246991
2009,0.228703,0.0666185,0.218785
2010,0.181891,0.0660405,0.169479
2011,0.257826,0.108549,0.233862
2012,0.27462,0.0916185,0.258886
2013,0.182488,0.050751,0.175289
2014,0.190284,0.0181859,0.189413
2015,0.19797,0.0157656,0.197342
2016,0.206821,-0.0413139,0.202653
2017,0.235983,0.005055,0.235929
2018,0.231902,-0.0300568,0.229946
2019,0.324925,-0.000117912,0.324925
2020,0.26945,0.0064902,0.269371
2021,0.197054,-0.018153,0.196216
2022,0.250569,-0.0476291,0.246001
2023,0.235495,-0.0707835,0.224605
2024,0.27732,-0.106305,0.256136
2025,0.231752,-0.00206354,0.231743
2026,0.227121,0.0293537,0.225216
2027,0.165127,0.0660985,0.151321
2028,0.199428,0.0278411,0.197475
2029,0.0474669,0.0130405,0.0456404
2030,0.0136269,-0.0130589,-0.00389333
2031,0.0294992,0.0206111,0.0211041
2032,0.0672173,0.0396868,0.0542505
2033,0.0392267,-0.00087887,-0.0392168
2034,0.0163067,-0.00747415,-0.014493
2035,0.0652498,-0.0505115,-0.0413053
2036,0.122489,-0.040241,-0.11569
2037,0.120611,-0.0166558,-0.119456
2038,0.0398594,-0.0205331,-0.0341638
2039,0.0624519,-0.0274333,-0.056104
2040,0.0544048,0.0181501,-0.051288
2041,0.0872227,0.0109865,-0.086528
2042,0.0828916,0.081676,0.0141437
2043,0.104903,-0.043382,-0.095512
2044,0.161291,-0.087101,-0.13575
2045,0.236897,-0.152896,-0.18095
2046,0.205402,-0.103861,-0.177209
2047,0.226424,-0.095821,-0.20515
2048,0.226424,-0.095821,-0.20515
2049,0.224793,-0.0998345,-0.201408
2050,0.164229,-0.052466,-0.155622
2051,0.20457,-0.115816,-0.168629
2052,0.30891,-0.137903,-0.276421
2053,0.30891,-0.137903,-0.276421
2054,0.188153,-0.081991,-0.169349
2055,0.253089,-0.0134012,-0.252734
2056,0.313337,0.128149,-0.285933
2057,0.257879,0.0236428,-0.256793
2058,0.298246,0.0652105,-0.29103
2059,0.3067,0.0631955,-0.300119
2060,0.357539,0.0844885,-0.347413
2061,0.381035,0.0065467,-0.380978
2062,0.357898,0.0477359,-0.3547
2063,0.369503,0.01329,-0.369264
2064,0.328121,-0.0143511,-0.327807
2065,0.305481,-0.0243269,-0.304511
2066,0.341025,0.0213211,-0.340357
2067,0.340735,-0.0199245,-0.340152
2068,0.375406,-0.0467535,-0.372484
2069,0.392338,0.0355343,-0.390726
2070,0.405739,0.0693685,-0.399765
2071,0.400734,0.0937155,-0.389622
2072,0.42967,0.146885,-0.403784
2073,0.431615,0.192987,-0.386067
2074,0.432353,0.169109,-0.397909
2075,0.402411,0.178254,-0.360777
2076,0.400264,0.109496,-0.384995
2077,0.426449,0.145248,-0.400951
2078,0.423428,0.19613,-0.375265
2079,0.494414,0.272136,-0.41278
2080,0.372578,0.238493,-0.286243
2081,0.393494,0.176633,-0.351623
2082,0.410271,0.247274,-0.327381
2083,0.414291,0.257773,-0.324331
2084,0.410939,0.303758,-0.27677
2085,0.382901,0.242978,-0.295931
2086,0.335903,0.143274,-0.303814
2087,0.376908,0.177358,-0.332572
2088,0.339206,0.0911715,-0.326724
2089,0.310378,0.144137,-0.27488
2090,0.23255,0.131633,-0.191709
2091,0.257278,0.130238,-0.221878
2092,0.272029,0.125502,-0.241348
2093,0.354384,0.228928,-0.270518
2094,0.188601,0.136112,-0.130551
2095,0.18811,0.110091,-0.15253
2096,0.157728,0.12358,-0.0980105
2097,0.107883,0.091629,-0.0569455
2098,0.0564871,0.00603265,0.056164
2099,0.0618272,0.0608035,-0.0112041
2100,0.0285793,0.00853095,0.0272763
2101,0.0910139,-0.0477671,0.0774715
2102,0.145746,-0.0211844,0.144199
2103,0.18798,-0.0477426,0.181816
2104,0.133649,-0.039588,0.127651
2105,0.189327,-0.0587035,0.179997
2106,0.163367,0.0177386,0.162401
2107,0.0901802,0.0318925,0.0843525
2108,0.0835488,0.0225236,0.0804555
2109,0.105499,0.051704,0.0919605
2110,0.161743,0.0478556,0.154502
2111,0.0477101,0.0345657,0.0328857
2112,0.082565,-0.00188481,-0.0825435
2113,0.149379,0.00145922,-0.149372
2114,0.090638,0.0280098,-0.0862015
2115,0.0842526,-0.00113349,-0.084245
2116,0.193779,0.0163895,-0.193085
2117,0.193779,0.0163895,-0.193085
2118,0.213828,0.0357044,-0.210826
2119,0.345829,0.138274,-0.316983
2120,0.289401,0.105409,-0.269522
2121,0.343065,0.106358,-0.326162
2122,0.336327,0.107117,-0.318814
2123,0.328387,0.074348,-0.31986
2124,0.323675,0.080472,-0.313511
2125,0.34605,0.0686225,-0.339178
2126,0.350838,0.059495,-0.345757
2127,0.376821,0.061884,-0.371704
2128,0.357136,0.090682,-0.345431
2129,0.348155,0.070973,-0.340844
2130,0.397246,-0.00187632,-0.397242
2131,0.465023,0.04831,-0.462506
2132,0.383422,0.0231179,-0.382724
2133,0.367373,-0.00260478,-0.367364
2134,0.456577,0.0332736,-0.455363
2135,0.413584,-0.009038,-0.413485
2136,0.390777,0.00637945,-0.390724
2137,0.424463,0.10511,-0.411243
2138,0.460197,0.128333,-0.441941
2139,0.412332,0.141259,-0.38738
2140,0.426594,0.176098,-0.388551
2141,0.421064,0.152217,-0.392587
2142,0.309064,0.152441,-0.268854
2143,0.324513,0.139616,-0.292944
2144,0.291815,0.139384,-0.256375
2145,0.300837,0.145681,-0.263211
2146,0.315896,0.174656,-0.263222
2147,0.355419,0.16949,-0.312404
2148,0.353069,0.184266,-0.301171
2149,0.324279,0.187123,-0.264843
2150,0.324279,0.187123,-0.264843
2151,0.379401,0.16172,-0.343208
2152,0.331537,0.156472,-0.29229
2153,0.299731,0.166366,-0.249321
2154,0.281178,0.180135,-0.215899
2155,0.294419,0.146421,-0.255429
2156,0.266052,0.0987375,-0.247052
2157,0.266052,0.0987375,-0.247052
2158,0.278609,0.106332,-0.25752
2159,0.347958,0.08054,-0.338508
2160,0.30161,0.095917,-0.285952
2161,0.243116,0.085457,-0.227602
2162,0.273861,0.094057,-0.257202
2163,0.233491,0.081126,-0.218944
2164,0.223842,-0.0133043,-0.223446
2165,0.29965,-0.0497228,-0.295496
2166,0.283454,-0.103795,-0.263766
2167,0.342543,-0.14384,-0.310879
2168,0.337773,-0.119401,-0.315966
2169,0.36634,-0.185918,-0.315657
2170,0.310566,-0.100099,-0.293992
2171,0.211279,-0.103525,-0.184177
2172,0.314948,-0.128124,-0.287708
2173,0.348421,-0.149661,-0.31464
2174,0.313114,-0.17142,-0.262022
2175,0.328507,-0.239194,-0.225174
2176,0.375241,-0.24416,-0.284942
2177,0.251575,-0.179999,-0.175758
2178,0.135505,-0.091667,-0.099794
2179,0.131572,-0.065571,-0.114069
2180,0.200365,-0.116525,-0.162997
2181,0.220206,-0.0975615,-0.197414
2182,0.234347,-0.0780665,-0.220962
2183,0.201002,-0.0386968,-0.197241
2184,0.243073,-0.11917,-0.211856
2185,0.219675,-0.0805945,-0.204356
2186,0.216646,-0.144143,-0.161736
2187,0.284925,-0.259232,-0.118244
2188,0.257072,-0.253311,-0.0438154
2189,0.300996,-0.283988,-0.0997475
2190,0.203402,-0.17176,-0.108954
2191,0.228825,-0.22569,-0.0377449
2192,0.20723,-0.194654,-0.0710935
2193,0.191152,-0.18138,-0.060335
2194,0.114633,-0.112657,-0.0211943
2195,0.159485,-0.15948,0.00125217
2196,0.137713,-0.136425,-0.0187918
2197,0.0810814,-0.072984,-0.0353204
2198,0.0152975,-0.00352985,-0.0148846
2199,0.0515483,-0.0323934,-0.0400985
2200,0.0401679,0.000225328,-0.0401673
2201,0.0601021,-0.0170784,-0.0576245
2202,0.106603,-0.0906555,-0.0560865
2203,0.143701,-0.082054,-0.117971
2204,0.157649,-0.0110974,-0.157258
2205,0.157649,-0.0110974,-0.157258
2206,0.118504,-0.0139344,-0.117681
2207,0.0400426,0.0400249,0.0011886
2208,0.0344324,0.033858,0.0062629
2209,0.0479173,0.0479108,-0.000792655
2210,0.108427,-0.0249451,-0.105519
2211,0.0889757,-0.0239312,-0.085697
2212,0.00809717,-0.00683095,-0.00434768
2213,0.0880022,-0.0256324,-0.0841865
2214,0.0263432,0.0118713,-0.0235167
2215,0.145778,-0.0468828,-0.138033
2216,0.123177,-0.0437937,-0.115129
2217,0.181589,-0.109105,-0.145157
2218,0.159334,-0.10464,-0.120158
2219,0.254236,-0.189128,-0.169902
2220,0.278756,-0.163771,-0.225575
2221,0.213823,-0.120884,-0.176372
2222,0.166536,-0.058686,-0.155853
2223,0.143211,-0.0829965,-0.116709
2224,0.125129,-0.0411925,-0.118154
2225,0.152089,-0.114683,-0.0998955
2226,0.140222,-0.10151,-0.096737
2227,0.136898,-0.108786,-0.0831055
2228,0.180082,-0.125557,-0.129093
2229,0.180082,-0.125557,-0.129093
2230,0.144933,-0.109768,-0.094639
2231,0.251195,-0.150753,-0.200929
2232,0.19198,-0.150966,-0.118599
2233,0.216729,-0.172664,-0.13099
2234,0.262704,-0.184509,-0.187001
2235,0.143974,-0.120872,-0.0782205
2236,0.130614,-0.127391,-0.0288375
2237,0.099194,-0.0772085,-0.062276
2238,0.0637566,-0.0292752,-0.056638
2239,0.033156,0.0242586,0.0226018
2240,0.198488,0.165968,0.108866
2241,0.227648,0.212904,0.0805935
2242,0.190279,0.178091,0.067004
2243,0.130669,0.123938,0.0413987
2244,0.149977,0.137602,0.059655
2245,0.203151,0.183549,0.087064
2246,0.240661,0.227907,0.0773075
2247,0.248454,0.220198,0.115074
2248,0.203363,0.175293,0.103096
2249,0.288554,0.266208,0.11134
2250,0.243415,0.225328,0.092077
2251,0.330603,0.278483,0.178174
