MDTU,min_ave,max_ave
1,-0.115718,0.151103
2,-0.13233,0.16945
3,-0.153716,0.16996
4,-0.159861,0.173331
5,-0.171366,0.175955
6,-0.179113,0.171431
7,-0.178175,0.178894
8,-0.184996,0.175594
9,-0.178956,0.178323
10,-0.189002,0.175241
11,-0.181751,0.179879
12,-0.190784,0.174217
13,-0.183185,0.175645
14,-0.188849,0.175946
15,-0.188469,0.178637
16,-0.183482,0.178927
17,-0.191433,0.173928
18,-0.182392,0.177107
19,-0.190237,0.177114
20,-0.190207,0.174323
21,-0.188742,0.174943
22,-0.189328,0.176339
23,-0.188877,0.175662
24,-0.182175,0.175513
25,-0.189276,0.174165
26,-0.189249,0.174051
27,-0.189249,0.174051
28,-0.187815,0.176786
29,-0.194334,0.176408
30,-0.185492,0.178655
31,-0.187534,0.176419
32,-0.187057,0.176245
33,-0.184747,0.176794
34,-0.181592,0.174204
35,-0.186304,0.175938
36,-0.183454,0.175831
37,-0.18772,0.17189
38,-0.18262,0.175013
39,-0.185556,0.172297
40,-0.186476,0.173345
41,-0.185735,0.171733
42,-0.184011,0.171461
43,-0.187433,0.172159
44,-0.18464,0.174334
45,-0.185084,0.174618
46,-0.192286,0.172949
47,-0.182998,0.175951
48,-0.186928,0.173767
49,-0.182779,0.174352
50,-0.184922,0.172496
51,-0.183637,0.171865
52,-0.183223,0.17344
53,-0.190183,0.171875
54,-0.182138,0.174581
55,-0.185367,0.171423
56,-0.185372,0.171249
57,-0.185667,0.174399
58,-0.188819,0.17386
59,-0.188837,0.174971
60,-0.186556,0.174418
61,-0.190161,0.175192
62,-0.186403,0.1766
63,-0.189143,0.170929
64,-0.185673,0.173866
65,-0.187266,0.170578
66,-0.185518,0.173701
67,-0.189616,0.174765
68,-0.188325,0.1748
69,-0.186814,0.174918
70,-0.187903,0.172433
71,-0.183375,0.173303
72,-0.186083,0.171765
73,-0.183449,0.171691
74,-0.189239,0.172549
75,-0.183897,0.175844
76,-0.184089,0.17247
77,-0.180796,0.174864
78,-0.188299,0.170768
79,-0.186365,0.173271
80,-0.188052,0.174284
81,-0.188049,0.176343
82,-0.187019,0.17495
83,-0.18894,0.174065
84,-0.184013,0.174707
85,-0.189697,0.172247
86,-0.183484,0.174312
87,-0.183546,0.17056
88,-0.182005,0.171804
89,-0.186942,0.17139
90,-0.182531,0.173655
91,-0.182531,0.173655
92,-0.186151,0.170064
93,-0.180409,0.17294
94,-0.185791,0.17043
95,-0.184345,0.173173
96,-0.187025,0.171181
97,-0.182374,0.17536
98,-0.188295,0.168548
99,-0.184826,0.174549
100,-0.187882,0.172114
101,-0.187882,0.172114
102,-0.185027,0.173237
103,-0.183076,0.170196
104,-0.181731,0.171441
105,-0.186579,0.169874
106,-0.184675,0.173223
107,-0.186586,0.174273
108,-0.181316,0.169121
109,-0.180938,0.170691
110,-0.1886,0.171328
111,-0.181313,0.174561
112,-0.187347,0.170106
113,-0.181802,0.17415
114,-0.18671,0.17119
115,-0.183503,0.171633
116,-0.187774,0.169683
117,-0.18135,0.171845
118,-0.185102,0.171874
119,-0.182465,0.173145
120,-0.185271,0.172701
121,-0.183761,0.174682
122,-0.188101,0.173038
123,-0.184196,0.174436
124,-0.187458,0.174272
125,-0.187326,0.178047
126,-0.188412,0.174726
127,-0.189836,0.174021
128,-0.188505,0.175408
129,-0.193003,0.177267
130,-0.191044,0.178469
131,-0.185291,0.176678
132,-0.190511,0.177845
133,-0.189256,0.179911
134,-0.185973,0.176699
135,-0.183958,0.175623
136,-0.183966,0.177515
137,-0.187117,0.172458
138,-0.183214,0.176604
139,-0.18602,0.174975
140,-0.191335,0.175162
141,-0.185864,0.175878
142,-0.188072,0.174914
143,-0.185054,0.174862
144,-0.185445,0.176315
145,-0.187063,0.175924
146,-0.188057,0.175444
147,-0.186331,0.173721
148,-0.188561,0.174171
149,-0.190349,0.176469
150,-0.188718,0.180392
151,-0.192688,0.173852
152,-0.182968,0.177501
153,-0.184827,0.175797
154,-0.184755,0.174942
155,-0.188926,0.1739
156,-0.185781,0.173879
157,-0.182727,0.178268
158,-0.189056,0.170435
159,-0.181718,0.176019
160,-0.186308,0.172313
161,-0.18984,0.173589
162,-0.189058,0.173039
163,-0.188945,0.174684
164,-0.187372,0.175326
165,-0.190466,0.175681
166,-0.186531,0.17444
167,-0.18661,0.173661
168,-0.184446,0.173823
169,-0.190494,0.174413
170,-0.185838,0.175266
171,-0.191178,0.176814
172,-0.190868,0.177753
173,-0.1908,0.177981
174,-0.186981,0.174659
175,-0.184394,0.177711
176,-0.188571,0.173287
177,-0.191324,0.175038
178,-0.186968,0.176394
179,-0.191952,0.174177
180,-0.188295,0.178727
181,-0.193275,0.175305
182,-0.191779,0.176807
183,-0.195463,0.177149
184,-0.190742,0.178144
185,-0.192759,0.177029
186,-0.188303,0.17948
187,-0.195732,0.176664
188,-0.189901,0.177839
189,-0.193026,0.175516
190,-0.187615,0.174768
191,-0.187615,0.174768
192,-0.189793,0.176612
193,-0.189663,0.172292
194,-0.187186,0.174686
195,-0.184963,0.173151
196,-0.186052,0.175101
197,-0.188048,0.174772
198,-0.186653,0.175171
199,-0.188899,0.174528
200,-0.188644,0.175118
201,-0.189241,0.177316
202,-0.188387,0.177244
203,-0.188298,0.171805
204,-0.182962,0.17573
205,-0.19012,0.17285
206,-0.184752,0.175408
207,-0.183636,0.173414
208,-0.190202,0.176032
209,-0.186371,0.176115
210,-0.190402,0.175308
211,-0.188833,0.174893
212,-0.189962,0.176697
213,-0.187919,0.174495
214,-0.189202,0.175579
215,-0.188981,0.176402
216,-0.188946,0.174697
217,-0.188553,0.175279
218,-0.187856,0.174315
219,-0.19083,0.173236
220,-0.185345,0.173008
221,-0.186357,0.169834
222,-0.182222,0.175348
223,-0.1843,0.172166
224,-0.183328,0.177281
225,-0.187273,0.174407
226,-0.184984,0.174709
227,-0.184984,0.174709
228,-0.183966,0.17275
229,-0.186231,0.175689
230,-0.18412,0.172611
231,-0.186202,0.174636
232,-0.184117,0.174737
233,-0.190276,0.173625
234,-0.187262,0.176774
235,-0.18912,0.176769
236,-0.188209,0.17898
237,-0.190501,0.176388
238,-0.18795,0.177732
239,-0.189316,0.178273
240,-0.190056,0.180553
241,-0.190056,0.180553
242,-0.188259,0.177168
243,-0.192738,0.181091
244,-0.192738,0.181091
245,-0.194793,0.176897
246,-0.187979,0.176948
247,-0.187853,0.175106
248,-0.184223,0.177226
249,-0.187945,0.173201
250,-0.187507,0.175473
251,-0.184106,0.176075
252,-0.186516,0.171442
253,-0.183648,0.171617
254,-0.181844,0.171715
255,-0.179831,0.173759
256,-0.181194,0.173573
257,-0.184784,0.170842
258,-0.185336,0.172933
259,-0.181227,0.17306
260,-0.187469,0.170248
261,-0.181806,0.172421
262,-0.187732,0.171418
263,-0.187732,0.171418
264,-0.177848,0.173018
265,-0.185923,0.1731
266,-0.182361,0.173073
267,-0.187975,0.173657
268,-0.183173,0.173908
269,-0.186162,0.172964
270,-0.185343,0.172917
271,-0.185296,0.170573
272,-0.179885,0.174517
273,-0.187711,0.171049
274,-0.182433,0.175268
275,-0.187199,0.169664
276,-0.182631,0.175475
277,-0.18547,0.171232
278,-0.186249,0.17435
279,-0.185737,0.171587
280,-0.186164,0.172502
281,-0.185118,0.169895
282,-0.181258,0.172163
283,-0.184515,0.171495
284,-0.181094,0.172922
285,-0.182739,0.170108
286,-0.183007,0.171961
287,-0.186758,0.170144
288,-0.184723,0.171557
289,-0.184723,0.171557
290,-0.187571,0.170623
291,-0.187991,0.174808
292,-0.186458,0.177144
293,-0.184954,0.175286
294,-0.186088,0.173377
295,-0.188035,0.176945
296,-0.192605,0.177234
297,-0.189565,0.179556
298,-0.190769,0.176334
299,-0.189852,0.177637
300,-0.18687,0.17985
301,-0.18687,0.17985
302,-0.18964,0.17796
303,-0.192671,0.177644
304,-0.188304,0.179664
305,-0.190736,0.177831
306,-0.192185,0.177694
307,-0.189419,0.18038
308,-0.190249,0.178761
309,-0.190619,0.17805
310,-0.190838,0.179773
311,-0.195999,0.181858
312,-0.195069,0.182954
313,-0.195028,0.180253
314,-0.191686,0.182161
315,-0.192189,0.181326
316,-0.192189,0.181326
317,-0.192642,0.179424
318,-0.187196,0.178312
319,-0.187196,0.178312
320,-0.189603,0.175616
321,-0.185726,0.177624
322,-0.184114,0.173832
323,-0.186146,0.176243
324,-0.188111,0.173201
325,-0.186981,0.172508
326,-0.187774,0.173457
327,-0.18509,0.170751
328,-0.181413,0.17002
329,-0.183331,0.170374
330,-0.178204,0.173038
331,-0.183689,0.171019
332,-0.179987,0.17174
333,-0.185152,0.171512
334,-0.18203,0.171488
335,-0.184323,0.173064
336,-0.181187,0.172412
337,-0.188759,0.173732
338,-0.186775,0.174195
339,-0.182499,0.174488
340,-0.188808,0.174602
341,-0.183241,0.176569
342,-0.185853,0.169953
343,-0.182329,0.175701
344,-0.186417,0.172171
345,-0.183338,0.172506
346,-0.187416,0.169768
347,-0.184594,0.174448
348,-0.185296,0.172087
349,-0.18313,0.172076
350,-0.186629,0.171418
351,-0.185641,0.174867
352,-0.184279,0.173741
353,-0.18776,0.172297
354,-0.183773,0.174389
355,-0.182322,0.172003
356,-0.181956,0.170601
357,-0.186802,0.170081
358,-0.180828,0.175411
359,-0.188803,0.170519
360,-0.185302,0.171879
361,-0.186422,0.174829
362,-0.183357,0.174339
363,-0.187554,0.173937
364,-0.183676,0.174335
365,-0.183622,0.17443
366,-0.186474,0.175691
367,-0.185157,0.17601
368,-0.183432,0.173408
369,-0.186963,0.171731
370,-0.185848,0.174604
371,-0.189175,0.171531
372,-0.184766,0.17277
373,-0.186158,0.171457
374,-0.183471,0.171359
375,-0.183897,0.172707
376,-0.184335,0.170251
377,-0.188047,0.174936
378,-0.182771,0.172751
379,-0.188438,0.173368
380,-0.183397,0.172318
381,-0.186505,0.171552
382,-0.183911,0.173583
383,-0.182714,0.173342
384,-0.182745,0.172861
385,-0.186567,0.173842
386,-0.183488,0.174988
387,-0.183488,0.174988
388,-0.187289,0.175039
389,-0.188026,0.175934
390,-0.186961,0.173332
391,-0.186234,0.173961
392,-0.189062,0.172032
393,-0.185146,0.172238
394,-0.18602,0.173481
395,-0.188256,0.172144
396,-0.185408,0.171786
397,-0.180389,0.172853
398,-0.186965,0.171441
399,-0.183988,0.173399
400,-0.182897,0.169944
401,-0.18142,0.17163
402,-0.181329,0.169906
403,-0.180284,0.16988
404,-0.183818,0.172218
405,-0.1838,0.170693
406,-0.184043,0.173988
407,-0.184043,0.173988
408,-0.187137,0.170686
409,-0.18075,0.172
410,-0.186802,0.173287
411,-0.186926,0.172539
412,-0.183566,0.172987
413,-0.184707,0.172402
414,-0.183557,0.172833
415,-0.182242,0.169989
416,-0.185022,0.171498
417,-0.181445,0.171932
418,-0.180255,0.169083
419,-0.185637,0.170617
420,-0.177074,0.171029
421,-0.181144,0.167236
422,-0.178682,0.170685
423,-0.186667,0.169825
424,-0.183011,0.17234
425,-0.189056,0.168754
426,-0.180002,0.173925
427,-0.183336,0.169358
428,-0.178576,0.171222
429,-0.181604,0.171581
430,-0.183599,0.17345
431,-0.186087,0.17172
432,-0.184222,0.173458
433,-0.187355,0.170963
434,-0.184951,0.174596
435,-0.186094,0.174922
436,-0.186094,0.174922
437,-0.188606,0.173199
438,-0.181201,0.172169
439,-0.18323,0.172257
440,-0.183119,0.172329
441,-0.182776,0.170563
442,-0.179029,0.17149
443,-0.179029,0.17149
444,-0.183668,0.169311
445,-0.183186,0.172265
446,-0.186341,0.17011
447,-0.185245,0.173975
448,-0.183505,0.171961
449,-0.188997,0.17311
450,-0.185393,0.171918
451,-0.17765,0.173674
452,-0.182575,0.169346
453,-0.179497,0.172388
454,-0.184041,0.173209
455,-0.184185,0.173383
456,-0.184279,0.1713
457,-0.184279,0.1713
458,-0.181099,0.172501
459,-0.182155,0.171348
460,-0.183946,0.173306
461,-0.182001,0.170753
462,-0.183502,0.172013
463,-0.184577,0.17019
464,-0.180134,0.171249
465,-0.182493,0.172755
466,-0.182538,0.171624
467,-0.179526,0.174141
468,-0.186679,0.17284
469,-0.183047,0.175655
470,-0.183479,0.173269
471,-0.182181,0.174826
472,-0.188289,0.173045
473,-0.187815,0.173408
474,-0.188021,0.171021
475,-0.185913,0.177654
476,-0.186919,0.173543
477,-0.183041,0.175548
478,-0.191367,0.172875
479,-0.181495,0.174255
480,-0.19,0.173558
481,-0.19,0.173558
482,-0.186461,0.17594
483,-0.186953,0.175219
484,-0.183918,0.175021
485,-0.183918,0.175021
486,-0.184595,0.176393
487,-0.186457,0.173329
488,-0.185633,0.176764
489,-0.187881,0.171836
490,-0.182375,0.176418
491,-0.183669,0.172335
492,-0.181653,0.173636
493,-0.185536,0.174128
494,-0.182615,0.173491
495,-0.182466,0.176854
496,-0.186219,0.172663
497,-0.184208,0.17259
498,-0.183528,0.169619
499,-0.185283,0.172395
500,-0.189015,0.172541
501,-0.182307,0.171744
502,-0.183404,0.172619
503,-0.184256,0.171376
504,-0.183424,0.173698
505,-0.185104,0.172034
506,-0.187725,0.174438
507,-0.187878,0.171316
508,-0.183416,0.174106
509,-0.185013,0.17581
510,-0.185013,0.17581
511,-0.185076,0.172384
512,-0.185024,0.172721
513,-0.179718,0.172958
514,-0.185647,0.172692
515,-0.183939,0.172364
516,-0.186636,0.17374
517,-0.188568,0.174318
518,-0.188546,0.174481
519,-0.189862,0.175205
520,-0.183507,0.174847
521,-0.181418,0.173053
522,-0.18564,0.173137
523,-0.18564,0.173137
524,-0.18564,0.173137
525,-0.17966,0.17419
526,-0.183236,0.16981
527,-0.181923,0.176744
528,-0.186582,0.170875
529,-0.183337,0.176128
530,-0.183337,0.176128
531,-0.189356,0.174677
532,-0.183759,0.175269
533,-0.185581,0.171869
534,-0.184489,0.17143
535,-0.189716,0.172145
536,-0.187351,0.171638
537,-0.18583,0.174616
538,-0.189544,0.172863
539,-0.180529,0.176057
540,-0.19166,0.168772
541,-0.180721,0.172955
542,-0.182891,0.172905
543,-0.183668,0.171995
544,-0.181305,0.17113
545,-0.184929,0.174633
546,-0.186723,0.170858
547,-0.182661,0.171952
548,-0.184292,0.168224
549,-0.180701,0.170822
550,-0.180701,0.170822
551,-0.183024,0.171802
552,-0.182655,0.170732
553,-0.179101,0.170587
554,-0.185232,0.171954
555,-0.183907,0.171717
556,-0.185733,0.172695
557,-0.188996,0.173715
558,-0.181638,0.174796
559,-0.183938,0.172571
560,-0.182367,0.173944
561,-0.184743,0.172089
562,-0.180025,0.175504
563,-0.184739,0.170072
564,-0.184781,0.173859
565,-0.18385,0.172757
566,-0.183266,0.172926
567,-0.185728,0.170891
568,-0.182958,0.174649
569,-0.184911,0.171215
570,-0.179413,0.172976
571,-0.180336,0.173292
572,-0.182868,0.170534
573,-0.186687,0.166959
574,-0.176201,0.171864
575,-0.176201,0.171864
576,-0.186498,0.165801
577,-0.182533,0.172199
578,-0.180555,0.169539
579,-0.177704,0.17254
580,-0.184708,0.170377
581,-0.17837,0.173411
582,-0.183977,0.172025
583,-0.181247,0.172574
584,-0.179081,0.170641
585,-0.182586,0.173463
586,-0.18286,0.171102
587,-0.182491,0.17287
588,-0.187045,0.17284
589,-0.18581,0.176836
590,-0.183913,0.174441
591,-0.190174,0.173243
592,-0.185634,0.173905
593,-0.187189,0.174603
594,-0.18473,0.176546
595,-0.188424,0.174295
596,-0.183725,0.175833
597,-0.185712,0.17429
598,-0.185702,0.173377
599,-0.179366,0.176318
600,-0.188689,0.175778
601,-0.181725,0.174484
602,-0.185303,0.175615
603,-0.189247,0.172945
604,-0.18531,0.172123
605,-0.182497,0.176409
606,-0.185005,0.173443
607,-0.18187,0.172811
608,-0.181181,0.171724
609,-0.186831,0.175312
610,-0.193057,0.174146
611,-0.185337,0.174346
612,-0.191066,0.172484
613,-0.188544,0.176281
614,-0.188663,0.179865
615,-0.188594,0.174153
616,-0.188695,0.177547
617,-0.186198,0.177014
618,-0.188825,0.173952
619,-0.184542,0.174054
620,-0.191791,0.17252
621,-0.18602,0.175736
622,-0.188995,0.175396
623,-0.188678,0.175616
624,-0.185981,0.177224
625,-0.188912,0.174901
626,-0.188912,0.174901
627,-0.1875,0.173711
628,-0.187997,0.176521
629,-0.187628,0.176979
630,-0.190943,0.17169
631,-0.183317,0.174277
632,-0.183425,0.170573
633,-0.1809,0.175336
634,-0.181921,0.173515
635,-0.190195,0.173558
636,-0.187357,0.175718
637,-0.188668,0.173152
638,-0.1823,0.17679
639,-0.190664,0.174844
640,-0.184162,0.175549
641,-0.184814,0.173108
642,-0.187,0.172388
643,-0.186576,0.172846
644,-0.182729,0.174434
645,-0.185513,0.174999
646,-0.184424,0.173464
647,-0.184023,0.174193
648,-0.186082,0.172264
649,-0.184842,0.171778
650,-0.18736,0.169812
651,-0.184405,0.172438
652,-0.181377,0.172105
653,-0.17982,0.171423
654,-0.182551,0.17108
655,-0.18314,0.171808
656,-0.181421,0.171489
657,-0.181229,0.17206
658,-0.187101,0.169682
659,-0.18561,0.17062
660,-0.181326,0.171481
661,-0.185571,0.171463
662,-0.185257,0.171254
663,-0.182101,0.173199
664,-0.182822,0.173294
665,-0.185191,0.172701
666,-0.184813,0.172814
667,-0.183894,0.17571
668,-0.183894,0.17571
669,-0.187202,0.174916
670,-0.18859,0.17491
671,-0.186858,0.175956
672,-0.186438,0.176748
673,-0.18345,0.176699
674,-0.19179,0.176872
675,-0.183005,0.18178
676,-0.189428,0.174986
677,-0.182205,0.177153
678,-0.182205,0.177153
679,-0.18736,0.175823
680,-0.187309,0.177993
681,-0.190575,0.17783
682,-0.187574,0.177953
683,-0.189071,0.177109
684,-0.192291,0.174777
685,-0.185378,0.174607
686,-0.189763,0.174716
687,-0.189763,0.174716
688,-0.191674,0.173877
689,-0.190341,0.177346
690,-0.188157,0.176525
691,-0.188157,0.176525
692,-0.187498,0.173788
693,-0.188315,0.173987
694,-0.18422,0.175919
695,-0.187341,0.174251
696,-0.185855,0.173619
697,-0.190435,0.17564
698,-0.185303,0.176582
699,-0.184646,0.177046
700,-0.185079,0.173214
701,-0.1861,0.175941
702,-0.190324,0.17495
703,-0.186248,0.17677
704,-0.186578,0.175242
705,-0.185871,0.175586
706,-0.186761,0.17397
707,-0.190182,0.176868
708,-0.188277,0.176056
709,-0.186112,0.176055
710,-0.188039,0.173577
711,-0.185147,0.174885
712,-0.189317,0.174333
713,-0.183679,0.175433
714,-0.187091,0.174354
715,-0.187678,0.173035
716,-0.17887,0.174334
717,-0.186249,0.170353
718,-0.182252,0.172414
719,-0.181516,0.172396
720,-0.184488,0.175011
721,-0.190089,0.172689
722,-0.188402,0.173009
723,-0.186008,0.173224
724,-0.183718,0.172026
725,-0.178529,0.173309
726,-0.186477,0.170234
727,-0.183749,0.172868
728,-0.184812,0.170858
729,-0.180292,0.171479
730,-0.185687,0.17353
731,-0.182859,0.171935
732,-0.189292,0.172404
733,-0.190255,0.174453
734,-0.186561,0.175185
735,-0.190104,0.173639
736,-0.184339,0.175672
737,-0.189195,0.171352
738,-0.183099,0.173572
739,-0.189801,0.172911
740,-0.18163,0.175806
741,-0.186187,0.168627
742,-0.179019,0.174246
743,-0.18377,0.172213
744,-0.18357,0.176053
745,-0.188834,0.172591
746,-0.183484,0.173898
747,-0.186497,0.17303
748,-0.185868,0.1757
749,-0.186787,0.173083
750,-0.18684,0.17152
751,-0.183611,0.174735
752,-0.187059,0.171027
753,-0.182813,0.177101
754,-0.187241,0.171826
755,-0.183865,0.171067
756,-0.185813,0.174388
757,-0.18531,0.171714
758,-0.186044,0.170859
759,-0.186044,0.170859
760,-0.182009,0.174148
761,-0.185948,0.171822
762,-0.187487,0.171715
763,-0.183726,0.172576
764,-0.182418,0.172433
765,-0.186046,0.171073
766,-0.184171,0.173859
767,-0.18168,0.173725
768,-0.184208,0.175196
769,-0.180554,0.172701
770,-0.186562,0.172248
771,-0.189845,0.173199
772,-0.189845,0.173199
773,-0.184033,0.173286
774,-0.181072,0.173145
775,-0.182804,0.172101
776,-0.183327,0.175022
777,-0.184435,0.172729
778,-0.184031,0.173259
779,-0.184652,0.172372
780,-0.179621,0.172942
781,-0.178578,0.173152
782,-0.180097,0.170935
783,-0.180499,0.172675
784,-0.186186,0.174046
785,-0.182467,0.173195
786,-0.182467,0.173195
787,-0.183707,0.170853
788,-0.185711,0.171583
789,-0.187131,0.169862
790,-0.185152,0.171747
791,-0.186962,0.172607
792,-0.179858,0.172966
793,-0.18057,0.171944
794,-0.18057,0.171944
795,-0.18057,0.171944
796,-0.182859,0.172266
797,-0.180619,0.173133
798,-0.180747,0.170841
799,-0.181084,0.173134
800,-0.187791,0.171751
801,-0.183022,0.173068
802,-0.18834,0.172207
803,-0.185453,0.173216
804,-0.18353,0.17107
805,-0.181013,0.170533
806,-0.178762,0.170859
807,-0.181061,0.171317
808,-0.181814,0.169279
809,-0.182268,0.169629
810,-0.17784,0.172177
811,-0.183831,0.166362
812,-0.174973,0.173782
813,-0.183134,0.167524
814,-0.180581,0.171455
815,-0.184893,0.168512
816,-0.181902,0.17311
817,-0.182056,0.172694
818,-0.181361,0.173149
819,-0.18508,0.174439
820,-0.180772,0.173023
821,-0.1819,0.16828
822,-0.180118,0.170844
823,-0.181394,0.173461
824,-0.183361,0.171968
825,-0.182709,0.1718
826,-0.182792,0.172005
827,-0.182531,0.174567
828,-0.186503,0.172082
829,-0.184684,0.173452
830,-0.185093,0.174026
831,-0.187621,0.170603
832,-0.188055,0.175375
833,-0.186734,0.173407
834,-0.185148,0.172933
835,-0.183278,0.172681
836,-0.183278,0.172681
837,-0.180901,0.171476
838,-0.183769,0.171798
839,-0.182349,0.172018
840,-0.185747,0.169257
841,-0.182415,0.174684
842,-0.184949,0.170142
843,-0.18208,0.171259
844,-0.184833,0.171006
845,-0.184873,0.170784
846,-0.180399,0.168581
847,-0.184251,0.168702
848,-0.179591,0.172409
849,-0.182826,0.171782
850,-0.180851,0.170294
851,-0.182118,0.17033
852,-0.182479,0.170525
853,-0.182235,0.169777
854,-0.180502,0.172875
855,-0.182884,0.170116
856,-0.184742,0.172409
857,-0.179028,0.173605
858,-0.186001,0.169765
859,-0.179414,0.168297
860,-0.181875,0.170314
861,-0.18123,0.172949
862,-0.187352,0.170877
863,-0.179777,0.174107
864,-0.185269,0.172419
865,-0.179915,0.172556
866,-0.183624,0.172208
867,-0.185557,0.172711
868,-0.184671,0.174182
869,-0.188505,0.17154
870,-0.180436,0.173922
871,-0.180436,0.173922
872,-0.186491,0.170112
873,-0.181981,0.174747
874,-0.187131,0.16981
875,-0.184585,0.172655
876,-0.187699,0.173772
877,-0.182803,0.17307
878,-0.187692,0.172739
879,-0.187187,0.174513
880,-0.189135,0.169084
881,-0.185087,0.169835
882,-0.185823,0.170898
883,-0.182808,0.171774
884,-0.182549,0.168362
885,-0.182549,0.168362
886,-0.180026,0.170448
887,-0.180545,0.17062
888,-0.181585,0.17003
889,-0.183334,0.174177
890,-0.185064,0.171733
891,-0.185064,0.171733
892,-0.185113,0.172597
893,-0.18445,0.177288
894,-0.188233,0.17094
895,-0.186591,0.17403
896,-0.186591,0.17403
897,-0.186452,0.175321
898,-0.18587,0.171826
899,-0.187905,0.17267
900,-0.185712,0.173289
901,-0.186805,0.170327
902,-0.188819,0.170128
903,-0.186855,0.168587
904,-0.183073,0.171337
905,-0.182673,0.171868
906,-0.182225,0.171555
907,-0.184106,0.171009
908,-0.183386,0.171038
909,-0.183295,0.16814
910,-0.183605,0.171108
911,-0.187712,0.170002
912,-0.18472,0.173343
913,-0.188826,0.173765
914,-0.182517,0.171409
915,-0.189614,0.170981
916,-0.190876,0.175368
917,-0.184863,0.171966
918,-0.185477,0.171398
919,-0.183207,0.175145
920,-0.187756,0.171027
921,-0.18072,0.17605
922,-0.190806,0.170494
923,-0.184854,0.174168
924,-0.18981,0.175109
925,-0.188866,0.171979
926,-0.188147,0.172252
927,-0.186188,0.172547
928,-0.182817,0.17279
929,-0.185363,0.172774
930,-0.183586,0.172033
931,-0.186756,0.172812
932,-0.177731,0.175585
933,-0.185263,0.172044
934,-0.187005,0.172137
935,-0.182916,0.174409
936,-0.184025,0.171705
937,-0.184684,0.17278
938,-0.181943,0.170555
939,-0.185275,0.172821
940,-0.182301,0.172661
941,-0.179314,0.170366
942,-0.182568,0.171628
943,-0.182313,0.172031
944,-0.18312,0.174373
945,-0.183672,0.170137
946,-0.180989,0.177417
947,-0.188766,0.17298
948,-0.187992,0.175972
949,-0.186089,0.172499
950,-0.183815,0.173068
951,-0.185466,0.172286
952,-0.178151,0.1734
953,-0.183435,0.171391
954,-0.182021,0.171195
955,-0.184291,0.169231
956,-0.182981,0.17249
957,-0.187589,0.173814
958,-0.182674,0.175691
959,-0.184958,0.173077
960,-0.18147,0.175727
961,-0.186504,0.173928
962,-0.185258,0.174126
963,-0.18435,0.171031
964,-0.180658,0.171979
965,-0.18304,0.171751
966,-0.182768,0.172734
967,-0.18493,0.172682
968,-0.186416,0.170831
969,-0.181707,0.174286
970,-0.182712,0.172226
971,-0.185311,0.17291
972,-0.184234,0.17441
973,-0.184053,0.172352
974,-0.185342,0.17347
975,-0.187466,0.172433
976,-0.186201,0.174798
977,-0.181091,0.173918
978,-0.188531,0.172682
979,-0.188013,0.175666
980,-0.186823,0.176367
981,-0.184211,0.175701
982,-0.189256,0.170288
983,-0.184437,0.174381
984,-0.190063,0.173062
985,-0.187576,0.173586
986,-0.187251,0.173426
987,-0.190381,0.176848
988,-0.188534,0.177153
989,-0.187482,0.176803
990,-0.186575,0.175702
991,-0.187471,0.177746
992,-0.190657,0.1755
993,-0.186351,0.178049
994,-0.189321,0.173846
995,-0.187932,0.179402
996,-0.187932,0.179402
997,-0.190793,0.182523
998,-0.190011,0.176089
999,-0.188277,0.178815
1000,-0.188277,0.178815
1001,-0.190362,0.1749
1002,-0.191294,0.178851
1003,-0.191344,0.178475
1004,-0.183428,0.175946
1005,-0.188318,0.174925
1006,-0.183013,0.17662
1007,-0.19177,0.173171
1008,-0.187295,0.176242
1009,-0.189401,0.180088
1010,-0.189769,0.179051
1011,-0.189359,0.176154
1012,-0.186238,0.176488
1013,-0.186238,0.176488
1014,-0.188274,0.175999
1015,-0.188004,0.176351
1016,-0.188065,0.176834
1017,-0.185742,0.174084
1018,-0.184294,0.175002
1019,-0.185211,0.174618
1020,-0.189628,0.176131
1021,-0.186294,0.175853
1022,-0.186048,0.175979
1023,-0.18601,0.174371
1024,-0.186194,0.174228
1025,-0.187889,0.173921
1026,-0.184623,0.172773
1027,-0.187669,0.17541
1028,-0.18339,0.176334
1029,-0.186266,0.172902
1030,-0.18209,0.171713
1031,-0.187613,0.172137
1032,-0.182384,0.173201
1033,-0.182384,0.173201
1034,-0.184655,0.175197
1035,-0.187697,0.173718
1036,-0.186321,0.173863
1037,-0.18389,0.173283
1038,-0.184916,0.1736
1039,-0.185987,0.17395
1040,-0.183018,0.17118
1041,-0.184011,0.170019
1042,-0.181981,0.172261
1043,-0.184056,0.173311
1044,-0.188783,0.175085
1045,-0.183555,0.17594
1046,-0.185094,0.171107
1047,-0.17932,0.174272
1048,-0.187934,0.170059
1049,-0.183315,0.176086
1050,-0.187059,0.172596
1051,-0.184985,0.173155
1052,-0.185958,0.169697
1053,-0.178902,0.173461
1054,-0.18676,0.170531
1055,-0.185587,0.169716
1056,-0.186321,0.167716
1057,-0.186326,0.173626
1058,-0.184682,0.171118
1059,-0.185559,0.173148
1060,-0.183629,0.175539
1061,-0.187903,0.173751
1062,-0.182219,0.175653
1063,-0.185976,0.173335
1064,-0.18476,0.173341
1065,-0.18462,0.17262
1066,-0.184787,0.175551
1067,-0.18563,0.173519
1068,-0.193036,0.17356
1069,-0.184723,0.179083
1070,-0.189811,0.173334
1071,-0.191034,0.176125
1072,-0.19014,0.17692
1073,-0.189226,0.173802
1074,-0.190146,0.176201
1075,-0.190357,0.175981
1076,-0.192633,0.175596
1077,-0.187756,0.175162
1078,-0.189393,0.173457
1079,-0.185595,0.175806
1080,-0.18738,0.172434
1081,-0.188978,0.176691
1082,-0.185227,0.174201
1083,-0.189034,0.175218
1084,-0.185441,0.177972
1085,-0.190343,0.175491
1086,-0.188425,0.174592
1087,-0.184989,0.173727
1088,-0.189068,0.174624
1089,-0.187381,0.176684
1090,-0.190542,0.177877
1091,-0.189316,0.174419
1092,-0.18684,0.171952
1093,-0.182506,0.176455
1094,-0.186923,0.173726
1095,-0.18336,0.173599
1096,-0.182776,0.171964
1097,-0.186408,0.173035
1098,-0.18609,0.173766
1099,-0.187877,0.176704
1100,-0.18499,0.177416
1101,-0.191302,0.177108
1102,-0.182718,0.175367
1103,-0.188319,0.175511
1104,-0.188535,0.175134
1105,-0.187918,0.177387
1106,-0.191056,0.175114
1107,-0.186918,0.180343
1108,-0.188289,0.174755
1109,-0.187273,0.173773
1110,-0.184285,0.175194
1111,-0.183949,0.175418
1112,-0.187539,0.174313
1113,-0.179158,0.17644
1114,-0.191494,0.175298
1115,-0.189294,0.177306
1116,-0.190512,0.178636
1117,-0.192013,0.180715
1118,-0.188156,0.175157
1119,-0.190147,0.179674
1120,-0.199816,0.178575
1121,-0.193672,0.180861
1122,-0.194275,0.178366
1123,-0.19363,0.180504
1124,-0.190043,0.179296
1125,-0.19299,0.178412
1126,-0.193498,0.179318
1127,-0.191906,0.179101
1128,-0.189821,0.179047
1129,-0.191614,0.179609
1130,-0.189116,0.176984
1131,-0.186159,0.175438
1132,-0.188792,0.175605
1133,-0.182625,0.177089
1134,-0.186401,0.175588
1135,-0.18704,0.178665
1136,-0.19382,0.176869
1137,-0.189003,0.179223
1138,-0.184359,0.176106
1139,-0.185606,0.173296
1140,-0.185606,0.173296
1141,-0.185606,0.173296
1142,-0.186028,0.176742
1143,-0.188778,0.174108
1144,-0.185921,0.174345
1145,-0.189101,0.179228
1146,-0.191581,0.17622
1147,-0.190424,0.177973
1148,-0.191653,0.178213
1149,-0.192747,0.178977
1150,-0.189727,0.176331
1151,-0.188226,0.174332
1152,-0.184084,0.176148
1153,-0.188906,0.174104
1154,-0.187586,0.175592
1155,-0.187237,0.17403
1156,-0.186274,0.177794
1157,-0.191439,0.171344
1158,-0.182845,0.176805
1159,-0.188334,0.17443
1160,-0.183146,0.174168
1161,-0.1882,0.177252
1162,-0.186207,0.179464
1163,-0.189683,0.174694
1164,-0.184451,0.17424
1165,-0.187607,0.17433
1166,-0.185256,0.176455
1167,-0.188842,0.173271
1168,-0.188842,0.173271
1169,-0.183085,0.176197
1170,-0.18923,0.172756
1171,-0.184129,0.175915
1172,-0.185067,0.172156
1173,-0.181802,0.174464
1174,-0.187227,0.174025
1175,-0.183337,0.176103
1176,-0.183337,0.176103
1177,-0.187173,0.176123
1178,-0.184484,0.175762
1179,-0.181126,0.170379
1180,-0.180602,0.174449
1181,-0.189331,0.16966
1182,-0.181071,0.173429
1183,-0.185142,0.169946
1184,-0.180859,0.174288
1185,-0.189368,0.172767
1186,-0.183613,0.1767
1187,-0.188907,0.171222
1188,-0.186164,0.172865
1189,-0.188059,0.171214
1190,-0.184641,0.171877
1191,-0.180101,0.172181
1192,-0.182907,0.172216
1193,-0.183577,0.173559
1194,-0.182435,0.168586
1195,-0.182889,0.171538
1196,-0.18383,0.171473
1197,-0.184445,0.171071
1198,-0.186145,0.172707
1199,-0.184963,0.171821
1200,-0.184963,0.171821
1201,-0.184247,0.171061
1202,-0.181458,0.169988
1203,-0.184703,0.173971
1204,-0.186563,0.172535
1205,-0.181092,0.174522
1206,-0.181092,0.174522
1207,-0.185996,0.172826
1208,-0.192152,0.172656
1209,-0.191379,0.173923
1210,-0.187153,0.174398
1211,-0.18471,0.175385
1212,-0.188989,0.177299
1213,-0.185579,0.174795
1214,-0.188282,0.176158
1215,-0.188282,0.176158
1216,-0.186632,0.176169
1217,-0.184456,0.174509
1218,-0.184047,0.172373
1219,-0.183737,0.172859
1220,-0.185626,0.171923
1221,-0.186768,0.174249
1222,-0.183929,0.17676
1223,-0.1904,0.174554
1224,-0.187546,0.176764
1225,-0.185981,0.175297
1226,-0.18786,0.173729
1227,-0.185458,0.175413
1228,-0.188674,0.173885
1229,-0.190853,0.173898
1230,-0.183228,0.174981
1231,-0.191437,0.173529
1232,-0.184705,0.174989
1233,-0.190861,0.171275
1234,-0.181616,0.175063
1235,-0.18764,0.16907
1236,-0.18067,0.174105
1237,-0.185696,0.170053
1238,-0.189655,0.175678
1239,-0.188905,0.171821
1240,-0.183299,0.174032
1241,-0.182858,0.17094
1242,-0.183957,0.170607
1243,-0.183637,0.170637
1244,-0.186197,0.170696
1245,-0.184972,0.172087
1246,-0.184278,0.170757
1247,-0.184738,0.169877
1248,-0.189202,0.171749
1249,-0.185077,0.174877
1250,-0.195315,0.172148
1251,-0.186747,0.176112
1252,-0.188679,0.173396
1253,-0.189707,0.172557
1254,-0.19029,0.174286
1255,-0.184758,0.177241
1256,-0.187201,0.175567
1257,-0.185543,0.17273
1258,-0.184289,0.176611
1259,-0.191224,0.174622
1260,-0.187091,0.17615
1261,-0.190141,0.1763
1262,-0.190141,0.1763
1263,-0.193304,0.176078
1264,-0.192632,0.174632
1265,-0.185748,0.176483
1266,-0.185757,0.175153
1267,-0.186465,0.17675
1268,-0.188255,0.172421
1269,-0.188806,0.174243
1270,-0.188962,0.175915
1271,-0.186935,0.174783
1272,-0.186727,0.177428
1273,-0.18822,0.174516
1274,-0.184912,0.178521
1275,-0.188502,0.174392
1276,-0.183862,0.176381
1277,-0.184888,0.175426
1278,-0.188791,0.171126
1279,-0.18683,0.173615
1280,-0.18628,0.170756
1281,-0.185206,0.172243
1282,-0.186877,0.171304
1283,-0.185135,0.172752
1284,-0.185135,0.172752
1285,-0.187094,0.170082
1286,-0.182258,0.174207
1287,-0.183955,0.172257
1288,-0.180595,0.171797
1289,-0.184323,0.170028
1290,-0.182828,0.174657
1291,-0.19135,0.17032
1292,-0.179646,0.171544
1293,-0.179405,0.170036
1294,-0.182475,0.170371
1295,-0.183074,0.171229
1296,-0.183196,0.171889
1297,-0.182009,0.174339
1298,-0.185132,0.172754
1299,-0.183183,0.170521
1300,-0.183142,0.169789
1301,-0.181649,0.169198
1302,-0.178671,0.171707
1303,-0.181796,0.170947
1304,-0.184683,0.171678
1305,-0.181463,0.171631
1306,-0.181463,0.171631
1307,-0.186332,0.171282
1308,-0.182173,0.175804
1309,-0.182173,0.175804
1310,-0.189076,0.173086
1311,-0.183132,0.173993
1312,-0.183193,0.174599
1313,-0.189242,0.170495
1314,-0.183313,0.175969
1315,-0.185317,0.171506
1316,-0.184387,0.173365
1317,-0.187554,0.173222
1318,-0.182466,0.176189
1319,-0.188759,0.173275
1320,-0.184175,0.175542
1321,-0.184628,0.175362
1322,-0.182393,0.173714
1323,-0.185449,0.173984
1324,-0.181422,0.172001
1325,-0.183845,0.173325
1326,-0.190473,0.17487
1327,-0.188227,0.175754
1328,-0.188227,0.175754
1329,-0.188265,0.173491
1330,-0.181918,0.173915
1331,-0.187816,0.17403
1332,-0.187118,0.17712
1333,-0.188957,0.174057
1334,-0.185467,0.175765
1335,-0.185467,0.175765
1336,-0.187956,0.176475
1337,-0.190013,0.177578
1338,-0.186525,0.176538
1339,-0.184765,0.176894
1340,-0.18794,0.17473
1341,-0.186721,0.175494
1342,-0.186721,0.175494
1343,-0.188038,0.17435
1344,-0.18838,0.175004
1345,-0.185033,0.175719
1346,-0.191367,0.172548
1347,-0.188128,0.176864
1348,-0.187166,0.173496
1349,-0.190221,0.174905
1350,-0.181723,0.173434
1351,-0.189379,0.174924
1352,-0.188834,0.176381
1353,-0.189334,0.178033
1354,-0.189485,0.180301
1355,-0.192578,0.178679
1356,-0.188557,0.179009
1357,-0.190845,0.177973
1358,-0.187275,0.174918
1359,-0.188661,0.17639
1360,-0.185067,0.175564
1361,-0.186483,0.176946
1362,-0.191459,0.174324
1363,-0.19024,0.175697
1364,-0.186323,0.175429
1365,-0.187559,0.174134
1366,-0.179559,0.174085
1367,-0.188313,0.174628
1368,-0.187973,0.177045
1369,-0.187128,0.173995
1370,-0.183574,0.175806
1371,-0.183574,0.175806
1372,-0.18866,0.174348
1373,-0.183943,0.176369
1374,-0.184511,0.173789
1375,-0.181321,0.174196
1376,-0.182999,0.171113
1377,-0.183673,0.172952
1378,-0.185299,0.173816
1379,-0.184409,0.175368
1380,-0.185879,0.173158
1381,-0.181585,0.173756
1382,-0.183151,0.177203
1383,-0.186121,0.174283
1384,-0.185822,0.174195
1385,-0.186598,0.174846
1386,-0.190269,0.175877
1387,-0.188028,0.174714
1388,-0.186291,0.176353
1389,-0.187732,0.178679
1390,-0.191724,0.179017
1391,-0.191019,0.17801
1392,-0.184764,0.177496
1393,-0.188313,0.176105
1394,-0.186326,0.175796
1395,-0.186464,0.17635
1396,-0.184073,0.178041
1397,-0.188911,0.178652
1398,-0.186263,0.177332
1399,-0.186263,0.177332
1400,-0.189695,0.178382
1401,-0.18524,0.177371
1402,-0.188867,0.174713
1403,-0.187694,0.174586
1404,-0.187975,0.174186
1405,-0.190384,0.176014
1406,-0.193205,0.174925
1407,-0.188104,0.179924
1408,-0.193329,0.179426
1409,-0.188786,0.180417
1410,-0.189047,0.177205
1411,-0.187445,0.177009
1412,-0.190868,0.176398
1413,-0.190811,0.175852
1414,-0.191461,0.178819
1415,-0.192961,0.175781
1416,-0.19345,0.177721
1417,-0.189819,0.178153
1418,-0.190375,0.177986
1419,-0.192797,0.175383
1420,-0.188865,0.177294
1421,-0.192978,0.176477
1422,-0.186071,0.176327
1423,-0.190356,0.177678
1424,-0.192603,0.180388
1425,-0.191734,0.178371
1426,-0.195799,0.178742
1427,-0.1884,0.180331
1428,-0.196182,0.181643
1429,-0.197708,0.183325
1430,-0.19768,0.180415
1431,-0.195366,0.181094
1432,-0.192155,0.17854
1433,-0.192315,0.178674
1434,-0.190793,0.181373
1435,-0.194201,0.179063
1436,-0.191184,0.183856
1437,-0.193961,0.180783
1438,-0.187318,0.1814
1439,-0.188971,0.181397
1440,-0.194309,0.179
1441,-0.189205,0.17934
1442,-0.191687,0.178688
1443,-0.194103,0.183906
1444,-0.197617,0.181367
1445,-0.191406,0.181962
1446,-0.190106,0.176812
1447,-0.189446,0.177787
1448,-0.193197,0.178185
1449,-0.191671,0.180362
1450,-0.190385,0.178501
1451,-0.189704,0.179714
1452,-0.191463,0.178568
1453,-0.191705,0.179091
1454,-0.195141,0.17528
1455,-0.185513,0.17852
1456,-0.193652,0.178601
1457,-0.190531,0.180551
1458,-0.195852,0.177152
1459,-0.195852,0.177152
1460,-0.191563,0.181069
1461,-0.194552,0.181608
1462,-0.194552,0.181608
1463,-0.198414,0.179978
1464,-0.193075,0.182751
1465,-0.193016,0.181073
1466,-0.194342,0.182564
1467,-0.195865,0.183986
1468,-0.197747,0.184793
1469,-0.199624,0.184479
1470,-0.196595,0.185095
1471,-0.197793,0.184174
1472,-0.197793,0.184174
1473,-0.196633,0.183544
1474,-0.196166,0.184197
1475,-0.197515,0.182863
1476,-0.194383,0.182848
1477,-0.199597,0.180955
1478,-0.192008,0.183427
1479,-0.193879,0.182496
1480,-0.1922,0.182609
1481,-0.195693,0.180267
1482,-0.190127,0.183088
1483,-0.196113,0.182671
1484,-0.195732,0.18237
1485,-0.195395,0.181934
1486,-0.195281,0.182047
1487,-0.193039,0.181105
1488,-0.192943,0.17909
1489,-0.190046,0.180219
1490,-0.195963,0.181026
1491,-0.186586,0.179235
1492,-0.197671,0.176893
1493,-0.189657,0.180576
1494,-0.191942,0.178697
1495,-0.187432,0.179846
1496,-0.191469,0.178181
1497,-0.189801,0.176982
1498,-0.184729,0.176732
1499,-0.186512,0.176581
1500,-0.186926,0.174959
1501,-0.183329,0.175539
1502,-0.19052,0.173051
1503,-0.189017,0.178442
1504,-0.187952,0.17753
1505,-0.186395,0.173346
1506,-0.182178,0.17488
1507,-0.183708,0.174226
1508,-0.188422,0.174607
1509,-0.185568,0.175412
1510,-0.187783,0.175997
1511,-0.189788,0.177611
1512,-0.185265,0.177406
1513,-0.190691,0.173153
1514,-0.186672,0.174258
1515,-0.187974,0.173655
1516,-0.187114,0.174857
1517,-0.183897,0.174229
1518,-0.187351,0.177545
1519,-0.188057,0.176825
1520,-0.189473,0.174171
1521,-0.183621,0.174594
1522,-0.188855,0.172245
1523,-0.181865,0.174407
1524,-0.187712,0.174902
1525,-0.183937,0.176112
1526,-0.184417,0.175174
1527,-0.185167,0.177255
1528,-0.183202,0.173312
1529,-0.188059,0.173429
1530,-0.18885,0.17637
1531,-0.190219,0.175381
1532,-0.188516,0.174857
1533,-0.182435,0.174632
1534,-0.187471,0.174028
1535,-0.19002,0.175419
1536,-0.187512,0.175822
1537,-0.190655,0.176362
1538,-0.192268,0.175156
1539,-0.188299,0.177944
1540,-0.19466,0.174788
1541,-0.186891,0.17921
1542,-0.186447,0.177035
1543,-0.191409,0.174846
1544,-0.186866,0.177056
1545,-0.187519,0.177316
1546,-0.188438,0.175135
1547,-0.187322,0.177882
1548,-0.190624,0.17589
1549,-0.186388,0.179611
1550,-0.189851,0.176442
1551,-0.189802,0.177464
1552,-0.192506,0.179034
1553,-0.192071,0.181094
1554,-0.193666,0.175248
1555,-0.191313,0.181116
1556,-0.192768,0.178261
1557,-0.186332,0.179864
1558,-0.189038,0.180657
1559,-0.189038,0.180657
1560,-0.190183,0.178118
1561,-0.189992,0.177307
1562,-0.188444,0.179864
1563,-0.190369,0.178412
1564,-0.190954,0.175197
1565,-0.189347,0.178151
1566,-0.188815,0.176691
1567,-0.186473,0.177911
1568,-0.192347,0.177058
1569,-0.18912,0.178749
1570,-0.193621,0.178241
1571,-0.195398,0.176707
1572,-0.188202,0.175294
1573,-0.187175,0.175569
1574,-0.185308,0.178411
1575,-0.189396,0.173312
1576,-0.184684,0.17416
1577,-0.183329,0.174842
1578,-0.183745,0.170132
1579,-0.186103,0.173423
1580,-0.188815,0.17491
1581,-0.18664,0.173219
1582,-0.187055,0.172698
1583,-0.184447,0.174893
1584,-0.185714,0.170831
1585,-0.179694,0.174466
1586,-0.184473,0.172818
1587,-0.184537,0.173501
1588,-0.184858,0.173384
1589,-0.186607,0.17409
1590,-0.188065,0.174614
1591,-0.188925,0.173424
1592,-0.182704,0.174228
1593,-0.183707,0.172578
1594,-0.183203,0.175946
1595,-0.184875,0.173776
1596,-0.186877,0.172684
1597,-0.18272,0.173142
1598,-0.18272,0.173142
1599,-0.185135,0.171654
1600,-0.188181,0.171984
1601,-0.185912,0.172136
1602,-0.184229,0.172587
1603,-0.185826,0.170501
1604,-0.179367,0.172021
1605,-0.186284,0.16853
1606,-0.181462,0.172069
1607,-0.18205,0.170235
1608,-0.18372,0.168423
1609,-0.181067,0.172254
1610,-0.181406,0.169129
1611,-0.17785,0.170879
1612,-0.180346,0.170816
1613,-0.179705,0.172787
1614,-0.185678,0.171182
1615,-0.181444,0.17341
1616,-0.182534,0.172537
1617,-0.179315,0.168719
1618,-0.181255,0.171892
1619,-0.181113,0.170508
1620,-0.180703,0.168376
1621,-0.17569,0.171276
1622,-0.183531,0.169685
1623,-0.183103,0.171594
1624,-0.182066,0.172011
1625,-0.181228,0.169252
1626,-0.179248,0.171647
1627,-0.185065,0.170935
1628,-0.178659,0.174823
1629,-0.187178,0.170625
1630,-0.178135,0.171269
1631,-0.185965,0.169135
1632,-0.179863,0.171983
1633,-0.178212,0.171557
1634,-0.180923,0.172957
1635,-0.188344,0.174941
1636,-0.188563,0.169948
1637,-0.183699,0.171008
1638,-0.181868,0.172784
1639,-0.183222,0.169151
1640,-0.180329,0.170584
1641,-0.182619,0.171
1642,-0.184111,0.171776
1643,-0.184562,0.169742
1644,-0.183285,0.171238
1645,-0.184571,0.173478
1646,-0.186483,0.173222
1647,-0.184125,0.172799
1648,-0.188145,0.174092
1649,-0.184279,0.174649
1650,-0.184905,0.1711
1651,-0.18676,0.174529
1652,-0.18764,0.174359
1653,-0.186229,0.174216
1654,-0.185154,0.174008
1655,-0.186812,0.170738
1656,-0.18757,0.173943
1657,-0.186149,0.17469
1658,-0.186592,0.171624
1659,-0.180102,0.173537
1660,-0.182916,0.172448
1661,-0.182102,0.174745
1662,-0.182102,0.174745
1663,-0.188149,0.171549
1664,-0.183614,0.17496
1665,-0.184749,0.170307
1666,-0.182407,0.172425
1667,-0.183826,0.171556
1668,-0.182201,0.172964
1669,-0.184758,0.172199
1670,-0.191439,0.175233
1671,-0.186895,0.17488
1672,-0.187665,0.175896
1673,-0.188996,0.175778
1674,-0.186553,0.176386
1675,-0.184816,0.174855
1676,-0.188696,0.172414
1677,-0.187772,0.177571
1678,-0.193133,0.173636
1679,-0.189268,0.177486
1680,-0.191191,0.177731
1681,-0.190418,0.175977
1682,-0.190418,0.175977
1683,-0.189245,0.176969
1684,-0.188033,0.177986
1685,-0.194334,0.177358
1686,-0.194914,0.178382
1687,-0.190285,0.175358
1688,-0.190681,0.176112
1689,-0.189577,0.178234
1690,-0.189577,0.178234
1691,-0.185476,0.178449
1692,-0.193961,0.177382
1693,-0.191005,0.179255
1694,-0.18929,0.176044
1695,-0.187199,0.174935
1696,-0.190308,0.171969
1697,-0.187897,0.179787
1698,-0.189771,0.174975
1699,-0.184204,0.174418
1700,-0.189336,0.17751
1701,-0.189195,0.176777
1702,-0.187832,0.175666
1703,-0.186939,0.177207
1704,-0.190744,0.175715
1705,-0.188135,0.176119
1706,-0.186898,0.179084
1707,-0.186578,0.176656
1708,-0.189384,0.171997
1709,-0.18537,0.175643
1710,-0.188085,0.173183
1711,-0.185006,0.176373
1712,-0.187372,0.174951
1713,-0.183435,0.173704
1714,-0.183988,0.173784
1715,-0.184155,0.174986
1716,-0.183627,0.172225
1717,-0.183534,0.17419
1718,-0.183332,0.173651
1719,-0.18427,0.171959
1720,-0.180311,0.170302
1721,-0.180814,0.172061
1722,-0.183357,0.17034
1723,-0.181432,0.1722
1724,-0.181432,0.1722
1725,-0.182689,0.17224
1726,-0.182548,0.171776
1727,-0.182823,0.169888
1728,-0.180171,0.171643
1729,-0.183862,0.17326
1730,-0.183517,0.172318
1731,-0.178481,0.171371
1732,-0.180653,0.170247
1733,-0.181163,0.173038
1734,-0.186821,0.169553
1735,-0.185925,0.172283
1736,-0.182318,0.171058
1737,-0.1787,0.171109
1738,-0.182426,0.171078
1739,-0.183456,0.172763
1740,-0.181377,0.172969
1741,-0.18759,0.173007
1742,-0.184498,0.172829
1743,-0.18407,0.174457
1744,-0.187606,0.173862
1745,-0.183937,0.177068
1746,-0.185725,0.175913
1747,-0.187711,0.172827
1748,-0.188761,0.173846
1749,-0.187915,0.17434
1750,-0.186187,0.171415
1751,-0.184016,0.171951
1752,-0.183822,0.171064
1753,-0.186261,0.169884
1754,-0.181731,0.174204
1755,-0.185871,0.169082
1756,-0.181414,0.171922
1757,-0.182036,0.171641
1758,-0.182822,0.172287
1759,-0.18349,0.17209
1760,-0.183896,0.171264
1761,-0.182131,0.171432
1762,-0.180818,0.17246
1763,-0.183513,0.169793
1764,-0.181006,0.17245
1765,-0.184804,0.17151
1766,-0.180586,0.172429
1767,-0.184602,0.168949
1768,-0.184416,0.174246
1769,-0.186135,0.170604
1770,-0.183836,0.175596
1771,-0.186281,0.174143
1772,-0.18179,0.172444
1773,-0.18379,0.174378
1774,-0.18379,0.174378
1775,-0.183746,0.17148
1776,-0.184313,0.170723
1777,-0.181184,0.173858
1778,-0.185627,0.172257
1779,-0.181142,0.170481
1780,-0.18337,0.171681
1781,-0.181044,0.17017
1782,-0.186633,0.173451
1783,-0.187763,0.1723
1784,-0.187763,0.1723
1785,-0.18375,0.17528
1786,-0.182736,0.174838
1787,-0.186002,0.172078
1788,-0.182251,0.172202
1789,-0.185059,0.1727
1790,-0.180129,0.172821
1791,-0.186313,0.174338
1792,-0.18107,0.174771
1793,-0.182914,0.173252
1794,-0.183104,0.170747
1795,-0.182716,0.173741
1796,-0.185028,0.173879
1797,-0.184194,0.172233
1798,-0.185062,0.175058
1799,-0.189745,0.173482
1800,-0.190032,0.174723
1801,-0.190032,0.174723
1802,-0.188747,0.174962
1803,-0.184081,0.175058
1804,-0.187151,0.174911
1805,-0.190138,0.173954
1806,-0.191941,0.173964
1807,-0.189478,0.177186
1808,-0.191123,0.17492
1809,-0.186365,0.177086
1810,-0.186131,0.173718
1811,-0.190082,0.173393
1812,-0.185506,0.172939
1813,-0.189053,0.174678
1814,-0.18197,0.174224
1815,-0.185992,0.176152
1816,-0.187208,0.176367
1817,-0.186328,0.174242
1818,-0.184868,0.176265
1819,-0.183689,0.171883
1820,-0.185145,0.175391
1821,-0.188464,0.173389
1822,-0.191467,0.177925
1823,-0.191467,0.177925
1824,-0.188916,0.17533
1825,-0.185597,0.173614
1826,-0.185876,0.172676
1827,-0.184807,0.17221
1828,-0.18596,0.169074
1829,-0.18239,0.173574
1830,-0.18239,0.173574
1831,-0.186481,0.172897
1832,-0.181617,0.172775
1833,-0.184715,0.172722
1834,-0.185376,0.170985
1835,-0.182311,0.172082
1836,-0.187041,0.171147
1837,-0.188569,0.174676
1838,-0.185092,0.176192
1839,-0.19594,0.173674
1840,-0.183346,0.174073
1841,-0.186649,0.175293
1842,-0.184838,0.174414
1843,-0.18838,0.172856
1844,-0.183602,0.17221
1845,-0.18383,0.172844
1846,-0.184937,0.171679
1847,-0.184162,0.173086
1848,-0.184222,0.171899
1849,-0.185971,0.173362
1850,-0.185651,0.173353
1851,-0.184468,0.173362
1852,-0.185559,0.174504
1853,-0.191258,0.173906
1854,-0.184386,0.175916
1855,-0.184983,0.17256
1856,-0.184479,0.172829
1857,-0.184597,0.171579
1858,-0.187972,0.174598
1859,-0.186265,0.173205
1860,-0.190145,0.174367
1861,-0.18169,0.173128
1862,-0.186976,0.170435
1863,-0.181395,0.171659
1864,-0.187273,0.171345
1865,-0.186127,0.173186
1866,-0.186194,0.169928
1867,-0.182634,0.176068
1868,-0.18786,0.170177
1869,-0.185124,0.174513
1870,-0.181562,0.174505
1871,-0.187392,0.172628
1872,-0.178055,0.171445
1873,-0.181375,0.172222
1874,-0.179173,0.172049
1875,-0.183394,0.170478
1876,-0.182752,0.168746
1877,-0.182044,0.169458
1878,-0.181584,0.168103
1879,-0.178134,0.170403
1880,-0.181917,0.170358
1881,-0.180457,0.171997
1882,-0.181716,0.17044
1883,-0.183217,0.169613
1884,-0.180564,0.175005
1885,-0.183502,0.170237
1886,-0.181848,0.17283
1887,-0.184581,0.171481
1888,-0.184235,0.174272
1889,-0.186969,0.173701
1890,-0.182997,0.175072
1891,-0.184907,0.175129
1892,-0.186859,0.174759
1893,-0.192717,0.175084
1894,-0.189638,0.176794
1895,-0.188186,0.174953
1896,-0.18831,0.172897
1897,-0.180903,0.175067
1898,-0.18732,0.172601
1899,-0.187885,0.171898
1900,-0.187197,0.17577
1901,-0.188599,0.174264
1902,-0.184225,0.174156
1903,-0.190963,0.174194
1904,-0.190049,0.175289
1905,-0.185653,0.177777
1906,-0.187584,0.174785
1907,-0.188625,0.17577
1908,-0.187431,0.174366
1909,-0.189179,0.176474
1910,-0.185647,0.175665
1911,-0.185647,0.175665
1912,-0.189941,0.176355
1913,-0.182572,0.176686
1914,-0.185343,0.17526
1915,-0.18383,0.17501
1916,-0.188745,0.172717
1917,-0.181836,0.172559
1918,-0.186181,0.171775
1919,-0.185976,0.175777
1920,-0.18801,0.172988
1921,-0.181212,0.174909
1922,-0.188397,0.171426
1923,-0.181597,0.175326
1924,-0.18901,0.173763
1925,-0.186496,0.173857
1926,-0.186294,0.174456
1927,-0.185874,0.175404
1928,-0.190732,0.174438
1929,-0.183482,0.175367
1930,-0.18541,0.171181
1931,-0.185854,0.174432
1932,-0.182273,0.1723
1933,-0.186213,0.168959
1934,-0.182217,0.172683
1935,-0.186126,0.170459
1936,-0.180606,0.171493
1937,-0.186643,0.167801
1938,-0.177966,0.171765
1939,-0.184397,0.169676
1940,-0.181761,0.171655
1941,-0.180667,0.170611
1942,-0.179307,0.172903
1943,-0.185049,0.171562
1944,-0.184329,0.172749
1945,-0.185759,0.172174
1946,-0.180972,0.170538
1947,-0.183392,0.170469
1948,-0.177912,0.172572
1949,-0.181199,0.16787
1950,-0.186781,0.169084
1951,-0.180897,0.171501
1952,-0.181899,0.169595
1953,-0.181619,0.169047
1954,-0.181462,0.172224
1955,-0.18885,0.170953
1956,-0.184004,0.17191
1957,-0.184004,0.17191
1958,-0.181744,0.169167
1959,-0.179951,0.171483
1960,-0.182572,0.172606
1961,-0.186977,0.171408
1962,-0.182777,0.171693
1963,-0.183831,0.170058
1964,-0.18421,0.171639
1965,-0.184118,0.170561
1966,-0.184118,0.170561
1967,-0.184729,0.169506
1968,-0.183333,0.172288
1969,-0.18219,0.171612
1970,-0.185836,0.172296
1971,-0.185836,0.172296
1972,-0.187313,0.170462
1973,-0.182296,0.171577
1974,-0.186633,0.170397
1975,-0.180705,0.172293
1976,-0.183198,0.171629
1977,-0.183198,0.171629
1978,-0.182928,0.172151
1979,-0.183643,0.169461
1980,-0.181876,0.169381
1981,-0.180078,0.171254
1982,-0.182882,0.170015
1983,-0.180981,0.169687
1984,-0.180981,0.169687
1985,-0.183069,0.171075
1986,-0.178998,0.170384
1987,-0.182035,0.169221
1988,-0.181739,0.169108
1989,-0.179432,0.16928
1990,-0.186461,0.168354
1991,-0.178074,0.173204
1992,-0.184095,0.170398
1993,-0.179431,0.171324
1994,-0.182946,0.168173
1995,-0.18108,0.17134
1996,-0.183599,0.170217
1997,-0.180312,0.169695
1998,-0.183521,0.170525
1999,-0.184177,0.170098
2000,-0.18256,0.171734
2001,-0.182009,0.173363
2002,-0.188508,0.17162
2003,-0.188508,0.17162
2004,-0.187671,0.171848
2005,-0.187975,0.170607
2006,-0.182452,0.169502
2007,-0.186048,0.172451
2008,-0.184993,0.169583
2009,-0.180027,0.174246
2010,-0.182571,0.170625
2011,-0.184698,0.173279
2012,-0.186869,0.173171
2013,-0.182622,0.173379
2014,-0.188671,0.172533
2015,-0.185926,0.174576
2016,-0.185126,0.17268
2017,-0.185104,0.174831
2018,-0.184689,0.17149
2019,-0.180904,0.173359
2020,-0.182545,0.169632
2021,-0.1818,0.170242
2022,-0.184687,0.173054
2023,-0.183212,0.173493
2024,-0.185388,0.1721
2025,-0.183361,0.173013
2026,-0.183433,0.171755
2027,-0.184013,0.172899
2028,-0.186715,0.171295
2029,-0.179971,0.175401
2030,-0.184097,0.172114
2031,-0.183241,0.172668
2032,-0.183798,0.171933
2033,-0.1829,0.172529
2034,-0.185907,0.172757
2035,-0.180655,0.173137
2036,-0.191627,0.174573
2037,-0.188528,0.174361
2038,-0.188069,0.176635
2039,-0.183869,0.175749
2040,-0.183836,0.171484
2041,-0.184401,0.174472
2042,-0.181801,0.173922
2043,-0.186694,0.175906
2044,-0.183689,0.173981
2045,-0.184372,0.174774
2046,-0.182869,0.174437
2047,-0.184109,0.175783
2048,-0.184109,0.175783
2049,-0.186519,0.172976
2050,-0.187746,0.172985
2051,-0.185887,0.176103
2052,-0.189264,0.172408
2053,-0.189264,0.172408
2054,-0.184513,0.176222
2055,-0.188894,0.172649
2056,-0.186921,0.176639
2057,-0.190084,0.173028
2058,-0.186875,0.177631
2059,-0.187977,0.175164
2060,-0.185808,0.178862
2061,-0.188223,0.175915
2062,-0.185317,0.177539
2063,-0.184674,0.175698
2064,-0.186105,0.177218
2065,-0.191025,0.17434
2066,-0.187483,0.175593
2067,-0.187562,0.175628
2068,-0.186194,0.176215
2069,-0.186852,0.173653
2070,-0.187793,0.175794
2071,-0.183873,0.176369
2072,-0.187248,0.175976
2073,-0.179781,0.175534
2074,-0.182723,0.174165
2075,-0.185421,0.174364
2076,-0.184908,0.174624
2077,-0.18433,0.172029
2078,-0.184915,0.172221
2079,-0.185539,0.173928
2080,-0.184784,0.17566
2081,-0.189035,0.176587
2082,-0.188127,0.175613
2083,-0.193602,0.178918
2084,-0.187978,0.17483
2085,-0.187684,0.176358
2086,-0.190935,0.176879
2087,-0.188916,0.17442
2088,-0.188697,0.17772
2089,-0.190203,0.175958
2090,-0.187429,0.17727
2091,-0.186918,0.177327
2092,-0.188499,0.175455
2093,-0.181994,0.177361
2094,-0.186127,0.173718
2095,-0.190819,0.177066
2096,-0.187813,0.176322
2097,-0.189617,0.173056
2098,-0.185981,0.17773
2099,-0.193401,0.17699
2100,-0.186454,0.178203
2101,-0.18929,0.173421
2102,-0.184648,0.177655
2103,-0.187986,0.174726
2104,-0.185613,0.177262
2105,-0.187625,0.178042
2106,-0.186808,0.177764
2107,-0.186294,0.176186
2108,-0.191491,0.178919
2109,-0.187426,0.177621
2110,-0.191115,0.176065
2111,-0.193696,0.177278
2112,-0.191541,0.180573
2113,-0.192031,0.178164
2114,-0.189004,0.177876
2115,-0.192467,0.173502
2116,-0.185615,0.180607
2117,-0.185615,0.180607
2118,-0.194433,0.177455
2119,-0.187058,0.178688
2120,-0.194032,0.17932
2121,-0.194408,0.177993
2122,-0.194572,0.178555
2123,-0.189942,0.179556
2124,-0.19467,0.179302
2125,-0.187932,0.178748
2126,-0.192309,0.175381
2127,-0.184619,0.180587
2128,-0.191846,0.177732
2129,-0.190856,0.180006
2130,-0.191168,0.173212
2131,-0.190751,0.176863
2132,-0.190417,0.17716
2133,-0.188733,0.174912
2134,-0.191321,0.173754
2135,-0.189963,0.176398
2136,-0.189114,0.176136
2137,-0.190668,0.172638
2138,-0.189534,0.174741
2139,-0.183373,0.178197
2140,-0.193087,0.174678
2141,-0.184035,0.177942
2142,-0.191219,0.172903
2143,-0.187719,0.178401
2144,-0.189314,0.176513
2145,-0.187893,0.173079
2146,-0.187804,0.175104
2147,-0.186165,0.176353
2148,-0.193514,0.177904
2149,-0.190383,0.177668
2150,-0.190383,0.177668
2151,-0.190481,0.177169
2152,-0.191562,0.177659
2153,-0.186795,0.180198
2154,-0.190042,0.176223
2155,-0.188812,0.180102
2156,-0.194149,0.180248
2157,-0.194149,0.180248
2158,-0.191795,0.182936
2159,-0.194674,0.181504
2160,-0.193167,0.180856
2161,-0.193034,0.177867
2162,-0.188177,0.180656
2163,-0.190523,0.176482
2164,-0.187152,0.178848
2165,-0.190363,0.177977
2166,-0.191945,0.177625
2167,-0.192372,0.1792
2168,-0.195141,0.175656
2169,-0.191533,0.177655
2170,-0.188133,0.176226
2171,-0.184026,0.175273
2172,-0.188796,0.174904
2173,-0.186011,0.178078
2174,-0.187397,0.177298
2175,-0.187505,0.175839
2176,-0.186342,0.179798
2177,-0.194387,0.181202
2178,-0.195488,0.182909
2179,-0.1909,0.182648
2180,-0.19152,0.18122
2181,-0.188727,0.177782
2182,-0.18631,0.179206
2183,-0.19064,0.175567
2184,-0.189256,0.178186
2185,-0.188889,0.17651
2186,-0.189865,0.175592
2187,-0.185631,0.176229
2188,-0.1823,0.176204
2189,-0.186792,0.174431
2190,-0.184904,0.172963
2191,-0.186123,0.170751
2192,-0.186214,0.171856
2193,-0.183352,0.171952
2194,-0.18643,0.173814
2195,-0.187674,0.176486
2196,-0.185106,0.175952
2197,-0.186664,0.169441
2198,-0.186298,0.175774
2199,-0.185324,0.171715
2200,-0.18639,0.174266
2201,-0.186766,0.172499
2202,-0.183964,0.177915
2203,-0.19545,0.175465
2204,-0.18908,0.176135
2205,-0.18908,0.176135
2206,-0.190056,0.177237
2207,-0.185627,0.1769
2208,-0.186561,0.175252
2209,-0.183805,0.176233
2210,-0.188085,0.17586
2211,-0.188523,0.175911
2212,-0.186873,0.175696
2213,-0.186466,0.176778
2214,-0.188721,0.173914
2215,-0.187062,0.174154
2216,-0.185246,0.172376
2217,-0.18861,0.172278
2218,-0.182918,0.174819
2219,-0.183151,0.171517
2220,-0.184359,0.173056
2221,-0.182601,0.171147
2222,-0.184402,0.16943
2223,-0.184036,0.167402
2224,-0.182674,0.169231
2225,-0.186869,0.167615
2226,-0.182996,0.172427
2227,-0.183945,0.169843
2228,-0.177597,0.16956
2229,-0.177597,0.16956
2230,-0.183254,0.169544
2231,-0.182231,0.174308
2232,-0.188089,0.171163
2233,-0.186373,0.174401
2234,-0.184801,0.174619
2235,-0.184974,0.172039
2236,-0.185448,0.175392
2237,-0.182592,0.172485
2238,-0.182733,0.170691
2239,-0.185874,0.169606
2240,-0.183281,0.171891
2241,-0.184237,0.175879
2242,-0.185535,0.172852
2243,-0.185907,0.173376
2244,-0.185427,0.174592
2245,-0.18828,0.17192
2246,-0.183635,0.173624
2247,-0.185324,0.171358
2248,-0.183562,0.170623
2249,-0.186722,0.171414
2250,-0.188248,0.173463
2251,-0.189357,0.171846
