t,cg_iters
1,4058
2,5692
3,6263
4,6749
5,7097
6,7608
7,7121
8,7031
9,7099
10,7828
11,7755
12,7910
13,6966
14,7324
15,6845
16,6941
17,6835
18,7798
19,8443
20,7966
21,7468
22,7670
23,7071
24,6658
25,6820
26,6687
27,6586
28,6286
29,5854
30,6231
31,6694
32,6742
33,6727
34,6745
35,6942
36,7565
37,7544
38,6895
39,7196
40,7506
41,7297
42,7086
43,7487
44,7602
45,7431
46,7048
47,7218
48,7750
49,6966
50,7483
51,6595
52,6204
53,6410
54,6944
55,7689
56,7417
57,6738
58,6619
59,6856
60,6442
61,6575
62,6541
63,5894
64,5778
65,6189
66,6064
67,5959
68,6422
69,6367
70,6939
71,6604
72,6274
73,6402
74,6392
75,6500
76,6696
77,6474
78,6749
79,7252
80,7395
81,7153
82,7515
83,7124
84,7383
85,8302
86,8523
87,8328
88,7929
89,8943
90,9478
91,8859
92,8097
93,8099
94,7466
95,8503
96,11522
97,10573
98,7918
99,8031
100,9156
101,10201
102,9000
103,9364
104,10915
105,10063
106,9160
107,8598
108,8385
109,7415
110,6844
111,6702
112,6300
113,6806
114,6720
115,6420
116,6093
117,6365
118,6968
119,7105
120,7379
121,7579
122,7326
123,7275
124,7212
125,7188
126,6717
127,6810
128,6627
129,6676
130,7231
131,7560
132,8341
133,8225
134,7024
135,7510
136,7724
137,7003
138,6379
139,6047
140,6333
141,6212
142,5752
143,5753
144,6015
145,6087
146,6188
147,5915
148,6113
149,6574
150,6453
151,6177
152,5888
153,6135
154,6830
155,6526
156,5866
157,6086
158,6226
159,6631
160,6500
161,6289
162,6312
163,6339
164,6088
165,6313
166,6787
167,7400
168,7725
169,8509
170,8153
171,6636
172,6484
173,6819
174,6378
175,5904
176,5884
177,6095
178,5910
179,6077
180,6651
181,6779
182,6742
183,7067
184,6337
185,6038
186,6358
187,6281
188,6625
189,7131
190,6505
191,6210
192,6263
193,6603
194,6280
195,6232
196,6370
197,6561
198,6653
199,6386
200,6728
201,6616
202,6511
203,6289
204,5857
205,5566
206,6142
207,6692
208,6649
209,6886
210,7500
211,7382
212,7306
213,6744
214,6554
215,6631
216,6752
217,6222
218,7211
219,8096
220,7468
221,7242
222,7367
223,8123
224,8023
225,7936
226,7632
227,7709
228,7046
229,7230
230,6592
231,6464
232,6721
233,6693
234,6421
235,6650
236,6710
237,6846
238,8287
239,8559
240,7994
241,7838
242,7563
243,8025
244,7906
245,7568
246,6920
247,5968
248,6178
249,6900
250,7731
251,7986
252,7182
253,7045
254,7116
255,6445
256,6027
257,5827
258,6812
259,7975
260,8881
261,9825
262,10425
263,11934
264,10848
265,9534
266,8990
267,8687
268,8621
269,8836
270,8338
271,7406
272,7491
273,8022
274,7505
275,7630
276,8567
277,8049
278,7796
279,7227
280,7272
281,7225
282,7368
283,7367
284,7500
285,7799
286,7496
287,7532
288,8619
289,7348
290,8234
291,7129
292,6597
293,6742
294,7318
295,7470
296,7138
297,6335
298,6289
299,6706
300,6554
301,6246
302,6150
303,6277
304,7166
305,6805
306,6484
307,6996
308,6957
309,7064
310,7052
311,7049
312,7224
313,6962
314,6899
315,7643
316,7888
317,8514
318,8473
319,8220
320,6972
321,6958
322,6267
323,6337
324,7211
325,7389
326,6783
327,7524
328,7306
329,6658
330,6951
331,8194
332,8080
333,8004
334,7552
335,7843
336,7949
337,8408
338,7960
339,8491
340,8484
341,7836
342,8784
343,9198
344,8414
345,8267
346,8108
347,7832
348,7994
349,8045
350,7608
351,7961
352,7561
353,8443
354,8970
355,9501
356,8768
357,8007
358,8064
359,7659
360,7211
361,7405
362,8471
363,7791
364,8280
365,9251
366,9802
367,8293
368,7400
369,7646
370,7259
371,7415
372,8606
373,8349
374,7426
375,7262
376,7137
377,7070
378,6592
379,6331
380,6325
381,6964
382,6855
383,6618
384,6681
385,7237
386,8291
387,7742
388,7501
389,7127
390,7039
391,7339
392,7693
393,7837
394,7477
395,7476
396,7942
397,7747
398,7479
399,7351
400,7671
401,8349
402,7189
403,6470
404,6640
405,6436
406,6592
407,6912
408,7398
409,7016
410,6839
411,7402
412,6910
413,7146
414,7050
415,6953
416,7108
417,6937
418,7411
419,7693
420,8233
421,8355
422,6958
423,7928
424,8365
425,8766
426,9239
427,8014
428,7411
429,7481
430,8300
431,8407
432,8412
433,8198
434,7289
435,7562
436,7673
437,7386
438,7105
439,7260
440,7281
441,7249
442,7961
443,9323
444,8768
445,7324
446,7393
447,8386
448,7829
449,7337
450,6880
451,6591
452,7165
453,7812
454,7325
455,6804
456,6793
457,7136
458,7691
459,7751
460,7401
461,7496
462,6996
463,6978
464,6894
465,6758
466,6697
467,7016
468,7463
469,7608
470,7033
471,6517
472,6849
473,6678
474,6783
475,6745
476,6674
477,6654
478,6558
479,6767
480,6429
481,6479
482,6488
483,6625
484,6440
485,6251
486,6413
487,6534
488,6867
489,6775
490,6861
491,6428
492,6221
493,6345
494,6487
495,6934
496,7568
497,7566
498,8093
499,7949
500,8121
501,7793
502,8410
503,8582
504,7418
505,7658
506,8156
507,8557
508,8528
509,8408
510,7135
511,6556
512,7470
513,8943
514,9628
515,9527
516,7767
517,6860
518,6457
519,6093
520,6090
521,6417
522,6095
523,5490
524,5979
525,6551
526,6274
527,6249
528,5929
529,5754
530,5767
531,6149
532,6524
533,6873
534,7212
535,8333
536,7466
537,7327
538,7525
539,7004
540,7096
541,7367
542,7161
543,7535
544,8050
545,7886
546,9095
547,8835
548,8204
549,7419
550,6708
551,7280
552,8042
553,7819
554,7632
555,7976
556,7685
557,6872
558,7257
559,7405
560,7189
561,6787
562,7299
563,7189
564,7156
565,6815
566,6831
567,6976
568,7386
569,7120
570,6596
571,6661
572,6363
573,7316
574,8039
575,7686
576,7792
577,7661
578,7645
579,7574
580,7945
581,7879
582,8312
583,9262
584,9570
585,9645
586,8187
587,7927
588,7301
589,7231
590,7287
591,7635
592,7810
593,7767
594,7271
595,7274
596,7349
597,7699
598,7491
599,7043
600,7454
601,7174
602,7804
603,8664
604,8285
605,8648
606,8652
607,8932
608,8258
609,8390
610,7597
611,7561
612,8000
613,8323
614,8160
615,8727
616,8066
617,8087
618,7465
619,7516
620,8121
621,8221
622,8276
623,7237
624,7217
625,8062
626,7845
627,8313
628,7761
629,6963
630,6778
631,7067
632,7260
633,7270
634,7088
635,7174
636,7017
637,6931
638,7247
639,7174
640,6793
641,6941
642,7215
643,7603
644,6941
645,7125
646,7180
647,6942
648,7307
649,7706
650,8763
651,8860
652,7301
653,7107
654,7142
655,6903
656,6985
657,6926
658,7599
659,7703
660,7060
661,6340
662,6497
663,7112
664,6659
665,6936
666,6678
667,6275
668,6655
669,6387
670,6302
671,6277
672,6230
673,6211
674,6493
675,6722
676,6850
677,6610
678,6333
679,6466
680,6622
681,6770
682,6393
683,6736
684,7296
685,7135
686,7315
687,7254
688,7377
689,7249
690,6775
691,6682
692,7330
693,8914
694,9887
695,8700
696,7557
697,6920
698,6780
699,7186
700,7344
701,7885
702,7960
703,7675
704,7164
705,6630
706,7071
707,6984
708,6584
709,6498
710,7412
711,7726
712,8010
713,7828
714,7868
715,7804
716,7854
717,9077
718,8747
719,9016
720,10645
721,10926
722,10157
723,9169
724,10791
725,11136
726,10048
727,9189
728,8628
729,8590
730,8133
731,8340
732,8573
733,8059
734,7990
735,7665
736,7225
737,7068
738,6455
739,6826
740,6858
741,6126
742,5954
743,6446
744,6769
745,6660
746,6245
747,6208
748,6215
749,5795
750,5978
751,5858
752,6869
753,7020
754,6805
755,6771
756,6501
757,6021
758,6304
759,6624
760,6916
761,6376
762,6343
763,7054
764,7775
765,8258
766,8600
767,8129
768,8255
769,7911
770,7028
771,6259
772,6520
773,6998
774,7019
775,6765
776,6631
777,6565
778,6999
779,7112
780,6724
781,6602
782,6849
783,6337
784,7075
785,7419
786,7313
787,7451
788,6747
789,6269
790,6270
791,6562
792,6485
793,6899
794,6344
795,6249
796,6312
797,5990
798,6107
799,6453
800,7159
801,6878
802,6459
803,6494
804,6090
805,6168
806,6551
807,6539
808,6693
809,6525
810,6860
811,7109
812,7199
813,6732
814,6981
815,6934
816,6756
817,6737
818,6377
819,6280
820,6272
821,6496
822,7262
823,7181
824,7343
825,7438
826,6588
827,6426
828,6084
829,6036
830,6748
831,7245
832,6555
833,6709
834,6968
835,7480
836,7751
837,6726
838,6329
839,7014
840,8480
841,8792
842,8056
843,7361
844,6648
845,6583
846,6598
847,6321
848,5883
849,5728
850,5555
851,5823
852,5781
853,5860
854,5914
855,6365
856,6387
857,6410
858,6592
859,6010
860,5665
861,5806
862,6249
863,6753
864,6756
865,6340
866,6450
867,6435
868,6925
869,6941
870,6527
871,6297
872,6555
873,6372
874,6189
875,6536
876,6753
877,6631
878,6461
879,6632
880,6653
881,6841
882,6377
883,6034
884,6125
885,6078
886,5986
887,5943
888,5622
889,5996
890,6469
891,6572
892,6372
893,6957
894,7374
895,7669
896,7755
897,7937
898,7692
899,7755
900,6764
901,7691
902,7031
903,6228
904,6385
905,6415
906,6585
907,6483
908,6681
909,6804
910,6801
911,6822
912,6781
913,6784
914,7585
915,8473
916,8164
917,8815
918,9601
919,8867
920,8021
921,7841
922,8049
923,7026
924,6848
925,6684
926,6852
927,6721
928,7553
929,8116
930,8226
931,8033
932,7856
933,7108
934,6807
935,6253
936,6381
937,6528
938,7044
939,7108
940,6656
941,6357
942,6781
943,6891
944,7382
945,7045
946,7182
947,7270
948,6418
949,6486
950,6831
951,5967
952,5759
953,5907
954,6264
955,6557
956,6428
957,6732
958,6744
959,7489
960,8438
961,9450
962,10284
963,9903
964,11023
965,11167
966,9350
967,8248
968,9518
969,7864
970,7062
971,6863
972,6548
973,6445
974,6712
975,7393
976,6772
977,6789
978,6816
979,6357
980,6808
981,7443
982,7561
983,7301
984,7464
985,7586
986,6994
987,7125
988,8045
989,8486
990,8091
991,6881
992,6350
993,6194
994,6248
995,6433
996,5887
997,5877
998,6238
999,6681
1000,6949
1001,6528
1002,5870
1003,5760
1004,5560
1005,5739
1006,6297
1007,7627
1008,7386
1009,6839
1010,7207
1011,6436
1012,6325
1013,6416
1014,5965
1015,6034
1016,6125
1017,5916
1018,5666
1019,5922
1020,6517
1021,6512
1022,6228
1023,6128
1024,5858
1025,5714
1026,6333
1027,6117
1028,5722
1029,6046
1030,6825
1031,6831
1032,6900
1033,6641
1034,6470
1035,6226
1036,6119
1037,5749
1038,5751
1039,5897
1040,6058
1041,5885
1042,5902
1043,6308
1044,6917
1045,7517
1046,8213
1047,8407
1048,8181
1049,7480
1050,6609
1051,6089
1052,6368
1053,6677
1054,6965
1055,7036
1056,6795
1057,7314
1058,6925
1059,7044
1060,7185
1061,6521
1062,6466
1063,6258
1064,6173
1065,6372
1066,6633
1067,6367
1068,6258
1069,5930
1070,6308
1071,6177
1072,6136
1073,5651
1074,6189
1075,6025
1076,6120
1077,5979
1078,6100
1079,5950
1080,5634
1081,5804
1082,6696
1083,7338
1084,7311
1085,6963
1086,6826
1087,7032
1088,7426
1089,8236
1090,9565
1091,9937
1092,8512
1093,7878
1094,7314
1095,7101
1096,6910
1097,6840
1098,6751
1099,7291
1100,7200
1101,6353
1102,6292
1103,6208
1104,6381
1105,6666
1106,6117
1107,6002
1108,6533
1109,6779
1110,5955
1111,5900
1112,5781
1113,5720
1114,5710
1115,6038
1116,6661
1117,7100
1118,6906
1119,6420
1120,6714
1121,6880
1122,6170
1123,6316
1124,6524
1125,6464
1126,6795
1127,7160
1128,6763
1129,6916
1130,6305
1131,6396
1132,6804
1133,7468
1134,7339
1135,6840
1136,6500
1137,6981
1138,7513
1139,7904
1140,7598
1141,6428
1142,7304
1143,6871
1144,6435
1145,6651
1146,7271
1147,7660
1148,7560
1149,6811
1150,6411
1151,6528
1152,6445
1153,6952
1154,6511
1155,6587
1156,6887
1157,6643
1158,6420
1159,6408
1160,6669
1161,6978
1162,7352
1163,7022
1164,6828
1165,6638
1166,7323
1167,6885
1168,6727
1169,7304
1170,6929
1171,6762
1172,6879
1173,6839
1174,7086
1175,7256
1176,7343
1177,7378
1178,6947
1179,7086
1180,6689
1181,6282
1182,6875
1183,7159
1184,6703
1185,6722
1186,6655
1187,6244
1188,6368
1189,7169
1190,7236
1191,6890
1192,6507
1193,7078
1194,6792
1195,6702
1196,7026
1197,7221
1198,6753
1199,6240
1200,6247
1201,6095
1202,6428
1203,6829
1204,7229
1205,7665
1206,7042
1207,6776
1208,6810
1209,7338
1210,7646
1211,7511
1212,7447
1213,6525
1214,6139
1215,6508
1216,6407
1217,6824
1218,7145
1219,7561
1220,7058
1221,6816
1222,6433
1223,6129
1224,6006
1225,6380
1226,6098
1227,6118
1228,6364
1229,6133
1230,6567
1231,7090
1232,6784
1233,7095
1234,6828
1235,6392
1236,6648
1237,6337
1238,6496
1239,7103
1240,6789
1241,6601
1242,6166
1243,5599
1244,5971
1245,5822
1246,5933
1247,6467
1248,6724
1249,6353
1250,6543
1251,6885
1252,6983
1253,6584
1254,6518
1255,6576
1256,6534
1257,6511
1258,7527
1259,7976
1260,7886
1261,8166
1262,7539
1263,7967
1264,7114
1265,6509
1266,6192
1267,6155
1268,6694
1269,6592
1270,6064
1271,6008
1272,6266
1273,5996
1274,6111
1275,5987
1276,5965
1277,5764
1278,5604
1279,5630
1280,5765
1281,5985
1282,6245
1283,6190
1284,5764
1285,5935
1286,6118
1287,6011
1288,5658
1289,5827
1290,5987
1291,5986
1292,5942
1293,6178
1294,6206
1295,6702
1296,6359
1297,6722
1298,7321
1299,7364
1300,7253
1301,7301
1302,7200
1303,7096
1304,6536
1305,6010
1306,5917
1307,5780
1308,6041
1309,5879
1310,6051
1311,6025
1312,6137
1313,5902
1314,6153
1315,6898
1316,6663
1317,6237
1318,6366
1319,6600
1320,6626
1321,6458
1322,6138
1323,6005
1324,6380
1325,6823
1326,6588
1327,6293
1328,6091
1329,5744
1330,6001
1331,6357
1332,6165
1333,6283
1334,6507
1335,6040
1336,5751
1337,5973
1338,6359
1339,7161
1340,6678
1341,7141
1342,7302
1343,6793
1344,6566
1345,6419
1346,6694
1347,6584
1348,6453
1349,6156
1350,6187
1351,6134
1352,6157
1353,6201
1354,6255
1355,6635
1356,6875
1357,6611
1358,6600
1359,6353
1360,6102
1361,6434
1362,6713
1363,6622
1364,6431
1365,6085
1366,6270
1367,6188
1368,6166
1369,6221
1370,6444
1371,6534
1372,6448
1373,6435
1374,6270
1375,6080
1376,6175
1377,6401
1378,6410
1379,6634
1380,6457
1381,6559
1382,6633
1383,6548
1384,6876
1385,7267
1386,7475
1387,8217
1388,7535
1389,7303
1390,7178
1391,7597
1392,7456
1393,7833
1394,8427
1395,8297
1396,7694
1397,7214
1398,6969
1399,6771
1400,6615
1401,6649
1402,6779
1403,7885
1404,7465
1405,6995
1406,6487
1407,7032
1408,8166
1409,8135
1410,7515
1411,7060
1412,7103
1413,7058
1414,7490
1415,7267
1416,7652
1417,8360
1418,8207
1419,7595
1420,8361
1421,8118
1422,7996
1423,7944
1424,8968
1425,9132
1426,8689
1427,9253
1428,9388
1429,9432
1430,7886
1431,6996
1432,6692
1433,6543
1434,6434
1435,7219
1436,7526
1437,7786
1438,7088
1439,7599
1440,7225
1441,7051
1442,7650
1443,9048
1444,9085
1445,7867
1446,7522
1447,6734
1448,6566
1449,6440
1450,6193
1451,7684
1452,8524
1453,8370
1454,9060
1455,8418
1456,8166
1457,8323
1458,8542
1459,8196
1460,7565
1461,7260
1462,7239
1463,7367
1464,7991
1465,7985
1466,7717
1467,7378
1468,7804
1469,7778
1470,7935
1471,8049
1472,7711
1473,7485
1474,7666
1475,8436
1476,7737
1477,7370
1478,7144
1479,6687
1480,6593
1481,7145
1482,7336
1483,7205
1484,7359
1485,7539
1486,6923
1487,6271
1488,6252
1489,6550
1490,6735
1491,6951
1492,7359
1493,7307
1494,7486
1495,7502
1496,7527
1497,9140
1498,10240
1499,10002
1500,9075
1501,8593
1502,9376
1503,9046
1504,9547
1505,10590
1506,10710
1507,10976
1508,11712
1509,11546
1510,10897
1511,9992
1512,10588
1513,12959
1514,13305
1515,10964
1516,8778
1517,8309
1518,7740
1519,8125
1520,8963
1521,8918
1522,9312
1523,9399
1524,8548
1525,8903
1526,9923
1527,9499
1528,9855
1529,10080
1530,10004
1531,8713
1532,7940
1533,7857
1534,8414
1535,7560
1536,6923
1537,7426
1538,8173
1539,7400
1540,7876
1541,7574
1542,6816
1543,7017
1544,7176
1545,8317
1546,9919
1547,9716
1548,11053
1549,12394
1550,10406
1551,9849
1552,8907
1553,7309
1554,7260
1555,7100
1556,7412
1557,7493
1558,7653
1559,6795
1560,7453
1561,7344
1562,7053
1563,6731
1564,6224
1565,6870
1566,8326
1567,7852
1568,7384
1569,7046
1570,7290
1571,7453
1572,8192
1573,8507
1574,8149
1575,8533
1576,8015
1577,7723
1578,7054
1579,7194
1580,7425
1581,7528
1582,7829
1583,7780
1584,7788
1585,8496
1586,9183
1587,9345
1588,9327
1589,8711
1590,7946
1591,7437
1592,8017
1593,8728
1594,7984
1595,7902
1596,7374
1597,7958
1598,7914
1599,7494
1600,7194
1601,6907
1602,6848
1603,7173
1604,6935
1605,6751
1606,7512
1607,7199
1608,6583
1609,6690
1610,6403
1611,6395
1612,6677
1613,6867
1614,6676
1615,7100
1616,6863
1617,6676
1618,6698
1619,6833
1620,7523
1621,7741
1622,7846
1623,7023
1624,7347
1625,7161
1626,6839
1627,6986
1628,7151
1629,7558
1630,7466
1631,8166
1632,8069
1633,8021
1634,7179
1635,7240
1636,7717
1637,7373
1638,7192
1639,7043
1640,7150
1641,7703
1642,7756
1643,7363
1644,6715
1645,6649
1646,7233
1647,7737
1648,7658
1649,7288
1650,6891
1651,7727
1652,7808
1653,7505
1654,7573
1655,7655
1656,7097
1657,7261
1658,6356
1659,6387
1660,6635
1661,6698
1662,7175
1663,7848
1664,8464
1665,8201
1666,8204
1667,8227
1668,7179
1669,6871
1670,6567
1671,6053
1672,6151
1673,6515
1674,6291
1675,6200
1676,6343
1677,6463
1678,6607
1679,7737
1680,7003
1681,6953
1682,6725
1683,7410
1684,8236
1685,9524
1686,9311
1687,8425
1688,7889
1689,8591
1690,8107
1691,7614
1692,8131
1693,8124
1694,9141
1695,9793
1696,9771
1697,9003
1698,8570
1699,8105
1700,7929
1701,8336
1702,8578
1703,8455
1704,8167
1705,7880
1706,8959
1707,9605
1708,9798
1709,9873
1710,11715
1711,10097
1712,9112
1713,8864
1714,8325
1715,7581
1716,7294
1717,7348
1718,7491
1719,7358
1720,6961
1721,7040
1722,6556
1723,6065
1724,6215
1725,6200
1726,6211
1727,6538
1728,7321
1729,6945
1730,6697
1731,7339
1732,8150
1733,7691
1734,6835
1735,6680
1736,6432
1737,6297
1738,6114
1739,6283
1740,6580
1741,6310
1742,6381
1743,6890
1744,6365
1745,6046
1746,5994
1747,5754
1748,5920
1749,6234
1750,6155
1751,6213
1752,7281
1753,8017
1754,6956
1755,6102
1756,6012
1757,6432
1758,7451
1759,7869
1760,7044
1761,6732
1762,6801
1763,6996
1764,7327
1765,6926
1766,7101
1767,7237
1768,6735
1769,6566
1770,6554
1771,6384
1772,6544
1773,6551
1774,6720
1775,6439
1776,6374
1777,6711
1778,6201
1779,6190
1780,5970
1781,6575
1782,7114
1783,7656
1784,7393
1785,7026
1786,6852
1787,6519
1788,6827
1789,6865
1790,6655
1791,6730
1792,6999
1793,6729
1794,7218
1795,6910
1796,6487
1797,7112
1798,8373
1799,9464
1800,8856
1801,8424
1802,8277
1803,7822
1804,8259
1805,8221
1806,7899
1807,8409
1808,7755
1809,7691
1810,8845
1811,9620
1812,9632
1813,9253
1814,7695
1815,6955
1816,6889
1817,6624
1818,6788
1819,7015
1820,6375
1821,6267
1822,6837
1823,6503
1824,6754
1825,6904
1826,7061
1827,8011
1828,8075
1829,6950
1830,6860
1831,6791
1832,6327
1833,6801
1834,7186
1835,7268
1836,6497
1837,6144
1838,6352
1839,6431
1840,5790
1841,5682
1842,5541
1843,5787
1844,6520
1845,6623
1846,6286
1847,6130
1848,6310
1849,6850
1850,8007
1851,7437
1852,6639
1853,6294
1854,6738
1855,6359
1856,6517
1857,6874
1858,6786
1859,6221
1860,6071
1861,5910
1862,5656
1863,5591
1864,6005
1865,6539
1866,6746
1867,7143
1868,6854
1869,6706
1870,6066
1871,5752
1872,6524
1873,6645
1874,6905
1875,7174
1876,6936
1877,6899
1878,6760
1879,6929
1880,6433
1881,6556
1882,6408
1883,7061
1884,7150
1885,7009
1886,7392
1887,7679
1888,7485
1889,7271
1890,7230
1891,6839
1892,6738
1893,7107
1894,7076
1895,7128
1896,7021
1897,6803
1898,7021
1899,7516
1900,8480
1901,8247
1902,8414
1903,7554
1904,7697
1905,8789
1906,9692
1907,9444
1908,9275
1909,8330
1910,7754
1911,8136
1912,7941
1913,7634
1914,7899
1915,7772
1916,8123
1917,8177
1918,8328
1919,8905
1920,9134
1921,9143
1922,10497
1923,9509
1924,8520
1925,9198
1926,7708
1927,8686
1928,9991
1929,9550
1930,8890
1931,10191
1932,9819
1933,8209
1934,7277
1935,7831
1936,8332
1937,7376
1938,6918
1939,7126
1940,7479
1941,7571
1942,7499
1943,7614
1944,8103
1945,8157
1946,8465
1947,8418
1948,8432
1949,8494
1950,8125
1951,7797
1952,7608
1953,7031
1954,7323
1955,7552
1956,7571
1957,8472
1958,7683
1959,7433
1960,6596
1961,7045
1962,7648
1963,7677
1964,7458
1965,8105
1966,7593
1967,8068
1968,7412
1969,7387
1970,7135
1971,7053
1972,7397
1973,7894
1974,9181
1975,11164
1976,11067
1977,11564
1978,11980
1979,10946
1980,10441
1981,8980
1982,7496
1983,7338
1984,7497
1985,7325
1986,7498
1987,7315
1988,7518
1989,7691
1990,7461
1991,7579
1992,7462
1993,8114
1994,7691
1995,7235
1996,7064
1997,6757
1998,6567
1999,6140
2000,6362
2001,6596
2002,6696
2003,6540
2004,6527
2005,6212
2006,6573
2007,6704
2008,6710
2009,7056
2010,7390
2011,6812
2012,7027
2013,6888
2014,6671
2015,7004
2016,6679
2017,6507
2018,6737
2019,6653
2020,6923
2021,6983
2022,7032
2023,7145
2024,7029
2025,6721
2026,7465
2027,7373
2028,7088
2029,6875
2030,6712
2031,7235
2032,7402
2033,7845
2034,6931
2035,6622
2036,6133
2037,5833
2038,5949
2039,5786
2040,6274
2041,6450
2042,6190
2043,5660
2044,5698
2045,6530
2046,7325
2047,7630
2048,7928
2049,7651
2050,7442
2051,7526
2052,7020
2053,6404
2054,6556
2055,6364
2056,6277
2057,6692
2058,7350
2059,7660
2060,7312
2061,7420
2062,6651
2063,6342
2064,6276
2065,6256
2066,6393
2067,6540
2068,6664
2069,6379
2070,6402
2071,6517
2072,6441
2073,6371
2074,6577
2075,6152
2076,6269
2077,5874
2078,5944
2079,6742
2080,7074
2081,7683
2082,7854
2083,7184
2084,6928
2085,7462
2086,7354
2087,7339
2088,6616
2089,6530
2090,6982
2091,6719
2092,6707
2093,6929
2094,7037
2095,7004
2096,6719
2097,6183
2098,6402
2099,6818
2100,6654
2101,6796
2102,6793
2103,7049
2104,7193
2105,7269
2106,6757
2107,6282
2108,6564
2109,6989
2110,6752
2111,7258
2112,7617
2113,7849
2114,8163
2115,7794
2116,8180
2117,9617
2118,10988
2119,11332
2120,9931
2121,10089
2122,10744
2123,9742
2124,9281
2125,8772
2126,8325
2127,10136
2128,8986
2129,8297
2130,8596
2131,8908
2132,8686
2133,8562
2134,8754
2135,8164
2136,7560
2137,6891
2138,6598
2139,6885
2140,7325
2141,7689
2142,7041
2143,6357
2144,6349
2145,6550
2146,7036
2147,6797
2148,6377
2149,6259
2150,6242
2151,7689
2152,7041
2153,6357
2154,6349
2155,6550
2156,7036
2157,6797
2158,6377
2159,6259
2160,6242
2161,5802
2162,5740
2163,6174
2164,6793
2165,6766
2166,6358
2167,6184
2168,6434
2169,6054
2170,6062
2171,5802
2172,5740
2173,6174
2174,6793
2175,6766
2176,6358
2177,6184
2178,6434
2179,6054
2180,6062
2181,6211
2182,6612
2183,6631
2184,5913
2185,5452
2186,5372
2187,6141
2188,6479
2189,6182
2190,5293
2191,6211
2192,6612
2193,6631
2194,5913
2195,5452
2196,5372
2197,6141
2198,6479
2199,6182
2200,5293
2201,5296
2202,5291
2203,5659
2204,6190
2205,6095
2206,6227
2207,6487
2208,5890
2209,5656
2210,5604
2211,5296
2212,5291
2213,5659
2214,6190
2215,6095
2216,6227
2217,6487
2218,5890
2219,5656
2220,5604
2221,5729
2222,5721
2223,5427
2224,5897
2225,6341
2226,6359
2227,6017
2228,6253
2229,6827
2230,7054
2231,5729
2232,5721
2233,5427
2234,5897
2235,6341
2236,6359
2237,6017
2238,6253
2239,6827
2240,7054
2241,7472
2242,8356
2243,8428
2244,8084
2245,9633
2246,10421
2247,8650
2248,8787
2249,8198
2250,8012
2251,7472
2252,8356
2253,8428
2254,8084
2255,9633
2256,10421
2257,8650
2258,8787
2259,8198
2260,8012
2261,8516
2262,8447
2263,6981
2264,6586
2265,6399
2266,6556
2267,6822
2268,6587
2269,6519
2270,6277
2271,8516
2272,8447
2273,6981
2274,6586
2275,6399
2276,6556
2277,6822
2278,6587
2279,6519
2280,6277
2281,6492
2282,6679
2283,6865
2284,6883
2285,7092
2286,7278
2287,8514
2288,8081
2289,9393
2290,9004
2291,6492
2292,6679
2293,6865
2294,6883
2295,7092
2296,7278
2297,8514
2298,8081
2299,9393
2300,9004
2301,8540
2302,8967
2303,8220
2304,7818
2305,8191
2306,8450
2307,8072
2308,8179
2309,7931
2310,7356
2311,8540
2312,8967
2313,8220
2314,7818
2315,8191
2316,8450
2317,8072
2318,8179
2319,7931
2320,7356
2321,7121
2322,6621
2323,6569
2324,6780
2325,6174
2326,6414
2327,6653
2328,6505
2329,6617
2330,6575
2331,7121
2332,6621
2333,6569
2334,6780
2335,6174
2336,6414
2337,6653
2338,6505
2339,6617
2340,6575
2341,7084
2342,7330
2343,7321
2344,7342
2345,6415
2346,6117
2347,5989
2348,6177
2349,5838
2350,6068
2351,7084
2352,7330
2353,7321
2354,7342
2355,6415
2356,6117
2357,5989
2358,6177
2359,5838
2360,6068
2361,6529
2362,6815
2363,7146
2364,6658
2365,6367
2366,6776
2367,7190
2368,6747
2369,6366
2370,6546
2371,6529
2372,6815
2373,7146
2374,6658
2375,6367
2376,6776
2377,7190
2378,6747
2379,6366
2380,6546
2381,6682
2382,6611
2383,6192
2384,6402
2385,6266
2386,6119
2387,6959
2388,6607
2389,6534
2390,6624
2391,6682
2392,6611
2393,6192
2394,6402
2395,6266
2396,6119
2397,6959
2398,6607
2399,6534
2400,6624
2401,6525
2402,6815
2403,6752
2404,7653
2405,6964
2406,6829
2407,6840
2408,7154
2409,6891
2410,6860
2411,6525
2412,6815
2413,6752
2414,7653
2415,6964
2416,6829
2417,6840
2418,7154
2419,6891
2420,6860
2421,7042
2422,7783
2423,6860
2424,6653
2425,6435
2426,6955
2427,6993
2428,7478
2429,7732
2430,7049
2431,7042
2432,7783
2433,6860
2434,6653
2435,6435
2436,6955
2437,6993
2438,7478
2439,7732
2440,7049
2441,7050
2442,7086
2443,7273
2444,7206
2445,6577
2446,6674
2447,6617
2448,7319
2449,7970
2450,8070
2451,7050
2452,7086
2453,7273
2454,7206
2455,6577
2456,6674
2457,6617
2458,7319
2459,7970
2460,8070
2461,8693
2462,9801
2463,9098
2464,8822
2465,8837
2466,8145
2467,7713
2468,7589
2469,7356
2470,6725
2471,8693
2472,9801
2473,9098
2474,8822
2475,8837
2476,8145
2477,7713
2478,7589
2479,7356
2480,6725
2481,6170
2482,6385
2483,6520
2484,6624
2485,7005
2486,6728
2487,6181
2488,6022
2489,6289
2490,6494
2491,6170
2492,6385
2493,6520
2494,6624
2495,7005
2496,6728
2497,6181
2498,6022
2499,6289
2500,6494
2501,7038
2502,6861
2503,6837
2504,6818
2505,6546
2506,6316
2507,6789
2508,7588
2509,7381
2510,6934
2511,7038
2512,6861
2513,6837
2514,6818
2515,6546
2516,6316
2517,6789
2518,7588
2519,7381
2520,6934
2521,6732
2522,7384
2523,7640
2524,7140
2525,7564
2526,8183
2527,7570
2528,6759
2529,7033
2530,7610
2531,6732
2532,7384
2533,7640
2534,7140
2535,7564
2536,8183
2537,7570
2538,6759
2539,7033
2540,7610
2541,9380
2542,10647
2543,9850
2544,9292
2545,8847
2546,8010
2547,7196
2548,6975
2549,6526
2550,6362
2551,9380
2552,10647
2553,9850
2554,9292
2555,8847
2556,8010
2557,7196
2558,6975
2559,6526
2560,6362
2561,6860
2562,7190
2563,6901
2564,6627
2565,6467
2566,6417
2567,6359
2568,5922
2569,6115
2570,6636
2571,6860
2572,7190
2573,6901
2574,6627
2575,6467
2576,6417
2577,6359
2578,5922
2579,6115
2580,6636
2581,6877
2582,7101
2583,7824
2584,7066
2585,6754
2586,6519
2587,6252
2588,6770
2589,7025
2590,6968
2591,6877
2592,7101
2593,7824
2594,7066
2595,6754
2596,6519
2597,6252
2598,6770
2599,7025
2600,6968
2601,7015
2602,6925
2603,6634
2604,7009
2605,6790
2606,6727
2607,7241
2608,7086
2609,6153
2610,5892
2611,7015
2612,6925
2613,6634
2614,7009
2615,6790
2616,6727
2617,7241
2618,7086
2619,6153
2620,5892
2621,5852
2622,6242
2623,6387
2624,6561
2625,6362
2626,6362
2627,7278
2628,7931
2629,7401
2630,7580
2631,5852
2632,6242
2633,6387
2634,6561
2635,6362
2636,6362
2637,7278
2638,7931
2639,7401
2640,7580
2641,7488
2642,7558
2643,7786
2644,8416
2645,9200
2646,8801
2647,8176
2648,6869
2649,6562
2650,7254
2651,7488
2652,7558
2653,7786
2654,8416
2655,9200
2656,8801
2657,8176
2658,6869
2659,6562
2660,7254
2661,8229
2662,8139
2663,8123
2664,7597
2665,6984
2666,6266
2667,6051
2668,5867
2669,5853
2670,5850
2671,8229
2672,8139
2673,8123
2674,7597
2675,6984
2676,6266
2677,6051
2678,5867
2679,5853
2680,5850
2681,6198
2682,6817
2683,6843
2684,6674
2685,6269
2686,6986
2687,6763
2688,6620
2689,6928
2690,7052
2691,6198
2692,6817
2693,6843
2694,6674
2695,6269
2696,6986
2697,6763
2698,6620
2699,6928
2700,7052
2701,6935
2702,7055
2703,7001
2704,7137
2705,6910
2706,7094
2707,7007
2708,7658
2709,7992
2710,8345
2711,6935
2712,7055
2713,7001
2714,7137
2715,6910
2716,7094
2717,7007
2718,7658
2719,7992
2720,8345
2721,8640
2722,9527
2723,9838
2724,10882
2725,11213
2726,11351
2727,11005
2728,9865
2729,10226
2730,9901
2731,8640
2732,9527
2733,9838
2734,10882
2735,11213
2736,11351
2737,11005
2738,9865
2739,10226
2740,9901
2741,8652
2742,8238
2743,8152
2744,8494
2745,7793
2746,7293
2747,7080
2748,7436
2749,6925
2750,6597
2751,8652
2752,8238
2753,8152
2754,8494
2755,7793
2756,7293
2757,7080
2758,7436
2759,6925
2760,6597
2761,7175
2762,7871
2763,7763
2764,8244
2765,8284
2766,8053
2767,8841
2768,8247
2769,7076
2770,6575
2771,7175
2772,7871
2773,7763
2774,8244
2775,8284
2776,8053
2777,8841
2778,8247
2779,7076
2780,6575
2781,6704
2782,6416
2783,6699
2784,6687
2785,6324
2786,6179
2787,6404
2788,6624
2789,6676
2790,6856
2791,6704
2792,6416
2793,6699
2794,6687
2795,6324
2796,6179
2797,6404
2798,6624
2799,6676
2800,6856
2801,7671
2802,7769
2803,6725
2804,6640
2805,6366
2806,6466
2807,6297
2808,6052
2809,6179
2810,6480
2811,7671
2812,7769
2813,6725
2814,6640
2815,6366
2816,6466
2817,6297
2818,6052
2819,6179
2820,6480
2821,6096
2822,6566
2823,6952
2824,6824
2825,6984
2826,6910
2827,6789
2828,6312
2829,6209
2830,6651
2831,6096
2832,6566
2833,6952
2834,6824
2835,6984
2836,6910
2837,6789
2838,6312
2839,6209
2840,6651
2841,6117
2842,6386
2843,7007
2844,6541
2845,6718
2846,6579
2847,7065
2848,6728
2849,6343
2850,6283
2851,6117
2852,6386
2853,7007
2854,6541
2855,6718
2856,6579
2857,7065
2858,6728
2859,6343
2860,6283
2861,7301
2862,7970
2863,7181
2864,7056
2865,6603
2866,5977
2867,6128
2868,6801
2869,6816
2870,5986
2871,7301
2872,7970
2873,7181
2874,7056
2875,6603
2876,5977
2877,6128
2878,6801
2879,6816
2880,5986
2881,6193
2882,6413
2883,6780
2884,6575
2885,7227
2886,7173
2887,7033
2888,7503
2889,7502
2890,7050
2891,6193
2892,6413
2893,6780
2894,6575
2895,7227
2896,7173
2897,7033
2898,7503
2899,7502
2900,7050
2901,6777
2902,7332
2903,7460
2904,8211
2905,7374
2906,7675
2907,8610
2908,9437
2909,8777
2910,9312
2911,6777
2912,7332
2913,7460
2914,8211
2915,7374
2916,7675
2917,8610
2918,9437
2919,8777
2920,9312
2921,9492
2922,8578
2923,8427
2924,9735
2925,10509
2926,10057
2927,8878
2928,8020
2929,8467
2930,8792
2931,9492
2932,8578
2933,8427
2934,9735
2935,10509
2936,10057
2937,8878
2938,8020
2939,8467
2940,8792
2941,8408
2942,7243
2943,6897
2944,7196
2945,7777
2946,8448
2947,8593
2948,9052
2949,8562
2950,7586
2951,8408
2952,7243
2953,6897
2954,7196
2955,7777
2956,8448
2957,8593
2958,9052
2959,8562
2960,7586
2961,6769
2962,6643
2963,7057
2964,7308
2965,7366
2966,7206
2967,7155
2968,6785
2969,6113
2970,6344
2971,6769
2972,6643
2973,7057
2974,7308
2975,7366
2976,7206
2977,7155
2978,6785
2979,6113
2980,6344
2981,6496
2982,6554
2983,6835
2984,5935
2985,5410
2986,5318
2987,5800
2988,6149
2989,6151
2990,6362
2991,6496
2992,6554
2993,6835
2994,5935
2995,5410
2996,5318
2997,5800
2998,6149
2999,6151
3000,6362
3001,6263
3002,6882
3003,6319
3004,6387
3005,6119
3006,6189
3007,6061
3008,6478
3009,6557
3010,6596
3011,6263
3012,6882
3013,6319
3014,6387
3015,6119
3016,6189
3017,6061
3018,6478
3019,6557
3020,6596
3021,6150
3022,6168
3023,6425
3024,6802
3025,6708
3026,6446
3027,6545
3028,6529
3029,6851
3030,6530
3031,6150
3032,6168
3033,6425
3034,6802
3035,6708
3036,6446
3037,6545
3038,6529
3039,6851
3040,6530
3041,6487
3042,6155
3043,6346
3044,6419
3045,6392
3046,6668
3047,6092
3048,6693
3049,6561
3050,6742
3051,6487
3052,6155
3053,6346
3054,6419
3055,6392
3056,6668
3057,6092
3058,6693
3059,6561
3060,6742
3061,6465
3062,6958
3063,7720
3064,8151
3065,7531
3066,6908
3067,6787
3068,6789
3069,7083
3070,6734
3071,6465
3072,6958
3073,7720
3074,8151
3075,7531
3076,6908
3077,6787
3078,6789
3079,7083
3080,6734
3081,6210
3082,6000
3083,6368
3084,6161
3085,6273
3086,6499
3087,6278
3088,6090
3089,5947
3090,5957
3091,6210
3092,6000
3093,6368
3094,6161
3095,6273
3096,6499
3097,6278
3098,6090
3099,5947
3100,5957
3101,6251
3102,6322
3103,6122
3104,6265
3105,6212
3106,6886
3107,6843
3108,6792
3109,6289
3110,6243
3111,6251
3112,6322
3113,6122
3114,6265
3115,6212
3116,6886
3117,6843
3118,6792
3119,6289
3120,6243
3121,6869
3122,6984
3123,6679
3124,6667
3125,6742
3126,7107
3127,6590
3128,5956
3129,5979
3130,6203
3131,6869
3132,6984
3133,6679
3134,6667
3135,6742
3136,7107
3137,6590
3138,5956
3139,5979
3140,6203
3141,6311
3142,7029
3143,7665
3144,7364
3145,6881
3146,6731
3147,6599
3148,6437
3149,6485
3150,6226
3151,6311
3152,7029
3153,7665
3154,7364
3155,6881
3156,6731
3157,6599
3158,6437
3159,6485
3160,6226
3161,6188
3162,6367
3163,5897
3164,6374
3165,6445
3166,6124
3167,6661
3168,6577
3169,6441
3170,6807
3171,6188
3172,6367
3173,5897
3174,6374
3175,6445
3176,6124
3177,6661
3178,6577
3179,6441
3180,6807
3181,6253
3182,6713
3183,7101
3184,7131
3185,6138
3186,6924
3187,6624
3188,5683
3189,5972
3190,6296
3191,6253
3192,6713
3193,7101
3194,7131
3195,6138
3196,6924
3197,6624
3198,5683
3199,5972
3200,6296
3201,6271
3202,5976
3203,6178
3204,6653
3205,6300
3206,6282
3207,6959
3208,7278
3209,6513
3210,6928
3211,6271
3212,5976
3213,6178
3214,6653
3215,6300
3216,6282
3217,6959
3218,7278
3219,6513
3220,6928
3221,7079
3222,6449
3223,6715
3224,6483
3225,6732
3226,6455
3227,6577
3228,6822
3229,7383
3230,7759
3231,7079
3232,6449
3233,6715
3234,6483
3235,6732
3236,6455
3237,6577
3238,6822
3239,7383
3240,7759
3241,7225
3242,6655
3243,6709
3244,6838
3245,6556
3246,6729
3247,6969
3248,6854
3249,6391
3250,6649
3251,7225
3252,6655
3253,6709
3254,6838
3255,6556
3256,6729
3257,6969
3258,6854
3259,6391
3260,6649
3261,6500
3262,6707
3263,7407
3264,6791
3265,6350
3266,6445
3267,6391
3268,6188
3269,6349
3270,6689
3271,6500
3272,6707
3273,7407
3274,6791
3275,6350
3276,6445
3277,6391
3278,6188
3279,6349
3280,6689
3281,7091
3282,7227
3283,6571
3284,6543
3285,7414
3286,7500
3287,7770
3288,7515
3289,7607
3290,7834
3291,7091
3292,7227
3293,6571
3294,6543
3295,7414
3296,7500
3297,7770
3298,7515
3299,7607
3300,7834
3301,6955
3302,6995
3303,6917
3304,7498
3305,6334
3306,7952
3307,9410
3308,9610
3309,9345
3310,8655
3311,6955
3312,6995
3313,6917
3314,7498
3315,6334
3316,7952
3317,9410
3318,9610
3319,9345
3320,8655
3321,7842
3322,7557
3323,7341
3324,8490
3325,7998
3326,7178
3327,6714
3328,7115
3329,6818
3330,7479
3331,7842
3332,7557
3333,7341
3334,8490
3335,7998
3336,7178
3337,6714
3338,7115
3339,6818
3340,7479
3341,6772
3342,6080
3343,6507
3344,6105
3345,5843
3346,6209
3347,6291
3348,6289
3349,6135
3350,6082
3351,6772
3352,6080
3353,6507
3354,6105
3355,5843
3356,6209
3357,6291
3358,6289
3359,6135
3360,6082
3361,6230
3362,5958
3363,6220
3364,6787
3365,6435
3366,6957
3367,6490
3368,6457
3369,6741
3370,6876
3371,6230
3372,5958
3373,6220
3374,6787
3375,6435
3376,6957
3377,6490
3378,6457
3379,6741
3380,6876
3381,6696
3382,6309
3383,6796
3384,6536
3385,6945
3386,7114
3387,7133
3388,6972
3389,6771
3390,6266
3391,6696
3392,6309
3393,6796
3394,6536
3395,6945
3396,7114
3397,7133
3398,6972
3399,6771
3400,6266
3401,6503
3402,5936
3403,6022
3404,6911
3405,7323
3406,6437
3407,5877
3408,7003
3409,7092
3410,6998
3411,6503
3412,5936
3413,6022
3414,6911
3415,7323
3416,6437
3417,5877
3418,7003
3419,7092
3420,6998
3421,6862
3422,6351
3423,6310
3424,6124
3425,5972
3426,6244
3427,6441
3428,7122
3429,7482
3430,6942
3431,6862
3432,6351
3433,6310
3434,6124
3435,5972
3436,6244
3437,6441
3438,7122
3439,7482
3440,6942
3441,7024
3442,7237
3443,6818
3444,7167
3445,7566
3446,7536
3447,7844
3448,7265
3449,6643
3450,7266
3451,7024
3452,7237
3453,6818
3454,7167
3455,7566
3456,7536
3457,7844
3458,7265
3459,6643
3460,7266
3461,6751
3462,6390
3463,7153
3464,6715
3465,6407
3466,6718
3467,6400
3468,6572
3469,7543
3470,8013
3471,6751
3472,6390
3473,7153
3474,6715
3475,6407
3476,6718
3477,6400
3478,6572
3479,7543
3480,8013
3481,7253
3482,8078
3483,8279
3484,8339
3485,8259
3486,7517
3487,7234
3488,6915
3489,7345
3490,7264
3491,7253
3492,8078
3493,8279
3494,8339
3495,8259
3496,7517
3497,7234
3498,6915
3499,7345
3500,7264
3501,6703
3502,7229
3503,6948
3504,7992
3505,8300
3506,8145
3507,8635
3508,9532
3509,9630
3510,9278
3511,6703
3512,7229
3513,6948
3514,7992
3515,8300
3516,8145
3517,8635
3518,9532
3519,9630
3520,9278
3521,8477
3522,7374
3523,7204
3524,7940
3525,8270
3526,7479
3527,6694
3528,6874
3529,7491
3530,8014
3531,8477
3532,7374
3533,7204
3534,7940
3535,8270
3536,7479
3537,6694
3538,6874
3539,7491
3540,8014
3541,8307
3542,8526
3543,8082
3544,7279
3545,7421
3546,7504
3547,7901
3548,7517
3549,7580
3550,8136
3551,8307
3552,8526
3553,8082
3554,7279
3555,7421
3556,7504
3557,7901
3558,7517
3559,7580
3560,8136
3561,8262
3562,8255
3563,7947
3564,7882
3565,7553
3566,7462
3567,6972
3568,6765
3569,7180
3570,7290
3571,8262
3572,8255
3573,7947
3574,7882
3575,7553
3576,7462
3577,6972
3578,6765
3579,7180
3580,7290
3581,7196
3582,7166
3583,7705
3584,7449
3585,7305
3586,8484
3587,8176
3588,8157
3589,9420
3590,9257
3591,7196
3592,7166
3593,7705
3594,7449
3595,7305
3596,8484
3597,8176
3598,8157
3599,9420
3600,9257
3601,8110
3602,6954
3603,6301
3604,6071
3605,5903
3606,5943
3607,5922
3608,5578
3609,5631
3610,5943
3611,8110
3612,6954
3613,6301
3614,6071
3615,5903
3616,5943
3617,5922
3618,5578
3619,5631
3620,5943
3621,5389
3622,5745
3623,6285
3624,6422
3625,6206
3626,6753
3627,7171
3628,7047
3629,7765
3630,8207
3631,5389
3632,5745
3633,6285
3634,6422
3635,6206
3636,6753
3637,7171
3638,7047
3639,7765
3640,8207
3641,7497
3642,6598
3643,6214
3644,6449
3645,6887
3646,6713
3647,6455
3648,6165
3649,5972
3650,6753
3651,7497
3652,6598
3653,6214
3654,6449
3655,6887
3656,6713
3657,6455
3658,6165
3659,5972
3660,6753
3661,6469
3662,6613
3663,6974
3664,6239
3665,5823
3666,6261
3667,6709
3668,6567
3669,6111
3670,6333
3671,6469
3672,6613
3673,6974
3674,6239
3675,5823
3676,6261
3677,6709
3678,6567
3679,6111
3680,6333
3681,6937
3682,6849
3683,6522
3684,6563
3685,6843
3686,7219
3687,7205
3688,6752
3689,6771
3690,6796
3691,6937
3692,6849
3693,6522
3694,6563
3695,6843
3696,7219
3697,7205
3698,6752
3699,6771
3700,6796
3701,6836
3702,7668
3703,7741
3704,8321
3705,8216
3706,6552
3707,6195
3708,6011
3709,6141
3710,6821
3711,6828
3712,7477
3713,7690
3714,7462
3715,7136
3716,7253
3717,7565
3718,7149
3719,7312
3720,7178
3721,7787
3722,9834
3723,9893
3724,9080
3725,9823
3726,8692
3727,8608
3728,7217
3729,6671
3730,6566
3731,6510
3732,6976
3733,6994
3734,6944
3735,6640
3736,6294
3737,6905
3738,6797
3739,5950
3740,6575
3741,6821
3742,6612
3743,6647
3744,7110
3745,7153
3746,7376
3747,7074
3748,7911
3749,8258
3750,7893
3751,8529
3752,8644
3753,8827
3754,8485
3755,8445
3756,8723
3757,8414
3758,8715
3759,9384
3760,9010
3761,8397
3762,8256
3763,8266
3764,9107
3765,7427
3766,6785
3767,6941
3768,7918
3769,7881
3770,7609
3771,7614
3772,7481
3773,7668
3774,7189
3775,6751
3776,6662
3777,6762
3778,7262
3779,6731
3780,7283
3781,7443
3782,7125
3783,7598
3784,7558
3785,7347
3786,7098
3787,6937
3788,6847
3789,7140
3790,6721
3791,6113
3792,5781
3793,5836
3794,5718
3795,6076
3796,6064
3797,6306
3798,6705
3799,6270
3800,6399
3801,6961
3802,7792
3803,8004
3804,7563
3805,7884
3806,7598
3807,7827
3808,7716
3809,7616
3810,7152
3811,7151
3812,7483
3813,7183
3814,6970
3815,6847
3816,6656
3817,6565
3818,6506
3819,6623
3820,6407
3821,5815
3822,6027
3823,6682
3824,6576
3825,6196
3826,6618
3827,6260
3828,6119
3829,5962
3830,6544
3831,6236
3832,6169
3833,6799
3834,6907
3835,6553
3836,6144
3837,6532
3838,6751
3839,6486
