t,e^(-dS)
1,0.966881
2,1.01331
3,1.02386
4,1.0246
5,1.01952
6,1.02052
7,1.0153
8,1.01721
9,1.01916
10,1.01819
11,1.02962
12,1.01762
13,1.02666
14,1.02129
15,1.02778
16,1.0162
17,1.02363
18,1.01245
19,1.02047
20,1.009
21,1.04821
22,1.05902
23,1.02292
24,1.03022
25,1.05108
26,1.01502
27,1.03268
28,1.02695
29,0.990325
30,1.04681
31,1.12772
32,1.10294
33,0.984117
34,1.1221
35,1.22593
36,1.14717
37,1.14419
38,1.19447
39,1.03792
40,1.03738
41,4.14955
42,0.665311
43,1.42789
44,2.35208
45,0.876166
46,0.867361
47,1.24036
48,2.05772
49,3.70617
50,1.18625
51,0.365313
52,1.59026
53,2.14084
54,0.715696
55,0.512887
56,0.755406
57,1.01667
58,2.35773
59,0.886388
60,1.82376
61,1.81539
62,2.14084
63,1.28621
64,0.723901
65,1.16195
66,1.28879
67,0.301797
68,6.07997
69,1.0042
70,1.14168
71,2.52262
72,1.63379
73,0.277204
74,0.172217
75,2.47416
76,1.96934
77,0.496536
78,1.09707
79,1.19101
80,0.783644
81,0.652268
82,0.249824
83,0.836942
84,0.460105
85,0.29671
86,1.52974
87,0.473407
88,1.47153
89,0.49753
90,2.50503
91,0.131862
92,1.23318
93,1.33229
94,0.433744
95,0.56203
96,4.31458
97,0.126312
98,0.300592
99,2.14577
100,0.42384
101,4.1787
102,0.66878
103,0.324977
104,0.564113
105,0.743787
106,2.12506
107,1.19542
108,2.06267
109,0.910565
110,1.72927
111,0.0980772
112,1.54728
113,0.207837
114,1.15766
115,0.694336
116,1.45426
117,0.157867
118,0.0972957
119,1.25609
120,1.69232
121,0.360956
122,0.157237
123,2.09992
124,0.521837
125,0.105716
126,1.19339
127,0.432705
128,0.0651541
129,0.474402
130,0.734034
131,1.34811
132,0.174122
133,0.294346
134,0.956351
135,1.15928
136,0.672805
137,1.18863
138,0.662722
139,0.642685
140,0.105505
141,3.95112
142,1.80887
143,0.318224
144,0.938756
145,0.441269
146,0.541344
147,4.18288
148,0.529141
149,0.333204
150,0.370315
151,0.291709
152,0.462689
153,0.462365
154,0.568872
155,0.912342
156,0.636481
157,1.79948
158,1.04203
159,0.646359
160,1.36697
161,2.23759
162,0.940823
163,0.283654
164,0.518197
165,2.72918
166,0.363491
167,1.11227
168,0.352396
169,3.44526
170,0.862
171,0.137243
172,0.160414
173,0.517006
174,0.453029
175,0.817831
176,0.801396
177,0.665777
178,1.08749
179,0.461534
180,1.09702
181,0.440872
182,0.561805
183,1.45252
184,1.3033
185,0.886566
186,3.42808
187,0.929276
188,1.73759
189,0.94766
190,1.49676
191,0.684683
192,1.47802
193,5.87085
194,0.996271
195,1.32035
196,1.07345
197,0.854875
198,3.34678
199,0.800435
200,1.96895
201,0.64623
202,0.340616
203,1.3693
204,2.87198
205,1.08396
206,0.560122
207,0.986403
208,0.262895
209,0.686122
210,1.1878
211,0.36204
212,0.289964
213,1.37961
214,0.13615
215,1.50787
216,1.81212
217,0.784507
218,0.345764
219,2.67674
220,0.496536
221,0.671931
222,0.569726
223,0.180685
224,8.70589
225,0.709
226,2.52086
227,1.19925
228,0.150168
229,0.413251
230,0.716699
231,1.16964
232,1.47772
233,0.270631
234,1.21811
235,0.767897
236,3.12677
237,1.24309
238,3.14873
239,0.134391
240,0.539345
241,0.363855
242,0.837947
243,1.54651
244,0.674961
245,0.600616
246,0.643714
247,0.560683
248,1.47418
249,0.128478
250,0.419371
251,1.26415
252,0.511811
253,0.93067
254,1.29836
255,0.50404
256,0.430331
257,0.666777
258,0.623379
259,1.02457
260,0.402927
261,0.520014
262,1.32843
263,0.358796
264,0.354871
265,2.23468
266,2.36033
267,2.28714
268,0.86269
269,2.65302
270,0.209297
271,1.0566
272,0.432618
273,2.36056
274,0.344039
275,0.418449
276,0.392311
277,1.0041
278,3.0283
279,3.75843
280,1.04942
281,0.459829
282,1.01597
283,1.18246
284,0.244143
285,0.899425
286,0.322388
287,0.631347
288,0.493023
289,0.938803
290,1.18768
291,0.289674
292,2.75385
293,0.173427
294,0.423416
295,0.196715
296,0.315373
297,0.735062
298,2.69851
299,0.233634
300,0.537783
301,0.247833
302,0.708645
303,3.93929
304,0.194758
305,2.64693
306,0.203112
307,0.797798
308,0.634956
309,1.49018
310,0.45113
311,0.100661
312,0.238592
313,0.647588
314,3.43838
315,5.06827
316,0.197109
317,0.43618
318,14.0975
319,1.12423
320,1.42818
321,0.631031
322,0.752993
323,0.603989
324,1.29227
325,0.9096
326,0.555326
327,4.48617
328,0.12606
329,0.537783
330,0.236218
331,1.04633
332,0.46218
333,0.314743
334,1.9263
335,0.19071
336,0.687908
337,0.290254
338,4.72563
339,0.227183
340,0.105716
341,0.894491
342,1.82887
343,0.273077
344,0.433397
345,0.407791
346,0.470246
347,7.70601
348,1.23368
349,0.278594
350,0.0501368
351,0.980267
352,0.76018
353,0.504443
354,0.38973
355,2.33451
356,0.72354
357,1.26301
358,0.515458
359,0.270901
360,0.431883
361,0.301194
362,0.266335
363,0.339256
364,3.651
365,0.496139
366,0.171187
367,0.306358
368,0.847046
369,0.0530776
370,0.565243
371,0.519754
372,0.166127
373,0.776157
374,0.722527
375,0.540371
376,0.456667
377,0.546511
378,2.52061
379,0.493713
380,1.14065
381,0.367879
382,0.249325
383,0.370464
384,0.333204
385,0.711486
386,0.173427
387,1.18483
388,0.928421
389,0.447759
390,0.981827
391,1.10882
392,1.07116
393,0.54969
394,2.22265
395,1.20623
396,0.917466
397,0.729059
398,0.839121
399,3.9079
400,0.577412
401,0.635845
402,0.283654
403,0.349938
404,0.501075
405,0.281957
406,0.482102
407,0.787651
408,1.22446
409,1.16218
410,0.911959
411,2.9388
412,0.457444
413,1.79751
414,2.62295
415,0.0675424
416,0.626504
417,0.716842
418,0.733227
419,0.936515
420,1.15835
421,0.513811
422,1.48974
423,0.408281
424,0.206387
425,2.89215
426,0.241956
427,0.464358
428,2.19087
429,1.51695
430,0.284506
431,0.151072
432,0.543677
433,0.428956
434,0.265007
435,0.216319
436,0.682086
437,0.399636
438,5.77767
439,0.212036
440,0.641017
441,0.330219
442,0.673747
443,0.516851
444,0.424858
445,1.37341
446,0.616313
447,0.433397
448,0.942839
449,0.443215
450,0.322066
451,0.545965
452,0.971057
453,1.31456
454,0.30331
455,0.52351
456,1.28261
457,1.68152
458,1.03504
459,0.507175
460,0.337564
461,0.487385
462,0.648236
463,0.815055
464,1.6613
465,0.178887
466,0.385621
467,1.30395
468,0.328243
469,0.666977
470,2.83772
471,0.478069
472,1.61721
473,0.281957
474,1.026
475,0.310677
476,0.821519
477,2.35538
478,0.652855
479,1.18069
480,0.726149
481,1.73516
482,2.22309
483,0.378288
484,0.482198
485,0.137931
486,5.57895
487,1.82741
488,0.180324
489,0.500124
490,0.214167
491,0.43046
492,0.934354
493,1.06968
494,1.04279
495,0.748563
496,1.40158
497,0.169314
498,0.256148
499,0.935775
500,0.253599
501,0.632358
502,0.701875
503,0.631536
504,1.10572
505,0.263421
506,0.443703
507,1.06362
508,0.64153
509,0.549581
510,2.25128
511,0.19052
512,3.63642
513,0.340957
514,0.767129
515,0.299392
516,2.0399
517,0.538698
518,0.392154
519,0.820944
520,2.00652
521,0.446061
522,0.742598
523,0.975368
524,3.25763
525,0.1186
526,0.239788
527,0.376589
528,0.31632
529,0.794454
530,0.553773
531,1.25207
532,0.564226
533,1.02076
534,0.405879
535,0.21524
536,0.619155
537,0.806703
538,0.734475
539,1.76756
540,0.961049
541,0.86045
542,2.30458
543,0.636227
544,0.803965
545,0.289964
546,1.35893
547,0.334205
548,1.64329
549,0.640312
550,0.435048
551,1.14351
552,0.322388
553,1.32896
554,0.912224
555,1.36029
556,1.3918
557,1.29227
558,0.766209
559,0.501576
560,0.796682
561,1.28956
562,1.67364
563,1.27074
564,2.12868
565,1.69995
566,0.419664
567,0.503435
568,0.752089
569,0.973342
570,1.22189
571,1.0055
572,3.84972
573,0.709283
574,0.54542
575,1.55971
576,0.367512
577,0.103416
578,0.35134
579,0.879238
580,0.438323
581,0.584441
582,0.92869
583,0.186934
584,1.19268
585,0.541777
586,0.554383
587,0.407424
588,0.904023
589,1.49391
590,0.340957
591,0.932711
592,0.416362
593,0.27036
594,0.759648
595,0.501576
596,0.705393
597,0.840549
598,0.502379
599,2.26302
600,0.371094
601,1.54018
602,0.981768
603,0.358438
604,1.18317
605,0.158183
606,0.525187
607,1.17234
608,0.212886
609,0.884617
610,3.14559
611,0.298794
612,0.263949
613,0.879677
614,1.11249
615,0.898705
616,0.899874
617,1.37658
618,0.578741
619,0.147932
620,0.419161
621,0.612075
622,0.412714
623,0.887453
624,0.271987
625,1.01971
626,0.630464
627,1.80977
628,0.918319
629,0.765367
630,0.418952
631,1.29046
632,0.775692
633,0.63375
634,1.1572
635,1.36288
636,0.394554
637,0.597441
638,0.880822
639,0.338578
640,0.564508
641,0.828946
642,1.80471
643,2.05115
644,1.54604
645,0.713124
646,0.721444
647,1.39333
648,1.82267
649,0.886832
650,0.905516
651,0.439112
652,1.41552
653,1.57004
654,1.10772
655,1.12322
656,1.21872
657,0.66365
658,0.950516
659,2.32635
660,0.575509
661,0.230386
662,0.644165
663,0.456667
664,0.876955
665,0.756767
666,0.559842
667,0.912288
668,0.367512
669,0.549306
670,0.881086
671,1.28698
672,0.703984
673,0.997073
674,0.745426
675,0.564621
676,0.481235
677,3.03739
678,0.822012
679,1.03983
680,0.704054
681,0.66312
682,0.105084
683,0.471376
684,0.436311
685,1.73325
686,0.57597
687,1.17951
688,1.39473
689,0.849082
690,0.996523
691,4.24185
692,0.611036
693,0.931965
694,0.683656
695,0.536011
696,0.618041
697,2.06949
698,1.08803
699,1.18376
700,1.75751
701,0.328243
702,0.603325
703,0.889674
704,2.63162
705,0.887364
706,0.680247
707,5.70875
708,0.227183
709,2.03236
710,0.317906
711,0.720795
712,1.65964
713,0.769434
714,1.36711
715,0.791995
716,1.1474
717,0.586783
718,0.628386
719,1.75892
720,0.771283
721,2.09258
722,0.426007
723,0.20867
724,0.841642
725,1.68641
726,2.92999
727,0.801396
728,1.40425
729,0.525923
730,0.216752
731,1.85151
732,0.693087
733,0.919349
734,1.65516
735,1.38833
736,0.724119
737,2.08736
738,3.46253
739,1.22006
740,0.863812
741,0.931751
742,0.466639
743,0.578278
744,2.06246
745,0.498925
746,0.202706
747,1.18708
748,0.705887
749,0.527767
750,0.704829
751,1.15338
752,0.8462
753,0.634892
754,0.182136
755,1.85466
756,0.476446
757,0.459691
758,0.407058
759,0.373962
760,1.43061
761,1.63232
762,0.547387
763,1.04464
764,1.05343
765,1.92572
766,0.307279
767,0.754123
768,0.580596
769,1.97092
770,0.733667
771,1.1623
772,1.00386
773,0.273624
774,0.353455
775,0.671595
776,1.3678
777,0.130289
778,0.29464
779,0.460105
780,0.454844
781,1.013
782,0.372023
783,1.33442
784,0.809207
785,0.949509
786,0.406692
787,0.535529
788,1.67347
789,0.297899
790,2.4032
791,0.972515
792,1.78783
793,0.808399
794,0.366045
795,1.94002
796,3.30686
797,0.897987
798,0.323033
799,0.306052
800,0.51856
801,1.4515
802,0.512528
803,1.22214
804,1.84283
805,0.324328
806,0.665178
807,0.507276
808,0.450544
809,0.429858
810,0.346802
811,0.746545
812,1.40144
813,0.464079
814,0.4347
815,0.460059
816,1.00363
817,0.60811
818,0.420757
819,0.486217
820,1.58867
821,1.3637
822,3.26742
823,0.620767
824,0.613239
825,2.03643
826,1.40889
827,0.527556
828,0.605682
829,2.61928
830,0.958822
831,0.343695
832,0.922415
833,0.275822
834,0.987667
835,0.236218
836,0.949671
837,0.415073
838,0.785999
839,0.520534
840,2.21444
841,0.59061
842,0.147047
843,0.648301
844,3.40757
845,0.630716
846,1.10512
847,0.474307
848,1.88948
849,0.529935
850,0.407873
851,0.155984
852,0.41156
853,1.44817
854,1.63199
855,0.575049
856,0.211612
857,1.14752
858,0.409671
859,0.680927
860,0.659746
861,1.17046
862,1.31101
863,0.970873
864,0.910365
865,0.253599
866,0.355582
867,0.556215
868,1.69266
869,0.332206
870,1.36834
871,0.32368
872,1.27163
873,0.695865
874,3.23167
875,1.56534
876,1.08256
877,0.836022
878,0.442861
879,0.748264
880,0.213953
881,2.85194
882,0.256148
883,0.23551
884,0.870315
885,1.38666
886,0.548976
887,1.10336
888,0.224473
889,0.984049
890,1.49676
891,0.213739
892,0.191092
893,0.219808
894,0.630779
895,1.45165
896,1.18554
897,0.524033
898,1.76209
899,0.972709
900,0.387244
901,0.626316
902,0.244143
903,2.74835
904,1.92187
905,0.763761
906,1.06889
907,1.11539
908,0.356294
909,0.341639
910,0.27009
911,1.12446
912,0.404138
913,1.1004
914,0.833935
915,1.21714
916,0.252334
917,0.682427
918,1.3189
919,0.999242
920,0.479553
921,1.17586
922,0.408077
923,0.463708
924,0.827207
925,1.38666
926,0.933672
927,0.646747
928,0.385505
929,0.299392
930,2.30735
931,0.290254
932,0.815055
933,0.450048
934,0.19071
935,0.53089
936,1.30813
937,1.5171
938,0.708008
939,1.15338
940,0.541507
941,0.297007
942,1.60031
943,0.579842
944,1.22043
945,0.323033
946,0.702015
947,3.37367
948,0.438279
949,0.691633
950,1.17563
951,1.83363
952,0.493713
953,0.762007
954,0.31286
955,0.413996
956,0.750437
957,1.60416
958,0.604593
959,0.851122
960,0.355938
961,0.533391
962,2.09154
963,1.01222
964,0.678548
965,2.64243
966,0.54766
967,0.198295
968,0.279152
969,1.38417
970,1.8619
971,2.4665
972,1.03668
973,0.76422
974,1.10344
975,2.51281
976,1.16953
977,0.923624
978,0.799555
979,1.10451
980,1.16067
981,0.863898
982,0.137381
983,0.716197
984,0.3795
985,1.03525
986,1.30656
987,0.491251
988,0.993407
989,0.958582
990,1.43663
991,1.20937
992,1.21689
993,2.32077
994,2.07114
995,0.478356
996,2.06804
997,2.27755
998,1.65434
999,1.41468
1000,0.537783
1001,0.469588
1002,1.87348
1003,3.66197
1004,0.85479
1005,1.22006
1006,1.35866
1007,2.85479
1008,2.5518
1009,0.713623
1010,0.570638
1011,4.58596
1012,1.00344
1013,0.805977
1014,0.400116
1015,0.479026
1016,0.362765
1017,0.651095
1018,1.30369
1019,0.140718
1020,0.449689
1021,0.424179
1022,1.23751
1023,3.91181
1024,0.673613
1025,0.957155
1026,0.397643
1027,0.0908087
1028,0.287653
1029,1.06436
1030,0.256661
1031,0.909218
1032,0.281394
1033,0.0763826
1034,0.407465
1035,0.534887
1036,0.0647643
1037,1.02329
1038,2.20891
1039,0.596247
1040,0.320139
1041,3.19952
1042,0.35808
1043,1.35391
1044,1.8265
1045,2.4044
1046,0.589783
1047,2.90955
1048,0.33588
1049,0.95681
1050,0.480177
1051,1.18649
1052,0.514376
1053,1.15165
1054,0.489192
1055,1.41255
1056,0.817095
1057,1.1505
1058,0.494504
1059,0.647653
1060,0.361317
1061,2.47936
1062,2.69204
1063,0.316637
1064,1.15258
1065,0.405109
1066,0.265537
1067,0.206594
1068,2.4466
1069,0.229696
1070,0.0792617
1071,0.375086
1072,0.133187
1073,1.72513
1074,0.41082
1075,1.21337
1076,0.151374
1077,2.01557
1078,0.3718
1079,0.594758
1080,1.28505
1081,0.44074
1082,0.835437
1083,0.217839
1084,2.04685
1085,0.176224
1086,1.39013
1087,0.600676
1088,0.5799
1089,1.17339
1090,0.258464
1091,0.140858
1092,2.86051
1093,0.745724
1094,0.0668703
1095,0.264477
1096,2.28394
1097,0.287653
1098,0.441622
1099,0.331542
1100,1.59967
1101,0.486947
1102,1.69774
1103,2.00832
1104,0.547989
1105,1.86881
1106,0.670655
1107,0.0867261
1108,4.89885
1109,0.445214
1110,1.213
1111,0.348541
1112,0.396333
1113,0.481572
1114,0.504393
1115,0.939507
1116,2.21754
1117,0.567679
1118,4.08777
1119,0.670789
1120,0.753294
1121,0.391136
1122,0.539345
1123,0.347844
1124,0.715338
1125,1.61414
1126,1.24645
1127,0.278315
1128,0.241472
1129,2.33077
1130,0.931341
1131,0.455436
1132,0.601638
1133,0.272532
1134,0.38209
1135,1.07355
1136,1.68725
1137,0.624315
1138,1.22055
1139,0.198692
1140,3.00717
1141,1.12277
1142,1.20154
1143,0.673411
1144,1.21361
1145,1.14522
1146,2.03094
1147,2.1533
1148,2.03623
1149,0.179066
1150,0.411848
1151,0.951191
1152,3.22522
1153,1.03126
1154,1.08297
1155,0.457765
1156,0.150921
1157,0.288806
1158,0.524715
1159,0.876166
1160,2.34503
1161,1.09723
1162,1.16369
1163,1.34487
1164,1.17692
1165,0.526607
1166,0.226502
1167,0.644165
1168,0.3681
1169,0.239309
1170,2.03542
1171,0.26955
1172,0.777012
1173,0.204948
1174,2.15869
1175,0.306052
1176,2.67942
1177,1.16883
1178,0.279431
1179,0.348192
1180,1.4072
1181,0.194758
1182,0.38389
1183,1.01395
1184,0.765061
1185,0.967868
1186,1.63199
1187,0.576892
1188,0.408363
1189,3.30356
1190,0.188813
1191,3.3168
1192,0.407139
1193,0.532911
1194,0.926279
1195,0.309437
1196,0.486752
1197,3.73221
1198,0.685368
1199,4.34489
1200,0.216536
1201,1.30996
1202,0.770743
1203,1.46448
1204,0.115095
1205,1.34905
1206,0.976872
1207,0.744681
1208,3.83435
1209,0.393293
1210,0.300893
1211,0.126692
1212,0.412755
1213,0.482632
1214,0.0867261
1215,1.96757
1216,1.0982
1217,0.241472
1218,0.6812
1219,0.451988
1220,0.16563
1221,0.352044
1222,0.384774
1223,0.606349
1224,0.205153
1225,1.03236
1226,0.163001
1227,1.59217
1228,0.929155
1229,0.168976
1230,0.491398
1231,1.03216
1232,2.7511
1233,0.758358
1234,0.281113
1235,0.740744
1236,3.12364
1237,0.429944
1238,0.375912
1239,0.136014
1240,0.218493
1241,0.130029
1242,0.607016
1243,2.55487
1244,0.162188
1245,1.45878
1246,0.88338
1247,0.539129
1248,0.929471
1249,0.103623
1250,2.59789
1251,0.673747
1252,0.30851
1253,1.04082
1254,5.14487
1255,0.610486
1256,3.34678
1257,0.250825
1258,0.787966
1259,1.6886
1260,0.898346
1261,2.66552
1262,0.0435433
1263,0.835521
1264,1.50682
1265,2.92414
1266,0.325954
1267,1.7191
1268,1.0442
1269,0.621947
1270,0.954517
1271,1.10572
1272,0.240268
1273,0.353455
1274,0.994302
1275,0.222907
1276,0.267135
1277,0.381708
1278,0.100059
1279,0.255381
1280,0.404744
1281,1.03813
1282,0.901856
1283,1.29033
1284,1.32419
1285,2.01013
1286,0.268206
1287,3.55374
1288,1.76297
1289,0.55527
1290,3.10185
1291,0.375274
1292,0.58485
1293,0.513092
1294,0.803723
1295,0.439244
1296,0.650639
1297,0.532805
1298,0.479697
1299,1.21288
1300,0.853167
1301,1.67565
1302,1.29227
1303,0.679635
1304,0.988951
1305,0.790097
1306,0.930624
1307,0.249325
1308,0.638011
1309,4.12885
1310,0.180324
1311,1.53342
1312,4.1454
1313,2.60231
1314,1.67113
1315,0.322066
1316,0.91899
1317,0.369317
1318,0.268743
1319,0.865715
1320,0.155206
1321,0.778957
1322,0.27009
1323,1.56863
1324,0.150168
1325,0.555659
1326,2.6282
1327,0.175345
1328,0.703984
1329,4.88417
1330,0.714695
1331,3.32344
1332,1.41949
1333,0.796124
1334,1.29486
1335,3.30026
1336,0.376966
1337,0.299692
1338,3.10806
1339,0.115325
1340,0.736534
1341,2.32147
1342,0.311299
1343,0.72673
1344,0.799555
1345,0.393136
1346,0.657178
1347,1.3803
1348,0.310367
1349,0.136559
1350,0.637947
1351,1.18424
1352,2.0344
1353,1.08972
1354,0.503083
1355,1.16871
1356,0.413665
1357,1.56674
1358,0.853252
1359,0.472792
1360,0.299692
1361,1.38639
1362,0.272804
1363,1.7598
1364,0.34889
1365,0.266335
1366,1.27839
1367,3.01319
1368,0.606167
1369,0.547934
1370,0.499824
1371,0.498376
1372,1.27698
1373,2.2367
1374,2.6578
1375,0.767359
1376,1.63869
1377,0.399636
1378,4.93326
1379,1.2186
1380,0.369354
1381,0.277204
1382,0.377947
1383,0.31632
1384,0.844424
1385,0.738673
1386,0.266868
1387,0.477687
1388,0.312547
1389,3.78861
1390,0.332871
1391,1.15639
1392,0.383391
1393,0.602963
1394,0.652725
1395,0.598577
1396,0.22313
1397,0.938127
1398,0.727821
1399,0.560234
1400,2.1865
1401,0.376062
1402,0.270631
1403,0.225598
1404,5.22262
1405,0.724626
1406,0.228093
1407,0.368653
1408,1.02636
1409,0.480754
1410,1.91976
1411,1.23208
1412,1.39459
1413,0.155362
1414,0.816197
1415,0.171873
1416,4.5768
1417,0.698095
1418,1.3193
1419,0.982996
1420,0.34611
1421,0.935635
1422,0.610425
1423,1.30057
1424,0.190901
1425,0.563831
1426,0.845523
1427,0.333871
1428,0.32923
1429,0.927456
1430,0.71677
1431,0.893687
1432,1.62061
1433,0.297007
1434,0.0847542
1435,1.60898
1436,1.03838
1437,1.97961
1438,0.320459
1439,0.311611
1440,3.57512
1441,0.181591
1442,5.06321
1443,0.34611
1444,0.567962
1445,0.992395
1446,0.516128
1447,0.0804596
1448,1.95913
1449,0.299692
1450,0.806541
1451,0.907856
1452,0.274721
1453,1.39125
1454,0.772595
1455,1.28223
1456,0.980983
1457,1.25483
1458,0.0805401
1459,0.538806
1460,2.56203
1461,0.210557
1462,4.62742
1463,0.127965
1464,1.31469
1465,0.792233
1466,5.23832
1467,2.97427
1468,0.158976
1469,0.639864
1470,0.333537
1471,0.81026
1472,2.68613
1473,0.815055
1474,0.23764
1475,1.04967
1476,2.12209
1477,0.696491
1478,0.168807
1479,0.414493
1480,1.42846
1481,0.462828
1482,0.0992613
1483,0.944273
1484,2.2034
1485,0.401198
1486,0.447535
1487,0.893865
1488,0.717631
1489,0.907937
1490,0.139178
1491,1.08812
1492,1.86023
1493,0.451491
1494,3.07099
1495,0.146022
1496,0.404057
1497,0.368911
1498,2.06762
1499,0.292585
1500,3.09256
1501,0.412714
1502,2.31614
1503,0.514788
1504,0.267938
1505,0.434352
1506,0.756767
1507,0.967306
1508,0.673882
1509,1.05241
1510,2.40488
1511,1.86228
1512,0.221574
1513,0.241714
1514,1.35283
1515,5.46848
1516,1.2274
1517,0.917824
1518,0.662921
1519,0.85479
1520,0.49594
1521,0.418282
1522,0.607866
1523,0.118245
1524,0.638841
1525,1.15281
1526,0.728404
1527,0.233167
1528,0.479601
1529,0.931685
1530,0.357722
1531,0.178173
1532,0.236691
1533,0.988348
1534,0.420294
1535,0.35808
1536,0.787021
1537,9.18893
1538,0.500674
1539,0.20413
1540,0.21915
1541,0.920324
1542,0.414244
1543,0.5613
1544,1.82139
1545,0.358438
1546,0.922692
1547,1.45951
1548,0.982711
1549,0.344383
1550,0.769588
1551,0.475685
1552,1.31285
1553,0.653378
1554,1.8593
1555,2.12761
1556,0.957318
1557,0.369095
1558,0.232236
1559,2.19065
1560,0.61996
1561,0.773523
1562,5.35484
1563,0.29671
1564,0.217404
1565,4.74457
1566,0.697955
1567,0.594461
1568,0.701314
1569,1.20852
1570,1.25207
1571,0.168638
1572,1.38099
1573,0.229008
1574,0.293171
1575,0.305135
1576,0.144713
1577,0.283087
1578,0.0933873
1579,0.216319
1580,0.202909
1581,0.67726
1582,0.555937
1583,0.971387
1584,0.231078
1585,0.775692
1586,0.884529
1587,0.364583
1588,1.11227
1589,3.44871
1590,0.618165
1591,0.952562
1592,2.16106
1593,0.265537
1594,0.148972
1595,3.56085
1596,0.643135
1597,2.31197
1598,0.289384
1599,0.628072
1600,1.84892
1601,0.33689
1602,0.908682
1603,0.618165
1604,0.292
1605,0.571552
1606,0.71634
1607,0.385814
1608,2.99517
1609,0.589901
1610,0.433484
1611,1.38694
1612,0.195343
1613,0.400517
1614,1.75716
1615,0.182136
1616,0.694405
1617,0.434178
1618,0.626254
1619,0.565469
1620,0.576316
1621,0.498825
1622,0.895924
1623,2.06742
1624,0.700122
1625,0.715839
1626,1.70421
1627,2.60804
1628,0.487483
1629,1.32366
1630,0.239309
1631,0.468884
1632,1.30839
1633,0.37013
1634,0.339256
1635,2.39049
1636,1.11093
1637,0.39349
1638,0.793184
1639,0.456896
1640,0.971018
1641,0.483067
1642,3.29696
1643,2.54874
1644,0.512118
1645,0.608414
1646,0.619279
1647,0.315373
1648,0.808803
1649,1.65898
1650,0.638394
1651,0.504998
1652,0.42042
1653,0.358796
1654,0.310367
1655,1.06342
1656,0.718062
1657,1.0117
1658,0.475114
1659,0.63916
1660,0.558612
1661,1.77004
1662,0.832602
1663,2.01657
1664,0.822752
1665,0.250825
1666,0.26767
1667,0.41412
1668,0.166294
1669,0.858559
1670,0.434569
1671,0.51991
1672,0.245613
1673,0.189759
1674,0.262632
1675,0.894313
1676,0.875815
1677,0.261846
1678,0.484809
1679,2.04194
1680,0.948589
1681,1.09688
1682,0.193206
1683,0.702929
1684,1.32976
1685,0.608536
1686,0.528401
1687,1.6603
1688,0.141706
1689,0.449374
1690,0.749312
1691,0.386123
1692,1.05868
1693,1.01694
1694,0.152743
1695,1.14511
1696,0.724916
1697,1.57208
1698,0.768511
1699,1.93363
1700,0.94168
1701,1.95326
1702,1.39668
1703,0.48544
1704,2.77597
1705,0.406245
1706,0.287941
1707,0.848403
1708,0.781453
1709,0.35665
1710,4.5768
1711,0.836273
1712,2.54645
1713,0.0832423
1714,1.47994
1715,0.499324
1716,0.895834
1717,0.661596
1718,1.01644
1719,0.507987
1720,0.299093
1721,1.3222
1722,0.371577
1723,3.17085
1724,0.341981
1725,1.18069
1726,0.625002
1727,0.820288
1728,0.882232
1729,1.73603
1730,0.441446
1731,1.22642
1732,0.227183
1733,0.552501
1734,0.882585
1735,0.877481
1736,0.164639
1737,1.15488
1738,0.298496
1739,0.765979
1740,2.02385
1741,0.443304
1742,0.607927
1743,1.40046
1744,0.528982
1745,0.360595
1746,0.488361
1747,0.698794
1748,0.621947
1749,0.736166
1750,1.06557
1751,0.794851
1752,1.74438
1753,1.67381
1754,1.76774
1755,2.80667
1756,0.945435
1757,1.31114
1758,0.345073
1759,1.17704
1760,0.452259
1761,1.22201
1762,1.54697
1763,0.602601
1764,1.81612
1765,0.453255
1766,0.486947
1767,1.5408
1768,0.280271
1769,0.0629132
1770,1.24185
1771,2.32402
1772,0.424773
1773,1.05471
1774,2.4422
1775,1.16521
1776,0.131204
1777,4.87441
1778,2.3455
1779,0.745873
1780,0.824812
1781,0.428057
1782,0.420126
1783,1.14866
1784,0.449015
1785,1.53849
1786,3.43151
1787,0.775925
1788,0.638394
1789,0.201695
1790,0.907837
1791,1.96482
1792,2.59529
1793,1.76915
1794,0.912014
1795,0.86875
1796,0.635845
1797,0.17308
1798,0.537783
1799,2.89504
1800,1.04971
1801,0.693364
1802,0.477209
1803,0.558947
1804,1.00553
1805,0.611402
1806,0.154741
1807,0.360235
1808,0.784115
1809,1.21884
1810,0.895028
1811,0.592858
1812,0.558389
1813,0.524138
1814,0.674489
1815,0.761473
1816,1.35351
1817,0.27999
1818,1.37149
1819,0.497878
1820,2.52742
1821,0.843496
1822,1.2857
1823,0.210557
1824,1.02533
1825,1.54604
1826,0.490073
1827,0.405636
1828,0.645842
1829,1.18128
1830,0.809369
1831,0.744234
1832,0.565299
1833,0.726367
1834,1.20129
1835,1.91171
1836,0.594223
1837,1.8163
1838,0.445793
1839,0.855132
1840,1.60432
1841,1.596
1842,1.32154
1843,0.541074
1844,0.306972
1845,0.520222
1846,1.12682
1847,1.26541
1848,0.0747206
1849,1.88495
1850,1.2236
1851,0.339256
1852,0.426902
1853,0.929954
1854,0.337902
1855,0.81685
1856,0.48758
1857,6.30914
1858,0.668045
1859,0.837445
1860,1.36903
1861,0.507733
1862,0.051406
1863,0.584382
1864,0.448745
1865,0.560459
1866,0.607866
1867,0.792312
1868,0.751263
1869,1.49661
1870,0.372246
1871,3.84587
1872,0.643843
1873,0.855987
1874,0.714194
1875,0.15259
1876,0.372693
1877,0.406488
1878,0.364948
1879,0.133454
1880,0.431667
1881,0.530466
1882,2.00091
1883,0.342323
1884,1.64083
1885,0.880029
1886,0.950754
1887,0.289674
1888,0.467152
1889,1.59824
1890,0.509106
1891,0.503385
1892,0.71398
1893,0.478643
1894,0.862862
1895,0.87529
1896,0.840885
1897,0.503989
1898,0.44149
1899,2.55206
1900,1.72927
1901,0.296413
1902,3.55019
1903,2.15093
1904,0.823164
1905,0.454299
1906,0.407221
1907,1.27762
1908,0.802198
1909,4.24185
1910,1.24073
1911,1.04546
1912,1.84947
1913,1.28415
1914,0.936299
1915,0.646101
1916,0.98819
1917,0.38045
1918,1.84541
1919,0.467246
1920,0.565412
1921,1.08531
1922,1.82339
1923,0.406041
1924,0.490907
1925,0.27009
1926,0.246597
1927,0.166294
1928,0.588075
1929,0.616498
1930,2.57178
1931,0.648755
1932,0.608353
1933,2.5927
1934,0.884175
1935,0.783174
1936,2.77042
1937,0.399517
1938,8.08492
1939,0.132523
1940,0.313173
1941,0.391488
1942,0.366777
1943,5.76036
1944,2.03054
1945,0.484858
1946,1.2457
1947,0.40718
1948,0.258981
1949,1.31561
1950,0.661398
1951,1.64444
1952,0.49401
1953,0.525765
1954,0.49599
1955,0.33088
1956,1.60593
1957,0.486752
1958,0.144136
1959,1.79248
1960,1.85558
1961,0.493121
1962,10.0342
1963,1.15882
1964,0.893419
1965,0.783879
1966,7.34485
1967,0.717129
1968,0.237402
1969,1.79105
1970,4.23338
1971,2.00551
1972,0.429944
1973,0.0911727
1974,0.21524
1975,0.136422
1976,0.436224
1977,0.756616
1978,0.197503
1979,3.88064
1980,0.38736
1981,0.562424
1982,0.882232
1983,0.204948
1984,2.29515
1985,0.280271
1986,0.35134
1987,1.47094
1988,0.466685
1989,1.77411
1990,0.0642483
1991,0.16847
1992,0.391253
1993,0.247585
1994,0.409098
1995,0.76805
1996,0.805333
1997,0.112929
1998,1.23318
1999,0.510176
2000,0.82078
2001,0.316954
2002,0.852996
2003,0.586197
2004,0.417613
2005,0.326933
2006,2.30182
2007,0.210557
2008,0.355938
2009,1.58963
2010,1.13179
2011,1.05574
2012,0.222684
2013,1.90828
2014,0.482536
2015,0.59762
2016,0.54346
2017,0.840381
2018,0.372395
2019,0.828946
2020,0.755557
2021,0.856843
2022,0.3862
2023,0.475019
2024,0.832602
2025,0.741634
2026,1.27379
2027,1.0874
2028,0.144136
2029,0.761321
2030,0.113155
2031,0.599296
2032,0.799155
2033,0.359874
2034,1.27011
2035,0.201292
2036,1.30148
2037,0.170163
2038,0.530148
2039,0.271987
2040,0.41004
2041,0.744904
2042,1.68186
2043,0.62313
2044,0.545529
2045,1.04254
2046,7.38167
2047,0.282239
2048,1.20093
2049,2.04112
2050,11.6931
2051,1.02305
2052,0.747067
2053,1.98238
2054,0.160735
2055,0.678073
2056,0.295821
2057,0.439025
2058,2.9388
2059,0.506921
2060,1.77802
2061,0.544602
2062,0.546949
2063,4.97288
2064,0.480417
2065,1.11907
2066,0.643007
2067,1.38611
2068,0.601337
2069,2.31035
2070,0.340957
2071,0.58996
2072,0.513195
2073,0.102284
2074,0.142132
2075,1.41935
2076,0.678345
2077,0.161702
2078,0.468696
2079,0.644939
2080,1.08012
2081,0.449644
2082,2.04951
2083,1.58836
2084,0.230616
2085,0.865282
2086,4.52221
2087,0.204743
2088,2.55947
2089,1.40832
2090,3.32344
2091,0.394435
2092,0.807995
2093,3.39736
2094,0.360595
2095,0.409385
2096,8.39805
2097,0.353808
2098,0.216319
2099,0.225147
2100,0.616252
2101,1.29072
2102,1.06947
2103,0.14646
2104,0.908083
2105,0.861138
2106,3.61828
2107,0.619155
2108,0.988052
2109,0.512733
2110,1.92072
2111,0.117655
2112,0.375874
2113,4.01084
2114,1.50757
2115,0.201493
2116,0.448925
2117,0.568986
2118,0.109481
2119,0.896372
2120,0.108067
2121,0.536923
2122,1.15731
2123,3.33676
2124,0.266069
2125,0.251579
2126,0.499025
2127,1.9721
2128,0.281394
2129,0.644487
2130,0.339596
2131,0.306052
2132,0.0925506
2133,7.65991
2134,0.866494
2135,0.688665
2136,1.11974
2137,2.39169
2138,0.562649
2139,3.00417
2140,0.594342
2141,0.539723
2142,1.28441
2143,1.05637
2144,0.922932
2145,0.103934
2146,0.228093
2147,0.937574
2148,7.07806
2149,1.68287
2150,0.415489
2151,0.365313
2152,1.76615
2153,4.2207
2154,1.3741
2155,2.68076
2156,0.57932
2157,1.68152
2158,4.34055
2159,0.0747953
2160,0.118956
2161,0.492038
2162,1.47138
2163,3.40757
2164,1.51619
2165,0.0998586
2166,0.205153
2167,0.973741
2168,1.10262
2169,1.89819
2170,0.489975
2171,0.574302
2172,0.223801
2173,1.26782
2174,0.681881
2175,0.350638
2176,0.255125
2177,1.32101
2178,0.440432
2179,0.504443
2180,0.399876
2181,0.493121
2182,0.391058
2183,0.249075
2184,1.27354
2185,2.40224
2186,0.214381
2187,1.50999
2188,1.79751
2189,1.18863
2190,0.357722
2191,1.76103
2192,0.398758
2193,1.44658
2194,0.853679
2195,1.84117
2196,1.58502
2197,1.03032
2198,0.164969
2199,0.511913
2200,0.159614
2201,0.263421
2202,0.193592
2203,2.14642
2204,0.502379
2205,0.177995
2206,0.103623
2207,1.01534
2208,2.31683
2209,0.245122
2210,0.319499
2211,0.0927359
2212,3.18356
2213,0.706311
2214,0.631852
2215,0.354517
2216,1.38736
2217,0.601758
2218,1.5968
2219,0.72753
2220,0.711913
2221,0.345764
2222,0.389107
2223,0.865715
2224,0.309128
2225,0.0438491
2226,0.517472
2227,0.696074
2228,1.60192
2229,1.74055
2230,0.539021
2231,0.522934
2232,1.93789
2233,0.364948
2234,0.552004
2235,0.607016
2236,0.276374
2237,0.262632
2238,1.69401
2239,0.244388
2240,0.677599
2241,0.235275
2242,0.467433
2243,1.15235
2244,0.716914
2245,0.321744
2246,0.634385
2247,0.353808
2248,1.04208
2249,4.45934
2250,0.746619
2251,0.678005
2252,2.053
2253,0.169823
2254,0.409917
2255,0.440828
2256,0.278873
2257,0.353101
2258,0.531421
2259,0.504393
2260,0.27009
2261,0.324004
2262,0.254616
2263,0.992998
2264,0.427971
2265,0.796124
2266,0.533125
2267,0.544439
2268,0.824729
2269,0.185444
2270,0.306665
2271,0.533551
2272,0.538752
2273,0.376213
2274,1.77713
2275,0.960136
2276,0.605622
2277,1.19602
2278,0.194952
2279,0.399077
2280,1.11974
2281,0.661464
2282,1.02464
2283,0.499324
2284,2.18453
2285,0.26054
2286,0.817667
2287,0.343352
2288,0.454117
2289,1.22373
2290,2.3936
2291,0.807833
2292,2.65541
2293,0.115095
2294,0.386625
2295,0.29671
2296,0.389419
2297,0.629267
2298,0.138761
2299,0.849251
2300,0.490515
2301,0.387051
2302,0.243412
2303,0.203722
2304,3.18674
2305,1.39864
2306,0.396531
2307,0.274996
2308,0.23457
2309,3.95112
2310,0.87494
2311,1.23516
2312,0.0442898
2313,1.1565
2314,0.408771
2315,0.228779
2316,0.220689
2317,0.769973
2318,0.696422
2319,0.916008
2320,1.50561
2321,2.5191
2322,1.15812
2323,0.772132
2324,0.131073
2325,0.8063
2326,0.841895
2327,0.570752
2328,0.427116
2329,1.13837
2330,0.33588
2331,0.622632
2332,0.594699
2333,0.285932
2334,0.246844
2335,2.18978
2336,0.401158
2337,0.688872
2338,1.26175
2339,1.5968
2340,0.579146
2341,0.894402
2342,1.30604
2343,0.114406
2344,0.506921
2345,0.717057
2346,0.712126
2347,1.0348
2348,3.21234
2349,1.00018
2350,0.798995
2351,1.61091
2352,0.439464
2353,0.602179
2354,0.661464
2355,1.40354
2356,1.79697
2357,0.748039
2358,1.14065
2359,4.66926
2360,0.270631
2361,1.07576
2362,0.334874
2363,0.513965
2364,0.481427
2365,0.688734
2366,0.677802
2367,0.48885
2368,0.194174
2369,0.287941
2370,1.80219
2371,0.884794
2372,11.1006
2373,0.508495
2374,0.5777
2375,0.577238
2376,0.435962
2377,0.796443
2378,0.569669
2379,0.880558
2380,0.992142
2381,0.25924
2382,1.37451
2383,3.98286
2384,0.175872
2385,0.222239
2386,0.766669
2387,2.77042
2388,0.135471
2389,1.35717
2390,0.27036
2391,1.69401
2392,0.250324
2393,0.626567
2394,12.6164
2395,0.836608
2396,0.445348
2397,0.339935
2398,0.306358
2399,1.37341
2400,1.2452
2401,0.420799
2402,0.0519746
2403,0.451626
2404,1.7083
2405,0.166793
2406,0.998464
2407,1.88759
2408,0.216103
2409,0.380945
2410,0.469588
2411,0.404178
2412,0.297304
2413,0.804206
2414,0.652659
2415,1.37575
2416,1.41128
2417,1.28274
2418,0.470669
2419,0.756162
2420,0.0674749
2421,1.8329
2422,0.534245
2423,0.480177
2424,0.969282
2425,1.66863
2426,0.541886
2427,0.749837
2428,0.226502
2429,0.424731
2430,1.35554
2431,3.65465
2432,1.95033
2433,0.25924
2434,0.834102
2435,0.637819
2436,0.393687
2437,0.781766
2438,0.970426
2439,0.867708
2440,0.414741
2441,1.46785
2442,0.0432828
2443,1.59792
2444,0.567054
2445,0.137518
2446,0.915935
2447,0.547168
2448,1.47698
2449,0.783096
2450,4.08369
2451,0.381479
2452,0.774839
2453,0.399636
2454,4.48169
2455,3.93535
2456,0.606895
2457,1.3375
2458,0.936833
2459,3.81141
2460,0.255892
2461,0.323033
2462,1.49616
2463,0.424306
2464,1.7505
2465,0.226276
2466,0.822835
2467,1.26934
2468,0.256404
2469,0.305746
2470,1.9288
2471,0.406326
2472,1.34622
2473,1.82121
2474,0.643135
2475,2.09719
2476,0.347844
2477,1.91038
2478,0.441358
2479,0.661861
2480,0.612504
2481,0.973848
2482,0.090718
2483,0.192434
2484,1.33083
2485,0.423458
2486,0.968168
2487,0.220248
2488,0.280551
2489,0.10614
2490,0.490907
2491,0.523405
2492,1.60818
2493,0.462458
2494,0.372134
2495,0.442816
2496,0.292293
2497,0.594877
2498,0.75942
2499,1.4239
2500,1.73343
2501,0.95007
2502,2.26008
2503,0.228779
2504,0.594699
2505,0.473407
2506,0.536279
2507,0.529512
2508,0.238354
2509,0.45389
2510,0.098865
2511,3.47641
2512,0.242683
2513,2.41452
2514,0.717846
2515,1.06053
2516,0.417279
2517,0.301797
2518,0.550295
2519,1.0173
2520,1.18851
2521,0.565017
2522,4.29306
2523,0.580364
2524,1.74421
2525,0.460473
2526,0.121117
2527,0.369723
2528,2.32705
2529,0.588546
2530,1.39626
2531,0.313486
2532,0.116019
2533,0.285361
2534,0.393411
2535,0.256918
2536,0.516541
2537,0.486314
2538,0.273077
2539,0.22313
2540,1.24172
2541,0.237402
2542,0.196715
2543,0.271444
2544,0.0810248
2545,0.27036
2546,0.495197
2547,2.30574
2548,0.398838
2549,0.671528
2550,1.12614
2551,0.85479
2552,0.29464
2553,0.769665
2554,0.821601
2555,5.39785
2556,0.808156
2557,0.162675
2558,0.579958
2559,0.620518
2560,1.24583
2561,0.284791
2562,1.70267
2563,0.441976
2564,0.552888
2565,1.96875
2566,0.41824
2567,0.896193
2568,1.51074
2569,0.682017
2570,2.52793
2571,0.772827
2572,2.81229
2573,0.347497
2574,1.39347
2575,0.505352
2576,1.97112
2577,0.310988
2578,0.105928
2579,0.800595
2580,0.120152
2581,0.662987
2582,0.288517
2583,0.249824
2584,0.420631
2585,0.567111
2586,0.792154
2587,0.878183
2588,0.219588
2589,1.66762
2590,0.492481
2591,0.202909
2592,0.114063
2593,0.914946
2594,0.591733
2595,0.8451
2596,0.479218
2597,0.143848
2598,0.406245
2599,0.659219
2600,0.267938
2601,0.543134
2602,1.3442
2603,0.255636
2604,0.474734
2605,0.11742
2606,1.11672
2607,0.329889
2608,1.08205
2609,0.719068
2610,0.627507
2611,1.76756
2612,2.59581
2613,1.05676
2614,0.269012
2615,3.01319
2616,0.911749
2617,0.642878
2618,0.361317
2619,0.426561
2620,2.58545
2621,0.279711
2622,0.982279
2623,0.291709
2624,0.275822
2625,0.418114
2626,1.0053
2627,1.35771
2628,0.37791
2629,0.409508
2630,1.20961
2631,1.82194
2632,0.509055
2633,2.27391
2634,0.249824
2635,0.216969
2636,1.02172
2637,0.488605
2638,0.388874
2639,0.575337
2640,0.390823
2641,0.256148
2642,0.607259
2643,0.331211
2644,1.12772
2645,3.04652
2646,1.17645
2647,0.422148
2648,0.240508
2649,1.20575
2650,1.04399
2651,0.56984
2652,0.292293
2653,0.197109
2654,0.550791
2655,0.293464
2656,0.225373
2657,0.271715
2658,2.89504
2659,0.672065
2660,0.592266
2661,0.547387
2662,0.0392423
2663,0.238592
2664,0.870924
2665,0.655996
2666,0.339596
2667,0.606409
2668,2.49752
2669,5.83573
2670,0.920986
2671,0.246597
2672,4.23338
2673,4.2207
2674,1.37259
2675,1.88212
2676,2.21533
2677,0.608292
2678,0.217621
2679,0.364948
2680,0.11498
2681,1.98973
2682,0.42257
2683,0.503486
2684,0.340275
2685,1.09579
2686,1.02518
2687,0.201091
2688,0.178173
2689,1.16637
2690,0.878183
2691,0.496139
2692,0.437972
2693,0.394751
2694,0.906241
2695,0.548318
2696,0.25183
2697,2.98619
2698,1.72841
2699,0.287941
2700,0.627005
2701,0.474355
2702,0.231309
2703,0.483357
2704,1.1386
2705,2.32402
2706,0.168807
2707,0.294052
2708,0.897717
2709,1.43347
2710,0.244143
2711,0.407547
2712,0.63059
2713,0.255636
2714,0.429257
2715,1.76632
2716,0.820534
2717,1.13826
2718,0.0863799
2719,0.279152
2720,0.48061
2721,1.25696
2722,0.333537
2723,0.385197
2724,1.19435
2725,1.12255
2726,0.181772
2727,0.491448
2728,0.11498
2729,0.436049
2730,0.139457
2731,0.0396763
2732,0.7774
2733,0.252334
2734,0.288806
2735,0.458681
2736,0.935223
2737,0.648755
2738,1.3985
2739,0.511197
2740,1.00498
2741,2.16907
2742,0.574934
2743,0.893061
2744,0.918714
2745,0.460013
2746,0.756086
2747,0.484761
2748,4.23761
2749,1.14305
2750,0.394751
2751,0.85274
2752,1.38223
2753,1.43018
2754,0.961799
2755,0.266069
2756,0.391841
2757,1.22311
2758,0.862172
2759,0.705816
2760,0.626254
2761,0.907983
2762,0.420168
2763,0.361317
2764,0.877569
2765,1.34501
2766,1.1587
2767,1.04048
2768,1.32777
2769,1.568
2770,0.850271
2771,0.362765
2772,0.47034
2773,0.370204
2774,0.392193
2775,0.461857
2776,2.51055
2777,0.895297
2778,0.298794
2779,0.208879
2780,1.15928
2781,0.286505
2782,1.08564
2783,0.309747
2784,2.04705
2785,0.533285
2786,0.211401
2787,0.34889
2788,0.735283
2789,0.669449
2790,0.475875
2791,0.142987
2792,0.610669
2793,0.835772
2794,1.50095
2795,0.456028
2796,1.44759
2797,1.10794
2798,1.17751
2799,0.64856
2800,2.09552
2801,0.171701
2802,0.331874
2803,1.00732
2804,0.393293
2805,1.12322
2806,1.71429
2807,0.278594
2808,0.718636
2809,0.241231
2810,1.17199
2811,0.915706
2812,0.819878
2813,1.44904
2814,0.520066
2815,0.828863
2816,0.811801
2817,0.381937
2818,0.757297
2819,0.443659
2820,1.60769
2821,0.744011
2822,3.04652
2823,3.3602
2824,1.27099
2825,0.0910816
2826,0.368469
2827,2.70256
2828,2.71421
2829,1.17657
2830,1.24073
2831,1.00453
2832,2.02324
2833,2.03338
2834,1.04565
2835,0.623005
2836,2.47787
2837,0.761093
2838,4.75882
2839,1.73204
2840,1.35893
2841,0.51913
2842,2.3009
2843,0.823082
2844,0.57932
2845,0.167462
2846,1.47639
2847,0.221352
2848,1.90313
2849,0.408526
2850,0.552943
2851,6.62599
2852,0.864676
2853,1.1953
2854,0.352748
2855,1.91765
2856,4.00683
2857,3.19632
2858,0.2334
2859,0.220689
2860,0.202503
2861,0.834435
2862,0.555715
2863,1.21106
2864,0.15614
2865,0.659548
2866,0.574474
2867,0.348192
2868,1.41878
2869,0.780516
2870,0.620767
2871,5.85327
2872,0.139178
2873,0.662457
2874,0.752767
2875,0.338917
2876,0.222017
2877,0.318861
2878,0.23764
2879,0.579031
2880,1.94274
2881,0.834769
2882,0.777867
2883,1.70728
2884,1.74752
2885,0.627068
2886,0.516335
2887,0.285932
2888,0.545256
2889,0.476685
2890,0.673411
2891,1.85893
2892,0.27036
2893,10.8482
2894,0.571781
2895,0.485343
2896,3.49384
2897,0.724843
2898,0.368027
2899,0.50248
2900,0.870054
2901,9.49723
2902,1.03967
2903,1.99511
2904,1.69215
2905,0.329889
2906,0.247833
2907,0.414368
2908,0.883733
2909,1.10716
2910,1.13202
2911,0.358438
2912,7.80684
2913,2.64349
2914,0.430374
2915,0.833518
2916,0.580306
2917,1.16813
2918,0.915743
2919,0.48929
2920,1.10982
2921,2.90374
2922,1.34205
2923,0.631284
2924,0.68839
2925,2.82356
2926,0.74245
2927,0.543134
2928,1.7253
2929,0.740522
2930,0.216103
2931,0.444058
2932,0.124805
2933,0.561581
2934,0.151526
2935,0.411067
2936,0.349938
2937,1.38777
2938,0.997772
2939,0.64895
2940,3.6693
2941,0.64908
2942,0.746246
2943,1.27176
2944,0.304526
2945,0.706099
2946,0.177639
2947,1.5968
2948,0.842063
2949,2.58881
2950,1.46712
2951,0.235275
2952,0.141423
2953,0.191858
2954,3.06792
2955,1.01561
2956,2.21112
2957,0.326933
2958,0.598218
2959,2.24903
2960,1.28982
2961,0.253093
2962,1.17035
2963,1.07292
2964,1.18685
2965,0.360595
2966,3.03739
2967,0.560515
2968,5.17583
2969,1.4319
2970,1.11695
2971,0.401519
2972,0.803965
2973,0.337227
2974,0.610425
2975,0.556549
2976,2.03216
2977,1.75857
2978,0.109701
2979,1.22116
2980,0.430503
2981,0.421136
2982,0.589489
2983,0.599715
2984,0.0704396
2985,0.14646
2986,0.180866
2987,1.48216
2988,1.32181
2989,0.398081
2990,0.342666
2991,0.174122
2992,0.446864
2993,3.06485
2994,0.166793
2995,3.59664
2996,0.630653
2997,3.97093
2998,1.41737
2999,3.00116
3000,0.608049
