MDTU,link
1,1.09359
2,1.11217
3,1.09989
4,1.10281
5,1.10074
6,1.08907
7,1.10087
8,1.09156
9,1.09932
10,1.08846
11,1.10119
12,1.10119
13,1.10119
14,1.08855
15,1.09155
16,1.09613
17,1.08878
18,1.09276
19,1.09412
20,1.08721
21,1.09269
22,1.09414
23,1.09056
24,1.0978
25,1.09109
26,1.08968
27,1.09129
28,1.09221
29,1.09135
30,1.09567
31,1.09567
32,1.09567
33,1.09567
34,1.08804
35,1.09363
36,1.09435
37,1.09467
38,1.09511
39,1.09579
40,1.08838
41,1.0972
42,1.09315
43,1.08795
44,1.09511
45,1.093
46,1.0906
47,1.09606
48,1.09392
49,1.09085
50,1.09156
51,1.09642
52,1.09084
53,1.09221
54,1.09684
55,1.09625
56,1.09218
57,1.10153
58,1.0926
59,1.10116
60,1.09885
61,1.0999
62,1.09657
63,1.09521
64,1.10171
65,1.09456
66,1.09401
67,1.09606
68,1.09955
69,1.10558
70,1.09937
71,1.102
72,1.09979
73,1.10899
74,1.10899
75,1.09754
76,1.10496
77,1.09877
78,1.09699
79,1.09939
80,1.10302
81,1.09639
82,1.10392
83,1.09878
84,1.10527
85,1.10167
86,1.10472
87,1.09807
88,1.10483
89,1.09991
90,1.10537
91,1.10537
92,1.10593
93,1.10593
94,1.10126
95,1.1098
96,1.10097
97,1.10455
98,1.10278
99,1.10329
100,1.09896
101,1.10624
102,1.09752
103,1.09791
104,1.09546
105,1.09653
106,1.09446
107,1.09826
108,1.0961
109,1.09944
110,1.09835
111,1.09845
112,1.09394
113,1.0949
114,1.09788
115,1.09912
116,1.09816
117,1.10438
118,1.10139
119,1.10139
120,1.09809
121,1.10322
122,1.09969
123,1.10161
124,1.10378
125,1.10286
126,1.10357
127,1.1041
128,1.10585
129,1.10361
130,1.10482
131,1.10501
132,1.10417
133,1.11225
134,1.10523
135,1.10829
136,1.10653
137,1.10466
138,1.10467
139,1.10162
140,1.10088
141,1.11025
142,1.10177
143,1.10517
144,1.1078
145,1.10243
146,1.10788
147,1.10886
148,1.10886
149,1.10752
150,1.10099
151,1.10103
152,1.10117
153,1.10674
154,1.10194
155,1.10484
156,1.10582
157,1.10582
158,1.1012
159,1.109
160,1.10297
161,1.10412
162,1.10412
163,1.09867
164,1.10088
165,1.10085
166,1.10192
167,1.10136
168,1.09977
169,1.10028
170,1.10405
171,1.10489
172,1.10358
173,1.1025
174,1.10608
175,1.10067
176,1.10332
177,1.0966
178,1.09761
179,1.10012
180,1.10367
181,1.10327
182,1.09849
183,1.0999
184,1.10108
185,1.10108
186,1.10333
187,1.09614
188,1.097
189,1.0943
190,1.09673
191,1.09673
192,1.10092
193,1.09274
194,1.10283
195,1.0966
196,1.09587
197,1.09617
198,1.09257
199,1.09714
200,1.09989
201,1.09989
202,1.10037
203,1.0942
204,1.09457
205,1.09578
206,1.09382
207,1.09928
208,1.09194
209,1.09434
210,1.09048
211,1.10272
212,1.09743
213,1.09777
214,1.10037
215,1.09686
216,1.09903
217,1.09307
218,1.09819
219,1.09025
220,1.09884
221,1.10159
222,1.10108
223,1.0994
224,1.10681
225,1.09913
226,1.10341
227,1.09604
228,1.10316
229,1.09969
230,1.09731
231,1.09671
232,1.10053
233,1.09739
234,1.10146
235,1.09992
236,1.10031
237,1.09578
238,1.10248
239,1.10115
240,1.10111
241,1.10111
242,1.09764
243,1.10723
244,1.10723
245,1.09345
246,1.10093
247,1.10592
248,1.10125
249,1.09934
250,1.09866
251,1.10223
252,1.09802
253,1.1041
254,1.10583
255,1.10583
256,1.1068
257,1.09796
258,1.10619
259,1.10193
260,1.09691
261,1.10359
262,1.09212
263,1.09963
264,1.09465
265,1.09869
266,1.09751
267,1.09955
268,1.09875
269,1.10086
270,1.09958
271,1.10333
272,1.10218
273,1.10268
274,1.101
275,1.0977
276,1.09819
277,1.10479
278,1.1021
279,1.10386
280,1.09743
281,1.10035
282,1.1006
283,1.10474
284,1.09837
285,1.10069
286,1.10017
287,1.10444
288,1.11072
289,1.10625
290,1.10709
291,1.10615
292,1.10718
293,1.1064
294,1.10154
295,1.10637
296,1.10488
297,1.10857
298,1.10466
299,1.11345
300,1.1013
301,1.11428
302,1.11428
303,1.10644
304,1.11626
305,1.11111
306,1.11146
307,1.1097
308,1.10652
309,1.11457
310,1.10111
311,1.11049
312,1.10462
313,1.10745
314,1.11247
315,1.10416
316,1.11122
317,1.11122
318,1.10789
319,1.10789
320,1.10711
321,1.11279
322,1.10965
323,1.10152
324,1.10827
325,1.09733
326,1.10975
327,1.10217
328,1.11338
329,1.10674
330,1.10452
331,1.11268
332,1.10346
333,1.10997
334,1.10717
335,1.11281
336,1.10893
337,1.1127
338,1.10334
339,1.11092
340,1.10398
341,1.10776
342,1.09677
343,1.10451
344,1.09872
345,1.10711
346,1.09973
347,1.10744
348,1.09375
349,1.10693
350,1.09459
351,1.10019
352,1.09608
353,1.10013
354,1.09851
355,1.0971
356,1.10129
357,1.09703
358,1.10073
359,1.09708
360,1.09749
361,1.09941
362,1.10275
363,1.10112
364,1.10023
365,1.10239
366,1.09919
367,1.10707
368,1.0996
369,1.09987
370,1.10354
371,1.0977
372,1.10359
373,1.09567
374,1.10206
375,1.09992
376,1.09992
377,1.10284
378,1.10132
379,1.10299
380,1.10598
381,1.10706
382,1.10706
383,1.10825
384,1.11172
385,1.11133
386,1.10954
387,1.10617
388,1.10767
389,1.10955
390,1.10241
391,1.10812
392,1.10368
393,1.10084
394,1.10607
395,1.10097
396,1.10315
397,1.10307
398,1.10046
399,1.09875
400,1.10344
401,1.10376
402,1.10243
403,1.10243
404,1.09888
405,1.10379
406,1.09478
407,1.09478
408,1.10328
409,1.09142
410,1.10183
411,1.09781
412,1.09781
413,1.09781
414,1.09667
415,1.09942
416,1.09888
417,1.10152
418,1.0965
419,1.09653
420,1.10345
421,1.09589
422,1.09589
423,1.09955
424,1.0965
425,1.09439
426,1.10183
427,1.09922
428,1.09998
429,1.09861
430,1.09903
431,1.10012
432,1.09822
433,1.09927
434,1.10156
435,1.10105
436,1.10105
437,1.1011
438,1.09566
439,1.09456
440,1.0962
441,1.09418
442,1.09824
443,1.09698
444,1.09374
445,1.09466
446,1.09234
447,1.09052
448,1.09261
449,1.09037
450,1.0884
451,1.08764
452,1.09541
453,1.08895
454,1.08791
455,1.08923
456,1.0892
457,1.08978
458,1.09354
459,1.08695
460,1.09247
461,1.08966
462,1.08966
463,1.08945
464,1.08823
465,1.08863
466,1.08812
467,1.0896
468,1.09375
469,1.08798
470,1.09072
471,1.0931
472,1.0931
473,1.09326
474,1.089
475,1.08974
476,1.0888
477,1.08948
478,1.09067
479,1.09015
480,1.09339
481,1.08869
482,1.09335
483,1.09249
484,1.09164
485,1.09164
486,1.0849
487,1.09284
488,1.09267
489,1.08808
490,1.09641
491,1.08947
492,1.09689
493,1.09689
494,1.09016
495,1.09835
496,1.09058
497,1.09356
498,1.09356
499,1.09876
500,1.09816
501,1.09648
502,1.0996
503,1.08931
504,1.08931
505,1.09665
506,1.09601
507,1.09601
508,1.0962
509,1.10169
510,1.10169
511,1.09608
512,1.10223
513,1.1009
514,1.10212
515,1.10083
516,1.10456
517,1.09913
518,1.09909
519,1.10336
520,1.10088
521,1.10036
522,1.10499
523,1.10499
524,1.10499
525,1.10236
526,1.10676
527,1.10409
528,1.11169
529,1.11143
530,1.1042
531,1.10656
532,1.10831
533,1.10471
534,1.10175
535,1.10175
536,1.10496
537,1.10247
538,1.10809
539,1.10809
540,1.10809
541,1.10719
542,1.10811
543,1.11168
544,1.1076
545,1.11048
546,1.11235
547,1.11235
548,1.11339
549,1.11339
550,1.11339
551,1.10614
552,1.10851
553,1.10463
554,1.10934
555,1.10973
556,1.10966
557,1.10747
558,1.11095
559,1.11095
560,1.10984
561,1.1066
562,1.11865
563,1.11865
564,1.10398
565,1.11415
566,1.10525
567,1.1089
568,1.1093
569,1.10423
570,1.10745
571,1.11176
572,1.10527
573,1.10676
574,1.10708
575,1.10708
576,1.09961
577,1.10163
578,1.09978
579,1.10521
580,1.10525
581,1.10376
582,1.1054
583,1.106
584,1.10333
585,1.1075
586,1.09868
587,1.10173
588,1.09873
589,1.09856
590,1.09675
591,1.09735
592,1.09836
593,1.09939
594,1.10572
595,1.09963
596,1.10729
597,1.10035
598,1.09924
599,1.10966
600,1.10702
601,1.10072
602,1.1005
603,1.10235
604,1.10235
605,1.10266
606,1.10432
607,1.10482
608,1.09543
609,1.09757
610,1.09583
611,1.09583
612,1.09865
613,1.09759
614,1.0986
615,1.10261
616,1.09229
617,1.09441
618,1.09508
619,1.09516
620,1.08891
621,1.09405
622,1.09007
623,1.09477
624,1.09729
625,1.09626
626,1.09153
627,1.09475
628,1.08861
629,1.0961
630,1.09263
631,1.09557
632,1.09301
633,1.09685
634,1.08919
635,1.0964
636,1.09611
637,1.09769
638,1.09187
639,1.09272
640,1.09272
641,1.09267
642,1.09244
643,1.09485
644,1.09515
645,1.09267
646,1.09143
647,1.08799
648,1.08783
649,1.08847
650,1.08856
651,1.09113
652,1.0913
653,1.08627
654,1.09216
655,1.09229
656,1.08939
657,1.08731
658,1.09411
659,1.09171
660,1.09396
661,1.09042
662,1.08602
663,1.09232
664,1.08713
665,1.09297
666,1.08814
667,1.0884
668,1.0884
669,1.09313
670,1.08587
671,1.09275
672,1.08917
673,1.08916
674,1.08769
675,1.09062
676,1.09009
677,1.08944
678,1.08944
679,1.08835
680,1.09037
681,1.08987
682,1.09372
683,1.09372
684,1.08688
685,1.09812
686,1.09394
687,1.09176
688,1.09176
689,1.09276
690,1.08903
691,1.08903
692,1.08842
693,1.08726
694,1.08816
695,1.09094
696,1.08528
697,1.088
698,1.08487
699,1.09138
700,1.08678
701,1.0868
702,1.08826
703,1.08782
704,1.09507
705,1.09036
706,1.09018
707,1.09063
708,1.0848
709,1.08905
710,1.08745
711,1.08684
712,1.08604
713,1.08708
714,1.08525
715,1.08471
716,1.09091
717,1.08991
718,1.08955
719,1.08775
720,1.08836
721,1.08781
722,1.08585
723,1.08836
724,1.08471
725,1.08936
726,1.0857
727,1.08734
728,1.09028
729,1.09167
730,1.08382
731,1.08611
732,1.08529
733,1.0849
734,1.08799
735,1.08474
736,1.09101
737,1.08933
738,1.09073
739,1.08226
740,1.08891
741,1.08756
742,1.09533
743,1.08652
744,1.09371
745,1.08746
746,1.08746
747,1.09276
748,1.08695
749,1.08695
750,1.09053
751,1.09156
752,1.08843
753,1.08866
754,1.09279
755,1.08678
756,1.08983
757,1.08947
758,1.08684
759,1.08494
760,1.08934
761,1.08745
762,1.09137
763,1.09024
764,1.09854
765,1.08991
766,1.09502
767,1.09319
768,1.09046
769,1.08894
770,1.0896
771,1.08693
772,1.08693
773,1.08461
774,1.09338
775,1.09109
776,1.09234
777,1.09234
778,1.08869
779,1.08776
780,1.08776
781,1.09219
782,1.09219
783,1.08553
784,1.08666
785,1.08985
786,1.08985
787,1.08524
788,1.08816
789,1.08396
790,1.09069
791,1.08474
792,1.09432
793,1.08958
794,1.09148
795,1.08828
796,1.09216
797,1.09333
798,1.09135
799,1.09419
800,1.08649
801,1.08555
802,1.08555
803,1.09299
804,1.09207
805,1.09376
806,1.08973
807,1.09621
808,1.09234
809,1.08749
810,1.09149
811,1.08948
812,1.09222
813,1.09222
814,1.09295
815,1.09023
816,1.09145
817,1.09414
818,1.09521
819,1.09504
820,1.09581
821,1.08899
822,1.09397
823,1.09065
824,1.09269
825,1.09912
826,1.09397
827,1.09285
828,1.09632
829,1.09098
830,1.09178
831,1.09178
832,1.09178
833,1.08981
834,1.09198
835,1.09129
836,1.09141
837,1.09196
838,1.09591
839,1.09419
840,1.09029
841,1.0919
842,1.0891
843,1.09546
844,1.09124
845,1.09353
846,1.09586
847,1.09824
848,1.0911
849,1.10148
850,1.09997
851,1.10119
852,1.10086
853,1.09822
854,1.10117
855,1.09417
856,1.09417
857,1.10019
858,1.09627
859,1.09875
860,1.09257
861,1.09257
862,1.09359
863,1.09791
864,1.09411
865,1.09844
866,1.09524
867,1.09709
868,1.1032
869,1.09
870,1.09887
871,1.09887
872,1.09583
873,1.09359
874,1.09601
875,1.09734
876,1.09245
877,1.0944
878,1.09461
879,1.09165
880,1.09358
881,1.09343
882,1.09302
883,1.09318
884,1.09325
885,1.09325
886,1.09613
887,1.09613
888,1.09294
889,1.09513
890,1.09481
891,1.09481
892,1.09796
893,1.09672
894,1.09254
895,1.09914
896,1.09914
897,1.09797
898,1.10068
899,1.09419
900,1.09886
901,1.09632
902,1.09558
903,1.09782
904,1.09661
905,1.09742
906,1.09686
907,1.09637
908,1.09637
909,1.09637
910,1.09882
911,1.09562
912,1.09819
913,1.09626
914,1.10104
915,1.10104
916,1.10104
917,1.09445
918,1.09778
919,1.09861
920,1.09861
921,1.09837
922,1.09275
923,1.09592
924,1.09168
925,1.09428
926,1.09179
927,1.09015
928,1.09364
929,1.0899
930,1.09733
931,1.09223
932,1.09683
933,1.09501
934,1.09395
935,1.09516
936,1.0925
937,1.09381
938,1.09381
939,1.08885
940,1.09496
941,1.08991
942,1.1006
943,1.1005
944,1.10244
945,1.10448
946,1.10655
947,1.10671
948,1.1102
949,1.11055
950,1.10735
951,1.1007
952,1.10727
953,1.10237
954,1.10609
955,1.10134
956,1.10152
957,1.10543
958,1.1051
959,1.10234
960,1.10234
961,1.10927
962,1.10179
963,1.11146
964,1.106
965,1.11048
966,1.10659
967,1.11179
968,1.10868
969,1.1096
970,1.11692
971,1.11692
972,1.10979
973,1.11155
974,1.11059
975,1.11223
976,1.11572
977,1.12046
978,1.11397
979,1.12228
980,1.11663
981,1.1237
982,1.11725
983,1.11739
984,1.11088
985,1.11913
986,1.11726
987,1.12015
988,1.1149
989,1.12837
990,1.12242
991,1.12438
992,1.12797
993,1.12742
994,1.12742
995,1.12233
996,1.12233
997,1.13159
998,1.12764
999,1.12747
1000,1.12747
1001,1.12324
1002,1.13259
1003,1.12355
1004,1.13623
1005,1.12647
1006,1.13098
1007,1.13164
1008,1.13134
1009,1.135
1010,1.1261
1011,1.13792
1012,1.13113
1013,1.13507
1014,1.13507
1015,1.12666
1016,1.13251
1017,1.13549
1018,1.13183
1019,1.1331
1020,1.12918
1021,1.13562
1022,1.13272
1023,1.13632
1024,1.14081
1025,1.13971
1026,1.14061
1027,1.14417
1028,1.14417
1029,1.14593
1030,1.13994
1031,1.14734
1032,1.1433
1033,1.13928
1034,1.14029
1035,1.13825
1036,1.13902
1037,1.13401
1038,1.13949
1039,1.13639
1040,1.13492
1041,1.13693
1042,1.14565
1043,1.14989
1044,1.14658
1045,1.14818
1046,1.15044
1047,1.14691
1048,1.14858
1049,1.14932
1050,1.15274
1051,1.15555
1052,1.158
1053,1.15742
1054,1.15786
1055,1.15659
1056,1.16119
1057,1.16119
1058,1.16079
1059,1.1682
1060,1.16546
1061,1.16984
1062,1.16552
1063,1.16947
1064,1.16483
1065,1.17348
1066,1.16628
1067,1.16767
1068,1.16179
1069,1.16444
1070,1.16076
1071,1.16274
1072,1.1701
1073,1.16526
1074,1.16652
1075,1.15996
1076,1.17566
1077,1.17566
1078,1.16087
1079,1.17304
1080,1.16859
1081,1.16896
1082,1.17321
1083,1.16938
1084,1.17113
1085,1.17113
1086,1.17351
1087,1.16805
1088,1.16856
1089,1.16951
1090,1.16272
1091,1.1561
1092,1.15344
1093,1.15675
1094,1.15126
1095,1.15653
1096,1.15288
1097,1.15557
1098,1.15833
1099,1.15853
1100,1.16643
1101,1.16169
1102,1.15433
1103,1.15433
1104,1.16153
1105,1.15514
1106,1.16167
1107,1.15729
1108,1.16755
1109,1.16299
1110,1.17331
1111,1.16771
1112,1.17603
1113,1.18208
1114,1.18193
1115,1.17593
1116,1.18763
1117,1.17938
1118,1.18632
1119,1.17938
1120,1.17949
1121,1.18285
1122,1.18396
1123,1.18322
1124,1.18455
1125,1.18199
1126,1.1868
1127,1.1868
1128,1.17848
1129,1.18709
1130,1.17893
1131,1.19132
1132,1.18887
1133,1.17813
1134,1.18579
1135,1.18078
1136,1.18982
1137,1.18599
1138,1.18033
1139,1.17453
1140,1.18426
1141,1.18426
1142,1.17114
1143,1.17053
1144,1.16838
1145,1.16661
1146,1.16661
1147,1.16531
1148,1.16366
1149,1.16366
1150,1.15271
1151,1.1619
1152,1.16322
1153,1.15995
1154,1.15363
1155,1.16375
1156,1.1597
1157,1.15819
1158,1.1664
1159,1.1664
1160,1.16111
1161,1.16264
1162,1.16898
1163,1.16794
1164,1.16908
1165,1.16581
1166,1.16419
1167,1.15993
1168,1.16109
1169,1.17455
1170,1.16729
1171,1.17505
1172,1.17425
1173,1.17662
1174,1.1765
1175,1.17883
1176,1.17883
1177,1.16865
1178,1.18077
1179,1.17116
1180,1.18818
1181,1.18818
1182,1.18039
1183,1.19028
1184,1.18504
1185,1.18479
1186,1.18696
1187,1.19212
1188,1.19154
1189,1.19239
1190,1.18642
1191,1.19259
1192,1.19224
1193,1.19224
1194,1.18993
1195,1.19156
1196,1.19863
1197,1.19311
1198,1.20003
1199,1.19908
1200,1.19788
1201,1.20812
1202,1.19565
1203,1.20237
1204,1.20237
1205,1.19333
1206,1.18742
1207,1.19686
1208,1.18802
1209,1.19008
1210,1.18858
1211,1.19923
1212,1.19159
1213,1.19534
1214,1.18651
1215,1.18646
1216,1.19183
1217,1.19589
1218,1.19427
1219,1.19269
1220,1.17896
1221,1.19115
1222,1.18849
1223,1.18611
1224,1.18541
1225,1.18959
1226,1.20178
1227,1.20424
1228,1.19885
1229,1.19807
1230,1.19719
1231,1.18803
1232,1.18475
1233,1.1828
1234,1.18398
1235,1.18211
1236,1.18463
1237,1.18682
1238,1.1763
1239,1.17798
1240,1.17798
1241,1.18444
1242,1.18516
1243,1.18426
1244,1.17781
1245,1.17939
1246,1.18553
1247,1.18654
1248,1.18704
1249,1.18154
1250,1.18001
1251,1.1821
1252,1.17921
1253,1.19179
1254,1.19249
1255,1.18796
1256,1.19217
1257,1.19907
1258,1.19907
1259,1.20026
1260,1.20317
1261,1.20317
1262,1.20317
1263,1.20954
1264,1.20455
1265,1.21956
1266,1.21108
1267,1.2301
1268,1.2301
1269,1.22312
1270,1.22495
1271,1.22635
1272,1.22975
1273,1.22752
1274,1.23184
1275,1.23329
1276,1.23605
1277,1.24165
1278,1.23064
1279,1.24258
1280,1.23048
1281,1.22818
1282,1.22918
1283,1.22692
1284,1.22787
1285,1.21867
1286,1.21191
1287,1.21777
1288,1.21777
1289,1.21382
1290,1.2226
1291,1.20455
1292,1.21306
1293,1.21271
1294,1.2089
1295,1.2089
1296,1.22742
1297,1.22463
1298,1.2215
1299,1.21704
1300,1.21376
1301,1.20668
1302,1.21047
1303,1.19906
1304,1.20728
1305,1.20253
1306,1.19556
1307,1.19495
1308,1.19768
1309,1.19768
1310,1.20262
1311,1.20178
1312,1.19118
1313,1.19715
1314,1.19459
1315,1.19817
1316,1.20052
1317,1.20052
1318,1.21074
1319,1.20885
1320,1.21673
1321,1.20414
1322,1.21259
1323,1.20357
1324,1.21583
1325,1.22458
1326,1.21602
1327,1.21695
1328,1.21421
1329,1.20938
1330,1.21629
1331,1.21371
1332,1.22153
1333,1.21688
1334,1.22531
1335,1.22531
1336,1.22531
1337,1.22288
1338,1.21985
1339,1.21985
1340,1.22371
1341,1.21449
1342,1.21923
1343,1.21665
1344,1.22169
1345,1.21796
1346,1.21896
1347,1.21934
1348,1.22707
1349,1.23012
1350,1.22425
1351,1.22676
1352,1.23217
1353,1.22927
1354,1.23086
1355,1.23083
1356,1.2218
1357,1.22908
1358,1.22641
1359,1.21988
1360,1.22889
1361,1.22309
1362,1.2286
1363,1.2286
1364,1.23232
1365,1.22622
1366,1.22189
1367,1.21635
1368,1.21561
1369,1.21597
1370,1.21597
1371,1.21597
1372,1.20853
1373,1.209
1374,1.219
1375,1.21739
1376,1.21738
1377,1.21586
1378,1.21249
1379,1.21452
1380,1.21048
1381,1.21772
1382,1.20937
1383,1.20801
1384,1.20345
1385,1.20364
1386,1.20594
1387,1.21668
1388,1.2149
1389,1.2204
1390,1.21785
1391,1.2124
1392,1.21783
1393,1.21177
1394,1.21698
1395,1.21533
1396,1.21714
1397,1.22531
1398,1.22488
1399,1.21175
1400,1.21397
1401,1.22303
1402,1.22303
1403,1.21865
1404,1.22457
1405,1.22457
1406,1.22452
1407,1.2348
1408,1.23296
1409,1.23755
1410,1.2405
1411,1.24577
1412,1.25604
1413,1.24274
1414,1.25096
1415,1.24386
1416,1.24258
1417,1.24863
1418,1.24579
1419,1.25142
1420,1.25497
1421,1.25497
1422,1.25811
1423,1.26533
1424,1.26429
1425,1.26429
1426,1.2524
1427,1.25177
1428,1.24875
1429,1.24378
1430,1.24953
1431,1.24362
1432,1.2498
1433,1.23975
1434,1.2418
1435,1.23883
1436,1.2353
1437,1.25038
1438,1.24252
1439,1.24428
1440,1.23412
1441,1.23094
1442,1.22393
1443,1.23491
1444,1.24218
1445,1.23497
1446,1.23732
1447,1.23732
1448,1.23551
1449,1.23948
1450,1.24015
1451,1.23675
1452,1.24138
1453,1.2371
1454,1.23413
1455,1.24076
1456,1.23946
1457,1.23754
1458,1.23486
1459,1.24129
1460,1.23847
1461,1.24766
1462,1.24649
1463,1.24114
1464,1.24053
1465,1.241
1466,1.22377
1467,1.22283
1468,1.21538
1469,1.21742
1470,1.21553
1471,1.21868
1472,1.2204
1473,1.22215
1474,1.22573
1475,1.22717
1476,1.2295
1477,1.23062
1478,1.22136
1479,1.22586
1480,1.21762
1481,1.21654
1482,1.21719
1483,1.21862
1484,1.22363
1485,1.23274
1486,1.22549
1487,1.22001
1488,1.21107
1489,1.20809
1490,1.20462
1491,1.21281
1492,1.21452
1493,1.21053
1494,1.22154
1495,1.21885
1496,1.21885
1497,1.21914
1498,1.21914
1499,1.22914
1500,1.22914
1501,1.22782
1502,1.22421
1503,1.2357
1504,1.24193
1505,1.24013
1506,1.2347
1507,1.23463
1508,1.24267
1509,1.23567
1510,1.24615
1511,1.24212
1512,1.24622
1513,1.24791
1514,1.25078
1515,1.25078
1516,1.25104
1517,1.24753
1518,1.24541
1519,1.24453
1520,1.25808
1521,1.25303
1522,1.25236
1523,1.25236
1524,1.25401
1525,1.25204
1526,1.24224
1527,1.24561
1528,1.24561
1529,1.25051
1530,1.24117
1531,1.24987
1532,1.23924
1533,1.24791
1534,1.24791
1535,1.23799
1536,1.24284
1537,1.24356
1538,1.22976
1539,1.23061
1540,1.22687
1541,1.22528
1542,1.22668
1543,1.22159
1544,1.22996
1545,1.22793
1546,1.22597
1547,1.22441
1548,1.21868
1549,1.22779
1550,1.22729
1551,1.22178
1552,1.21798
1553,1.22163
1554,1.21719
1555,1.2242
1556,1.21981
1557,1.21957
1558,1.22217
1559,1.22063
1560,1.22575
1561,1.22344
1562,1.21768
1563,1.22994
1564,1.227
1565,1.22752
1566,1.23174
1567,1.23918
1568,1.23846
1569,1.22369
1570,1.23442
1571,1.23555
1572,1.22774
1573,1.22603
1574,1.23107
1575,1.22587
1576,1.23118
1577,1.23191
1578,1.23448
1579,1.2373
1580,1.2351
1581,1.23725
1582,1.23493
1583,1.24274
1584,1.24299
1585,1.23609
1586,1.23738
1587,1.24529
1588,1.25221
1589,1.25486
1590,1.25727
1591,1.24792
1592,1.25196
1593,1.25538
1594,1.26121
1595,1.2646
1596,1.26385
1597,1.26333
1598,1.26738
1599,1.26391
1600,1.26568
1601,1.258
1602,1.26397
1603,1.26507
1604,1.27422
1605,1.25794
1606,1.26293
1607,1.26241
1608,1.2614
1609,1.27072
1610,1.2588
1611,1.27562
1612,1.26941
1613,1.27447
1614,1.26837
1615,1.27653
1616,1.27756
1617,1.27337
1618,1.26723
1619,1.26245
1620,1.26731
1621,1.26679
1622,1.26432
1623,1.2587
1624,1.25488
1625,1.27768
1626,1.26541
1627,1.27053
1628,1.27378
1629,1.27063
1630,1.28185
1631,1.28185
1632,1.28581
1633,1.28068
1634,1.28282
1635,1.28908
1636,1.28908
1637,1.29449
1638,1.29743
1639,1.29516
1640,1.28923
1641,1.29182
1642,1.28219
1643,1.28686
1644,1.27966
1645,1.2795
1646,1.27626
1647,1.27552
1648,1.27669
1649,1.27954
1650,1.27686
1651,1.28414
1652,1.28639
1653,1.28467
1654,1.28687
1655,1.28194
1656,1.28723
1657,1.28723
1658,1.28339
1659,1.28113
1660,1.28246
1661,1.28624
1662,1.28197
1663,1.27925
1664,1.28524
1665,1.28469
1666,1.28314
1667,1.28045
1668,1.27554
1669,1.27822
1670,1.26684
1671,1.26673
1672,1.26866
1673,1.26779
1674,1.27128
1675,1.2736
1676,1.27546
1677,1.26564
1678,1.25842
1679,1.25195
1680,1.25555
1681,1.25309
1682,1.25309
1683,1.25362
1684,1.25522
1685,1.25939
1686,1.25304
1687,1.25418
1688,1.27177
1689,1.26836
1690,1.26836
1691,1.26836
1692,1.26452
1693,1.26711
1694,1.28218
1695,1.27503
1696,1.27826
1697,1.28151
1698,1.29636
1699,1.29339
1700,1.2857
1701,1.27875
1702,1.28481
1703,1.28482
1704,1.28482
1705,1.28482
1706,1.28901
1707,1.29287
1708,1.29718
1709,1.2954
1710,1.29815
1711,1.30025
1712,1.30308
1713,1.3041
1714,1.31123
1715,1.31328
1716,1.30634
1717,1.31915
1718,1.31186
1719,1.30964
1720,1.31674
1721,1.31466
1722,1.3136
1723,1.31878
1724,1.31364
1725,1.31623
1726,1.31586
1727,1.31586
1728,1.31706
1729,1.31239
1730,1.32206
1731,1.30961
1732,1.3112
1733,1.31797
1734,1.31642
1735,1.31839
1736,1.32647
1737,1.32937
1738,1.33275
1739,1.34378
1740,1.34315
1741,1.34357
1742,1.34603
1743,1.3471
1744,1.35205
1745,1.35183
1746,1.34483
1747,1.3416
1748,1.33658
1749,1.32965
1750,1.33402
1751,1.32961
1752,1.33918
1753,1.3433
1754,1.3366
1755,1.33296
1756,1.32295
1757,1.32632
1758,1.32588
1759,1.32833
1760,1.3362
1761,1.32395
1762,1.33323
1763,1.33323
1764,1.32095
1765,1.31493
1766,1.31576
1767,1.32271
1768,1.32664
1769,1.31679
1770,1.32551
1771,1.32603
1772,1.32039
1773,1.33164
1774,1.33164
1775,1.33164
1776,1.33164
1777,1.33556
1778,1.32475
1779,1.31725
1780,1.31971
1781,1.32917
1782,1.33291
1783,1.33411
1784,1.3359
1785,1.33166
1786,1.34116
1787,1.3272
1788,1.34017
1789,1.34017
1790,1.33343
1791,1.33022
1792,1.33801
1793,1.34449
1794,1.35892
1795,1.35892
1796,1.35661
1797,1.34552
1798,1.33923
1799,1.3616
1800,1.35391
1801,1.35391
1802,1.36451
1803,1.35921
1804,1.35513
1805,1.36014
1806,1.35194
1807,1.3468
1808,1.34204
1809,1.35227
1810,1.34782
1811,1.33391
1812,1.33765
1813,1.34457
1814,1.34457
1815,1.34803
1816,1.35558
1817,1.35067
1818,1.35067
1819,1.34141
1820,1.35031
1821,1.34979
1822,1.35233
1823,1.35233
1824,1.34481
1825,1.35383
1826,1.3484
1827,1.34446
1828,1.33753
1829,1.3413
1830,1.3413
1831,1.3413
1832,1.34649
1833,1.35984
1834,1.35198
1835,1.35799
1836,1.36115
1837,1.3548
1838,1.34849
1839,1.33935
1840,1.3342
1841,1.34185
1842,1.33845
1843,1.35002
1844,1.34402
1845,1.33644
1846,1.33644
1847,1.33349
1848,1.33055
1849,1.34013
1850,1.33393
1851,1.32952
1852,1.32952
1853,1.32266
1854,1.33236
1855,1.33236
1856,1.33428
1857,1.33219
1858,1.33225
1859,1.32944
1860,1.3256
1861,1.32841
1862,1.32681
1863,1.32916
1864,1.33787
1865,1.32387
1866,1.31009
1867,1.31412
1868,1.30736
1869,1.3115
1870,1.31003
1871,1.32144
1872,1.32542
1873,1.33059
1874,1.31688
1875,1.32374
1876,1.31475
1877,1.32933
1878,1.32664
1879,1.32929
1880,1.33035
1881,1.3325
1882,1.33443
1883,1.33687
1884,1.33907
1885,1.32444
1886,1.33357
1887,1.33357
1888,1.32981
1889,1.33131
1890,1.33296
1891,1.33296
1892,1.32555
1893,1.32555
1894,1.32762
1895,1.32868
1896,1.33181
1897,1.3339
1898,1.33914
1899,1.34921
1900,1.35845
1901,1.35262
1902,1.34647
1903,1.33717
1904,1.32556
1905,1.33103
1906,1.32828
1907,1.33665
1908,1.3458
1909,1.33262
1910,1.33447
1911,1.33447
1912,1.33447
1913,1.33447
1914,1.3385
1915,1.33321
1916,1.33652
1917,1.32377
1918,1.32176
1919,1.32176
1920,1.31852
1921,1.32113
1922,1.323
1923,1.33119
1924,1.33119
1925,1.32887
1926,1.32577
1927,1.33303
1928,1.33112
1929,1.323
1930,1.32686
1931,1.33063
1932,1.32935
1933,1.3285
1934,1.33265
1935,1.32172
1936,1.33074
1937,1.31366
1938,1.32053
1939,1.31567
1940,1.3121
1941,1.31567
1942,1.31273
1943,1.31874
1944,1.32635
1945,1.32366
1946,1.32325
1947,1.30737
1948,1.31754
1949,1.30653
1950,1.30598
1951,1.30455
1952,1.30233
1953,1.31611
1954,1.31455
1955,1.30655
1956,1.31132
1957,1.31132
1958,1.31201
1959,1.30949
1960,1.30384
1961,1.31795
1962,1.31795
1963,1.31406
1964,1.32566
1965,1.31728
1966,1.31728
1967,1.31994
1968,1.32203
1969,1.33516
1970,1.33401
1971,1.32926
1972,1.33819
1973,1.33031
1974,1.33556
1975,1.34541
1976,1.34284
1977,1.34334
1978,1.34156
1979,1.33728
1980,1.32961
1981,1.32961
1982,1.32961
1983,1.33293
1984,1.33293
1985,1.33169
1986,1.3281
1987,1.3315
1988,1.32002
1989,1.32556
1990,1.32407
1991,1.33018
1992,1.34283
1993,1.32042
1994,1.31984
1995,1.30861
1996,1.31566
1997,1.32127
1998,1.30867
1999,1.30647
2000,1.31455
2001,1.30912
2002,1.306
2003,1.306
2004,1.30429
2005,1.31015
2006,1.30593
2007,1.30454
2008,1.30666
2009,1.31105
2010,1.31391
2011,1.31391
2012,1.31902
2013,1.3115
2014,1.31958
2015,1.32398
2016,1.31528
2017,1.33235
2018,1.32291
2019,1.33625
2020,1.33383
2021,1.33383
2022,1.3381
2023,1.33863
2024,1.32731
2025,1.32819
2026,1.33712
2027,1.33017
2028,1.33293
2029,1.33285
2030,1.33993
2031,1.34384
2032,1.34384
2033,1.35123
2034,1.35537
2035,1.3641
2036,1.36518
2037,1.36518
2038,1.35416
2039,1.3547
2040,1.35157
2041,1.361
2042,1.35715
2043,1.36787
2044,1.35996
2045,1.36052
2046,1.35381
2047,1.35381
2048,1.35381
2049,1.36877
2050,1.36404
2051,1.36426
2052,1.36734
2053,1.36734
2054,1.36343
2055,1.36387
2056,1.36453
2057,1.35699
2058,1.3564
2059,1.36775
2060,1.3656
2061,1.36303
2062,1.35612
2063,1.36673
2064,1.37674
2065,1.364
2066,1.36618
2067,1.36618
2068,1.36618
2069,1.36622
2070,1.36545
2071,1.35612
2072,1.36591
2073,1.37014
2074,1.37446
2075,1.37709
2076,1.38254
2077,1.38303
2078,1.37962
2079,1.39093
2080,1.39507
2081,1.3898
2082,1.38838
2083,1.39364
2084,1.38767
2085,1.38767
2086,1.38609
2087,1.38185
2088,1.37757
2089,1.37334
2090,1.35726
2091,1.36425
2092,1.35004
2093,1.36825
2094,1.36835
2095,1.36688
2096,1.36039
2097,1.37439
2098,1.36706
2099,1.36706
2100,1.37097
2101,1.36883
2102,1.37713
2103,1.3747
2104,1.37185
2105,1.37548
2106,1.37387
2107,1.37923
2108,1.38547
2109,1.3922
2110,1.39166
2111,1.38935
2112,1.39364
2113,1.3984
2114,1.39972
2115,1.39036
2116,1.38503
2117,1.3859
2118,1.372
2119,1.38536
2120,1.37796
2121,1.38861
2122,1.38412
2123,1.3905
2124,1.39503
2125,1.39517
2126,1.39517
2127,1.39725
2128,1.39673
2129,1.38806
2130,1.38484
2131,1.3768
2132,1.37454
2133,1.37427
2134,1.38627
2135,1.37863
2136,1.39607
2137,1.38838
2138,1.3958
2139,1.39369
2140,1.39655
2141,1.39992
2142,1.39326
2143,1.38482
2144,1.37676
2145,1.37298
2146,1.36515
2147,1.36911
2148,1.3711
2149,1.37374
2150,1.35747
2151,1.36626
2152,1.36572
2153,1.36808
2154,1.36858
2155,1.35939
2156,1.35723
2157,1.35723
2158,1.3654
2159,1.36651
2160,1.37324
2161,1.37122
2162,1.37371
2163,1.36788
2164,1.34854
2165,1.35778
2166,1.35632
2167,1.33999
2168,1.35336
2169,1.35273
2170,1.35237
2171,1.35513
2172,1.34757
2173,1.35496
2174,1.35226
2175,1.35238
2176,1.35548
2177,1.3441
2178,1.34383
2179,1.34725
2180,1.34821
2181,1.3581
2182,1.35162
2183,1.35498
2184,1.36517
2185,1.37543
2186,1.37843
2187,1.38505
2188,1.38933
2189,1.3933
2190,1.40354
2191,1.38984
2192,1.38127
2193,1.37188
2194,1.37771
2195,1.36861
2196,1.37704
2197,1.35987
2198,1.36398
2199,1.36064
2200,1.36269
2201,1.35987
2202,1.3631
2203,1.35984
2204,1.3687
2205,1.361
2206,1.35004
2207,1.35809
2208,1.36437
2209,1.36437
2210,1.36287
2211,1.35923
2212,1.35923
2213,1.37229
2214,1.36959
2215,1.36612
2216,1.36786
2217,1.34922
2218,1.3534
2219,1.35023
2220,1.35418
2221,1.35275
2222,1.3505
2223,1.3401
2224,1.33961
2225,1.32999
2226,1.3361
2227,1.32731
2228,1.3298
2229,1.3216
2230,1.31704
2231,1.31467
2232,1.31241
2233,1.31141
2234,1.30462
2235,1.30121
2236,1.30493
2237,1.31385
2238,1.31481
2239,1.29689
2240,1.29929
2241,1.2966
2242,1.28959
2243,1.29236
2244,1.29421
2245,1.28445
2246,1.29266
2247,1.2902
2248,1.28871
2249,1.28914
2250,1.29099
2251,1.29105
2252,1.29126
2253,1.2936
2254,1.29881
2255,1.29464
2256,1.30635
2257,1.30076
2258,1.3123
2259,1.31218
2260,1.31505
2261,1.31578
2262,1.31211
2263,1.31107
2264,1.31131
2265,1.3152
2266,1.31766
2267,1.32709
2268,1.32809
2269,1.32639
2270,1.33817
2271,1.33354
2272,1.33669
2273,1.32448
2274,1.32448
2275,1.33381
2276,1.34173
2277,1.34757
2278,1.3468
2279,1.35029
2280,1.33972
2281,1.35199
2282,1.35199
2283,1.35199
2284,1.34105
2285,1.34547
2286,1.33338
2287,1.33384
2288,1.33558
2289,1.33573
2290,1.33573
2291,1.33971
2292,1.32376
2293,1.3234
2294,1.33597
2295,1.34636
2296,1.33314
2297,1.33292
2298,1.33376
2299,1.34012
2300,1.32679
2301,1.33352
2302,1.32637
2303,1.3341
2304,1.33433
2305,1.33023
2306,1.33187
2307,1.33732
2308,1.33975
2309,1.35393
2310,1.35094
2311,1.35989
2312,1.35985
2313,1.34426
2314,1.3441
2315,1.33683
2316,1.33821
2317,1.34032
2318,1.34002
2319,1.33765
2320,1.33466
2321,1.33529
2322,1.33936
2323,1.33791
2324,1.34853
2325,1.35201
2326,1.34118
2327,1.35892
2328,1.35764
2329,1.35764
2330,1.36525
2331,1.36525
2332,1.36026
2333,1.36026
2334,1.36948
2335,1.36642
2336,1.3697
2337,1.36938
2338,1.36617
2339,1.37425
2340,1.37241
2341,1.36909
2342,1.36511
2343,1.36247
2344,1.35409
2345,1.35885
2346,1.34813
2347,1.34912
2348,1.35326
2349,1.34691
2350,1.35066
2351,1.36122
2352,1.35669
2353,1.36124
2354,1.3634
2355,1.36256
2356,1.35545
2357,1.36435
2358,1.36044
2359,1.37084
2360,1.37484
2361,1.37157
2362,1.37433
2363,1.37433
2364,1.37183
2365,1.38039
2366,1.38304
2367,1.39328
2368,1.38451
2369,1.37345
2370,1.38065
2371,1.37383
2372,1.37714
2373,1.37239
2374,1.37803
2375,1.37546
2376,1.36997
2377,1.3688
2378,1.36516
2379,1.35929
2380,1.36051
2381,1.36363
2382,1.36876
2383,1.36807
2384,1.3698
2385,1.35989
2386,1.35281
2387,1.35295
2388,1.34531
2389,1.34285
2390,1.35059
2391,1.36224
2392,1.3652
2393,1.36783
2394,1.37451
2395,1.3632
2396,1.37915
2397,1.38306
2398,1.38698
2399,1.38593
2400,1.39131
2401,1.39321
2402,1.38463
2403,1.38525
2404,1.38155
2405,1.37761
2406,1.38757
2407,1.37817
2408,1.38384
2409,1.38384
2410,1.37228
2411,1.3745
2412,1.3745
2413,1.36418
2414,1.38136
2415,1.37555
2416,1.38868
2417,1.38564
2418,1.36754
2419,1.38465
2420,1.38465
2421,1.38161
2422,1.37501
2423,1.38008
2424,1.38286
2425,1.37759
2426,1.3842
2427,1.39018
2428,1.40228
2429,1.39887
2430,1.39182
2431,1.38901
2432,1.39896
2433,1.38201
2434,1.37531
2435,1.38138
2436,1.3811
2437,1.37074
2438,1.37074
2439,1.36066
2440,1.36859
2441,1.36588
2442,1.37748
2443,1.36987
2444,1.37961
2445,1.36868
2446,1.36572
2447,1.38015
2448,1.37857
2449,1.38824
2450,1.38326
2451,1.38263
2452,1.40075
2453,1.40607
2454,1.39511
2455,1.39658
2456,1.41123
2457,1.41088
2458,1.40972
2459,1.4149
2460,1.40601
2461,1.41636
2462,1.4098
2463,1.40111
2464,1.39343
2465,1.40003
2466,1.40003
2467,1.40003
2468,1.39825
2469,1.39989
2470,1.40576
2471,1.40376
2472,1.38818
2473,1.39204
2474,1.39114
2475,1.39835
2476,1.39447
2477,1.39533
2478,1.39413
2479,1.39413
2480,1.38887
2481,1.39167
2482,1.38862
2483,1.38964
2484,1.39273
2485,1.39477
2486,1.40186
2487,1.40742
2488,1.42
2489,1.42743
2490,1.42743
2491,1.4357
2492,1.4219
2493,1.42667
2494,1.42951
2495,1.42684
2496,1.42684
2497,1.42998
2498,1.4233
2499,1.43211
2500,1.4268
2501,1.4268
2502,1.43023
2503,1.43397
2504,1.42593
2505,1.42926
2506,1.43152
2507,1.43051
2508,1.43873
2509,1.43464
2510,1.44136
2511,1.43598
2512,1.43598
2513,1.4317
2514,1.43384
2515,1.43304
2516,1.43993
2517,1.43205
2518,1.42306
2519,1.41213
2520,1.41839
2521,1.42026
2522,1.41584
2523,1.41409
2524,1.41435
2525,1.41814
2526,1.41464
2527,1.41722
2528,1.40552
2529,1.40639
2530,1.39654
2531,1.3906
2532,1.37935
2533,1.39645
2534,1.39427
2535,1.39924
2536,1.40303
2537,1.39238
2538,1.39898
2539,1.39898
2540,1.39795
2541,1.39306
2542,1.38519
2543,1.39839
2544,1.39259
2545,1.40318
2546,1.39812
2547,1.39285
2548,1.3836
2549,1.38217
2550,1.37246
2551,1.37717
2552,1.37717
2553,1.37607
2554,1.38191
2555,1.3706
2556,1.36694
2557,1.37356
2558,1.3868
2559,1.38347
2560,1.38347
2561,1.38722
2562,1.39611
2563,1.38977
2564,1.39721
2565,1.3955
2566,1.3976
2567,1.3964
2568,1.3964
2569,1.40034
2570,1.40657
2571,1.38699
2572,1.39685
2573,1.39685
2574,1.38666
2575,1.39269
2576,1.39158
2577,1.39087
2578,1.39093
2579,1.38867
2580,1.39053
2581,1.40541
2582,1.40931
2583,1.42194
2584,1.43739
2585,1.44671
2586,1.43755
2587,1.45481
2588,1.44804
2589,1.46497
2590,1.46497
2591,1.4626
2592,1.46132
2593,1.45323
2594,1.45323
2595,1.45319
2596,1.45577
2597,1.45246
2598,1.45409
2599,1.45844
2600,1.46369
2601,1.4682
2602,1.45619
2603,1.4536
2604,1.46907
2605,1.46251
2606,1.45935
2607,1.459
2608,1.459
2609,1.46743
2610,1.46743
2611,1.46129
2612,1.47283
2613,1.47263
2614,1.46749
2615,1.47209
2616,1.46908
2617,1.4622
2618,1.46675
2619,1.45663
2620,1.46206
2621,1.45857
2622,1.46516
2623,1.45243
2624,1.45748
2625,1.45748
2626,1.43886
2627,1.44398
2628,1.43902
2629,1.44839
2630,1.4392
2631,1.44855
2632,1.44261
2633,1.44886
2634,1.436
2635,1.42789
2636,1.42701
2637,1.4345
2638,1.4345
2639,1.43304
2640,1.43889
2641,1.43916
2642,1.43354
2643,1.43354
2644,1.42873
2645,1.4448
2646,1.43393
2647,1.43481
2648,1.43986
2649,1.44134
2650,1.42355
2651,1.43609
2652,1.43021
2653,1.41745
2654,1.41632
2655,1.41313
2656,1.42334
2657,1.41665
2658,1.41266
2659,1.40797
2660,1.39752
2661,1.39215
2662,1.39211
2663,1.398
2664,1.4029
2665,1.40116
2666,1.41334
2667,1.41306
2668,1.41596
2669,1.40992
2670,1.41844
2671,1.42249
2672,1.41768
2673,1.42425
2674,1.39923
2675,1.40884
2676,1.40957
2677,1.40941
2678,1.40019
2679,1.41287
2680,1.42203
2681,1.42164
2682,1.42599
2683,1.41966
2684,1.42548
2685,1.42834
2686,1.424
2687,1.41678
2688,1.41052
2689,1.41483
2690,1.40404
2691,1.41004
2692,1.40884
2693,1.42933
2694,1.41868
2695,1.42407
2696,1.41577
2697,1.42212
2698,1.41723
2699,1.41585
2700,1.42262
2701,1.42262
2702,1.42518
2703,1.42518
2704,1.43284
2705,1.42731
2706,1.42202
2707,1.42594
2708,1.44145
2709,1.43083
2710,1.44175
2711,1.43692
2712,1.44499
2713,1.44517
2714,1.44227
2715,1.44075
2716,1.44331
2717,1.43651
2718,1.43992
2719,1.45196
2720,1.44251
2721,1.45128
2722,1.4504
2723,1.45566
2724,1.45846
2725,1.44058
2726,1.44681
2727,1.45188
2728,1.46182
2729,1.46182
2730,1.46857
2731,1.4704
2732,1.47767
2733,1.47796
2734,1.47394
2735,1.48307
2736,1.48195
2737,1.4975
2738,1.49
2739,1.49171
2740,1.48418
2741,1.48143
2742,1.48143
2743,1.47741
2744,1.47753
2745,1.47414
2746,1.46555
2747,1.45412
2748,1.45714
2749,1.45053
2750,1.45074
2751,1.45074
2752,1.45685
2753,1.45579
2754,1.45461
2755,1.45375
2756,1.45154
2757,1.45923
2758,1.45487
2759,1.46053
2760,1.45435
2761,1.44315
2762,1.43905
2763,1.45339
2764,1.45339
2765,1.44799
2766,1.45001
2767,1.44942
2768,1.44211
2769,1.44858
2770,1.44718
2771,1.43916
2772,1.44965
2773,1.44745
2774,1.45497
2775,1.46049
2776,1.46049
2777,1.46111
2778,1.4538
2779,1.44526
2780,1.44597
2781,1.44597
2782,1.45018
2783,1.45056
2784,1.46077
2785,1.45752
2786,1.46362
2787,1.45914
2788,1.47374
2789,1.4613
2790,1.46096
2791,1.46549
2792,1.45932
2793,1.45556
2794,1.44119
2795,1.43594
2796,1.42926
2797,1.42791
2798,1.43512
2799,1.4385
2800,1.42939
2801,1.43074
2802,1.42752
2803,1.44103
2804,1.45446
2805,1.43981
2806,1.43981
2807,1.43604
2808,1.43161
2809,1.44752
2810,1.44652
2811,1.44411
2812,1.44727
2813,1.44547
2814,1.4389
2815,1.44358
2816,1.43677
2817,1.43796
2818,1.42594
2819,1.43702
2820,1.4365
2821,1.43164
2822,1.43164
2823,1.426
2824,1.43636
2825,1.43636
2826,1.41922
2827,1.41994
2828,1.41401
2829,1.4051
2830,1.40259
2831,1.39966
2832,1.39986
2833,1.40601
2834,1.41145
2835,1.40832
2836,1.40757
2837,1.40843
2838,1.41383
2839,1.41845
2840,1.41885
2841,1.41671
2842,1.41671
2843,1.42127
2844,1.40876
2845,1.41477
2846,1.41215
2847,1.41619
2848,1.4137
2849,1.41938
2850,1.41938
2851,1.41143
2852,1.41103
2853,1.41103
2854,1.40361
2855,1.40361
2856,1.41698
2857,1.42328
2858,1.42118
2859,1.41635
2860,1.41879
2861,1.41888
2862,1.4243
2863,1.4243
2864,1.4288
2865,1.44619
2866,1.44376
2867,1.45028
2868,1.44852
2869,1.45062
2870,1.44394
2871,1.45602
2872,1.46601
2873,1.45914
2874,1.45675
2875,1.45322
2876,1.46347
2877,1.44359
2878,1.45038
2879,1.44875
2880,1.45787
2881,1.4575
2882,1.44714
2883,1.439
2884,1.44013
2885,1.44013
2886,1.44454
2887,1.43993
2888,1.44925
2889,1.45526
2890,1.45526
2891,1.44443
2892,1.4349
2893,1.43692
2894,1.4405
2895,1.43009
2896,1.44325
2897,1.43815
2898,1.43815
2899,1.4336
2900,1.44297
2901,1.43125
2902,1.43067
2903,1.42514
2904,1.43012
2905,1.43389
2906,1.44805
2907,1.43576
2908,1.43374
2909,1.43026
2910,1.4257
2911,1.41966
2912,1.43017
2913,1.42801
2914,1.43323
2915,1.43323
2916,1.43628
2917,1.43041
2918,1.44447
2919,1.43066
2920,1.43675
2921,1.43675
2922,1.43279
2923,1.42558
2924,1.42533
2925,1.41805
2926,1.40804
2927,1.40482
2928,1.4097
2929,1.41046
2930,1.40763
2931,1.41009
2932,1.40664
2933,1.40882
2934,1.40856
2935,1.42315
2936,1.41919
2937,1.42716
2938,1.41971
2939,1.42779
2940,1.42918
2941,1.43065
2942,1.43307
2943,1.43448
2944,1.43903
2945,1.45077
2946,1.4597
2947,1.45409
2948,1.45808
2949,1.45312
2950,1.45203
2951,1.4426
2952,1.43315
2953,1.44231
2954,1.44344
2955,1.44226
2956,1.43855
2957,1.45014
2958,1.44814
2959,1.46045
2960,1.46097
2961,1.46156
2962,1.45095
2963,1.46072
2964,1.46601
2965,1.46008
2966,1.46677
2967,1.4811
2968,1.48145
2969,1.47835
2970,1.47835
2971,1.46979
2972,1.47018
2973,1.46245
2974,1.46343
2975,1.481
2976,1.46982
2977,1.47563
2978,1.45885
2979,1.44776
2980,1.45834
2981,1.4541
2982,1.45942
2983,1.47018
2984,1.47488
2985,1.48214
2986,1.48358
2987,1.47982
2988,1.48422
2989,1.48162
2990,1.48063
2991,1.47153
2992,1.46679
2993,1.46939
2994,1.46231
2995,1.45341
2996,1.45076
2997,1.44656
2998,1.44409
2999,1.43499
3000,1.43463
3001,1.42658
3002,1.42658
3003,1.42289
3004,1.42618
3005,1.41634
3006,1.42254
3007,1.42254
3008,1.41698
3009,1.42641
3010,1.41686
3011,1.42151
3012,1.4227
3013,1.42199
3014,1.42493
3015,1.42794
3016,1.42171
3017,1.42782
3018,1.43227
3019,1.43537
3020,1.44088
3021,1.44614
3022,1.45115
3023,1.45179
3024,1.4466
3025,1.4462
3026,1.44648
3027,1.4384
3028,1.44656
3029,1.45432
3030,1.4568
3031,1.4402
3032,1.43929
3033,1.42997
3034,1.4336
3035,1.43293
3036,1.43258
3037,1.43837
3038,1.43837
3039,1.43079
3040,1.44172
3041,1.44457
3042,1.457
3043,1.4474
3044,1.44922
3045,1.44922
3046,1.44639
3047,1.43952
3048,1.44855
3049,1.45596
3050,1.45776
3051,1.4588
3052,1.46758
3053,1.4501
3054,1.46128
3055,1.45588
3056,1.46346
3057,1.46346
3058,1.45566
3059,1.45483
3060,1.45493
3061,1.45493
3062,1.45886
3063,1.46004
3064,1.4545
3065,1.45452
3066,1.43516
3067,1.4515
3068,1.44589
3069,1.44443
3070,1.44624
3071,1.43816
3072,1.43547
3073,1.42287
3074,1.43283
3075,1.43283
3076,1.42859
3077,1.43161
3078,1.42492
3079,1.42625
3080,1.41182
3081,1.41752
3082,1.41049
3083,1.40339
3084,1.40124
3085,1.4053
3086,1.4065
3087,1.40796
3088,1.40538
3089,1.39793
3090,1.39667
3091,1.39667
3092,1.39633
3093,1.38795
3094,1.39079
3095,1.39946
3096,1.39486
3097,1.39742
3098,1.3926
3099,1.39322
3100,1.38075
3101,1.38938
3102,1.39542
3103,1.40499
3104,1.4091
3105,1.3983
3106,1.40844
3107,1.40268
3108,1.42015
3109,1.43006
3110,1.43095
3111,1.42374
3112,1.42003
3113,1.4242
3114,1.42637
3115,1.43053
3116,1.42034
3117,1.43015
3118,1.4254
3119,1.43231
3120,1.42659
3121,1.42672
3122,1.42672
3123,1.42672
3124,1.42672
3125,1.41428
3126,1.40751
3127,1.4044
3128,1.40219
3129,1.39824
3130,1.3985
3131,1.41218
3132,1.40345
3133,1.41147
3134,1.42227
3135,1.41585
3136,1.41871
3137,1.41914
3138,1.40984
3139,1.40788
3140,1.40091
3141,1.40523
3142,1.39218
3143,1.39218
3144,1.39218
3145,1.40282
3146,1.39919
3147,1.40454
3148,1.39358
3149,1.38977
3150,1.38751
3151,1.40117
3152,1.40117
3153,1.41973
3154,1.40857
3155,1.39517
3156,1.38598
3157,1.37812
3158,1.36536
3159,1.3652
3160,1.36523
3161,1.36245
3162,1.36245
3163,1.34905
3164,1.34928
3165,1.34381
3166,1.34381
3167,1.34515
3168,1.34978
3169,1.35868
3170,1.35325
3171,1.35325
3172,1.36242
3173,1.37123
3174,1.36648
3175,1.36648
3176,1.37519
3177,1.37519
3178,1.37684
3179,1.37036
3180,1.38466
3181,1.37691
3182,1.38399
3183,1.36903
3184,1.37991
3185,1.36771
3186,1.36002
3187,1.35889
3188,1.3637
3189,1.36968
3190,1.3829
3191,1.38102
3192,1.3725
3193,1.37702
3194,1.37554
3195,1.38281
3196,1.37739
3197,1.38354
3198,1.3834
3199,1.38921
3200,1.39276
3201,1.37973
3202,1.37778
3203,1.37729
3204,1.38605
3205,1.37757
3206,1.3862
3207,1.3862
3208,1.38319
3209,1.37196
3210,1.3707
3211,1.37112
3212,1.3657
3213,1.36943
3214,1.36374
3215,1.37579
3216,1.36681
3217,1.37138
3218,1.36981
3219,1.38358
3220,1.39031
3221,1.37705
3222,1.39247
3223,1.38522
3224,1.38522
3225,1.39665
3226,1.40723
3227,1.40909
3228,1.40695
3229,1.40695
3230,1.40233
3231,1.4059
3232,1.40848
3233,1.40674
3234,1.4116
3235,1.42614
3236,1.42279
3237,1.42239
3238,1.41511
3239,1.41843
3240,1.42357
3241,1.41758
3242,1.42257
3243,1.4206
3244,1.41614
3245,1.41787
3246,1.4249
3247,1.41026
3248,1.39936
3249,1.3896
3250,1.39851
3251,1.40627
3252,1.39712
3253,1.38832
3254,1.39471
3255,1.40091
3256,1.39808
3257,1.40762
3258,1.39622
3259,1.39925
3260,1.38803
3261,1.38803
3262,1.402
3263,1.40299
3264,1.41102
3265,1.41835
3266,1.41835
3267,1.41034
3268,1.41044
3269,1.41137
3270,1.40564
3271,1.40746
3272,1.40746
3273,1.40746
3274,1.41442
3275,1.40302
3276,1.39896
3277,1.40287
3278,1.4005
3279,1.40089
3280,1.39087
3281,1.39829
3282,1.39261
3283,1.37899
3284,1.37165
3285,1.3802
3286,1.38085
3287,1.38085
3288,1.36923
3289,1.36923
3290,1.36875
3291,1.37914
3292,1.37779
3293,1.37309
3294,1.37454
3295,1.37124
3296,1.38082
3297,1.3804
3298,1.37672
3299,1.3844
3300,1.3844
3301,1.38248
3302,1.37967
3303,1.38151
3304,1.38226
3305,1.37446
3306,1.35981
3307,1.35981
3308,1.3627
3309,1.35374
3310,1.3518
3311,1.34414
3312,1.34312
3313,1.33692
3314,1.33568
3315,1.33668
3316,1.33692
3317,1.3467
3318,1.34265
3319,1.35715
3320,1.3489
3321,1.35164
3322,1.35924
3323,1.35757
3324,1.3566
3325,1.34806
3326,1.34937
3327,1.35234
3328,1.34348
3329,1.35524
3330,1.3512
3331,1.34936
3332,1.35726
3333,1.3526
3334,1.35272
3335,1.35253
3336,1.35233
3337,1.35389
3338,1.35356
3339,1.35291
3340,1.34499
3341,1.35505
3342,1.35561
3343,1.36047
3344,1.37135
3345,1.37157
3346,1.37307
3347,1.36998
3348,1.37662
3349,1.37616
3350,1.36842
3351,1.36884
3352,1.36947
3353,1.37845
3354,1.3815
3355,1.37703
3356,1.36632
3357,1.35861
3358,1.36041
3359,1.3656
3360,1.35524
3361,1.3552
3362,1.34262
3363,1.34406
3364,1.34279
3365,1.3455
3366,1.33834
3367,1.33408
3368,1.3347
3369,1.32162
3370,1.33204
3371,1.3298
3372,1.33765
3373,1.32966
3374,1.34305
3375,1.34305
3376,1.3311
3377,1.32987
3378,1.33963
3379,1.33963
3380,1.33963
3381,1.34635
3382,1.34728
3383,1.34728
3384,1.34604
3385,1.35334
3386,1.35334
3387,1.35181
3388,1.34463
3389,1.34534
3390,1.34671
3391,1.3438
3392,1.35519
3393,1.35317
3394,1.35678
3395,1.35764
3396,1.35817
3397,1.35817
3398,1.35474
3399,1.34827
3400,1.36167
3401,1.35011
3402,1.35232
3403,1.35498
3404,1.3618
3405,1.36225
3406,1.36552
3407,1.3643
3408,1.37518
3409,1.37222
3410,1.38733
3411,1.38053
3412,1.38053
3413,1.39063
3414,1.39343
3415,1.39343
3416,1.39673
3417,1.39474
3418,1.40481
3419,1.40197
3420,1.40052
3421,1.40287
3422,1.40397
3423,1.4153
3424,1.40167
3425,1.40188
3426,1.39893
3427,1.41869
3428,1.41281
3429,1.40991
3430,1.40232
3431,1.40881
3432,1.42084
3433,1.41512
3434,1.41883
3435,1.40466
3436,1.40342
3437,1.40342
3438,1.39302
3439,1.39464
3440,1.39713
3441,1.40794
3442,1.40074
3443,1.39401
3444,1.39318
3445,1.39318
3446,1.38523
3447,1.38523
3448,1.387
3449,1.39294
3450,1.38631
3451,1.3879
3452,1.38084
3453,1.38084
3454,1.38258
3455,1.37519
3456,1.37086
3457,1.36785
3458,1.36881
3459,1.36344
3460,1.35317
3461,1.35984
3462,1.36608
3463,1.36736
3464,1.37646
3465,1.38013
3466,1.37363
3467,1.38305
3468,1.38354
3469,1.39421
3470,1.38615
3471,1.39906
3472,1.39726
3473,1.40003
3474,1.40082
3475,1.40082
3476,1.41038
3477,1.41271
3478,1.41803
3479,1.41803
3480,1.41645
3481,1.42704
3482,1.43044
3483,1.4408
3484,1.43753
3485,1.43075
3486,1.43318
3487,1.43318
3488,1.43311
3489,1.4229
3490,1.41593
3491,1.43341
3492,1.43349
3493,1.42997
3494,1.43064
3495,1.4237
3496,1.41251
3497,1.40663
3498,1.40321
3499,1.41265
3500,1.4001
3501,1.39987
3502,1.3901
3503,1.38924
3504,1.3833
3505,1.38476
3506,1.38511
3507,1.38849
3508,1.3904
3509,1.39455
3510,1.39455
3511,1.39455
3512,1.38872
3513,1.37646
3514,1.37238
3515,1.37238
3516,1.3655
3517,1.3655
3518,1.36488
3519,1.37436
3520,1.38578
3521,1.38017
3522,1.37321
3523,1.3696
3524,1.37677
3525,1.37402
3526,1.3746
3527,1.37509
3528,1.37291
3529,1.3852
3530,1.3931
3531,1.38978
3532,1.39685
3533,1.41165
3534,1.40704
3535,1.41772
3536,1.41435
3537,1.41027
3538,1.41027
3539,1.42415
3540,1.42646
3541,1.43295
3542,1.43007
3543,1.4303
3544,1.41995
3545,1.41571
3546,1.41028
3547,1.41256
3548,1.39676
3549,1.39639
3550,1.39238
3551,1.38832
3552,1.37778
3553,1.38326
3554,1.37998
3555,1.37728
3556,1.37275
3557,1.37691
3558,1.37939
3559,1.37728
3560,1.37355
3561,1.37642
3562,1.37055
3563,1.37055
3564,1.36992
3565,1.36992
3566,1.36992
3567,1.36468
3568,1.36891
3569,1.37536
3570,1.37536
3571,1.37536
3572,1.37425
3573,1.35937
3574,1.35826
3575,1.34681
3576,1.34613
3577,1.34412
3578,1.35521
3579,1.35521
3580,1.36923
3581,1.36904
3582,1.36359
3583,1.35516
3584,1.36528
3585,1.3583
3586,1.36075
3587,1.34986
3588,1.35956
3589,1.36607
3590,1.36442
3591,1.37965
3592,1.37835
3593,1.37888
3594,1.38317
3595,1.38679
3596,1.38708
3597,1.39618
3598,1.37266
3599,1.379
3600,1.38487
3601,1.37883
3602,1.36856
3603,1.38006
3604,1.38629
3605,1.3939
3606,1.39546
3607,1.39546
3608,1.39912
3609,1.40229
3610,1.4022
3611,1.40322
3612,1.40713
3613,1.40842
3614,1.41207
3615,1.40363
3616,1.40512
3617,1.40957
3618,1.41825
3619,1.4103
3620,1.42085
3621,1.42293
3622,1.41715
3623,1.4205
3624,1.4289
3625,1.43775
3626,1.43589
3627,1.43688
3628,1.44055
3629,1.43833
3630,1.45134
3631,1.46566
3632,1.46566
3633,1.46566
3634,1.47612
3635,1.47823
3636,1.47091
3637,1.47178
3638,1.49028
3639,1.49028
3640,1.48354
3641,1.49132
3642,1.49383
3643,1.49169
3644,1.4855
3645,1.48328
3646,1.47007
3647,1.47021
3648,1.46727
3649,1.46993
3650,1.4765
3651,1.48741
3652,1.48482
3653,1.49292
3654,1.48028
3655,1.49218
3656,1.48784
3657,1.50448
3658,1.51259
3659,1.51259
3660,1.51259
3661,1.51373
3662,1.5235
3663,1.52539
3664,1.51641
3665,1.50377
3666,1.51386
3667,1.5053
3668,1.50639
3669,1.49111
3670,1.4937
3671,1.5109
3672,1.5059
3673,1.51188
3674,1.51385
3675,1.51813
3676,1.52722
3677,1.52431
3678,1.52328
3679,1.53716
3680,1.54064
3681,1.53856
3682,1.54149
3683,1.53926
3684,1.54723
3685,1.54723
3686,1.55463
3687,1.56305
3688,1.55669
3689,1.54814
3690,1.55341
3691,1.56753
3692,1.55268
3693,1.56443
3694,1.56443
3695,1.54903
3696,1.55815
3697,1.55815
3698,1.551
3699,1.56513
3700,1.56513
3701,1.54822
3702,1.55639
3703,1.5436
3704,1.53678
3705,1.54798
3706,1.53454
3707,1.53018
3708,1.5301
3709,1.51514
3710,1.52007
3711,1.51702
3712,1.50043
3713,1.49888
3714,1.49888
3715,1.49888
3716,1.50701
3717,1.50208
3718,1.50626
3719,1.49423
3720,1.49572
3721,1.5002
3722,1.47931
3723,1.49036
3724,1.49036
3725,1.49739
3726,1.48892
3727,1.47978
3728,1.47752
3729,1.49502
3730,1.49156
3731,1.49156
3732,1.49908
3733,1.50139
3734,1.5034
3735,1.49891
3736,1.50554
3737,1.5134
3738,1.51463
3739,1.52313
3740,1.51715
3741,1.50913
3742,1.50452
3743,1.51151
3744,1.51151
3745,1.52005
3746,1.5268
3747,1.53181
3748,1.52395
3749,1.52099
3750,1.51413
3751,1.5118
3752,1.50966
3753,1.5126
3754,1.51334
3755,1.52626
3756,1.52409
3757,1.52973
3758,1.53699
3759,1.54307
3760,1.53735
3761,1.53157
3762,1.53157
3763,1.51706
3764,1.51362
3765,1.52077
3766,1.52057
3767,1.52057
3768,1.51477
3769,1.5053
3770,1.50934
3771,1.50242
3772,1.49583
3773,1.49984
3774,1.50546
3775,1.52145
3776,1.52247
3777,1.52164
3778,1.52164
3779,1.50364
3780,1.51458
3781,1.51327
3782,1.51836
3783,1.49929
3784,1.49929
3785,1.50138
3786,1.51697
3787,1.51956
3788,1.51339
3789,1.51525
3790,1.50781
3791,1.50781
3792,1.50907
3793,1.51232
3794,1.52557
3795,1.51911
3796,1.52325
3797,1.49891
3798,1.50676
3799,1.50727
3800,1.50199
3801,1.50531
3802,1.49747
3803,1.49747
3804,1.49145
3805,1.48892
3806,1.49657
3807,1.50836
3808,1.49347
3809,1.49712
3810,1.49214
3811,1.49392
3812,1.50401
3813,1.50441
3814,1.50459
3815,1.49979
3816,1.496
3817,1.49117
3818,1.48769
3819,1.4763
3820,1.4918
3821,1.49412
3822,1.48699
3823,1.47781
3824,1.47896
3825,1.48608
3826,1.48999
3827,1.49056
3828,1.48855
3829,1.47155
3830,1.47155
3831,1.46988
3832,1.46728
3833,1.46505
3834,1.47291
3835,1.48773
3836,1.49261
3837,1.49261
3838,1.48853
3839,1.49272
3840,1.48908
3841,1.48511
3842,1.48511
3843,1.47235
3844,1.47918
3845,1.47918
3846,1.47678
3847,1.48604
3848,1.47928
3849,1.48352
3850,1.47937
3851,1.47937
3852,1.47174
3853,1.47719
3854,1.48271
3855,1.47418
3856,1.46488
3857,1.45969
3858,1.46577
3859,1.45953
3860,1.45819
3861,1.43578
3862,1.43315
3863,1.42493
3864,1.43611
3865,1.43699
3866,1.44561
3867,1.45065
3868,1.43343
3869,1.4362
3870,1.44194
3871,1.43849
3872,1.4427
3873,1.43691
3874,1.43443
3875,1.4356
3876,1.4356
3877,1.43362
3878,1.42783
3879,1.4333
3880,1.43288
3881,1.43288
3882,1.43744
3883,1.43825
3884,1.44167
3885,1.43973
3886,1.43834
3887,1.44406
3888,1.44608
3889,1.44608
3890,1.43827
3891,1.44074
3892,1.44985
3893,1.44985
3894,1.44503
3895,1.44701
3896,1.44178
3897,1.44326
3898,1.44227
3899,1.44227
3900,1.44305
3901,1.44013
3902,1.4458
3903,1.43956
3904,1.44356
3905,1.43744
3906,1.45464
3907,1.44882
3908,1.45172
3909,1.44755
3910,1.43586
3911,1.43383
3912,1.43595
3913,1.43595
3914,1.43247
3915,1.43547
3916,1.43547
3917,1.43222
3918,1.4298
3919,1.42981
3920,1.42062
3921,1.42238
3922,1.42714
3923,1.42744
3924,1.4236
3925,1.42502
3926,1.4305
3927,1.42585
3928,1.43907
3929,1.43483
3930,1.43194
3931,1.43192
3932,1.42623
3933,1.43022
3934,1.43499
3935,1.43499
3936,1.43972
3937,1.44468
3938,1.44468
3939,1.44006
3940,1.43399
3941,1.43646
3942,1.43459
3943,1.43697
3944,1.44715
3945,1.4393
3946,1.4393
3947,1.43359
3948,1.43548
3949,1.42793
3950,1.44214
3951,1.452
3952,1.452
3953,1.43221
3954,1.4407
3955,1.43078
3956,1.42148
3957,1.42287
3958,1.4294
3959,1.42166
3960,1.42498
3961,1.43044
3962,1.42881
3963,1.44107
3964,1.43865
3965,1.44268
3966,1.45704
3967,1.45334
3968,1.45427
3969,1.44969
3970,1.45196
3971,1.44913
3972,1.45594
3973,1.46011
3974,1.46557
3975,1.47788
3976,1.47499
3977,1.48478
3978,1.4705
3979,1.4704
3980,1.45659
3981,1.45574
3982,1.45719
3983,1.44852
3984,1.4367
3985,1.42857
3986,1.42857
3987,1.43192
3988,1.4355
3989,1.43929
3990,1.4462
3991,1.4462
3992,1.43873
3993,1.42324
3994,1.4194
3995,1.41307
3996,1.4202
3997,1.42343
3998,1.42915
3999,1.43664
4000,1.42133
4001,1.42352
4002,1.42694
4003,1.41689
4004,1.4121
4005,1.40834
4006,1.40486
4007,1.40427
4008,1.40427
4009,1.40259
4010,1.40322
