MDTU,|Tr(Lx)|,|Tr(Ly)|
1,1.42348,1.56572
2,1.58532,1.8895
3,1.59111,1.74933
4,1.54777,1.94516
5,1.54665,1.94002
6,1.24968,1.72712
7,1.64467,1.65563
8,1.4404,2.14725
9,1.67813,1.70755
10,1.67581,1.47677
11,1.71166,1.52902
12,1.71166,1.52902
13,1.71166,1.52902
14,1.58005,0.952318
15,2.33961,0.804558
16,2.42325,1.08503
17,2.00505,1.04525
18,1.98259,1.32944
19,2.06608,1.91153
20,2.25864,1.29594
21,2.13121,1.12367
22,2.91025,1.14349
23,2.8373,1.00735
24,2.50621,1.12099
25,3.29636,1.05429
26,2.68508,0.850756
27,2.76086,1.08992
28,3.5445,1.07057
29,3.19085,0.929229
30,3.24037,0.70834
31,3.24037,0.70834
32,3.24037,0.70834
33,3.24037,0.70834
34,2.6117,1.04525
35,2.51264,0.902463
36,2.49324,1.01669
37,2.46735,0.870977
38,1.88136,0.644406
39,2.42028,0.739338
40,1.95131,0.639522
41,2.24539,0.785927
42,2.21569,0.650271
43,2.18329,0.717089
44,2.41547,0.827973
45,2.50821,0.876591
46,2.33879,0.533953
47,2.58482,0.53281
48,2.43955,0.542431
49,2.29893,0.457564
50,3.77623,0.49987
51,3.17279,0.366257
52,3.71899,0.381131
53,3.08698,0.361293
54,3.60961,0.386454
55,3.94517,0.428632
56,4.01896,0.451963
57,3.18726,0.383486
58,3.12019,0.525899
59,3.52731,0.581747
60,3.88149,0.686518
61,3.49061,0.745587
62,3.60185,0.595797
63,4.5648,0.589966
64,3.93656,0.715142
65,3.61172,0.761314
66,4.38857,0.852073
67,4.39019,0.642318
68,5.23843,0.837739
69,4.97601,0.946989
70,4.42783,0.792527
71,5.03257,0.72326
72,5.04822,0.654853
73,7.69618,0.620753
74,7.69618,0.620753
75,6.39427,0.512875
76,6.54718,0.747762
77,6.25844,0.484868
78,7.72778,0.416517
79,8.34498,0.600907
80,8.01727,0.478498
81,6.8831,0.457623
82,7.79992,0.538726
83,6.86091,0.600187
84,10.9341,0.675202
85,8.74654,0.6565
86,9.16752,0.693809
87,8.00247,0.543637
88,9.52589,0.716217
89,9.54589,0.568249
90,10.2491,0.701184
91,10.2491,0.701184
92,12.7419,0.61195
93,12.7419,0.61195
94,13.7902,0.638243
95,13.6672,0.696925
96,12.2441,0.609716
97,10.6382,0.591887
98,10.5478,0.738581
99,11.4225,0.558616
100,10.4797,0.754513
101,11.9789,0.875617
102,9.48132,0.82608
103,7.02541,0.827926
104,8.05611,0.812983
105,7.5769,0.685511
106,7.08961,0.76853
107,7.42196,0.945142
108,7.26449,0.983935
109,7.76662,0.721325
110,8.84858,0.899652
111,10.8894,0.853497
112,8.23869,0.876403
113,8.72382,0.797513
114,9.03219,0.690855
115,8.84128,0.808891
116,8.3702,1.17511
117,10.6825,1.24564
118,9.4553,1.07014
119,9.4553,1.07014
120,8.06984,1.48385
121,7.09348,1.06435
122,8.02028,1.17499
123,7.12183,1.20947
124,7.02523,1.0563
125,7.54031,1.42109
126,9.31127,1.60658
127,10.808,1.66702
128,10.2734,1.48113
129,10.2466,1.23325
130,8.85002,1.80734
131,9.10182,1.83847
132,7.81844,1.72026
133,8.74477,1.98624
134,7.31598,1.13074
135,8.30494,1.32682
136,6.90321,1.59276
137,6.57045,1.92534
138,6.4214,1.70736
139,4.84744,1.18278
140,5.20603,1.774
141,7.75443,1.40949
142,5.60575,1.18402
143,7.02357,1.17404
144,8.1,1.163
145,7.76928,0.997676
146,9.03245,0.885561
147,8.7752,0.808199
148,8.7752,0.808199
149,7.89325,0.922096
150,7.24146,0.705408
151,7.41272,0.61317
152,8.34868,0.462131
153,8.07513,0.513852
154,7.66361,0.514764
155,9.02077,0.551685
156,10.3047,0.505154
157,10.3047,0.505154
158,8.7119,0.399144
159,10.1957,0.511422
160,8.38912,0.451077
161,7.62979,0.456338
162,7.62979,0.456338
163,6.39553,0.437802
164,7.38674,0.269109
165,6.86688,0.345152
166,6.55118,0.525973
167,6.77024,0.402724
168,5.22025,0.316144
169,6.42657,0.0732308
170,9.57643,0.230121
171,8.56508,0.151892
172,8.25301,0.218827
173,9.64444,0.16401
174,9.70291,0.270862
175,10.3161,0.190547
176,11.2676,0.188036
177,8.35187,0.168241
178,9.17329,0.233511
179,7.66067,0.131064
180,10.5762,0.197631
181,9.51035,0.189116
182,11.6817,0.110829
183,10.1068,0.119546
184,11.7378,0.116633
185,11.7378,0.116633
186,12.7594,0.0633627
187,8.38296,0.0978079
188,9.76823,0.0908048
189,9.15144,0.150608
190,9.79368,0.0759985
191,9.79368,0.0759985
192,8.23592,0.135175
193,10.8689,0.0948166
194,11.8031,0.0980094
195,9.53884,0.0762589
196,9.00392,0.0487845
197,6.66213,0.171543
198,5.89648,0.136429
199,8.00467,0.147159
200,8.89682,0.207139
201,8.89682,0.207139
202,8.80345,0.225842
203,8.81075,0.212185
204,5.5733,0.152946
205,6.75851,0.150473
206,6.69195,0.101531
207,7.31897,0.119057
208,7.58842,0.159362
209,6.9435,0.160589
210,6.27568,0.197298
211,7.66128,0.201196
212,8.07248,0.172685
213,10.3727,0.101547
214,12.6714,0.109021
215,8.96695,0.096352
216,10.0007,0.111223
217,8.43267,0.0769466
218,7.02452,0.141824
219,5.45,0.152707
220,8.34815,0.0972674
221,7.79197,0.148541
222,10.7986,0.0675082
223,13.7782,0.11651
224,15.0232,0.0981765
225,8.90914,0.111926
226,6.70766,0.109214
227,13.5846,0.158734
228,13.589,0.296328
229,11.9559,0.102331
230,11.4336,0.149322
231,8.28758,0.159151
232,9.32437,0.184599
233,10.6629,0.106781
234,10.755,0.1664
235,10.0844,0.207588
236,10.0937,0.158123
237,10.317,0.220911
238,10.5142,0.278545
239,10.9993,0.308793
240,11.1618,0.316788
241,11.1618,0.316788
242,9.2947,0.338756
243,10.8841,0.191984
244,10.8841,0.191984
245,9.15958,0.174372
246,11.2454,0.241761
247,12.1779,0.237651
248,11.2739,0.252454
249,15.2863,0.164085
250,11.4725,0.162095
251,11.7107,0.177784
252,12.0712,0.174733
253,14.0777,0.229307
254,17.9735,0.138956
255,17.9735,0.138956
256,15.2909,0.162935
257,14.5522,0.139265
258,16.0409,0.207959
259,15.7184,0.218838
260,9.31857,0.234057
261,9.08463,0.244554
262,8.44551,0.289446
263,7.88696,0.35789
264,7.68776,0.235977
265,9.4618,0.347755
266,7.56329,0.372981
267,7.88546,0.509949
268,10.8973,0.578942
269,8.0899,0.560374
270,9.245,0.633152
271,7.32242,0.709376
272,8.62344,0.723768
273,10.8096,0.652773
274,9.55697,0.585641
275,7.39502,0.494271
276,9.26517,0.477891
277,9.96173,0.423942
278,12.9577,0.586709
279,15.2701,0.532861
280,12.14,0.486203
281,15.0569,0.427957
282,16.0546,0.489379
283,14.5998,0.392142
284,12.5116,0.461654
285,13.0021,0.636994
286,14.8435,0.576854
287,20.5239,0.478979
288,17.2825,0.651782
289,15.1372,0.462453
290,17.525,0.535421
291,17.3855,0.430034
292,16.866,0.525573
293,18.2393,0.522807
294,20.9701,0.376449
295,18.0115,0.410765
296,24.0937,0.521166
297,22.059,0.67942
298,24.8786,0.660318
299,25.2295,0.69573
300,21.3203,0.799549
301,26.7937,1.06369
302,26.7937,1.06369
303,27.5721,1.14566
304,27.7124,0.757728
305,29.1273,0.838561
306,18.4221,1.20266
307,21.5012,1.4434
308,19.001,1.16813
309,17.6341,1.40907
310,13.3256,1.23301
311,12.2749,1.68703
312,13.051,1.02371
313,16.0237,1.13144
314,15.2775,0.947897
315,14.8742,1.25365
316,14.1176,0.991358
317,14.1176,0.991358
318,15.4624,1.00452
319,15.4624,1.00452
320,17.2658,0.953364
321,18.5331,0.94653
322,14.9372,0.966523
323,14.044,0.872087
324,17.3576,0.77697
325,21.1928,0.473967
326,28.696,0.46372
327,32.0361,0.567995
328,29.8722,0.613468
329,25.65,0.755511
330,27.1348,0.87566
331,34.3374,0.669577
332,25.1848,0.63814
333,25.8974,0.700517
334,24.7052,0.632024
335,28.7178,0.642199
336,23.1543,0.672722
337,25.0616,0.455811
338,21.9294,0.421717
339,32.9708,0.435999
340,28.8605,0.395386
341,28.3202,0.295423
342,23.3289,0.311438
343,19.503,0.374097
344,15.9617,0.364296
345,17.4556,0.390551
346,17.6293,0.449463
347,18.9459,0.588142
348,15.0943,0.515692
349,18.5332,0.432566
350,19.6032,0.443171
351,21.987,0.321161
352,22.3292,0.274753
353,23.2929,0.380358
354,25.7274,0.402185
355,26.8727,0.372622
356,20.9417,0.453869
357,20.7428,0.399101
358,19.9364,0.324682
359,16.2319,0.368503
360,16.5691,0.344644
361,18.5988,0.319265
362,18.5858,0.255899
363,23.0665,0.392306
364,25.5104,0.336727
365,24.4583,0.362303
366,23.686,0.388247
367,29.0635,0.279438
368,27.256,0.296024
369,26.0076,0.191455
370,33.6387,0.199468
371,25.7945,0.302035
372,29.6429,0.343864
373,22.986,0.321055
374,23.2245,0.360796
375,19.7985,0.374344
376,19.7985,0.374344
377,19.4967,0.4111
378,20.3623,0.482294
379,20.599,0.362566
380,29.074,0.333024
381,28.3629,0.258627
382,30.1891,0.234367
383,30.3347,0.252594
384,32.7499,0.243945
385,37.4988,0.274954
386,33.7728,0.228057
387,31.6681,0.238665
388,38.7925,0.197884
389,34.0463,0.230135
390,30.1742,0.199922
391,37.9638,0.303784
392,28.5214,0.302167
393,30.7135,0.240076
394,30.7204,0.208549
395,28.5532,0.253297
396,24.9542,0.278962
397,21.667,0.244373
398,19.5279,0.329922
399,22.1716,0.262939
400,28.8934,0.312328
401,26.5295,0.429556
402,24.6474,0.345865
403,24.6474,0.345865
404,28.657,0.37433
405,20.8027,0.285909
406,24.6888,0.248518
407,24.6888,0.248518
408,20.6737,0.219836
409,23.9859,0.270702
410,25.7065,0.285642
411,21.3964,0.264556
412,21.3964,0.264556
413,21.3964,0.264556
414,22.8516,0.217977
415,18.7627,0.104749
416,19.7101,0.296055
417,21.6793,0.258696
418,16.9976,0.253952
419,21.3924,0.268559
420,20.9797,0.267638
421,23.9496,0.186545
422,23.9496,0.186545
423,19.4571,0.168848
424,20.5659,0.237371
425,14.4719,0.149495
426,21.5328,0.135551
427,19.1091,0.176991
428,21.4948,0.14724
429,22.2366,0.163328
430,13.9632,0.185785
431,18.562,0.166503
432,26.5339,0.21237
433,22.6066,0.130152
434,21.1398,0.151194
435,23.3278,0.169727
436,23.3278,0.169727
437,27.2081,0.119607
438,19.3651,0.124964
439,18.0209,0.140283
440,19.2132,0.178507
441,17.8419,0.223184
442,17.7103,0.231868
443,16.582,0.229733
444,14.2432,0.18459
445,11.8868,0.160641
446,10.5839,0.117668
447,10.5249,0.0978425
448,9.91488,0.107519
449,12.1847,0.0831006
450,10.6398,0.0611292
451,8.92762,0.0530253
452,10.499,0.0372082
453,9.0875,0.0313442
454,9.09607,0.00446417
455,11.3392,0.0193567
456,9.37184,0.0705409
457,11.3915,0.0355452
458,12.2999,0.0756554
459,8.77476,0.0498605
460,8.2546,0.0612883
461,7.47002,0.0729404
462,7.47002,0.0729404
463,7.52728,0.0265995
464,8.08707,0.0466539
465,8.66379,0.0454332
466,7.6116,0.0332295
467,9.03876,0.0870799
468,8.22004,0.0635378
469,7.20382,0.0788711
470,7.70882,0.0871114
471,8.45997,0.0992332
472,8.45997,0.0992332
473,7.32838,0.101708
474,6.80191,0.104843
475,6.4697,0.124161
476,7.8835,0.12945
477,6.52563,0.134514
478,8.19122,0.0944585
479,6.76981,0.154029
480,9.02992,0.142221
481,6.73989,0.140901
482,8.02777,0.213658
483,6.39301,0.213064
484,8.36315,0.131035
485,8.36315,0.131035
486,8.56751,0.160117
487,7.57868,0.146914
488,9.21346,0.115476
489,7.26537,0.154838
490,7.85018,0.165328
491,6.9244,0.152123
492,6.12474,0.231465
493,6.12474,0.231465
494,4.06344,0.165193
495,6.07494,0.145802
496,5.88965,0.167614
497,5.81731,0.191084
498,5.81731,0.191084
499,7.02443,0.209785
500,7.43994,0.29027
501,7.57211,0.316383
502,8.82233,0.216511
503,7.49872,0.259763
504,7.49872,0.259763
505,7.262,0.313728
506,6.78908,0.23383
507,7.82074,0.195444
508,8.61225,0.223998
509,11.2331,0.200519
510,11.2331,0.200519
511,7.71724,0.248126
512,9.50941,0.398294
513,8.60019,0.437416
514,8.953,0.395895
515,9.73528,0.350299
516,11.1247,0.408781
517,10.8163,0.392545
518,8.70445,0.48624
519,8.50628,0.478691
520,11.5837,0.268124
521,9.70531,0.320742
522,9.03074,0.3525
523,9.03074,0.3525
524,9.03074,0.3525
525,11.7201,0.333566
526,13.3967,0.452926
527,16.0325,0.41329
528,14.5445,0.459837
529,19.3762,0.513923
530,21.9254,0.605435
531,21.4558,0.475051
532,20.2528,0.535245
533,20.3953,0.467353
534,17.0931,0.42618
535,17.0931,0.42618
536,20.1981,0.583106
537,12.5954,0.637985
538,12.382,0.670524
539,12.382,0.670524
540,12.382,0.670524
541,13.31,0.606171
542,14.2927,0.575265
543,13.0462,0.715199
544,12.6086,0.987938
545,9.35448,0.931057
546,9.47732,0.945155
547,9.47732,0.945155
548,8.70689,1.12964
549,8.70689,1.12964
550,8.70689,1.12964
551,10.7726,0.926169
552,8.14034,0.791228
553,7.5079,0.80745
554,9.05189,0.804809
555,5.50207,1.05568
556,6.43258,0.933423
557,6.79934,0.900809
558,7.61082,1.17758
559,7.61082,1.17758
560,5.60981,1.33022
561,5.8758,1.44274
562,7.55014,1.78476
563,7.55014,1.78476
564,7.95913,1.091
565,12.7573,0.977004
566,10.5314,0.805202
567,11.305,0.719889
568,6.96106,0.71776
569,8.80566,0.73192
570,10.3496,0.816027
571,12.382,0.720093
572,8.36248,0.529628
573,9.33346,0.427895
574,9.06723,0.442982
575,9.06723,0.442982
576,9.12167,0.379032
577,9.82843,0.34799
578,10.8169,0.383239
579,10.925,0.360827
580,8.96229,0.492085
581,8.27824,0.540469
582,7.83166,0.659482
583,9.62598,0.672267
584,7.43913,0.762905
585,6.16486,0.602397
586,5.40477,0.542883
587,5.45243,0.608733
588,6.05963,0.532079
589,6.73059,0.548766
590,6.47107,0.469821
591,5.34945,0.423451
592,4.48176,0.594303
593,5.92472,0.591206
594,6.99317,0.590641
595,7.20307,0.62175
596,8.85699,0.596209
597,6.1121,0.57117
598,6.5035,0.562708
599,5.73504,0.72689
600,6.6479,0.703024
601,7.15767,0.678729
602,5.35286,0.614499
603,6.98575,0.494838
604,6.98575,0.494838
605,6.94671,0.589281
606,7.28963,0.573807
607,6.27035,0.631285
608,6.998,0.513471
609,5.99133,0.528203
610,4.91471,0.448574
611,4.91471,0.448574
612,5.70296,0.477225
613,7.93399,0.449541
614,6.44158,0.515439
615,6.38331,0.441391
616,6.02526,0.297854
617,5.5707,0.335686
618,4.85915,0.420991
619,5.22237,0.323948
620,4.10117,0.314106
621,4.78685,0.307911
622,4.70846,0.212273
623,5.53526,0.340115
624,5.78294,0.36421
625,5.18636,0.311678
626,4.28136,0.21907
627,4.51185,0.240966
628,3.87627,0.193723
629,5.2103,0.262479
630,3.75245,0.227757
631,3.35059,0.185558
632,4.32065,0.192228
633,6.14589,0.173858
634,6.16832,0.263619
635,7.06959,0.222674
636,5.95225,0.198039
637,6.06094,0.242187
638,5.44539,0.163064
639,6.92776,0.160157
640,6.92776,0.160157
641,6.93894,0.135325
642,6.52612,0.135258
643,6.1048,0.150139
644,6.80071,0.153132
645,6.13176,0.11372
646,7.54511,0.0848493
647,7.04071,0.0989124
648,6.25171,0.0692984
649,7.09071,0.0957199
650,7.73991,0.075559
651,7.89742,0.0779697
652,6.78616,0.0736659
653,7.16178,0.045651
654,7.40559,0.0744268
655,8.4306,0.0600344
656,6.35066,0.067761
657,5.41059,0.0592395
658,7.09433,0.0830615
659,7.12781,0.0967715
660,6.98297,0.0762189
661,6.47892,0.0632476
662,6.89948,0.063176
663,5.93564,0.0670077
664,6.84484,0.0641617
665,5.78568,0.0820836
666,6.73815,0.0750923
667,6.72657,0.0674162
668,6.72657,0.0674162
669,6.00773,0.106139
670,5.50771,0.0689849
671,7.12123,0.0821839
672,6.29771,0.0812635
673,6.19278,0.103348
674,5.73198,0.0598454
675,6.5032,0.0804344
676,6.55313,0.0816255
677,7.63067,0.104338
678,7.63067,0.104338
679,5.25614,0.0886999
680,8.12068,0.0937552
681,5.44623,0.0770991
682,4.57707,0.0687927
683,4.57707,0.0687927
684,5.4244,0.0817279
685,6.25121,0.111328
686,4.22287,0.134399
687,5.61719,0.0929309
688,5.61719,0.0929309
689,6.34302,0.0921219
690,8.2079,0.0661378
691,8.2079,0.0661378
692,8.11147,0.0550016
693,8.94401,0.0436464
694,8.00133,0.0429864
695,9.74055,0.0366548
696,9.74314,0.0467193
697,9.08777,0.0359424
698,8.05088,0.0391706
699,9.47581,0.0251323
700,9.28467,0.0244851
701,12.0632,0.0236483
702,11.1084,0.0165305
703,9.42485,0.0202038
704,10.9849,0.0338097
705,8.4864,0.0423428
706,11.0272,0.0215934
707,7.49054,0.0263436
708,7.7712,0.0194593
709,9.80305,0.0281276
710,11.4881,0.0201261
711,7.98762,0.0351705
712,8.76896,0.0423112
713,9.75153,0.0186887
714,10.6301,0.0252149
715,7.91466,0.0279091
716,9.62095,0.037643
717,7.21195,0.0493502
718,8.04515,0.024624
719,9.18639,0.038407
720,6.91498,0.0305957
721,5.94396,0.0213614
722,5.64981,0.0315816
723,4.86952,0.0204688
724,5.25025,0.0188002
725,5.63469,0.0277855
726,6.41258,0.0175787
727,6.06777,0.0072905
728,7.42005,0.011944
729,6.85281,0.0245333
730,6.90029,0.018828
731,7.57304,0.0228386
732,7.66064,0.0344605
733,6.26685,0.0496615
734,7.49751,0.0390156
735,7.63389,0.0233635
736,9.0564,0.0257026
737,7.85001,0.0404396
738,9.45399,0.0432769
739,11.0184,0.0305715
740,11.3343,0.0350959
741,12.6799,0.0351343
742,11.1735,0.0288859
743,11.1665,0.0161907
744,10.6959,0.023833
745,10.0307,0.0348404
746,10.0307,0.0348404
747,12.0823,0.0128982
748,16.2324,0.00973677
749,16.2324,0.00973677
750,17.2815,0.0238346
751,12.7201,0.0300993
752,11.9048,0.0193743
753,13.5236,0.0150428
754,12.702,0.00921505
755,13.0334,0.0127238
756,10.5056,0.0448331
757,10.6721,0.047522
758,10.0129,0.0226232
759,10.1341,0.0285708
760,11.4541,0.0411009
761,14.3274,0.0455452
762,11.5212,0.0223338
763,12.9518,0.0644777
764,16.501,0.0937431
765,16.8564,0.0543037
766,18.1771,0.0522753
767,19.5082,0.0615474
768,13.018,0.0738216
769,10.7754,0.0538334
770,10.9785,0.0716376
771,12.0677,0.051612
772,12.0677,0.051612
773,9.12792,0.0428613
774,11.5993,0.0588381
775,11.9369,0.0802746
776,12.4452,0.0726129
777,12.4452,0.0726129
778,10.8574,0.0733369
779,8.11354,0.0486205
780,8.11354,0.0486205
781,9.06991,0.0572508
782,9.06991,0.0572508
783,5.97629,0.0651012
784,7.17022,0.0706068
785,8.23442,0.0618363
786,8.23442,0.0618363
787,4.80392,0.0860495
788,4.74526,0.109178
789,4.85767,0.106775
790,5.17107,0.151234
791,3.97757,0.128938
792,4.65096,0.150474
793,3.95402,0.163295
794,3.79144,0.148925
795,4.06826,0.147665
796,3.99847,0.140426
797,4.34791,0.22181
798,4.18062,0.179027
799,4.53948,0.146745
800,5.06217,0.170312
801,3.86693,0.151947
802,3.86693,0.151947
803,3.75743,0.227708
804,3.34872,0.18367
805,3.13443,0.147844
806,3.73783,0.10492
807,4.7112,0.122745
808,6.33993,0.109571
809,5.05821,0.11572
810,5.70292,0.111209
811,4.69096,0.0912607
812,5.91714,0.10174
813,5.91714,0.10174
814,7.15196,0.0988483
815,2.6064,0.0982862
816,4.281,0.135873
817,2.77922,0.223475
818,3.41754,0.234992
819,3.86927,0.229926
820,2.68805,0.17821
821,2.7061,0.218629
822,4.59294,0.164609
823,3.60249,0.13698
824,3.1713,0.203654
825,4.22624,0.262654
826,2.97516,0.145912
827,2.57889,0.177159
828,4.99937,0.108911
829,3.70661,0.107668
830,4.11355,0.0640924
831,4.11355,0.0640924
832,4.11355,0.0640924
833,3.95325,0.0929684
834,3.65794,0.0835007
835,2.1608,0.118261
836,4.04621,0.127849
837,3.96972,0.111516
838,3.90819,0.138414
839,4.62053,0.112429
840,3.11799,0.0794807
841,2.47099,0.0840384
842,2.25866,0.103884
843,1.7548,0.178739
844,1.62363,0.149641
845,2.20308,0.282746
846,1.89812,0.364083
847,0.981382,0.274285
848,1.65551,0.371672
849,0.778201,0.591897
850,1.58096,0.598166
851,1.90472,0.402954
852,2.50055,0.326298
853,3.06474,0.309856
854,3.98714,0.343415
855,4.08763,0.278264
856,4.08763,0.278264
857,4.60218,0.240443
858,4.8276,0.209366
859,6.82582,0.1981
860,5.20378,0.180504
861,5.20378,0.180504
862,6.58236,0.112698
863,2.11632,0.138894
864,3.80398,0.111792
865,7.38772,0.143791
866,6.4851,0.136956
867,10.2417,0.120098
868,10.967,0.125033
869,6.90528,0.0753863
870,10.6125,0.0653197
871,10.6125,0.0653197
872,15.3905,0.0611085
873,10.4645,0.0439974
874,13.4004,0.0450911
875,15.5004,0.0586441
876,13.0933,0.0514928
877,10.0193,0.0421865
878,8.88393,0.0569167
879,9.297,0.100459
880,7.98176,0.0562063
881,8.64552,0.0845335
882,8.13661,0.0788825
883,9.98182,0.0701703
884,9.41481,0.072815
885,9.41481,0.072815
886,11.7513,0.10269
887,11.7513,0.10269
888,8.95014,0.0922773
889,6.71124,0.0851605
890,8.87729,0.0467886
891,8.87729,0.0467886
892,10.1347,0.0797136
893,8.71113,0.061281
894,9.24395,0.0828944
895,12.3388,0.0694461
896,12.3388,0.0694461
897,13.3431,0.0750041
898,15.4421,0.0522245
899,15.1996,0.0692114
900,12.4328,0.0471248
901,10.423,0.0537776
902,12.9777,0.0530457
903,11.9845,0.0678415
904,11.0235,0.088565
905,9.11186,0.1017
906,11.5315,0.0862842
907,12.5027,0.0661114
908,12.5027,0.0661114
909,12.5027,0.0661114
910,9.55354,0.086311
911,11.1986,0.0896343
912,9.96211,0.0876154
913,11.7317,0.105106
914,10.159,0.159096
915,10.159,0.159096
916,10.159,0.159096
917,7.53683,0.173733
918,9.61889,0.202786
919,9.69424,0.185886
920,9.69424,0.185886
921,11.7169,0.157516
922,11.6407,0.152408
923,9.50602,0.0889258
924,8.17796,0.0991335
925,8.63449,0.0910889
926,7.90722,0.112012
927,11.669,0.104335
928,11.6367,0.112459
929,6.99327,0.0960223
930,12.5728,0.0977162
931,18.0547,0.0909394
932,15.4322,0.151363
933,10.4278,0.151776
934,11.8423,0.113935
935,6.50851,0.105768
936,7.33833,0.0775541
937,9.58675,0.124209
938,9.58675,0.124209
939,8.26701,0.0918565
940,10.3259,0.0936791
941,8.90822,0.0947805
942,13.8332,0.147934
943,13.1722,0.173458
944,9.10226,0.161677
945,7.00164,0.103281
946,11.9421,0.152236
947,19.8901,0.156768
948,25.7822,0.235132
949,24.6273,0.196046
950,17.1821,0.111725
951,8.84692,0.13374
952,8.11291,0.232726
953,12.79,0.21994
954,11.0478,0.26712
955,10.7757,0.191501
956,9.7818,0.235525
957,6.60412,0.226737
958,9.4849,0.14964
959,9.08678,0.192778
960,9.08678,0.192778
961,14.9642,0.220955
962,10.5555,0.235027
963,10.7431,0.327154
964,10.6426,0.25632
965,8.95656,0.385974
966,5.64456,0.525126
967,2.84891,0.640312
968,4.19837,0.680933
969,1.85995,0.841655
970,3.38888,0.864602
971,3.38888,0.864602
972,4.02294,0.664894
973,1.62194,0.580654
974,3.18524,0.673074
975,1.82129,0.766452
976,6.07892,0.918935
977,6.46658,0.964051
978,7.45531,1.16942
979,6.17742,1.17893
980,6.01082,1.30877
981,6.35274,1.26963
982,3.59012,1.09125
983,3.7764,1.00497
984,5.35559,1.06579
985,3.52533,1.35271
986,3.73512,1.184
987,5.48134,1.49773
988,4.29736,1.19465
989,4.20488,1.48342
990,5.75435,1.23658
991,4.94309,1.30259
992,6.81911,1.3629
993,5.04935,1.61124
994,5.04935,1.61124
995,4.73358,1.12543
996,4.73358,1.12543
997,3.94352,1.37448
998,7.35667,1.33789
999,9.36341,0.908506
1000,9.36341,0.908506
1001,11.2581,1.11682
1002,15.7656,1.15089
1003,14.0073,1.06958
1004,12.667,1.42615
1005,9.21916,1.09626
1006,8.052,0.943399
1007,10.6585,0.816786
1008,16.4223,0.926958
1009,10.1992,0.837554
1010,9.29013,0.454495
1011,18.9612,0.842182
1012,12.9611,0.731873
1013,12.9208,0.740926
1014,12.9208,0.740926
1015,12.0276,0.843989
1016,18.0901,0.647651
1017,17.786,0.728706
1018,20.5153,0.579842
1019,16.9356,0.502724
1020,9.12174,0.542961
1021,16.7665,0.673379
1022,6.72021,0.644898
1023,9.33315,0.663979
1024,12.0223,0.870653
1025,11.0268,1.05638
1026,12.9655,1.19762
1027,22.9946,1.17979
1028,22.9946,1.17979
1029,20.409,1.17877
1030,17.2443,1.09384
1031,24.4263,0.973171
1032,13.4256,1.28396
1033,11.9341,1.18072
1034,13.2968,1.47438
1035,12.948,1.62099
1036,13.5683,1.41745
1037,12.5251,1.81162
1038,13.869,1.67272
1039,11.8322,1.27491
1040,10.1708,1.55988
1041,11.6209,1.36388
1042,9.49114,1.83855
1043,10.379,2.3681
1044,13.7883,2.05014
1045,17.6036,1.86023
1046,28.3613,1.90924
1047,19.8773,1.98163
1048,11.5187,2.60045
1049,15.2134,2.05999
1050,7.54119,3.22834
1051,3.99422,3.09131
1052,3.88648,4.0439
1053,5.58925,3.70704
1054,6.16161,3.55815
1055,11.3031,3.61338
1056,13.8171,5.30677
1057,13.8171,5.30677
1058,16.7537,5.54861
1059,16.3939,6.22082
1060,17.8625,5.38934
1061,14.4355,5.81935
1062,12.3922,6.74447
1063,11.5844,6.78221
1064,14.8478,6.07369
1065,12.7855,7.50728
1066,18.8119,6.98511
1067,17.1619,5.98448
1068,13.4888,5.02001
1069,10.2249,5.62722
1070,8.8709,5.58592
1071,9.9942,7.20711
1072,8.77443,7.92174
1073,4.65832,8.65722
1074,5.37062,6.1018
1075,8.69393,6.11892
1076,7.49175,8.17454
1077,7.49175,8.17454
1078,8.26755,6.9006
1079,7.6514,7.16477
1080,8.18496,6.86849
1081,9.15325,5.4181
1082,7.10881,7.29268
1083,7.44205,7.58952
1084,5.18748,7.11814
1085,5.18748,7.11814
1086,4.72329,7.2127
1087,2.42382,6.329
1088,1.66238,5.56911
1089,4.17321,5.90703
1090,9.41029,3.97201
1091,10.7612,3.34892
1092,7.96874,2.69046
1093,29.9403,2.71164
1094,27.3658,2.77268
1095,20.6995,2.51279
1096,21.9596,2.29493
1097,23.9568,2.72597
1098,26.5168,3.36902
1099,16.4086,3.62778
1100,23.1356,3.76486
1101,20.4064,4.07841
1102,19.2438,3.19258
1103,19.2438,3.19258
1104,18.9439,3.37067
1105,18.525,4.07772
1106,12.4463,3.78558
1107,10.925,4.59859
1108,15.3209,5.57959
1109,9.51272,6.36164
1110,18.7239,5.11787
1111,29.071,7.19734
1112,18.3945,7.62398
1113,23.5823,9.04854
1114,28.8375,9.47093
1115,41.546,8.27181
1116,32.1516,9.94477
1117,36.7123,9.47321
1118,48.0543,8.53453
1119,28.0778,8.83125
1120,22.5838,7.34892
1121,31.557,6.81383
1122,105.231,7.03358
1123,109.309,5.85781
1124,92.6159,6.74651
1125,12.7551,7.35005
1126,51.9237,7.37768
1127,51.9237,7.37768
1128,16.9659,5.63746
1129,18.6518,7.85492
1130,12.2115,6.94282
1131,10.6851,9.39891
1132,2.16949,9.31862
1133,12.0251,8.67639
1134,18.2805,9.2517
1135,10.4192,8.56718
1136,3.08902,9.67737
1137,5.06596,10.115
1138,2.2814,8.7788
1139,4.13767,7.00253
1140,4.98718,6.54215
1141,4.98718,6.54215
1142,16.1334,6.77152
1143,17.5227,4.89207
1144,13.9213,5.0755
1145,29.3173,5.70205
1146,29.3173,5.70205
1147,6.47552,5.51913
1148,25.3058,4.80012
1149,25.3058,4.80012
1150,37.8364,3.78214
1151,38.7537,3.49005
1152,53.1753,4.4241
1153,60.6351,2.67464
1154,41.7964,2.85019
1155,70.2333,3.37252
1156,64.3991,2.93383
1157,14.6459,2.51051
1158,12.7909,3.15905
1159,12.7909,3.15905
1160,13.2452,3.00362
1161,6.50256,3.11023
1162,25.0173,3.22049
1163,13.4336,3.6988
1164,12.1159,4.66263
1165,20.9514,3.62096
1166,26.3228,4.06191
1167,10.0069,4.4049
1168,21.2152,4.85617
1169,7.86716,6.98699
1170,11.7713,5.07766
1171,14.7496,6.444
1172,20.5356,6.94744
1173,25.8266,6.70103
1174,28.7932,6.0272
1175,15.5524,5.75509
1176,15.5524,5.75509
1177,8.16595,6.30887
1178,5.76064,6.65539
1179,8.09446,6.07995
1180,24.0206,7.17575
1181,24.0206,7.17575
1182,29.2704,7.88523
1183,18.7755,8.15844
1184,18.8807,7.55631
1185,17.5411,7.01608
1186,14.7676,8.27873
1187,8.62679,10.2672
1188,11.3392,10.9743
1189,24.6443,10.1815
1190,35.1289,8.81584
1191,13.5564,10.1701
1192,25.3574,10.1406
1193,25.3574,10.1406
1194,43.5411,9.28182
1195,21.5809,12.0925
1196,28.1889,12.8905
1197,25.215,16.8535
1198,24.1736,19.8674
1199,31.3459,17.5464
1200,50.052,19.3175
1201,37.9655,23.2763
1202,47.7435,17.6447
1203,41.2742,16.2267
1204,41.2742,16.2267
1205,52.4195,12.7884
1206,25.6219,12.6943
1207,42.5826,13.6626
1208,40.0006,13.8741
1209,25.0959,14.2819
1210,29.1644,16.8513
1211,33.3428,15.8272
1212,18.4064,18.5005
1213,25.2396,20.3
1214,9.95667,14.596
1215,5.84978,15.7157
1216,2.49566,14.7923
1217,3.13971,22.4409
1218,13.728,16.7822
1219,11.8304,17.2853
1220,8.23709,12.2755
1221,5.55092,15.7239
1222,18.5445,14.2368
1223,31.7198,14.1419
1224,33.6301,16.0526
1225,52.3907,14.3257
1226,65.9623,23.6169
1227,47.0302,21.0968
1228,40.6352,23.3984
1229,10.0864,25.2567
1230,8.40641,23.4736
1231,10.3922,19.3503
1232,11.3069,18.2695
1233,12.5639,17.7866
1234,17.6501,15.7422
1235,2.65661,15.0196
1236,6.08802,13.3438
1237,2.38094,14.6877
1238,10.0005,12.2805
1239,21.5479,10.5034
1240,21.5479,10.5034
1241,4.8489,14.4593
1242,3.75783,16.1252
1243,5.27538,12.8703
1244,9.12159,10.1778
1245,12.151,11.8757
1246,15.3978,13.8842
1247,4.74479,14.7742
1248,4.47321,13.8402
1249,3.68882,12.3666
1250,1.58221,12.816
1251,2.24653,12.191
1252,2.00249,14.162
1253,1.70118,18.0476
1254,3.73697,18.1407
1255,2.21579,16.6741
1256,3.40062,21.3035
1257,3.01296,25.6097
1258,3.01296,25.6097
1259,2.73307,24.0847
1260,1.49899,32.2478
1261,1.49899,32.2478
1262,1.49899,32.2478
1263,1.66545,34.5308
1264,2.14427,35.793
1265,2.29351,43.6512
1266,2.04214,45.9123
1267,4.82683,51.6898
1268,4.82683,51.6898
1269,3.51676,53.1619
1270,4.86223,57.9106
1271,3.68142,56.9194
1272,4.86779,54.7795
1273,3.34632,54.705
1274,2.89322,70.6498
1275,1.18874,72.8707
1276,1.45816,78.6487
1277,1.70389,66.5783
1278,1.7745,68.7244
1279,1.08158,70.2813
1280,2.2844,58.7269
1281,2.32923,59.6483
1282,1.85611,56.2331
1283,2.57357,53.3171
1284,2.7159,52.6693
1285,2.76431,43.6718
1286,2.64322,42.2351
1287,1.35868,44.5811
1288,1.35868,44.5811
1289,1.80416,43.1036
1290,3.94782,50.3223
1291,4.14209,41.4516
1292,5.16657,34.8992
1293,5.00451,40.8056
1294,5.57211,39.0462
1295,5.57211,39.0462
1296,3.2837,44.5976
1297,6.44334,45.5882
1298,11.2657,44.7001
1299,7.2688,37.4095
1300,3.91911,40.2634
1301,4.61321,34.2857
1302,6.94904,34.8218
1303,6.91574,26.6831
1304,5.44076,28.135
1305,9.01047,25.3726
1306,8.08014,20.5658
1307,8.04689,16.8358
1308,5.96864,16.6219
1309,5.96864,16.6219
1310,5.77434,17.9068
1311,14.5607,18.0883
1312,7.72077,12.5387
1313,8.50316,16.4604
1314,9.48392,14.05
1315,5.02297,14.9078
1316,27.9302,14.9347
1317,27.9302,14.9347
1318,36.5954,26.7121
1319,12.7584,25.4581
1320,13.9581,27.0916
1321,18.423,23.2214
1322,23.2074,20.6737
1323,12.6474,20.0611
1324,14.0811,29.1525
1325,25.7258,33.2604
1326,15.9136,28.6218
1327,13.969,23.4785
1328,23.5117,19.7957
1329,20.1482,17.4624
1330,26.6917,15.5683
1331,8.68509,18.6408
1332,9.11489,18.4313
1333,13.8689,19.5286
1334,18.4569,22.6289
1335,18.4569,22.6289
1336,18.4569,22.6289
1337,12.7001,21.3433
1338,20.5373,19.6241
1339,20.5373,19.6241
1340,18.094,16.8032
1341,27.736,15.0745
1342,28.0531,12.5708
1343,23.1224,12.6963
1344,43.7718,12.5691
1345,33.4878,10.1562
1346,33.4265,10.229
1347,27.1045,11.4456
1348,20.2607,14.5121
1349,32.0459,16.0851
1350,18.9447,14.4756
1351,18.6622,15.4309
1352,18.5601,18.214
1353,17.7459,20.8073
1354,28.0826,18.9323
1355,31.6934,16.8564
1356,29.2465,14.3328
1357,19.0294,16.1937
1358,10.9308,15.9428
1359,10.2679,15.2377
1360,13.7095,15.0899
1361,22.7237,14.6956
1362,9.48036,17.1499
1363,9.48036,17.1499
1364,11.1285,17.8086
1365,10.352,17.9474
1366,7.07536,12.0418
1367,14.8428,9.97273
1368,9.17239,11.2211
1369,8.35949,11.3374
1370,8.35949,11.3374
1371,8.35949,11.3374
1372,10.7699,8.83291
1373,4.9088,10.0762
1374,3.26594,12.5784
1375,1.07025,14.6052
1376,5.13687,14.2237
1377,8.42268,13.367
1378,6.24392,10.994
1379,4.73341,12.0032
1380,5.60037,12.5926
1381,6.14442,12.2356
1382,6.52138,10.48
1383,3.28372,10.1759
1384,7.78376,9.68048
1385,3.64599,9.29574
1386,5.7588,9.89144
1387,4.403,12.5004
1388,8.97882,16.8475
1389,5.58484,15.568
1390,5.84768,17.9819
1391,5.99583,13.4572
1392,3.95247,12.6952
1393,3.60902,12.0017
1394,3.25999,11.8415
1395,2.66116,11.1815
1396,2.09347,11.9865
1397,4.32644,12.7464
1398,2.78179,13.5916
1399,6.15766,11.0856
1400,5.63009,8.69246
1401,5.22148,8.62428
1402,5.22148,8.62428
1403,3.42618,9.31584
1404,3.26697,9.30127
1405,3.26697,9.30127
1406,13.447,12.5627
1407,8.70917,11.6574
1408,8.00166,13.3968
1409,11.2372,14.0169
1410,16.6241,17.5954
1411,24.1343,19.3629
1412,25.848,21.4649
1413,47.1735,20.1305
1414,25.7582,24.4599
1415,8.67827,18.4927
1416,28.3467,21.6068
1417,49.9519,23.8154
1418,46.1174,25.969
1419,71.7776,30.2855
1420,26.8995,32.0525
1421,26.8995,32.0525
1422,22.6244,37.634
1423,45.2925,40.7004
1424,30.928,40.6207
1425,30.928,40.6207
1426,63.4161,28.2352
1427,98.0823,23.0782
1428,53.4327,22.7314
1429,69.5518,20.2328
1430,77.8206,24.8
1431,53.4132,25.0276
1432,73.1517,26.7121
1433,95.8776,23.4005
1434,131.44,23.7759
1435,129.707,21.8452
1436,116.539,23.5768
1437,126.638,23.3194
1438,130.139,23.7848
1439,62.9977,24.5367
1440,96.3259,19.4615
1441,74.3777,17.9208
1442,19.5405,16.0377
1443,32.0667,17.987
1444,44.5827,23.4486
1445,76.7574,20.6545
1446,82.8386,19.7767
1447,82.8386,19.7767
1448,132.534,23.886
1449,110.048,22.22
1450,103.998,19.8543
1451,113.566,19.7457
1452,146.279,21.6207
1453,56.6194,23.2193
1454,85.8908,22.9409
1455,57.158,22.3362
1456,41.2862,18.2757
1457,29.9755,14.8238
1458,35.6482,18.7936
1459,25.6643,22.5218
1460,8.25143,20.4563
1461,11.0324,35.1765
1462,5.89261,29.963
1463,12.511,24.1901
1464,7.88001,26.7223
1465,5.12938,27.9295
1466,3.94472,19.4331
1467,12.4068,15.4408
1468,5.56062,13.2885
1469,16.9951,14.7155
1470,21.0353,12.1195
1471,13.5345,13.8183
1472,14.4272,14.9746
1473,12.2351,17.3101
1474,27.9765,17.3823
1475,48.3477,20.0818
1476,19.9695,22.6274
1477,52.4282,26.4296
1478,39.4574,22.8023
1479,39.0551,15.5877
1480,47.1151,15.8803
1481,15.163,15.7466
1482,17.3714,14.69
1483,26.3163,14.9
1484,29.4327,18.3514
1485,27.0256,21.4835
1486,23.8655,18.1012
1487,17.296,15.2907
1488,17.6294,15.8452
1489,19.0745,11.3935
1490,21.0005,10.2739
1491,13.7513,12.6541
1492,20.0287,13.1771
1493,44.8798,13.6282
1494,45.9285,16.36
1495,57.5304,18.2234
1496,57.5304,18.2234
1497,28.5261,14.6817
1498,28.5261,14.6817
1499,39.9434,18.9422
1500,39.9434,18.9422
1501,28.3862,18.5917
1502,24.0556,18.4317
1503,43.3134,24.4673
1504,49.4625,31.4341
1505,90.5184,30.918
1506,73.1196,28.5889
1507,105.38,29.9938
1508,60.5386,32.9055
1509,42.1316,30.51
1510,123.144,38.5019
1511,113.104,31.5296
1512,127.114,31.1076
1513,120.597,31.356
1514,137.626,30.9143
1515,137.626,30.9143
1516,101.905,29.9066
1517,101.373,31.0437
1518,196.895,24.7394
1519,153.841,24.943
1520,153.237,37.2029
1521,67.7412,35.7449
1522,73.6447,31.3798
1523,73.6447,31.3798
1524,62.5312,32.2457
1525,48.9016,27.3652
1526,24.2842,23.0147
1527,39.1597,21.6896
1528,39.1597,21.6896
1529,21.8072,27.752
1530,45.6754,31.3221
1531,40.8169,29.2658
1532,15.1025,25.3937
1533,7.85301,26.6291
1534,7.85301,26.6291
1535,9.15924,26.776
1536,11.9948,24.5596
1537,15.3026,24.7367
1538,5.35469,18.4895
1539,10.2534,16.3754
1540,11.3007,14.3521
1541,9.78554,13.0748
1542,23.5811,13.5533
1543,14.6659,10.9145
1544,9.94656,13.6996
1545,18.5283,10.8911
1546,11.3317,11.5321
1547,15.1036,12.3824
1548,13.94,11.5152
1549,4.87937,14.4485
1550,5.78832,13.8103
1551,6.29032,11.0338
1552,3.01519,10.976
1553,1.73314,10.9872
1554,1.62689,10.4651
1555,3.9893,9.47967
1556,7.38294,9.02021
1557,3.72065,9.5691
1558,2.2017,10.1528
1559,0.380235,11.4427
1560,0.54063,12.993
1561,0.0655931,10.562
1562,1.01572,11.7723
1563,0.5116,14.8061
1564,4.92134,11.3584
1565,4.08954,14.9035
1566,4.16967,17.5992
1567,1.59798,24.3182
1568,2.24285,22.5278
1569,3.23562,16.6211
1570,1.47138,16.0289
1571,2.40844,14.1326
1572,0.177417,12.2996
1573,1.11925,12.0646
1574,5.06022,13.4957
1575,2.59564,12.0521
1576,4.60165,12.3355
1577,7.39843,12.5166
1578,8.53497,12.3195
1579,7.87425,12.1998
1580,10.1288,10.5615
1581,13.4454,10.7101
1582,14.6716,8.23195
1583,15.7098,11.678
1584,18.3781,12.3753
1585,23.3246,10.4182
1586,17.4021,9.78682
1587,21.2823,12.7557
1588,18.3274,15.2894
1589,35.2308,18.4484
1590,26.4878,17.0612
1591,15.8413,15.6365
1592,18.06,15.1911
1593,15.6321,20.5356
1594,20.007,19.6753
1595,23.4956,24.0879
1596,23.6463,27.906
1597,21.908,25.5141
1598,24.6612,21.1975
1599,19.6112,26.0244
1600,28.1194,24.7376
1601,25.1726,20.2595
1602,20.2939,20.1159
1603,22.257,22.5809
1604,29.6876,27.9495
1605,33.0389,23.4924
1606,16.1466,25.7208
1607,6.73493,22.8035
1608,17.4053,27.4074
1609,42.1084,28.4223
1610,26.5965,28.8254
1611,16.688,37.9711
1612,29.1071,32.8814
1613,20.5281,34.0351
1614,45.0635,31.5477
1615,50.2661,42.9293
1616,23.5195,40.3871
1617,91.4746,33.5524
1618,101.938,22.9894
1619,78.3142,24.5028
1620,83.4635,23.6515
1621,69.6113,22.3777
1622,91.5812,20.8106
1623,68.4164,17.2521
1624,48.7228,17.9494
1625,212.787,20.3518
1626,172.29,18.4764
1627,201.658,19.8198
1628,28.945,24.8527
1629,103.488,25.6148
1630,193.101,28.4083
1631,193.101,28.4083
1632,106.948,32.8757
1633,358.416,31.6076
1634,273.674,25.1499
1635,326.924,37.3112
1636,326.924,37.3112
1637,322.776,35.446
1638,288.15,40.2736
1639,88.7408,39.4568
1640,77.3547,32.4247
1641,149.127,28.8097
1642,149.39,26.2108
1643,130.481,24.5958
1644,85.7724,22.2744
1645,76.0263,21.5382
1646,62.0084,20.0727
1647,37.0076,18.8064
1648,32.3798,20.6831
1649,77.0302,21.6755
1650,58.3811,24.8854
1651,62.5752,25.5151
1652,20.7784,24.7019
1653,42.4213,20.0537
1654,46.3977,25.6758
1655,100.808,21.1792
1656,105.38,25.8217
1657,105.38,25.8217
1658,66.0921,22.6777
1659,52.2732,20.4634
1660,58.5712,25.3715
1661,33.597,26.2482
1662,38.8331,22.0327
1663,55.637,23.7282
1664,99.3854,22.9541
1665,35.9927,28.6875
1666,123.226,25.4583
1667,125.657,24.0571
1668,27.2216,21.9031
1669,73.7209,20.5491
1670,193.653,18.4794
1671,41.7545,20.6747
1672,59.5021,23.379
1673,37.4905,19.7119
1674,25.1561,22.8359
1675,54.6092,18.0319
1676,83.5295,20.8593
1677,59.9182,19.4
1678,3.01562,13.8319
1679,29.2067,16.9674
1680,11.8545,17.6106
1681,27.2954,20.3652
1682,27.2954,20.3652
1683,43.5752,16.4107
1684,48.8791,15.8772
1685,53.1037,18.6195
1686,44.0619,13.7403
1687,28.4902,16.0874
1688,49.3763,21.1237
1689,55.1911,19.1694
1690,55.1911,19.1694
1691,55.1911,19.1694
1692,63.6805,20.4072
1693,56.2424,17.8576
1694,64.6662,28.0725
1695,68.2163,20.8525
1696,101.252,22.515
1697,52.0558,21.0257
1698,65.0532,26.1385
1699,44.2056,22.2725
1700,32.2655,19.8828
1701,9.50795,15.2458
1702,64.4441,12.914
1703,92.6663,13.9299
1704,92.6663,13.9299
1705,92.6663,13.9299
1706,38.141,12.3299
1707,98.4674,15.3254
1708,162.367,15.0432
1709,167.977,13.2049
1710,434.907,11.4016
1711,187.185,12.5402
1712,369.244,13.8612
1713,181.759,13.6567
1714,172.035,14.8813
1715,125.664,15.6057
1716,104.581,14.8294
1717,64.053,16.0108
1718,149.945,16.0728
1719,109.53,18.776
1720,130.752,18.1781
1721,174.816,16.1236
1722,187.609,18.5881
1723,119.074,26.4991
1724,191.583,24.1889
1725,198.572,25.3283
1726,206.991,24.9138
1727,206.991,24.9138
1728,87.6386,20.2843
1729,143.401,19.9323
1730,116.08,18.3852
1731,212.764,14.7842
1732,134.903,20.3347
1733,178.193,24.132
1734,334.305,27.4264
1735,150.345,24.449
1736,128.349,30.4146
1737,249.135,31.1587
1738,256.307,34.3975
1739,196.889,44.8199
1740,184.383,50.9711
1741,178.177,62.82
1742,150.827,68.3333
1743,65.6802,68.5592
1744,118.889,66.958
1745,131.795,59.2304
1746,422.393,53.9565
1747,195.737,49.8574
1748,97.9581,46.3904
1749,175.253,31.2733
1750,108.622,32.8191
1751,51.789,31.862
1752,31.7256,39.5203
1753,44.8318,36.1323
1754,189.869,31.6117
1755,286.213,35.0695
1756,53.1863,23.8032
1757,43.8738,22.1094
1758,81.5499,25.1079
1759,80.4706,28.2445
1760,71.6306,26.7253
1761,62.6986,18.8795
1762,90.3482,21.3812
1763,90.3482,21.3812
1764,89.5919,18.3101
1765,42.4196,15.2634
1766,114.945,13.5905
1767,50.7832,15.3781
1768,44.9004,14.684
1769,50.1997,14.9431
1770,40.3021,15.1928
1771,34.8882,15.0612
1772,81.1928,17.4016
1773,30.3505,16.993
1774,30.3505,16.993
1775,30.3505,16.993
1776,30.3505,16.993
1777,62.3917,19.8356
1778,43.9712,15.209
1779,86.0613,15.5913
1780,119.849,14.2622
1781,122.137,15.0143
1782,110.466,17.6224
1783,121.749,17.3822
1784,168.575,19.1704
1785,179.881,18.6161
1786,218.977,18.6918
1787,190.7,14.9116
1788,297.826,16.6408
1789,297.826,16.6408
1790,319.537,14.0528
1791,252.847,15.9869
1792,290.978,23.0534
1793,222.147,24.8731
1794,145.311,32.4346
1795,145.311,32.4346
1796,113.565,33.9648
1797,96.49,32.0752
1798,176.425,29.8569
1799,241,35.7372
1800,381.719,38.1632
1801,381.719,38.1632
1802,154.283,43.609
1803,113.872,39.3765
1804,78.9517,41.6533
1805,208.249,41.8659
1806,243.614,36.7571
1807,268.223,27.0286
1808,40.6395,29.7627
1809,4.79724,30.6584
1810,140.868,27.6769
1811,39.1913,24.1161
1812,122.659,22.8538
1813,226.011,21.5648
1814,226.011,21.5648
1815,95.4486,25.8408
1816,386.311,26.159
1817,307.626,24.7921
1818,307.626,24.7921
1819,404.181,28.3855
1820,575.618,32.9367
1821,772.04,35.503
1822,369.502,36.089
1823,369.502,36.089
1824,784.498,43.0206
1825,801.884,36.3017
1826,529.805,36.3515
1827,490.868,33.0673
1828,369.245,35.0866
1829,570.886,34.444
1830,570.886,34.444
1831,570.886,34.444
1832,585.739,35.2162
1833,199.884,47.0659
1834,680.343,40.1274
1835,660.257,33.9902
1836,773.566,39.796
1837,637.546,41.1093
1838,314.141,32.8021
1839,354.909,27.4794
1840,720.765,25.9646
1841,632.126,34.825
1842,416.002,29.9117
1843,235.693,34.5135
1844,297.191,34.5401
1845,359.613,27.8012
1846,359.613,27.8012
1847,286.286,26.6439
1848,296.328,31.3398
1849,423.311,29.5962
1850,505.832,28.1154
1851,459.534,28.0796
1852,459.534,28.0796
1853,348.151,30.9374
1854,310.742,32.6917
1855,310.742,32.6917
1856,532.576,41.3679
1857,815.679,50.39
1858,358.13,42.7074
1859,442.626,43.8738
1860,632.677,31.838
1861,409.288,36.3781
1862,432.404,32.8809
1863,371.417,30.4449
1864,305.656,34.3864
1865,253.898,25.8609
1866,185.974,26.5263
1867,195.941,25.0881
1868,261.517,25.6309
1869,168.733,23.7085
1870,133.439,29.1673
1871,475.114,23.7286
1872,198.999,29.5523
1873,351.873,28.1792
1874,549.68,19.7033
1875,461.514,24.2214
1876,451.871,20.2213
1877,606.106,25.0493
1878,591.518,23.6481
1879,527.553,31.8595
1880,1100.75,34.2489
1881,1432.34,31.9129
1882,1754.6,31.2169
1883,1538.57,27.8601
1884,1016.73,26.7978
1885,1199.73,21.2597
1886,1098.85,26.4487
1887,1098.85,26.4487
1888,768.507,29.0987
1889,1198.66,29.3561
1890,727.417,28.718
1891,727.417,28.718
1892,1033.58,28.5678
1893,1033.58,28.5678
1894,692.554,27.8232
1895,669.685,32.3011
1896,528.595,27.8561
1897,877.006,34.3245
1898,941.145,38.824
1899,1716.76,55.5133
1900,2399.28,63.7271
1901,1634.52,62.2806
1902,2218.42,43.7757
1903,1634.38,37.6147
1904,1158.27,33.6045
1905,2546.04,32.7965
1906,1730.04,33.8058
1907,1535.53,39.5269
1908,2453.45,39.5619
1909,2679.08,32.4002
1910,1784.18,34.103
1911,1784.18,34.103
1912,1784.18,34.103
1913,1784.18,34.103
1914,2226.56,28.6294
1915,1884.78,28.9767
1916,1732.23,32.0471
1917,1248.14,28.6719
1918,1726.05,25.4425
1919,1726.05,25.4425
1920,1608.16,27.3515
1921,1010.92,33.6211
1922,566.057,34.9944
1923,927.026,38.1182
1924,927.026,38.1182
1925,1006.21,37.9863
1926,773.005,40.6874
1927,1402.77,45.2702
1928,1663.85,40.2459
1929,1382.62,34.0506
1930,1352.04,39.3881
1931,1706.25,42.7049
1932,1906.77,36.2073
1933,1682.98,38.3561
1934,954.039,37.669
1935,881.458,32.5321
1936,848.493,29.3757
1937,467.738,23.1644
1938,1080.72,25.5821
1939,1244.92,24.334
1940,1766,21.4373
1941,446.885,19.6918
1942,391.246,24.1807
1943,634.202,28.9089
1944,2084.35,25.3888
1945,2734.76,22.7235
1946,2038.34,23.474
1947,1323.02,19.8191
1948,1133.8,20.6849
1949,671.325,18.1578
1950,1194.53,13.9639
1951,1313.11,14.2733
1952,1414.17,10.5046
1953,2164.43,13.4151
1954,1010.5,14.8548
1955,1293.81,11.0166
1956,604.256,14.0707
1957,604.256,14.0707
1958,2484.15,13.755
1959,2144.4,13.3764
1960,1382.77,10.8783
1961,2113.52,14.4477
1962,2113.52,14.4477
1963,1639.38,16.8095
1964,1645.95,21.3359
1965,1086.26,17.925
1966,1086.26,17.925
1967,499.206,22.6137
1968,410.839,26.4632
1969,849.309,38.6875
1970,886.853,37.1834
1971,698.573,38.6741
1972,1258.22,40.7821
1973,952.983,47.8029
1974,720.509,53.2285
1975,1029.15,71.3336
1976,610.811,60.2273
1977,709.325,62.1889
1978,1386.02,66.3697
1979,1621.16,65.8237
1980,1329.39,49.0211
1981,1329.39,49.0211
1982,1329.39,49.0211
1983,1288.84,51.5834
1984,1288.84,51.5834
1985,1954.67,40.798
1986,1058.96,36.5259
1987,1035.97,35.7242
1988,365.007,25.4936
1989,430.85,22.1506
1990,251.942,23.1623
1991,128.384,25.109
1992,720.57,25.6903
1993,362.144,22.991
1994,378.286,20.2928
1995,1092.55,22.8604
1996,900.597,25.6761
1997,1816.62,27.4206
1998,2801.52,19.838
1999,1547.46,17.7975
2000,2824.85,17.2391
2001,2729.95,20.0123
2002,4159.35,15.4903
2003,4159.35,15.4903
2004,7810.65,14.3201
2005,12376.5,21.2423
2006,5984.76,20.4017
2007,4193.92,18.3015
2008,5640.77,19.8113
2009,4369.66,20.1294
2010,5429.74,22.6808
2011,5429.74,22.6808
2012,5755.49,26.1325
2013,7348.56,22.5529
2014,4162,27.8123
2015,2513.47,25.1675
2016,6619.1,25.2856
2017,3231.58,28.7453
2018,3254.62,21.9906
2019,5677.27,25.4163
2020,9582.7,22.3747
2021,9582.7,22.3747
2022,10757.7,30.6567
2023,12452.9,33.9491
2024,7874.34,29.0212
2025,10257.5,23.3996
2026,11402.3,27.3196
2027,7567.74,21.2491
2028,2792.5,22.7954
2029,483.523,20.8203
2030,2002.63,24.2845
2031,2664.48,25.4644
2032,3163.61,24.6458
2033,3991.11,34.2271
2034,3172.29,40.9626
2035,3055.62,39.1208
2036,3409.2,34.983
2037,3409.2,34.983
2038,2117.81,30.6541
2039,1435.02,31.4166
2040,2764.23,30.807
2041,2802.19,30.7618
2042,5639.07,37.8053
2043,5509.49,48.9284
2044,2299.66,45.0177
2045,8468.39,42.3237
2046,10989.5,45.5593
2047,10989.5,45.5593
2048,10989.5,45.5593
2049,4405.01,54.3703
2050,8365.01,54.7209
2051,3618.34,61.5192
2052,2510.6,69.7952
2053,2510.6,69.7952
2054,6512.6,61.7492
2055,4850.73,54.0536
2056,4738.1,53.951
2057,8745.33,57.2165
2058,5453.7,59.0593
2059,8854.62,68.706
2060,2111.5,62.462
2061,9142.24,54.9704
2062,14921.3,42.6769
2063,16449.7,56.2567
2064,14420.3,55.0671
2065,4342.6,57.5229
2066,8268.48,46.8142
2067,8268.48,46.8142
2068,8268.48,46.8142
2069,9080.33,51.322
2070,7335.59,56.1635
2071,5566.94,54.2532
2072,800.148,49.2778
2073,1401.84,55.077
2074,10504.6,51.4262
2075,7262.93,59.6024
2076,14960.3,58.7913
2077,11466.4,68.0453
2078,13013.1,59.3809
2079,9118.63,72.0074
2080,15266.1,81.1115
2081,12994,71.1769
2082,12715.7,63.3304
2083,5855.99,69.9801
2084,11065,62.3177
2085,11065,62.3177
2086,7402.99,72.5926
2087,9095.92,61.84
2088,9881.45,65.5459
2089,12338.9,58.2643
2090,11755.7,49.3795
2091,15026.6,46.2414
2092,7291.12,42.4244
2093,6501.72,61.2323
2094,2221.47,72.0551
2095,2608.36,70.4147
2096,2299.06,73.073
2097,2943.01,73.8991
2098,2681.26,70.5935
2099,2681.26,70.5935
2100,1715.43,88.4374
2101,779.515,80.627
2102,1037.58,77.5435
2103,1541.75,70.1616
2104,1552.54,70.0606
2105,3028.72,77.5246
2106,857.814,72.6509
2107,2690.61,83.4446
2108,737.685,100.348
2109,2559.26,83.695
2110,3620.96,93.2553
2111,5668.8,66.5687
2112,5346.08,77.5546
2113,2919.59,99.3547
2114,10929.9,99.6909
2115,16159,85.62
2116,18138.3,72.2782
2117,2931.02,76.9953
2118,1464.51,61.8563
2119,4976.81,85.4913
2120,137.585,89.4532
2121,2107.14,101.899
2122,6327.7,109.059
2123,3393.18,115.77
2124,6750.96,128.461
2125,6520.19,138.272
2126,6520.19,138.272
2127,5087.44,162.406
2128,3832.27,157.905
2129,4030.59,146.582
2130,3459.32,149.151
2131,8609.42,123.807
2132,5010.05,110.444
2133,4922.48,113.014
2134,5874.3,135.124
2135,9291.71,158.157
2136,5868.23,186.061
2137,5370.75,190.107
2138,3836.08,193.102
2139,4809.81,187.415
2140,4617.03,203.568
2141,4928.13,181.656
2142,2056.15,179.203
2143,2474.64,141.719
2144,1762.02,128.909
2145,2581.44,117.181
2146,2417.66,97.8317
2147,1971.85,100.393
2148,1439.36,100.757
2149,2745.93,110.109
2150,1239.5,97.3927
2151,387.535,105.221
2152,888.624,105.507
2153,2722.66,125.409
2154,4269.14,112.176
2155,2068.29,105.983
2156,1927.54,104.038
2157,1927.54,104.038
2158,3253.89,106.511
2159,2017.02,123.454
2160,5060.74,127.772
2161,10624.5,126.992
2162,11002.3,144.355
2163,6715.36,130.757
2164,4107.12,94.7389
2165,3835.94,104.943
2166,4600.01,113.51
2167,2013.82,104.886
2168,5115.96,98.9429
2169,4115.48,108.163
2170,2478.48,114.485
2171,2276.31,111.614
2172,5937.37,110.556
2173,1742.61,135.831
2174,1099.75,109.429
2175,1250.95,118.165
2176,1167.24,140.153
2177,1142.23,122.02
2178,492.997,114.064
2179,988.365,106.082
2180,2500.03,116.045
2181,3135.22,150.809
2182,3063.17,107.342
2183,3177.95,119.849
2184,5305.46,161.576
2185,5679.53,195.076
2186,3423.82,237.846
2187,1954.84,274.894
2188,2761.22,290.02
2189,2043.97,312.752
2190,2726.82,322.81
2191,2016.42,278.239
2192,1817.31,236.836
2193,2401.32,237.297
2194,2410.94,231.569
2195,3154.95,235.529
2196,1836,249.941
2197,640.325,229.908
2198,631.393,209.578
2199,1143.39,206.022
2200,570.203,200.23
2201,1819.78,190.352
2202,1764.17,219.552
2203,2873.34,186.053
2204,2908.5,202.097
2205,2721.78,154.111
2206,4563.54,160.562
2207,5514.13,149.144
2208,9025.45,142.2
2209,9025.45,142.2
2210,6907.38,153.959
2211,3949.1,145.346
2212,3949.1,145.346
2213,3937.99,162.276
2214,5206.38,157.29
2215,1869.91,181.165
2216,4839.5,174.216
2217,2980.83,159.423
2218,1788.71,145.016
2219,5170.46,138.393
2220,2636.72,151.508
2221,3438.74,161.378
2222,1383.26,151.268
2223,1176.12,113.07
2224,3534.33,112.627
2225,1954.66,114.684
2226,3520.31,97.6963
2227,5424.75,98.9075
2228,1681.69,100.704
2229,1381.83,107.247
2230,1297.21,98.5531
2231,1609.01,79.7523
2232,902.278,81.3306
2233,1610.91,79.6859
2234,1146.47,72.0807
2235,1081.65,66.3687
2236,1072.26,76.8207
2237,1073.04,84.2997
2238,522.219,73.4593
2239,743.959,52.3439
2240,508.314,45.7626
2241,549.628,38.516
2242,281.983,30.4915
2243,327.142,34.402
2244,516.092,34.3882
2245,123.789,30.4897
2246,196.216,34.6439
2247,429.064,37.3773
2248,209.532,38.2975
2249,128.608,36.9556
2250,30.9408,34.1853
2251,181.112,33.3778
2252,202.484,33.0645
2253,430.828,32.8307
2254,321.413,37.4337
2255,162.493,42.5573
2256,409.36,44.3679
2257,173.396,45.1396
2258,411.003,59.8228
2259,424.728,69.5575
2260,277.587,69.2734
2261,485.258,61.9782
2262,385.139,71.0887
2263,528.278,61.1809
2264,1002.9,72.8409
2265,2286.23,76.5752
2266,5131.23,70.3268
2267,1812.36,74.3887
2268,786.637,82.7284
2269,706.212,88.9943
2270,1500.46,84.9671
2271,1591.52,78.8492
2272,1557.94,89.7111
2273,1131.34,77.6788
2274,1131.34,77.6788
2275,835.955,86.9112
2276,831.797,111.864
2277,834.116,118.7
2278,356.599,104.695
2279,948.123,100.83
2280,851.315,94.9238
2281,506.051,117.447
2282,506.051,117.447
2283,506.051,117.447
2284,433.478,98.6747
2285,565.768,95.902
2286,591.845,79.5642
2287,383.863,75.6313
2288,321.306,77.327
2289,217.366,78.7945
2290,217.366,78.7945
2291,240.594,81.0467
2292,631.729,54.7417
2293,341.791,54.088
2294,356.934,68.1648
2295,659.956,75.2571
2296,340.415,65.6867
2297,553.876,64.5425
2298,115.214,71.1828
2299,164.436,70.3337
2300,538.619,71.7761
2301,666.834,63.8506
2302,647.145,62.0263
2303,386.589,61.0231
2304,520.823,61.3751
2305,122.76,52.5246
2306,263.883,50.5451
2307,108.375,51.8762
2308,121.143,49.873
2309,447.354,59.4443
2310,631.616,56.6193
2311,851.116,58.0831
2312,853.211,62.2553
2313,848.324,52.5548
2314,481.502,50.4271
2315,387.797,48.4526
2316,168.535,39.8757
2317,290.245,40.9249
2318,1060.77,34.9194
2319,1278.29,39.4612
2320,965.471,33.829
2321,1396.33,31.8211
2322,317.677,35.6581
2323,1616.01,38.4583
2324,1447.88,41.7579
2325,2240.48,49.2265
2326,2486.3,45.167
2327,1418.98,53.9546
2328,1250.43,59.1264
2329,1250.43,59.1264
2330,605.799,63.4005
2331,605.798,63.4005
2332,3445.14,58.1009
2333,3445.14,58.1009
2334,803.696,71.3284
2335,363.179,61.4828
2336,1556.13,73.3308
2337,16.8704,78.5661
2338,4119.41,68.8954
2339,3479.51,63.0973
2340,3218.31,64.6235
2341,5944.57,72.0475
2342,4014.88,69.001
2343,4817.32,62.1074
2344,4143.67,59.7683
2345,3440.56,71.8415
2346,3142.65,53.2228
2347,2231.25,51.3923
2348,2164.58,49.1814
2349,1662.11,44.4441
2350,1335.72,52.3258
2351,2291.99,62.9893
2352,2537.79,49.7315
2353,1504.16,57.3048
2354,1484.44,53.2696
2355,3153.29,55.57
2356,1451.51,53.8182
2357,1604.1,51.2043
2358,770.029,58.5708
2359,1331.38,58.511
2360,2542.42,64.5977
2361,3081.95,59.4191
2362,3650.71,70.1935
2363,3650.71,70.1935
2364,2380.99,65.206
2365,3400.1,72.4256
2366,5879.14,68.8578
2367,3435.1,91.2959
2368,6898.28,67.0179
2369,6645.24,61.8521
2370,13245,77.8577
2371,11794.6,59.4493
2372,3938.4,67.5655
2373,7318.19,59.948
2374,8261.35,75.6974
2375,6953.37,65.3406
2376,5587.43,54.1286
2377,6946.01,51.5831
2378,5458.48,62.0201
2379,3240.41,53.3069
2380,5819.43,53.8274
2381,4182.86,45.2527
2382,1504,42.1258
2383,3454.58,56.1696
2384,5511.48,58.7609
2385,3801.63,44.4603
2386,3870.87,44.7146
2387,4563.6,40.8466
2388,4411.79,46.3407
2389,3174.41,39.9685
2390,5021.38,38.2242
2391,1422.83,46.1209
2392,4172.5,42.4642
2393,4031.74,46.9535
2394,4233.7,43.4043
2395,8259.59,36.7205
2396,4876.33,43.5469
2397,9664.54,52.8278
2398,6776.04,51.1476
2399,7038.21,50.4573
2400,13618.4,57.1789
2401,9131.62,55.2197
2402,9495.19,45.9389
2403,1210.16,46.5628
2404,6230.7,42.6789
2405,1138.31,49.4869
2406,2192.68,54.7451
2407,605.935,59.3696
2408,1384.34,49.9723
2409,1384.34,49.9723
2410,4634.22,46.6822
2411,4262.26,43.146
2412,4262.26,43.146
2413,7073.9,40.5651
2414,2398.46,49.735
2415,2176.98,55.9027
2416,1459.46,49.7928
2417,7306.09,49.5842
2418,7905.07,40.507
2419,8850.34,51.8983
2420,8850.34,51.8983
2421,6779.56,48.5407
2422,5071.82,45.3768
2423,8631.04,44.7382
2424,7861.83,42.1989
2425,9371.77,35.5691
2426,11823,37.6734
2427,15159.3,39.9276
2428,14238.7,43.2944
2429,9125.81,41.4071
2430,29272.5,33.3731
2431,20712.4,29.1064
2432,22014.7,35.1007
2433,21727.8,26.0582
2434,19985.8,20.6875
2435,14518.5,26.4157
2436,12821.2,28.88
2437,18481.6,24.0285
2438,18481.6,24.0285
2439,10829.1,19.8662
2440,16023.6,25.6104
2441,14857.1,22.6078
2442,21910.8,22.817
2443,26627.1,21.8423
2444,24720.7,23.6899
2445,18705.1,20.4425
2446,17630.1,28.5569
2447,22628.9,28.462
2448,23938.6,32.4538
2449,15609.5,36.7091
2450,6006.83,37.1955
2451,15068,38.4632
2452,10703.6,45.2088
2453,20858.8,41.6657
2454,16052.7,41.0481
2455,4565.42,36.2361
2456,7155.7,37.9901
2457,43026.6,38.8062
2458,27850.6,34.4487
2459,37607.1,35.5571
2460,35958.5,31.6309
2461,55175,35.1974
2462,49002.9,38.2183
2463,32997.1,38.935
2464,16474.6,36.9397
2465,23117,37.1821
2466,23117,37.1821
2467,23117,37.1821
2468,23203.7,36.4262
2469,27718.9,39.6935
2470,24410.2,45.4128
2471,33447,47.4686
2472,35382.4,33.7107
2473,48330.7,36.2462
2474,21037.9,39.7545
2475,9961.59,43.6774
2476,9712.03,50.3517
2477,7658.84,47.4123
2478,6635.01,43.8751
2479,6635.01,43.8751
2480,7740.44,46.352
2481,7133.75,38.4883
2482,4298.57,44.2159
2483,2486.48,35.2201
2484,4083.85,31.0762
2485,13434.8,33.3604
2486,11885.7,35.6397
2487,13365.4,44.0714
2488,13532.9,39.3926
2489,23774.7,44.9106
2490,23774.7,44.9106
2491,18898.5,41.5744
2492,20180.4,36.7524
2493,10170.7,44.2109
2494,7503.11,45.9203
2495,5116.51,47.2431
2496,5116.51,47.2431
2497,5170.52,54.3552
2498,10514.7,41.7331
2499,8916.15,40.0388
2500,9183.99,34.2242
2501,9183.99,34.2242
2502,12482,34.9537
2503,16072.4,37.5645
2504,13904.7,34.185
2505,21286.2,45.1716
2506,62556.6,40.1757
2507,43053.9,40.1437
2508,40700.4,43.2818
2509,33163.8,53.9202
2510,44481.4,46.9805
2511,41936.1,45.1309
2512,41936.1,45.1309
2513,30192.5,42.429
2514,15517.5,38.3653
2515,37783.6,35.8863
2516,32846.7,39.7526
2517,21035.6,37.0258
2518,30734.1,27.8053
2519,19185.4,30.6529
2520,7967.84,30.0797
2521,8985.92,27.2185
2522,7538.78,24.9441
2523,3380.41,28.1358
2524,6175.22,26.7557
2525,9783.61,27.9544
2526,15767.1,25.8525
2527,18639.5,27.8774
2528,15237.6,24.4611
2529,16424.5,25.0854
2530,17117.7,22.5123
2531,19927.2,22.3133
2532,15531.2,17.9313
2533,22441.2,16.4339
2534,30801,16.1185
2535,31291.1,18.6743
2536,31766.5,15.765
2537,27180.6,16.0721
2538,23740.5,18.6144
2539,23740.5,18.6144
2540,14552.5,20.0661
2541,14540.6,18.5451
2542,11995.8,15.8831
2543,22315.4,15.7811
2544,26783,18.2596
2545,28751.4,16.4654
2546,45212.2,14.5933
2547,32978.9,14.1551
2548,17716.4,12.6781
2549,28617.4,11.3145
2550,23144.3,10.0357
2551,24258.8,11.2039
2552,24258.8,11.2039
2553,15701.1,11.7362
2554,21737,13.9515
2555,14161.7,12.3312
2556,14424.3,11.9507
2557,14176.1,13.4741
2558,16989.3,16.2439
2559,16137.9,15.9015
2560,16137.9,15.9015
2561,18631.2,13.8454
2562,21861.4,14.4383
2563,17011.3,11.4982
2564,20049.5,14.345
2565,16840.1,12.5488
2566,14820.5,13.8769
2567,14304.2,15.5237
2568,14304.2,15.5237
2569,20912.1,14.9064
2570,32304.4,17.0218
2571,24212.7,11.9935
2572,23817.1,14.224
2573,23817.1,14.224
2574,20596.1,10.418
2575,23265.6,11.7356
2576,20404.6,10.7301
2577,21542.3,10.9565
2578,20027.4,13.8354
2579,14705,13.3961
2580,11345.9,14.004
2581,13751.4,18.8724
2582,14059.9,21.1546
2583,9208.8,22.6037
2584,12285,22.4873
2585,13076.5,31.8547
2586,17468.6,22.739
2587,22291,31.9706
2588,19631.4,26.4816
2589,16586.8,26.5478
2590,16586.8,26.5478
2591,18884.6,25.3969
2592,15578.9,26.9896
2593,16665.1,26.696
2594,16665.1,26.696
2595,16640.1,27.4863
2596,18729.2,19.5785
2597,10581.2,22.4552
2598,6576.12,21.3666
2599,8249.87,25.8814
2600,8259.82,35.8939
2601,12498.2,32.8503
2602,9118.31,27.9537
2603,8798.49,30.3454
2604,9709.92,36.5773
2605,6510.31,39.029
2606,1233.75,30.7446
2607,2618.23,23.8919
2608,2618.23,23.8919
2609,2583.76,26.1676
2610,2583.76,26.1676
2611,4391.87,18.0983
2612,3509.11,22.2285
2613,3107.86,23.2075
2614,2196.41,20.6759
2615,1429.39,21.3726
2616,4751.46,19.5743
2617,5909.66,16.2843
2618,4287.2,15.9979
2619,3454.83,16.2333
2620,3352.92,19.1106
2621,4361.21,18.2522
2622,6516.9,19.7869
2623,6614.53,15.1949
2624,4903.88,11.9169
2625,4903.88,11.9169
2626,10046.3,8.85209
2627,15998,7.73799
2628,10263.1,6.74145
2629,6685.85,6.92593
2630,6917.08,7.39178
2631,9123.64,5.2004
2632,12297.9,5.52318
2633,14579.8,5.80319
2634,14634.4,5.63935
2635,11272.1,6.29681
2636,8021.13,6.72607
2637,8532.05,7.09022
2638,8532.05,7.09022
2639,3593.59,7.48827
2640,3512.45,7.75142
2641,5159.41,7.69976
2642,3343.51,5.65656
2643,3343.51,5.65656
2644,5610.7,4.54634
2645,2076.5,5.76853
2646,2947.57,4.45111
2647,1730.05,5.50646
2648,3475.14,6.55104
2649,2638.74,7.0133
2650,4329.61,5.56721
2651,4102.73,5.50445
2652,4470.81,4.66307
2653,2824.93,3.26851
2654,1091.03,3.34541
2655,3257.36,3.5922
2656,4144.16,7.59533
2657,12195.9,5.8813
2658,8783.09,4.81536
2659,2558.66,3.9276
2660,2672.42,3.68917
2661,11900.6,2.51818
2662,7955.14,2.76362
2663,8575.3,2.93124
2664,4132.38,3.25907
2665,8709.08,3.97908
2666,10540.8,3.35409
2667,8720.44,3.10847
2668,8615.35,3.41175
2669,4012.01,3.01666
2670,4275.93,3.46025
2671,4075.35,4.09154
2672,3193.41,5.38433
2673,4373.13,5.59737
2674,4733.04,3.84826
2675,4797.69,4.26409
2676,4382.23,4.96167
2677,5192.96,5.32091
2678,3558.88,4.99117
2679,2414.25,4.63616
2680,2351.97,4.51454
2681,3991.82,4.5924
2682,2925.39,4.66716
2683,6686.45,4.24334
2684,4232.1,4.74246
2685,4761.53,4.50141
2686,4517.44,4.62241
2687,6902.57,4.47085
2688,5500.86,3.62404
2689,6293.43,5.49794
2690,5369.08,4.95012
2691,4020.92,5.23282
2692,2764.32,4.69159
2693,4359.07,6.48549
2694,1574.16,5.55401
2695,2483.42,6.15883
2696,5576.28,6.78067
2697,6589.39,7.08633
2698,6102,6.6954
2699,8771.84,5.6766
2700,7232.63,5.86223
2701,7232.63,5.86223
2702,5663.96,6.45725
2703,5663.96,6.45725
2704,6367.33,7.3216
2705,6085.25,7.2335
2706,7076.23,6.40536
2707,10621,8.23856
2708,4657.4,9.84815
2709,5444.02,10.3117
2710,5156.87,11.0593
2711,729.487,10.7249
2712,4008.29,10.6972
2713,4708.06,14.0183
2714,3163.6,14.9537
2715,3188.12,13.5464
2716,2570.36,16.6552
2717,2638.27,15.046
2718,915.144,18.4209
2719,1960.95,22.5624
2720,764.55,19.7401
2721,1365.23,18.2984
2722,2319.89,18.9142
2723,2360.34,20.5767
2724,4498.28,27.137
2725,1868.81,20.1951
2726,2868.19,18.121
2727,2634.15,13.5793
2728,2589.99,17.2694
2729,2589.99,17.2694
2730,3331.86,22.4191
2731,4756.16,28.0685
2732,4551.64,28.1617
2733,4944.33,25.9665
2734,3808.66,23.438
2735,4985.63,27.0096
2736,5699.95,28.1076
2737,7519.47,27.3215
2738,5597.6,31.0478
2739,4268.21,24.8617
2740,2912.6,17.4384
2741,2672.53,15.6544
2742,2672.53,15.6544
2743,3232.29,15.754
2744,1969.38,16.3149
2745,1521.02,11.68
2746,2020.22,11.3039
2747,1624.47,12.0217
2748,1289.59,12.3867
2749,1591.65,10.5731
2750,1852.8,9.70677
2751,1852.8,9.70677
2752,2472.81,10.1533
2753,2307.81,9.66412
2754,2256.44,11.4738
2755,2086.2,9.6259
2756,2553.74,6.76447
2757,2351.47,8.94531
2758,2646.53,8.30757
2759,2918.78,7.6243
2760,1495.53,5.69327
2761,1215.83,5.21288
2762,1044.94,5.80757
2763,863.457,5.70072
2764,863.457,5.70072
2765,620.127,7.28489
2766,450.209,7.69175
2767,275.609,6.95702
2768,192.631,7.52123
2769,313.809,7.11746
2770,606.627,7.63888
2771,608.775,5.42926
2772,302.376,4.16948
2773,808.529,4.00185
2774,1005.25,4.18772
2775,892.387,4.83012
2776,892.387,4.83012
2777,821.95,4.78286
2778,1679.6,4.5533
2779,469.508,5.12992
2780,605.403,3.6589
2781,605.403,3.6589
2782,1543.5,3.23655
2783,1895.47,2.72297
2784,1913.57,3.90923
2785,1667.11,3.86674
2786,1391.82,3.4255
2787,1756.82,3.04863
2788,1107.24,3.93379
2789,662.479,2.2741
2790,1467.77,2.1382
2791,819.086,2.10453
2792,695.65,2.53835
2793,713.437,1.97407
2794,867.48,1.91316
2795,297.988,1.73872
2796,538.04,1.22376
2797,259.62,1.58535
2798,1376.5,1.63943
2799,909.68,1.98755
2800,783.776,1.78831
2801,848.599,1.56515
2802,780.792,1.77809
2803,388.417,1.74449
2804,701.245,1.60094
2805,1026.87,1.66163
2806,1026.87,1.66163
2807,263.483,2.01057
2808,268.664,2.18276
2809,1598.73,2.78376
2810,5351.66,2.48419
2811,4780.21,1.77199
2812,8500.42,1.98289
2813,5577.42,2.10686
2814,2186.31,1.66657
2815,2129.19,2.29927
2816,3586.95,1.82382
2817,5337.15,2.03288
2818,6277.97,1.60684
2819,3109.29,2.35239
2820,4761.49,2.09813
2821,4928.85,1.45218
2822,4928.85,1.45218
2823,8865.24,1.38773
2824,6054.83,1.40995
2825,6054.83,1.40995
2826,7426.57,1.11688
2827,8985.13,1.26351
2828,7524.46,1.00277
2829,6792.85,0.590734
2830,9553.75,0.572013
2831,10540.4,0.580363
2832,6762.53,0.614805
2833,13274.7,0.497929
2834,16113.8,0.595077
2835,13447.2,0.723012
2836,10821.9,0.495077
2837,14115.5,0.443435
2838,34577,0.708483
2839,31811.3,0.549878
2840,23801,0.673738
2841,19937.7,0.526908
2842,19937.7,0.526908
2843,18829.5,0.435425
2844,8874.9,0.469721
2845,15151.5,0.52157
2846,3632.96,0.572139
2847,3093.78,0.614199
2848,5315.89,0.466962
2849,6613.47,0.534128
2850,6613.47,0.534128
2851,9742.14,0.426504
2852,16477.3,0.56926
2853,16477.3,0.56926
2854,18069.5,0.524018
2855,18069.5,0.524018
2856,19934.2,0.634637
2857,18833.7,0.790943
2858,23243.3,0.686563
2859,23681.8,0.58507
2860,15233.1,0.633364
2861,17471.4,0.756099
2862,17969.6,1.1513
2863,17969.6,1.1513
2864,35432.5,1.346
2865,33920.6,1.91025
2866,27035.2,1.70795
2867,29966.4,1.86958
2868,24126.9,2.10933
2869,25271.9,1.97689
2870,25355.3,1.90248
2871,29151.9,1.98794
2872,51096.4,1.66233
2873,35087.6,1.58023
2874,33686.1,1.74528
2875,35746.9,1.92541
2876,29080.7,2.6781
2877,23309.6,3.28417
2878,30870.2,2.3872
2879,26645.5,3.41088
2880,38904.5,3.28004
2881,46739.9,3.5552
2882,22965.5,2.97062
2883,17070.7,1.98906
2884,29399,2.24683
2885,29399,2.24683
2886,28220.7,2.70981
2887,21273.8,2.15183
2888,20837.3,2.8151
2889,22855.2,3.28453
2890,22855.2,3.28453
2891,28864.4,2.70032
2892,30620.5,2.42414
2893,24757.1,2.58022
2894,28289.3,2.14564
2895,25860.8,2.7048
2896,33005,2.72719
2897,33843.4,3.5155
2898,33843.4,3.5155
2899,18507.3,2.96102
2900,21586,2.81708
2901,12536,2.16204
2902,13409.4,2.67231
2903,11035.9,2.28726
2904,13172.7,3.22396
2905,15120.3,2.74144
2906,21265.6,2.54885
2907,20033.9,2.68213
2908,18666.3,2.50976
2909,37450.1,2.48625
2910,29736,2.05923
2911,16890,2.14818
2912,18578.3,2.64137
2913,15659.1,2.57634
2914,20482.9,2.75159
2915,20482.9,2.75159
2916,14946.1,2.55483
2917,19822.9,2.36115
2918,21599.1,2.73439
2919,13475.5,2.9575
2920,35126.4,2.14842
2921,35126.4,2.14842
2922,25667.5,2.4491
2923,16427,2.27941
2924,11326.9,2.60647
2925,13093.3,1.74949
2926,8948.42,2.00903
2927,4279.45,2.5377
2928,3607.78,2.93814
2929,3723.38,3.17896
2930,3579.13,3.73497
2931,2546.01,3.3662
2932,2012.27,5.0006
2933,1998.54,2.91706
2934,2258.62,2.95241
2935,2782.04,2.54062
2936,2704.42,2.45601
2937,3724.86,3.02928
2938,2027.94,3.67721
2939,2132.7,4.72587
2940,2040.81,3.86668
2941,1058.54,3.73524
2942,1454.09,4.3025
2943,1208.1,4.92885
2944,2103.15,3.55611
2945,2551,5.41906
2946,1857.01,5.02739
2947,3070.64,4.48161
2948,2149.39,6.44057
2949,2886.46,4.57154
2950,3877.32,4.27396
2951,3360.66,4.33682
2952,3110.94,3.37114
2953,5523.36,3.90372
2954,4034.45,3.96457
2955,3426.82,4.04055
2956,4154.46,4.32039
2957,4514.81,4.82031
2958,3212.75,5.47907
2959,1897.75,5.53112
2960,3063.54,4.85734
2961,2992.99,3.84374
2962,2140.81,3.53169
2963,2437.77,4.59546
2964,3377.18,4.92854
2965,3249.54,3.73986
2966,4697.2,4.93872
2967,5455.41,7.63896
2968,4515.55,6.58717
2969,3694.08,5.31546
2970,3694.08,5.31546
2971,4112.81,3.58628
2972,3669.92,4.71074
2973,3235.11,3.78843
2974,4074.99,4.46144
2975,6764.53,4.93132
2976,9943.79,4.20367
2977,11475.1,4.8627
2978,6838.19,4.10374
2979,11457.1,3.81136
2980,12118.2,4.02549
2981,8354.21,4.4805
2982,3150.32,4.75902
2983,1901.45,5.00769
2984,5746.86,5.5635
2985,6124.63,5.37552
2986,6340.87,5.03599
2987,1758.3,4.19542
2988,3029.8,5.03569
2989,4323.06,6.3886
2990,11151.8,4.46762
2991,12070.6,2.99174
2992,10809.1,3.84299
2993,14394.7,3.52038
2994,12095.7,4.97515
2995,9738.88,5.35089
2996,8993.54,3.73747
2997,21458.3,3.54176
2998,20230.7,3.61979
2999,7599.85,4.36013
3000,13372.2,3.47159
3001,15294.3,4.82279
3002,15294.3,4.82279
3003,16510,5.01055
3004,14911.3,3.87493
3005,15270.3,3.05924
3006,24050.1,3.32075
3007,24050.1,3.32075
3008,15954.3,4.2145
3009,15296.3,3.80844
3010,13187.3,4.31917
3011,7569.51,4.20855
3012,8791.8,4.08831
3013,6545.97,3.97309
3014,12331.9,3.89521
3015,15719.2,3.0805
3016,16354.1,2.70331
3017,10382.8,2.78526
3018,12143.1,2.7352
3019,10466.8,2.86596
3020,5186.79,2.53876
3021,8067.48,2.26161
3022,7473.22,2.5991
3023,12823,4.28364
3024,9875.34,2.86989
3025,5265.4,3.79822
3026,5912.19,3.24193
3027,3344.12,3.37502
3028,4510.45,3.0357
3029,5644.54,4.38233
3030,4403.56,3.10217
3031,4000.32,2.71477
3032,6797.4,2.16631
3033,9899.74,2.3398
3034,13901,2.76907
3035,16213.4,2.02471
3036,8251.16,1.69614
3037,18006.6,1.69202
3038,18006.6,1.69202
3039,18050.2,1.65684
3040,16339.6,1.68664
3041,16432.6,2.60193
3042,11517.5,2.82209
3043,6783.7,2.85496
3044,12501.1,2.8239
3045,12501.1,2.8239
3046,13811.7,2.58495
3047,16921.8,2.73269
3048,11504,2.99423
3049,15149.9,3.10639
3050,12528.9,2.5741
3051,14009.2,2.89971
3052,18338.9,3.08521
3053,24864.9,2.1282
3054,33176.9,2.96434
3055,8829.87,3.35931
3056,39060.8,2.58228
3057,39060.8,2.58228
3058,50405.3,3.17041
3059,49899.9,2.71346
3060,45425.9,2.44081
3061,45425.9,2.44081
3062,82022.2,2.7283
3063,49277.8,2.8975
3064,39240.7,2.66201
3065,51123.1,3.44193
3066,22792.9,2.52468
3067,19378.4,3.29643
3068,23437.8,3.78143
3069,21730.2,3.69833
3070,20900.9,4.53062
3071,13221.1,4.32656
3072,16444.3,3.15687
3073,10395.9,3.81893
3074,4639.34,3.84504
3075,4639.34,3.84504
3076,7528.37,4.14829
3077,5445.91,3.69927
3078,2347.94,3.92293
3079,2799,3.52236
3080,2121.21,3.36132
3081,1066.02,2.79299
3082,775.976,2.05738
3083,3063.27,2.2207
3084,8677.28,2.01123
3085,21602.3,1.26063
3086,18640.4,1.93468
3087,16214.7,1.36869
3088,17436.4,1.92521
3089,15852.9,1.1758
3090,17972.6,1.02625
3091,17972.6,1.02625
3092,23989.3,1.27788
3093,25766.2,1.09705
3094,22626.3,1.07145
3095,11739.6,1.43667
3096,21079.5,0.957271
3097,10467.8,1.49946
3098,15972.7,1.14111
3099,15328.3,1.27173
3100,15971.9,1.68165
3101,21694.9,2.07454
3102,10194.4,2.34301
3103,16242,1.99018
3104,14413.6,1.84907
3105,22256.3,1.99363
3106,26279.8,2.21139
3107,16905.6,1.631
3108,23100.7,1.51548
3109,33077.6,1.86089
3110,36496,2.05501
3111,32435.6,0.978259
3112,39697.5,0.811377
3113,50903.9,0.810867
3114,64353.6,0.731414
3115,71386.3,0.644814
3116,56436.5,0.484395
3117,70953.9,0.575681
3118,86618.5,0.631791
3119,119275,0.433056
3120,105948,0.556526
3121,163738,0.476263
3122,163738,0.476263
3123,163738,0.476263
3124,163738,0.476263
3125,99647.1,0.350966
3126,86004.6,0.330486
3127,61871.2,0.351511
3128,72193,0.421284
3129,55338,0.248813
3130,65158.2,0.330177
3131,63678.9,0.329353
3132,54077.1,0.37462
3133,72361.2,0.440304
3134,83701.9,0.669595
3135,70282,0.615856
3136,78653.8,0.810648
3137,84442.9,0.820382
3138,95205.6,0.696373
3139,151664,0.587546
3140,161559,0.674125
3141,97638.4,0.652651
3142,114102,0.653862
3143,114102,0.653862
3144,114102,0.653862
3145,85337.6,0.496937
3146,105409,0.688771
3147,105602,0.787202
3148,43437.2,0.723239
3149,46890.6,0.667517
3150,41689.4,0.643437
3151,31896.9,0.749519
3152,31896.9,0.749519
3153,44651.2,0.854842
3154,24866.3,0.884578
3155,38049.6,0.798943
3156,44821.1,0.726867
3157,38421.7,0.646112
3158,33511.3,0.75717
3159,34454.3,0.776234
3160,17267.7,1.04048
3161,22722.9,1.35761
3162,22722.9,1.35761
3163,32917.4,1.16387
3164,22440.1,1.18254
3165,21824.1,1.36935
3166,21824.1,1.36935
3167,30911.4,1.37652
3168,52370.1,1.14285
3169,39785.7,1.00841
3170,25013.8,0.794269
3171,25013.8,0.794269
3172,38475.8,1.40826
3173,36041.6,1.3678
3174,16685.5,1.43403
3175,16685.5,1.43403
3176,19555.7,1.59771
3177,19555.7,1.59771
3178,33192.9,1.81534
3179,24883.1,2.09749
3180,43291.2,2.64038
3181,17477,2.68846
3182,54782.6,3.5537
3183,47233.4,2.74534
3184,85666.1,2.51797
3185,118685,2.08535
3186,56252.1,1.99051
3187,37992.5,1.93037
3188,13466.1,1.99604
3189,6780.71,3.01191
3190,41540.2,3.80203
3191,17739.7,3.26783
3192,99548.7,4.26184
3193,93783.2,4.06581
3194,113231,3.69902
3195,144054,4.09713
3196,107856,3.51806
3197,126952,3.7174
3198,190626,5.49941
3199,251636,5.05953
3200,179276,4.6785
3201,144101,4.17088
3202,97686.5,3.38367
3203,98163.4,2.9232
3204,189578,2.73539
3205,199236,2.52051
3206,203334,2.52464
3207,203334,2.52464
3208,240119,2.86888
3209,121229,2.46963
3210,89839.1,3.51992
3211,82766.7,2.72759
3212,105453,3.09506
3213,71441.6,3.18521
3214,70740.3,2.96616
3215,74051.2,2.9062
3216,50928.4,2.39522
3217,44240.3,2.53352
3218,39016.9,2.62834
3219,65784.4,3.45677
3220,48108.3,4.76238
3221,45872.5,3.82386
3222,37690,5.15179
3223,31550.4,3.36052
3224,31550.4,3.36052
3225,34945.7,3.24788
3226,42833.2,3.22955
3227,36077.8,4.3718
3228,40225.8,4.55138
3229,40225.8,4.55138
3230,49377.4,3.70131
3231,42421.6,4.43473
3232,44674.2,5.44457
3233,49805.9,4.02105
3234,53465.8,3.75444
3235,67897.9,4.90807
3236,74867.2,4.66434
3237,69238.2,4.32345
3238,60374.2,3.54083
3239,41418,4.27302
3240,20665.9,3.85887
3241,13653.5,4.08323
3242,16432.4,5.48876
3243,32426.2,4.41298
3244,24928.4,3.41302
3245,47035.4,4.00194
3246,34732.6,3.98225
3247,18572.9,3.75946
3248,13634.8,3.13512
3249,16049,3.47857
3250,20086.5,2.81984
3251,39145.7,3.08238
3252,36948.4,2.74092
3253,35719.4,1.53081
3254,30508.8,1.70377
3255,27702.9,2.70061
3256,13459.3,2.82656
3257,25868.5,3.81873
3258,31127.2,3.10696
3259,17385.8,1.94923
3260,22719.6,2.72704
3261,22719.6,2.72704
3262,27540.2,3.339
3263,22633.8,3.23543
3264,26856.4,4.75214
3265,32440.4,5.1799
3266,32440.4,5.1799
3267,34103.6,4.13932
3268,19134.3,3.39397
3269,10073.7,4.11806
3270,1020.36,4.226
3271,16191.7,4.01992
3272,16191.7,4.01992
3273,16191.7,4.01992
3274,20393.9,4.32691
3275,39146.3,4.14712
3276,32710.3,4.10062
3277,28447.2,4.92517
3278,22484.1,5.76272
3279,28018.6,5.31358
3280,25922.7,5.76119
3281,25762.5,4.14442
3282,27341.8,4.11356
3283,23414.7,3.68846
3284,15287.8,3.77236
3285,12297.2,3.77555
3286,15213.7,4.79247
3287,15213.7,4.79247
3288,12662.6,4.54152
3289,12662.6,4.54152
3290,10975.7,5.55759
3291,5746.89,5.93555
3292,11650.4,5.31178
3293,18472.6,4.96608
3294,13392.2,5.65871
3295,10060.5,5.76602
3296,9889.51,6.14795
3297,12512.7,6.33256
3298,8785.75,5.95208
3299,9626.19,4.91311
3300,9626.19,4.91311
3301,3858.61,5.13835
3302,2042.78,5.47605
3303,2559.68,5.04982
3304,3948.56,5.36841
3305,5331.79,4.44945
3306,5745.52,3.8463
3307,5745.52,3.8463
3308,9070.76,3.68973
3309,8585.83,3.77408
3310,5946.35,4.46772
3311,9016.52,3.07503
3312,7683.41,3.04333
3313,12646.4,2.52515
3314,8696.87,1.48884
3315,2697.84,2.24277
3316,9456.12,1.60801
3317,16158,2.4275
3318,25144.9,2.07722
3319,24445.3,3.04827
3320,34268.8,1.88956
3321,38545.3,2.73709
3322,44555.5,3.17802
3323,53265.2,3.3926
3324,52359.5,2.36751
3325,30169.2,2.30858
3326,24249.5,2.96484
3327,25389.5,2.98611
3328,26525.4,2.24986
3329,38364,2.33307
3330,21257.6,2.73312
3331,23013.6,2.79496
3332,18346.8,2.84235
3333,19735.2,2.94797
3334,20519.8,2.68205
3335,28315.1,2.91802
3336,32912.7,3.45752
3337,31125,2.56276
3338,26034.7,2.86475
3339,33257.6,2.72686
3340,27464.3,2.95279
3341,39620.2,4.24042
3342,39864.6,4.17931
3343,43746.4,4.54088
3344,54427.8,4.35312
3345,52871.6,3.99495
3346,66073.6,3.48845
3347,15785.9,3.94599
3348,9598.78,3.64769
3349,15165.4,4.16071
3350,27920,3.68623
3351,35210.9,3.51669
3352,40858,4.82137
3353,29115.7,5.11296
3354,40685.8,6.14128
3355,35082.6,3.92834
3356,36628.3,4.26795
3357,21410.9,4.94216
3358,20713.3,4.96304
3359,20392.3,5.28473
3360,19655,4.96999
3361,21317.9,5.99228
3362,24070.3,5.25249
3363,20779.5,5.64266
3364,23445.5,5.71893
3365,15482.2,5.9281
3366,7364.01,8.20123
3367,1370.72,7.30271
3368,1905.04,5.6867
3369,3958.43,6.15117
3370,3789.43,11.4311
3371,7442.49,9.52484
3372,8501.34,10.6419
3373,23035.4,8.6477
3374,25890.2,10.5264
3375,25890.2,10.5264
3376,14213.9,13.2097
3377,13962,10.789
3378,16457.9,13.2289
3379,16457.9,13.2289
3380,16457.9,13.2289
3381,29892.3,14.7157
3382,24110.7,14.8055
3383,31062.9,16.5199
3384,28137.8,13.0444
3385,21546.1,15.1986
3386,11777.3,16.9113
3387,17935,16.4311
3388,21004.7,10.5606
3389,25733.9,10.0941
3390,34828.4,9.24306
3391,32669.6,9.84141
3392,34730.5,11.8764
3393,21632.4,13.3876
3394,22969,12.6107
3395,53400.6,16.0727
3396,39259.4,12.3897
3397,39259.4,12.3897
3398,23245.1,12.8603
3399,30179.4,13.8444
3400,17886.4,13.7332
3401,19118.2,13.31
3402,17655.3,12.5537
3403,20650.6,11.7545
3404,32598.7,7.88975
3405,21814.1,7.47111
3406,11307.9,8.81245
3407,14397,9.6268
3408,3506.77,10.0933
3409,8993.17,7.76188
3410,10722.8,10.2033
3411,9686.4,9.3976
3412,9686.4,9.3976
3413,6811.84,9.90786
3414,1612.25,10.4852
3415,1612.25,10.4852
3416,2650.2,11.4963
3417,4351.55,12.7492
3418,2631.67,12.2825
3419,10169.7,16.2109
3420,17160.4,15.1601
3421,14767.3,13.9155
3422,15430.7,14.8975
3423,23920.3,15.9721
3424,26640.3,15.1166
3425,17443.7,13.2918
3426,18605.5,14.9797
3427,17259.5,17.1754
3428,33260,14.9704
3429,34993.7,12.6552
3430,37270.6,10.9491
3431,33785.4,12.4215
3432,51614.8,13.4259
3433,34044.8,13.9945
3434,78939.3,15.012
3435,69139.7,12.4801
3436,72306.2,12.0787
3437,72306.2,12.0787
3438,57447.3,13.1491
3439,70731.5,11.3139
3440,74576.5,11.6404
3441,79791.1,16.3833
3442,26574.9,14.0273
3443,22919.3,10.8501
3444,17066,9.72442
3445,17066,9.72442
3446,23229.5,8.35941
3447,23229.5,8.35941
3448,24094.3,9.92713
3449,21780.4,9.17657
3450,35866.1,7.71092
3451,48472.3,8.24647
3452,30785.4,6.53582
3453,30785.4,6.53582
3454,53570.5,5.9817
3455,61715.3,6.35981
3456,32143,5.8553
3457,27219.1,5.3739
3458,37851.8,5.70677
3459,28392.6,4.77345
3460,31974.1,3.78452
3461,43671.5,2.65051
3462,63898.8,2.39463
3463,23851.5,2.12111
3464,55007.1,2.80858
3465,126667,2.55563
3466,122638,2.37436
3467,106167,2.42724
3468,110757,2.77539
3469,194527,3.45479
3470,77734.7,3.46298
3471,131092,3.70761
3472,157015,3.86573
3473,115852,3.77344
3474,162026,4.82171
3475,162026,4.82171
3476,150554,5.79943
3477,157505,6.7854
3478,177301,6.44267
3479,177301,6.44267
3480,218034,5.36328
3481,295586,5.33682
3482,320140,4.93224
3483,277070,5.05061
3484,237252,7.46888
3485,244068,6.08213
3486,236147,6.62819
3487,236147,6.62819
3488,202204,5.59151
3489,159666,6.53585
3490,109003,5.99555
3491,108360,6.61118
3492,141330,6.19824
3493,214115,6.40203
3494,158120,7.42656
3495,124735,9.33636
3496,147146,6.74896
3497,120445,6.18487
3498,87154.1,5.63813
3499,75194.8,5.33251
3500,70088.1,3.21356
3501,51913.1,4.0104
3502,100313,4.04822
3503,62146.9,3.00537
3504,52338.3,2.94945
3505,51660.7,3.16774
3506,45461.8,2.95196
3507,59260.8,2.38247
3508,85500,2.21376
3509,93749.8,2.79236
3510,93749.8,2.79236
3511,93749.8,2.79236
3512,54453.2,2.16419
3513,65583.4,1.80731
3514,91616.1,1.76737
3515,91616.1,1.76737
3516,76677.5,1.37883
3517,76677.5,1.37883
3518,54701.3,1.51563
3519,73141.4,1.28433
3520,54933,1.63212
3521,71794.1,1.39242
3522,70730.9,1.15711
3523,89107.6,0.742754
3524,107071,0.811625
3525,85585.8,0.856997
3526,42470,0.867305
3527,43880.6,0.773498
3528,29330.4,1.13611
3529,28486.3,1.01709
3530,41580.6,1.3082
3531,23264.7,1.36422
3532,17228.7,1.81856
3533,25444.8,1.74414
3534,52525.3,1.7763
3535,72635.3,1.85332
3536,58515.1,1.58801
3537,50924.2,1.61632
3538,50924.2,1.61632
3539,54873.5,1.51158
3540,67185.5,2.06464
3541,52189.1,2.6939
3542,42109.4,2.93885
3543,68324.8,2.76141
3544,75243.1,2.27994
3545,72682.5,2.59876
3546,76729.4,1.95082
3547,72214.1,1.96125
3548,65724.7,1.98387
3549,55063.8,1.242
3550,50465.7,1.38681
3551,49366.4,1.18528
3552,32563.7,1.34271
3553,26041.2,1.32235
3554,32824.9,1.56784
3555,22118.1,1.1538
3556,31840.1,1.35964
3557,30824.3,1.00289
3558,13662.9,0.723186
3559,7120.04,0.901445
3560,3916.12,0.846402
3561,4134.67,1.13449
3562,8512.81,1.03991
3563,8512.81,1.03991
3564,8218.6,0.898349
3565,8218.6,0.898349
3566,8218.6,0.898349
3567,11459.4,0.905505
3568,17100.9,0.745354
3569,19060.9,0.71147
3570,19060.9,0.71147
3571,19060.9,0.71147
3572,21763.7,0.874765
3573,16930.8,0.751118
3574,12950,0.866979
3575,12678.1,0.795042
3576,21764.6,0.696661
3577,27352.6,0.686799
3578,25905.7,0.533854
3579,25905.7,0.533854
3580,23539.4,0.804263
3581,21113.8,0.658565
3582,23499.1,0.758749
3583,32807.3,0.530393
3584,27488.4,0.536902
3585,20808.6,0.426106
3586,26282.1,0.489553
3587,23972.9,0.52457
3588,34549.3,0.539146
3589,35717.1,0.684025
3590,34536.5,0.802431
3591,48109.3,1.12976
3592,58520.9,0.82564
3593,52668,0.814844
3594,54382.1,0.789416
3595,125762,1.11013
3596,103965,1.51742
3597,182546,1.35896
3598,128004,1.10036
3599,146701,1.05651
3600,195023,1.25915
3601,196858,1.00987
3602,160890,0.907167
3603,215437,1.24077
3604,179202,1.31567
3605,168054,1.2924
3606,121419,1.52474
3607,121419,1.52474
3608,199450,1.8794
3609,203130,1.84693
3610,168629,2.34006
3611,262375,1.92232
3612,295918,2.21616
3613,381053,1.93673
3614,231574,2.65265
3615,217556,3.34123
3616,173934,2.8598
3617,130221,3.88295
3618,212710,4.09356
3619,145378,3.7369
3620,175987,6.09599
3621,237113,5.53327
3622,310318,4.56652
3623,353565,4.44954
3624,438720,3.71528
3625,450128,3.7264
3626,486242,4.50827
3627,440850,3.95314
3628,424551,4.04442
3629,540414,4.78001
3630,604338,5.2288
3631,1.15048e+06,4.45561
3632,1.15048e+06,4.45561
3633,1.15048e+06,4.45561
3634,877142,5.89395
3635,543542,5.84495
3636,560496,6.5741
3637,355274,8.84997
3638,515004,9.81616
3639,515004,9.81616
3640,607426,9.85391
3641,638292,11.9328
3642,678913,11.0972
3643,624947,9.13464
3644,1.01262e+06,10.0109
3645,1.15868e+06,9.70487
3646,678212,9.9433
3647,761882,8.91636
3648,1.0617e+06,11.6737
3649,828355,13.5008
3650,811355,16.1914
3651,969152,15.2993
3652,772292,16.0459
3653,733111,15.8525
3654,1.01249e+06,12.946
3655,740753,16.1505
3656,859098,16.9439
3657,992738,20.1637
3658,1.15064e+06,22.3631
3659,1.15064e+06,22.3631
3660,1.15064e+06,22.3631
3661,1.78205e+06,25.883
3662,1.13864e+06,24.8404
3663,983902,22.5355
3664,744846,21.8941
3665,873661,13.8273
3666,1.25704e+06,16.0319
3667,858386,12.7336
3668,1.1979e+06,11.0786
3669,1.21626e+06,9.98794
3670,1.31781e+06,12.5143
3671,1.29949e+06,14.902
3672,866641,15.5685
3673,890365,14.604
3674,1.06338e+06,12.0817
3675,1.25336e+06,12.5919
3676,1.50543e+06,12.9871
3677,1.20473e+06,12.0984
3678,1.33727e+06,11.941
3679,1.56484e+06,8.70854
3680,1.22326e+06,15.4067
3681,1.06817e+06,14.1482
3682,785747,17.9415
3683,777863,18.5329
3684,474471,26.8031
3685,474471,26.8031
3686,697403,24.1613
3687,792185,23.7291
3688,968930,24.9835
3689,1.02596e+06,17.2998
3690,1.5521e+06,16.8123
3691,2.0495e+06,27.1526
3692,1.99727e+06,23.25
3693,2.05594e+06,20.535
3694,2.05594e+06,20.535
3695,2.02652e+06,21.2975
3696,2.09554e+06,22.8001
3697,2.09554e+06,22.8001
3698,2.70352e+06,18.1917
3699,3.10481e+06,21.2511
3700,3.10481e+06,21.2511
3701,2.1266e+06,21.7323
3702,3.40961e+06,18.5192
3703,2.34213e+06,16.5423
3704,1.88889e+06,18.9087
3705,1.7808e+06,21.5844
3706,1.80584e+06,17.5246
3707,1.3765e+06,18.8912
3708,999606,22.0599
3709,855071,15.9624
3710,849839,15.5656
3711,893646,13.269
3712,590404,15.9914
3713,521081,13.4996
3714,521081,13.4996
3715,521081,13.4996
3716,623375,14.7795
3717,653872,13.1905
3718,495902,17.5507
3719,377606,15.5479
3720,317321,16.9473
3721,256250,20.0612
3722,292904,10.6728
3723,259938,16.9318
3724,259938,16.9318
3725,223234,20.3026
3726,125605,19.3644
3727,230202,15.2372
3728,253001,19.7895
3729,235621,20.2276
3730,234405,13.7963
3731,234405,13.7963
3732,225533,21.4172
3733,261124,20.3985
3734,264762,21.1971
3735,177280,24.2307
3736,232599,19.6761
3737,276817,22.1495
3738,300835,21.7173
3739,321568,18.6989
3740,272357,16.8396
3741,302171,18.9737
3742,256914,21.1201
3743,233401,24.5239
3744,233401,24.5239
3745,279030,32.4659
3746,243605,37.9301
3747,343325,31.0628
3748,393994,28.4688
3749,215043,17.533
3750,220453,18.406
3751,179228,16.4799
3752,122188,17.1365
3753,138909,20.3607
3754,172557,17.196
3755,242396,17.3712
3756,205560,12.6453
3757,162716,11.8887
3758,305816,15.8901
3759,331499,12.6159
3760,256737,11.9148
3761,241796,13.3717
3762,241796,13.3717
3763,234745,10.6244
3764,182483,9.42142
3765,182371,13.4018
3766,155525,11.7149
3767,155525,11.7149
3768,157913,12.0097
3769,184055,11.3479
3770,205220,10.4496
3771,106828,9.88759
3772,60195.9,12.1106
3773,62680.1,11.4991
3774,73411.8,16.2706
3775,93904.4,19.7144
3776,63903.8,21.3851
3777,67245.7,23.3511
3778,67245.7,23.3511
3779,63891.6,20.5676
3780,50246.9,15.9823
3781,51893.3,17.5464
3782,40341.4,14.5492
3783,35948.5,11.0444
3784,35948.5,11.0444
3785,43132.2,13.5022
3786,62966.4,15.2199
3787,68305.6,17.6923
3788,67569.9,15.3933
3789,68421.1,14.0206
3790,67866.8,7.61613
3791,67866.8,7.61613
3792,63163.7,9.04083
3793,84247.7,9.15011
3794,113238,7.35128
3795,93106.4,7.68552
3796,102387,8.78566
3797,93818.6,6.00625
3798,138614,7.65946
3799,130657,7.95654
3800,144163,6.68578
3801,160228,7.25373
3802,129373,7.32766
3803,129373,7.32766
3804,158988,8.08348
3805,114680,8.45105
3806,145402,7.62488
3807,167433,8.85963
3808,191202,7.47875
3809,208806,6.63808
3810,214103,7.40144
3811,140037,7.36406
3812,215657,8.38272
3813,183115,7.88572
3814,255194,7.13534
3815,424605,6.55331
3816,266076,5.80607
3817,331117,5.96911
3818,276606,6.29862
3819,324018,5.73895
3820,312475,7.77058
3821,211273,7.99267
3822,154970,6.97897
3823,242764,3.99981
3824,216546,3.82356
3825,292999,4.22326
3826,448902,5.64354
3827,578780,4.86105
3828,474980,4.49725
3829,698946,3.34991
3830,698946,3.34991
3831,500050,3.01556
3832,614196,3.44642
3833,366287,2.75569
3834,619397,4.45339
3835,640569,5.00396
3836,627776,5.11302
3837,627776,5.11302
3838,636810,5.00159
3839,602762,4.09006
3840,478973,5.22316
3841,398553,3.02747
3842,398553,3.02747
3843,273021,3.72809
3844,364836,4.50152
3845,364836,4.50152
3846,449768,3.7853
3847,207388,4.15664
3848,405051,3.67828
3849,362368,3.9153
3850,247615,3.81853
3851,247615,3.81853
3852,326712,3.77662
3853,338861,4.78312
3854,432526,4.55291
3855,375759,5.10594
3856,177567,4.63897
3857,115013,4.00035
3858,99406.3,3.82287
3859,109503,4.38926
3860,154160,3.36347
3861,78111.5,3.10856
3862,118207,2.83097
3863,94001.8,3.22381
3864,96586.7,4.5183
3865,92056.1,2.95053
3866,115851,3.24384
3867,89685.1,4.81373
3868,54744.5,2.84758
3869,129316,2.18794
3870,99724.4,2.60794
3871,105868,2.0841
3872,119130,2.4951
3873,127723,2.99419
3874,112214,2.73986
3875,109500,1.84357
3876,109500,1.84357
3877,165356,1.63541
3878,115278,1.24914
3879,114311,1.40639
3880,173948,1.77558
3881,173948,1.77558
3882,187713,1.36084
3883,134055,1.49426
3884,108629,2.4322
3885,119074,2.16154
3886,98835.9,2.99327
3887,126112,2.76919
3888,77890,3.31471
3889,77890,3.31471
3890,56855,3.9481
3891,50954.5,3.73221
3892,39793.2,4.41094
3893,39793.2,4.41094
3894,35717,3.20888
3895,48093.2,3.17759
3896,49456.9,3.1757
3897,55768.7,3.57921
3898,71979.7,3.43099
3899,71979.7,3.43099
3900,53303.1,4.04007
3901,49755.4,3.94412
3902,45092.5,4.16871
3903,37699.2,3.47434
3904,24868.8,4.44382
3905,36407.3,3.13825
3906,36840.5,3.62025
3907,30634.5,3.40176
3908,36156.9,3.75093
3909,38980.9,3.26765
3910,36498.5,3.81097
3911,48329.2,3.40272
3912,45014.2,4.01973
3913,45014.2,4.01973
3914,49410.6,4.36904
3915,67102.8,3.55573
3916,67102.8,3.55573
3917,76028.4,3.7902
3918,76535.9,4.43734
3919,107879,2.91294
3920,101101,2.73785
3921,62395,2.05429
3922,68768.4,2.51538
3923,51721.4,2.93685
3924,38228.6,2.15573
3925,37346.8,2.64082
3926,45366.1,2.89729
3927,42668.3,3.21695
3928,83140.3,3.66478
3929,68451.4,2.68817
3930,45677.4,2.49707
3931,67022.3,2.09198
3932,43924.4,2.5861
3933,42839.3,2.8505
3934,24360.3,2.55761
3935,24360.3,2.55761
3936,39349.9,2.77406
3937,33124.8,2.48241
3938,33124.8,2.48241
3939,30469.3,2.79772
3940,22311.1,2.51227
3941,25114.5,2.54872
3942,43821.6,1.94429
3943,24863.3,2.97295
3944,49355.9,3.22102
3945,47504.6,3.69108
3946,47504.6,3.69108
3947,39351.6,3.64291
3948,28281.3,4.40615
3949,26488.9,4.60779
3950,23465.7,4.79619
3951,10990.7,6.27618
3952,10990.7,6.27618
3953,24374.6,5.15011
3954,22018.6,3.8592
3955,24298.5,4.73967
3956,25714.9,3.67151
3957,24391.3,4.31776
3958,27081.9,4.62472
3959,21664.7,4.12007
3960,31091.3,4.31537
3961,33879.4,4.00682
3962,19400.9,4.69376
3963,28002.6,5.13396
3964,27651.7,5.11595
3965,21334,4.97404
3966,15865.2,5.79635
3967,24609.9,4.82564
3968,20201.3,6.28257
3969,16060.6,5.26599
3970,18732.8,4.92966
3971,9835.02,5.04776
3972,10154.5,6.00517
3973,12694.2,9.45783
3974,9731.51,10.2746
3975,5484.72,12.2651
3976,3581.81,9.98295
3977,5827.11,10.4782
3978,3190.66,9.0237
3979,2786.08,9.03146
3980,3352.43,7.64324
3981,3973.53,9.19652
3982,4184.81,6.63086
3983,795.345,5.47426
3984,1131.21,5.7146
3985,2096.48,6.81606
3986,2096.48,6.81606
3987,2259.59,9.20289
3988,1478.64,8.19821
3989,1571.28,8.10834
3990,1029.03,6.00946
3991,1029.03,6.00946
3992,1883.87,7.43415
3993,1503.01,7.95089
3994,945.032,6.02596
3995,3655.18,7.93337
3996,6908.5,9.14549
3997,5742.41,9.1558
3998,4846.93,9.69501
3999,3120.77,7.32118
4000,7166.39,6.86662
4001,11027.4,8.05091
4002,6493.82,7.19089
4003,7419.16,6.57341
4004,3744.62,6.14783
4005,967.884,6.23528
4006,2742.99,6.35537
4007,707.832,6.78044
4008,707.832,6.78044
4009,1040.61,7.61893
4010,1452.31,9.65913
