MDTU,S_F
1,0.980064
2,0.992747
3,1.00373
4,0.999258
5,1.00399
6,1.00006
7,0.996379
8,1.00309
9,0.999802
10,0.999486
11,1.00127
12,0.998721
13,0.997172
14,1.00369
15,0.997919
16,0.99878
17,0.995672
18,1.00272
19,0.995946
20,0.995336
21,0.995009
22,1.00097
23,0.999114
24,1.00346
25,1.00068
26,0.998821
27,0.994423
28,0.996158
29,0.99512
30,1.00221
31,0.99848
32,1.00299
33,0.99832
34,1.00339
35,0.999343
36,1.00139
37,0.998411
38,1.00244
39,0.996253
40,0.998344
41,1.00088
42,1.00501
43,0.99573
44,0.998178
45,1.00458
46,0.997451
47,0.998546
48,0.999602
49,1.00056
50,0.999274
51,0.999933
52,1.00152
53,0.998484
54,0.99478
55,0.998794
56,0.998479
57,0.996374
58,0.995128
59,0.994052
60,1.00485
61,0.99943
62,1.00483
63,0.99787
64,0.996752
65,1.00062
66,0.995883
67,0.998552
68,1.0018
69,0.997415
70,0.997126
71,1.0026
72,1.00341
73,1.00243
74,0.996523
75,1.00341
76,1.00315
77,1.00365
78,0.997993
79,0.999349
80,1.00246
81,1.00366
82,0.997525
83,0.997372
84,0.999409
85,1.00134
86,0.99969
87,0.994662
88,0.999452
89,0.998159
90,1.00082
91,0.996252
92,1.00152
93,1.00046
94,1.00118
95,1.00016
96,1.00102
97,1.00459
98,0.999175
99,0.99907
100,1.00306
101,0.999238
102,1.00153
103,1.00265
104,0.997626
105,0.998199
106,0.99976
107,1.00109
108,1.00125
109,0.997716
110,0.997293
111,0.997461
112,0.997285
113,0.997839
114,0.994958
115,1.00028
116,1.00208
117,0.996753
118,1.00339
119,1.00088
120,0.99763
121,1.00602
122,0.996147
123,0.999525
124,0.998801
125,0.999489
126,0.999469
127,0.998351
128,0.997738
129,1.00051
130,1.00251
131,1.00258
132,1.00021
133,0.999205
134,1.00233
135,0.996704
136,1.00935
137,0.99953
138,0.997991
139,1.00231
140,1.00061
141,0.997066
142,1.00314
143,0.998766
144,1.00085
145,0.999487
146,0.999994
147,1.00588
148,1.00151
149,1.00209
150,1.00002
151,0.998007
152,0.997699
153,1.00461
154,1.00298
155,1.00199
156,1.00168
157,0.99694
158,0.998891
159,0.997413
160,1.00268
161,0.999808
162,0.999395
163,0.995878
164,0.998973
165,0.998048
166,1.00143
167,1.00206
168,1.00113
169,0.996911
170,0.999634
171,1.00048
172,1.00266
173,0.999455
174,0.999253
175,1.00034
176,0.996256
177,1.00142
178,0.994323
179,0.99753
180,0.998356
181,0.99791
182,0.997819
183,0.997693
184,0.998653
185,0.998374
186,1.00144
187,1.00443
188,0.998491
189,0.995963
190,1.00042
191,0.996991
192,0.999398
193,0.998124
194,0.995694
195,1.00226
196,1.00129
197,0.994338
198,0.999108
199,0.995245
200,0.998791
201,0.996624
202,0.996188
203,0.998516
204,1.00295
205,0.998291
206,0.999796
207,0.999741
208,0.999658
209,0.999731
210,0.99571
211,0.999461
212,1.00453
213,1.00197
214,0.999777
215,1.00204
216,1.002
217,0.998624
218,0.997623
219,1.00262
220,0.99946
221,0.996746
222,1.00485
223,0.999438
224,1.00301
225,1.00585
226,1.00164
227,0.995765
228,0.995952
229,1.00116
230,0.999539
231,0.999787
232,1.00054
233,0.997218
234,0.999846
235,0.997865
236,0.998751
237,0.996756
238,1.00162
239,1.00218
240,1.002
241,1.0007
242,0.999073
243,1.00149
244,0.997246
245,0.999928
246,0.994562
247,1.00225
248,1.00571
249,0.998606
250,0.997506
251,0.999902
252,1.0004
253,1.00128
254,1.00385
255,1.00118
256,1.00018
257,0.996475
258,0.996971
259,1.00246
260,1.00209
261,0.996655
262,1.00175
263,1.00038
264,0.998359
265,0.999599
266,0.996697
267,0.998715
268,0.994887
269,0.999011
270,1.00205
271,0.999635
272,1.00111
273,0.999582
274,1.00077
275,0.997281
276,1.00004
277,1.00618
278,1.00036
279,1.00252
280,1.00033
281,0.999294
282,1.00532
283,1.00185
284,1.00199
285,0.998422
286,1.00141
287,1.00014
288,0.999971
289,1.00202
290,0.998345
291,1.00131
292,1.00197
293,0.998428
294,1.00281
295,1.00162
296,1.00038
297,1.00181
298,0.995885
299,0.998573
300,1.00251
301,0.999365
302,1.00007
303,1.00116
304,1
305,1.00022
306,0.997327
307,1.00512
308,1.00153
309,0.999682
310,1.00194
311,0.996242
312,1.00496
313,1.00032
314,1.00207
315,1.00198
316,1.00099
317,0.993395
318,1.00631
319,1.00587
320,1.00219
321,0.996303
322,1.0044
323,1.00207
324,1.00014
325,1.00243
326,0.994487
327,1.00095
328,0.996946
329,1.00096
330,1.00333
331,0.996015
332,1.0015
333,0.999079
334,0.999779
335,1.00561
336,1.00055
337,1.00146
338,0.997439
339,1.00423
340,1.0024
341,1.00466
342,1.00061
343,1.00209
344,1.00134
345,1.00284
346,0.996171
347,1.00507
348,1.00423
349,0.996965
350,1.00469
351,1.00025
352,1.00039
353,0.993996
354,1.00042
355,1.00059
356,0.998306
357,0.997779
358,0.999855
359,1.00277
360,0.997713
361,1.00462
362,1.00042
363,1.00149
364,0.999188
365,1.00094
366,1.00022
367,0.999651
368,0.999206
369,0.999534
370,0.997694
371,0.995424
372,1.00001
373,1.00117
374,0.998689
375,1.00254
376,1.00046
377,0.99932
378,0.999791
379,1.00029
380,1.00238
381,0.997875
382,1.00278
383,1.0019
384,0.99845
385,0.997809
386,1.0016
387,0.997006
388,1.00402
389,1.00195
390,1.00331
391,0.997195
392,1.00007
393,1.00015
394,0.99812
395,1.00141
396,0.99892
397,0.99987
398,1.00178
399,1.00301
400,1.00035
401,1.00655
402,0.99833
403,0.998621
404,0.998466
405,1.0014
406,1.00256
407,1.00189
408,1.00209
409,1.0012
410,0.996266
411,0.998678
412,0.997219
413,1.00377
414,0.996541
415,1.00305
416,1.00063
417,1.00229
418,1.0033
419,0.997164
420,0.998896
421,1.00261
422,1.00191
423,0.996108
424,1.00402
425,0.994623
426,0.999721
427,1.00342
428,1.00032
429,1.00414
430,1.00138
431,1.00109
432,1.00089
433,1.00222
434,0.99917
435,1.00062
436,0.995906
437,1.00209
438,0.999139
439,0.996587
440,1.00368
441,1.00309
442,1.00493
443,1.00626
444,0.997801
445,0.99892
446,1.00003
447,1.00302
448,0.997881
449,1.00344
450,0.997459
451,0.997136
452,0.996511
453,1.00392
454,1.0022
455,0.998178
456,0.998975
457,1.00347
458,1.00174
459,1.00216
460,1.00011
461,0.998789
462,1.00351
463,0.998044
464,1.00097
465,1.00372
466,1.00004
467,0.999905
468,0.998967
469,1.00218
470,1.00065
471,0.998508
472,0.997747
473,1.00255
474,0.999176
475,1.00173
476,0.999981
477,1.00302
478,0.998399
479,0.999212
480,1.00292
481,0.999603
482,0.999733
483,0.999723
484,1.00126
485,1.00059
486,0.998075
487,0.993888
488,0.99841
489,0.998557
490,1.00093
491,1.00282
492,0.999362
493,0.997645
494,1.00121
495,1.00382
496,1.00791
497,0.996784
498,0.99824
499,0.997442
500,1.00195
501,0.999578
502,1.00883
503,1.00355
504,0.998774
505,0.997982
506,1.00413
507,0.996227
508,1.0021
509,1.00094
510,0.999898
511,1.00024
512,0.99394
513,0.997254
514,1.00246
515,1.00596
516,0.998003
517,1.00428
518,0.997753
519,0.99749
520,1.00269
521,0.997927
522,1.00007
523,1.00599
524,0.999668
525,1.00339
526,1.0004
527,1.00206
528,1.00152
529,1.00659
530,0.999807
531,0.997313
532,0.999076
533,1.0004
534,0.999194
535,0.999763
536,0.993316
537,1.00106
538,0.998159
539,1.0071
540,0.997681
541,1.00114
542,0.999407
543,0.998201
544,0.999842
545,0.997981
546,0.993284
547,1.00124
548,0.998199
549,1.00105
550,1.0057
551,1.00304
552,0.994608
553,1.00058
554,0.997879
555,0.996567
556,1.00683
557,0.998382
558,1.00076
559,1.00042
560,0.997212
561,0.997633
562,0.995882
563,1.00438
564,0.996953
565,0.998717
566,1.0039
567,0.99608
568,1.00479
569,1.00247
570,1.00212
571,1.00103
572,0.997049
573,0.989079
574,1.00331
575,0.998764
576,0.996233
577,0.999584
578,0.998625
579,0.997545
580,0.999749
581,1.00175
582,1.00355
583,1.00227
584,1.00191
585,0.998998
586,1.00189
587,0.998621
588,0.997619
589,0.998892
590,1.0049
591,0.996157
592,0.998811
593,1.00302
594,1.00397
595,1.00371
596,1.00131
597,1.00034
598,0.996638
599,1.00195
600,1.0049
601,0.999646
602,0.99828
603,0.998605
604,0.994106
605,0.997777
606,0.999938
607,1.00204
608,1.00422
609,0.999251
610,0.998254
611,0.997384
612,0.999174
613,0.999054
614,0.999282
615,0.998019
616,0.998289
617,0.99597
618,1.00053
619,1.00125
620,1.00051
621,0.999988
622,1.00184
623,0.998191
624,0.99574
625,0.999458
626,0.999379
627,1.00049
628,0.999652
629,1.0023
630,1.00052
631,1.00346
632,0.998019
633,1.00239
634,1.0056
635,0.997828
636,1.00388
637,0.99654
638,0.999888
639,0.997374
640,1.00187
641,1.00724
642,0.998234
643,1.00272
644,1.00298
645,1.00224
646,1.00143
647,0.997056
648,0.996791
649,0.99862
650,1.00516
651,0.997791
652,1.00242
653,1.00073
654,0.998993
655,1.00361
656,0.999902
657,0.998631
658,0.998433
659,1.00141
660,0.998409
661,1.00378
662,1.00164
663,0.995888
664,0.998505
665,1.00175
666,1.0041
667,1.00372
668,1.00288
669,0.999687
670,1.00023
671,1.00018
672,1.00191
673,0.998908
674,1.00094
675,1.00532
676,1.00039
677,1.00197
678,0.996848
679,0.997711
680,0.996906
681,1.00003
682,1.00224
683,1.00216
684,0.999545
685,0.996924
686,0.999027
687,0.999541
688,0.994885
689,0.994711
690,0.998779
691,0.998094
692,1.00044
693,0.998698
694,0.998801
695,0.997079
696,1.00038
697,0.998698
698,1.00185
699,1.00413
700,1.00135
701,0.999903
702,0.998844
703,0.996449
704,1.00361
705,1.00335
706,0.996712
707,1.00177
708,1.00174
709,0.997426
710,0.999987
711,1.00014
712,0.997227
713,0.998563
714,1.00318
715,0.995862
716,1.00137
717,0.996379
718,1.00205
719,1.00028
720,1.00039
721,1.00147
722,0.999033
723,0.997628
724,0.998125
725,1.00441
726,0.997475
727,1.00047
728,1.00375
729,1.00055
730,1.00095
731,0.995961
732,0.998652
733,0.997564
734,1.00023
735,1.00025
736,0.99905
737,0.998072
738,0.999904
739,1.00039
740,0.999443
741,0.99324
742,0.998426
743,1.0016
744,0.997322
745,1.00172
746,1.00116
747,1.00074
748,1.00247
749,0.997313
750,0.99691
751,1.00401
752,0.996652
753,1.00075
754,1.00346
755,1.00271
756,0.99889
757,1.00308
758,0.999758
759,0.996327
760,0.99993
761,0.996375
762,0.99649
763,0.999375
764,1.00094
765,0.998819
766,0.996827
767,1.00504
768,0.999181
769,1.00049
770,1.0008
771,1.00418
772,0.998221
773,0.997927
774,0.99858
775,1.00192
776,1.00142
777,0.99799
778,1.00364
779,0.999676
780,1.00226
781,1.00006
782,1.00412
783,1.00103
784,1.00204
785,0.997172
786,0.995831
787,1.0015
788,0.999496
789,0.99288
790,1.00214
791,0.996851
792,0.999728
793,1.00355
794,1.00423
795,1.00097
796,0.99534
797,1.00305
798,1.0013
799,0.997563
800,1.00025
801,0.995085
802,0.995075
803,1.00041
804,1.00397
805,1.00406
806,0.999935
807,1.00205
808,1.00069
809,0.996688
810,1.0011
811,0.994316
812,1.00448
813,0.999946
814,1.00319
815,1.00002
816,0.99842
817,1.00426
818,0.999531
819,1.00361
820,1.00224
821,0.999805
822,0.99669
823,1.00003
824,0.99909
825,1.00088
826,1.00316
827,0.998727
828,1.00563
829,0.999526
830,1.0006
831,0.997157
832,1.00395
833,0.999285
834,0.999759
835,1.00001
836,1.00115
837,0.997978
838,1.00151
839,1.00166
840,0.997849
841,0.997468
842,0.997851
843,0.996384
844,0.999697
845,0.997939
846,1.00248
847,0.99943
848,1.00272
849,1.00151
850,1.00134
851,1.00124
852,0.999894
853,0.999937
854,1.00634
855,1.00062
856,0.997925
857,1.00254
858,0.99862
859,0.99989
860,0.997596
861,0.998455
862,1.00016
863,1.0035
864,1.00298
865,0.997485
866,1.00206
867,0.99951
868,1.00102
869,1.00335
870,0.998095
871,1.00276
872,0.996923
873,1.00599
874,0.997446
875,0.997323
876,1.00503
877,1.00031
878,0.998302
879,0.9988
880,0.991692
881,1.00074
882,0.995943
883,0.996656
884,1.00015
885,1.00519
886,0.997766
887,1.00055
888,1.006
889,0.997877
890,0.997123
891,1.00056
892,0.996709
893,1.00221
894,1.00042
895,1.0025
896,0.995283
897,1.00119
898,1.00119
899,0.997675
900,0.995714
901,1.00087
902,0.997706
903,1.00043
904,1.00031
905,1.00554
906,0.997004
907,0.998051
908,1.00333
909,0.998703
910,1.00246
911,0.996252
912,1.00291
913,1.00203
914,0.998622
915,0.999582
916,0.999402
917,1.00386
918,0.996593
919,1.0028
920,0.99628
921,0.997307
922,0.995956
923,0.999003
924,1.00223
925,1.00227
926,0.995156
927,1.00242
928,1.00077
929,0.998403
930,0.994403
931,1.00053
932,1.00178
933,0.997245
934,0.997983
935,0.994992
936,1.003
937,1.00187
938,1.00337
939,0.99857
940,1.00121
941,1.00089
942,0.994028
943,0.997884
944,1.00182
945,0.997566
946,1.00313
947,0.999033
948,1.00079
949,1.00165
950,0.998738
951,1.00058
952,0.999835
953,0.99734
954,1.00266
955,1.00263
956,0.997017
957,0.998317
958,1.00203
959,0.999816
960,1.00158
961,1.00013
962,1.00063
963,0.998315
964,1.00364
965,0.999901
966,0.99952
967,1.00018
968,0.999428
969,1.00045
970,1.0017
971,1.00018
972,1.00154
973,0.998804
974,0.998301
975,0.996056
976,0.9931
977,1.00375
978,1.0015
979,1.00272
980,1.00338
981,1.00241
982,1.00089
983,0.998523
984,0.995453
985,0.996605
986,0.995929
987,1.00348
988,1.00355
989,0.998384
990,1.00386
991,1.00101
992,0.997291
993,1.0034
994,0.999795
995,1.00241
996,1.00089
997,1.00366
998,1.00442
999,1.00009
1000,1.00054
1001,0.99854
1002,0.993849
1003,1.00518
1004,0.997185
1005,1.00081
1006,0.999905
1007,0.999785
1008,0.994284
1009,1.00121
1010,0.998496
1011,0.998406
1012,1.00355
1013,0.998858
1014,1.00041
1015,0.997221
1016,0.993983
1017,0.995301
1018,1.00394
1019,0.99628
1020,1.00417
1021,0.998397
1022,1.00227
1023,0.996362
1024,0.999639
1025,1.00031
1026,0.995671
1027,0.994786
1028,1.0006
1029,0.998682
1030,0.999961
1031,1.00212
1032,1.00466
1033,0.996432
1034,1.00217
1035,1.00191
1036,0.999451
1037,0.999176
1038,1.00175
1039,1.00248
1040,1.00262
1041,0.996887
1042,0.997663
1043,0.998085
1044,1.00159
1045,1.001
1046,0.997559
1047,1.00032
1048,0.997374
1049,0.999128
1050,1.00089
1051,1.00288
1052,1.00349
1053,1.00379
1054,1.0015
1055,0.994706
1056,0.999142
1057,0.999426
1058,1.00173
1059,0.999633
1060,1.00409
1061,0.999889
1062,1.00443
1063,0.993867
1064,0.998867
1065,0.998346
1066,1.00081
1067,0.999437
1068,0.999546
1069,1.00366
1070,1.00298
1071,0.997395
1072,1.00314
1073,1.0038
1074,0.995985
1075,1.0003
1076,0.994522
1077,1.0034
1078,0.999272
1079,0.997791
1080,1.00243
1081,0.999159
1082,1.00254
1083,1.00178
1084,1.00741
1085,1.00107
1086,0.998888
1087,1.00142
1088,1.00092
1089,0.9992
1090,0.997185
1091,1.0024
1092,1.0012
1093,1.00406
1094,0.999621
1095,1.00203
1096,1.00204
1097,0.999903
1098,1.00003
1099,1.0011
1100,1.001
1101,0.997681
1102,1.00609
1103,1.0021
1104,0.998786
1105,0.997577
1106,0.997674
1107,1.0054
1108,1.00126
1109,1.00056
1110,1.00097
1111,0.999891
1112,0.997693
1113,1.00262
1114,1.0021
1115,1.00342
1116,0.99836
1117,1.0003
1118,0.998028
1119,1.00093
1120,0.997521
1121,1.00135
1122,0.999432
1123,0.999882
1124,1.00284
1125,0.998694
1126,0.997735
1127,0.995175
1128,1.00205
1129,1.00234
1130,1.00703
1131,0.999703
1132,1.00433
1133,1.0041
1134,0.994536
1135,0.998191
1136,0.997974
1137,1.00502
1138,1.0023
1139,0.995697
1140,0.997689
1141,0.998949
1142,1.00518
1143,0.999001
1144,0.99979
1145,0.996835
1146,1.00079
1147,0.99909
1148,0.996116
1149,1.0044
1150,0.999416
1151,1.00206
1152,1.00383
1153,0.999656
1154,0.997682
1155,1.00065
1156,1.00687
1157,0.996848
1158,0.997542
1159,0.998576
1160,1.00326
1161,0.998755
1162,1.00166
1163,0.996228
1164,1.00184
1165,1.00316
1166,1.00248
1167,1.00092
1168,0.99608
1169,0.996809
1170,1.00286
1171,0.998102
1172,1.00118
1173,0.999188
1174,1.00325
1175,1.00105
1176,0.996053
1177,0.997156
1178,0.998174
1179,0.996523
1180,0.997509
1181,0.99692
1182,0.997795
1183,0.998649
1184,1.0009
1185,0.999987
1186,1.00209
1187,0.999827
1188,0.999611
1189,0.997041
1190,1.00074
1191,1.0001
1192,1.00104
1193,1.00411
1194,1.00206
1195,0.99851
1196,0.99937
1197,1.0027
1198,1
1199,1.00071
1200,0.999709
1201,1.00089
1202,1.00171
1203,0.999298
1204,0.997755
1205,1.00515
1206,1.00162
1207,1.0012
1208,1.00129
1209,0.992241
1210,1.00059
1211,1.00118
1212,1.00174
1213,0.999682
1214,1.00054
1215,0.997811
1216,1.00377
1217,1.00231
1218,1.00424
1219,1.00153
1220,0.999921
1221,0.99892
1222,1.00351
1223,0.998138
1224,1.00142
1225,1.00275
1226,0.997801
1227,0.996327
1228,1.00144
1229,0.997221
1230,1.00008
1231,1.00383
1232,1.00165
1233,0.993406
1234,0.999367
1235,0.999564
1236,0.994738
1237,0.999059
1238,0.9997
1239,1.00035
1240,1.00311
1241,1.00236
1242,0.998149
1243,0.997523
1244,0.994162
1245,1.00027
1246,1.00245
1247,0.999559
1248,1.00192
1249,1.00171
1250,0.993599
1251,0.996482
1252,0.999698
1253,0.995774
1254,0.997025
1255,1.00098
1256,0.998174
1257,0.993018
1258,1.00013
1259,0.99745
1260,1.00107
1261,0.995079
1262,1.00186
1263,0.996323
1264,0.997523
1265,1.00267
1266,0.999696
1267,0.998867
1268,1.00027
1269,1.00235
1270,0.999699
1271,0.998852
1272,1.00168
1273,0.999686
1274,1.00139
1275,1.00222
1276,0.998371
1277,0.998943
1278,1.00443
1279,1.00148
1280,1.00449
1281,1.00224
1282,1.00324
1283,0.994915
1284,1.00293
1285,1.00259
1286,0.999797
1287,0.99979
1288,0.994224
1289,1.00392
1290,0.999528
1291,1.00354
1292,0.997668
1293,1.00177
1294,0.994135
1295,0.994438
1296,0.999779
1297,1.00249
1298,1.0033
1299,1.0059
1300,0.998165
1301,0.992973
1302,1.00333
1303,1.0026
1304,0.994692
1305,1.00413
1306,1.00012
1307,1.00343
1308,1.00711
1309,1.00064
1310,1.00241
1311,0.998579
1312,1.00486
1313,0.998021
1314,1.00123
1315,0.997901
1316,1.00134
1317,0.994577
1318,0.999916
1319,0.994592
1320,0.99571
1321,1.00321
1322,0.996407
1323,0.99819
1324,0.994281
1325,1.00034
1326,1.00224
1327,0.998265
1328,1.00076
1329,0.999717
1330,0.996841
1331,0.998612
1332,0.998244
1333,0.998717
1334,0.999236
1335,1.00613
1336,0.997029
1337,1.00463
1338,1.00088
1339,1.00103
1340,0.999798
1341,1.00259
1342,0.997126
1343,1.00268
1344,0.998254
1345,1.0043
1346,1.00587
1347,0.999403
1348,0.995958
1349,0.997767
1350,1.00349
1351,1.00244
1352,1.00091
1353,1.00003
1354,1.00385
1355,1.00315
1356,0.999209
1357,1.0002
1358,1.00179
1359,0.997824
1360,1.00365
1361,1.00275
1362,0.996811
1363,1.0028
1364,0.998566
1365,1.0097
1366,1.00542
1367,0.999246
1368,0.995526
1369,0.997364
1370,0.996509
1371,1.00146
1372,1.00265
1373,1.00229
1374,1.00161
1375,1.00256
1376,1.0005
1377,0.998505
1378,0.998101
1379,1.00093
1380,0.999176
1381,0.999815
1382,1.00364
1383,1.00111
1384,0.998921
1385,0.998322
1386,1.00132
1387,0.999697
1388,0.999729
1389,1.00097
1390,0.999845
1391,0.999824
1392,1.00052
1393,0.998609
1394,0.998044
1395,1.00123
1396,1.00108
1397,1.00168
1398,0.99797
1399,0.999857
1400,0.999224
1401,0.999345
1402,1.00244
1403,0.996695
1404,0.996275
1405,0.994886
1406,1.00177
1407,0.999312
1408,1.00391
1409,0.998349
1410,1.00044
1411,0.998149
1412,1.00336
1413,0.997417
1414,0.999344
1415,0.99966
1416,0.999278
1417,1.0033
1418,1.00428
1419,0.997342
1420,0.996699
1421,1.00015
1422,0.996929
1423,0.997448
1424,0.999815
1425,0.999376
1426,0.997162
1427,0.999007
1428,1.00201
1429,0.999168
1430,1.00054
1431,0.999922
1432,0.998111
1433,0.9998
1434,0.999919
1435,1.00269
1436,1.0033
1437,1.00126
1438,1.00683
1439,1.00203
1440,1.00186
1441,1.00393
1442,0.99933
1443,0.998335
1444,1.00119
1445,1.00476
1446,0.998974
1447,1.0051
1448,0.998621
1449,1.00265
1450,1.0016
1451,1.00186
1452,1.0001
1453,0.998598
1454,0.995931
1455,0.99816
1456,0.999507
1457,1.004
1458,0.997751
1459,0.994131
1460,1.00381
1461,0.999449
1462,1.00254
1463,0.99941
1464,1.00134
1465,0.999723
1466,1.00271
1467,0.999859
1468,0.998439
1469,0.998631
1470,1.00459
1471,1.00029
1472,0.996688
1473,0.997938
1474,0.998993
1475,1.00093
1476,0.997963
1477,0.999788
1478,1.00191
1479,0.998672
1480,1.00619
1481,1.00321
1482,0.998925
1483,1.00274
1484,0.998659
1485,1.00211
1486,0.999565
1487,1.00071
1488,0.999989
1489,0.998281
1490,1.00166
1491,0.999211
1492,0.997799
1493,1.00039
1494,0.998554
1495,0.996629
1496,1.00126
1497,0.997083
1498,1.00012
1499,0.998957
1500,0.995081
1501,1.00165
1502,0.997272
1503,0.998149
1504,0.998379
1505,0.999251
1506,0.998966
1507,1.00025
1508,0.999091
1509,0.99896
1510,0.998599
1511,1.00245
1512,1.00126
1513,0.995872
1514,0.999621
1515,1.00007
1516,1.00208
1517,1.00384
1518,1.00595
1519,0.999487
1520,0.995039
1521,1.00166
1522,0.999344
1523,0.999975
1524,0.999678
1525,1.00015
1526,1.00284
1527,1.00236
1528,1.00407
1529,1.00032
1530,1.00303
1531,0.996068
1532,1.00065
1533,1.00218
1534,0.997896
1535,0.999781
1536,0.998437
1537,1.00076
1538,1.00132
1539,0.999749
1540,0.999615
1541,1.00067
1542,0.999957
1543,1.00641
1544,0.9949
1545,1.00517
1546,0.99709
1547,0.998102
1548,0.99702
1549,1.00315
1550,0.996767
1551,1.00108
1552,0.996953
1553,1.00407
1554,0.998529
1555,0.998653
1556,1.00056
1557,1.0001
1558,1.00026
1559,0.99998
1560,0.997236
1561,1.00278
1562,1.00076
1563,0.998855
1564,0.997966
1565,0.99782
1566,0.998602
1567,1.00189
1568,1.0009
1569,1.00233
1570,1.00015
1571,0.998813
1572,0.99926
1573,0.998281
1574,1.00094
1575,1.00307
1576,0.999254
1577,1.00107
1578,0.99807
1579,0.999645
1580,1.00222
1581,1.00137
1582,0.998985
1583,1.00047
1584,0.999677
1585,1.00301
1586,1.00031
1587,0.997083
1588,0.995401
1589,1.0037
1590,1.00075
1591,0.999064
1592,0.996855
1593,1.00076
1594,1.00138
1595,1.00415
1596,0.997403
1597,0.998984
1598,1.00011
1599,1.00361
1600,0.991559
1601,1.00502
1602,1.00436
1603,0.999787
1604,0.995931
1605,1.00367
1606,0.997232
1607,0.997905
1608,0.996617
1609,0.994108
1610,1.00116
1611,1.00331
1612,1.00278
1613,1.00069
1614,0.996156
1615,0.994814
1616,0.995318
1617,0.998775
1618,0.999365
1619,0.996002
1620,0.996853
1621,0.997792
1622,1.00153
1623,0.998623
1624,1.00293
1625,0.994977
1626,1.00281
1627,0.998166
1628,1.00548
1629,0.998933
1630,0.999006
1631,1.00114
1632,1.00088
1633,0.998686
1634,0.999846
1635,0.997598
1636,1.00083
1637,0.993991
1638,1.00123
1639,1.0007
1640,0.998197
1641,1.00359
1642,1.00127
1643,1.00095
1644,1.00235
1645,1.00187
1646,1.00328
1647,0.997807
1648,1.00007
1649,1.00011
1650,1.00141
1651,0.999882
1652,0.998918
1653,1.00225
1654,0.99962
1655,1.0016
1656,0.992783
1657,1.00623
1658,1.00203
1659,1.00201
1660,1.00001
1661,0.998594
1662,1.00158
1663,1.00224
1664,0.998191
1665,1.00197
1666,1.00004
1667,0.99912
1668,1.00295
1669,0.99869
1670,1.00092
1671,1.0002
1672,0.999316
1673,1.00063
1674,0.997842
1675,0.999616
1676,0.999561
1677,1.00013
1678,0.998194
1679,0.997371
1680,1.00028
1681,0.999446
1682,0.997793
1683,1.00131
1684,1.00217
1685,0.997394
1686,0.997352
1687,1.00026
1688,0.998011
1689,1.00201
1690,1.00035
1691,1.00649
1692,1.00186
1693,0.995791
1694,0.996206
1695,0.9975
1696,0.994788
1697,0.998246
1698,0.998298
1699,1.00292
1700,0.995602
1701,1.00289
1702,0.998288
1703,1.00209
1704,0.998334
1705,0.998603
1706,1.00392
1707,0.999757
1708,1.00262
1709,1.00584
1710,1.00507
1711,1.0037
1712,1.00198
1713,0.9968
1714,0.997148
1715,1.00167
1716,1.00161
1717,0.998209
1718,1.00147
1719,1.00306
1720,0.996587
1721,1.0083
1722,0.998219
1723,1.00102
1724,1.00004
1725,0.999821
1726,1.00245
1727,0.999186
1728,1.00084
1729,1.00216
1730,1.00278
1731,1.00684
1732,1.0008
1733,1.00079
1734,1.00192
1735,0.998688
1736,0.997245
1737,1.0006
1738,1.00141
1739,0.999846
1740,1.00292
1741,0.996711
1742,0.993991
1743,1.00387
1744,0.992182
1745,1.00317
1746,1.00536
1747,1.00042
1748,1.00069
1749,1.00172
1750,1.00052
1751,0.998226
1752,1.00232
1753,0.999836
1754,1.004
1755,1.0037
1756,0.995091
1757,0.999664
1758,1.0006
1759,0.999405
1760,0.997771
1761,0.999147
1762,0.999937
1763,0.997311
1764,1.00379
1765,1.00089
1766,1.00098
1767,0.998599
1768,0.997476
1769,0.999557
1770,1.00101
1771,1.00134
1772,0.99591
1773,1.00414
1774,0.997504
1775,1.00347
1776,0.995845
1777,1.00318
1778,0.998989
1779,1.00341
1780,0.994939
1781,0.994036
1782,0.994751
1783,1.00318
1784,1.00277
1785,1.00056
1786,0.999633
1787,1.00192
1788,1.0021
1789,0.997301
1790,1.00516
1791,0.996818
1792,0.999113
1793,1.00052
1794,0.997806
1795,1.00271
1796,1.0009
1797,0.998461
1798,0.998881
1799,0.997723
1800,1.00401
1801,1.00072
1802,0.992394
1803,1.00062
1804,1.00055
1805,0.99394
1806,0.993087
1807,0.999073
1808,0.998484
1809,1.00234
1810,0.998828
1811,0.997379
1812,1.00269
1813,0.999039
1814,1.00347
1815,1.00227
1816,1.0008
1817,1.00006
1818,1.00434
1819,1.00339
1820,0.996897
1821,0.998338
1822,1.00287
1823,1.00277
1824,1.00213
1825,0.999806
1826,1.00356
1827,0.997635
1828,1.00076
1829,1.00296
1830,0.997898
1831,0.998285
1832,1.00398
1833,1.00403
1834,0.999274
1835,1.00021
1836,0.999615
1837,0.996646
1838,1.00417
1839,1.00296
1840,1.00099
1841,1.00007
1842,1.00382
1843,1.00005
1844,1.00212
1845,1.00305
1846,0.998859
1847,1.00187
1848,0.995622
1849,0.997673
1850,0.999729
1851,1.00043
1852,1.00638
1853,0.997768
1854,0.997334
1855,1.00064
1856,1.00344
1857,0.998275
1858,0.999037
1859,1.00015
1860,0.998028
1861,0.996311
1862,0.998984
1863,1.00207
1864,0.996843
1865,1.00303
1866,0.993592
1867,1.00091
1868,0.999197
1869,0.999397
1870,1.00611
1871,0.998274
1872,1.00148
1873,1.00329
1874,1.00071
1875,0.997534
1876,1.00431
1877,0.997381
1878,1.00013
1879,1.00153
1880,1.00438
1881,1.00259
1882,0.998433
1883,1.00053
1884,1.00438
1885,1.00067
1886,0.999403
1887,0.999115
1888,1.00506
1889,0.99878
1890,1.00223
1891,0.998393
1892,1.00089
1893,0.99812
1894,0.999092
1895,0.997559
1896,0.994984
1897,1.00312
1898,0.998235
1899,0.995595
1900,1.00102
1901,1.0011
1902,1.00107
1903,1.00164
1904,0.999783
1905,0.99541
1906,0.998477
1907,0.995774
1908,1.00119
1909,1.00127
1910,1.00213
1911,1.00273
1912,0.999343
1913,1.00356
1914,0.996681
1915,1.00197
1916,1.002
1917,1.00484
1918,1.00032
1919,1.0034
1920,0.996621
1921,0.99858
1922,0.999202
1923,1.00237
1924,0.996704
1925,0.996338
1926,1.00154
1927,1.00003
1928,0.999847
1929,1.00606
1930,1.00053
1931,1.0022
1932,0.995807
1933,0.999382
1934,0.999274
1935,0.996117
1936,1.00333
1937,0.9995
1938,1.00034
1939,0.997938
1940,0.995627
1941,0.998499
1942,1.00414
1943,0.998357
1944,1.00009
1945,0.995612
1946,0.995836
1947,1.00139
1948,1.00114
1949,1.00105
1950,0.997472
1951,0.998518
1952,0.995931
1953,0.99661
1954,0.998546
1955,1.00017
1956,1.00122
1957,1.00005
1958,0.998333
1959,1.00097
1960,1.00274
1961,1.00255
1962,1.00314
1963,0.999462
1964,0.998575
1965,1.00184
1966,0.998914
1967,0.998851
1968,1.00184
1969,0.993991
1970,0.998496
1971,0.99858
1972,0.994833
1973,0.998762
1974,0.996131
1975,1.00382
1976,1.00099
1977,0.9989
1978,1.00288
1979,1.00289
1980,1.00102
1981,1.0007
1982,1.00068
1983,0.999903
1984,0.999362
1985,1.00269
1986,0.995017
1987,0.994152
1988,0.993714
1989,0.998764
1990,0.997856
1991,0.99944
1992,0.998196
1993,1.00564
1994,0.999115
1995,1.00316
1996,0.996787
1997,1.00402
1998,1.00679
1999,1.00112
2000,1.0031
2001,1.00444
2002,0.998822
2003,0.997472
2004,0.993024
2005,0.996221
2006,1.0003
2007,0.999366
2008,1.00181
2009,1.00285
2010,1.00409
2011,0.997968
2012,1.00016
2013,1.00319
2014,1.00037
2015,0.99581
2016,0.998127
2017,0.994678
2018,1.00269
2019,0.994677
2020,1.00035
2021,0.999522
2022,1.00391
2023,1.00061
2024,1.00489
2025,1.00146
2026,0.996165
2027,1.0008
2028,0.996428
2029,1.00254
2030,1.00214
2031,0.996739
2032,0.999209
2033,0.9981
2034,0.99991
2035,1.00028
2036,1.00242
2037,0.991959
2038,1.0027
2039,1.00293
2040,0.999749
2041,1.00064
2042,1.00201
2043,1.00056
2044,0.999295
2045,1.00195
2046,0.997599
2047,1.00305
2048,0.997086
2049,1.0003
2050,0.999632
2051,1.00208
2052,0.995796
2053,0.997454
2054,1.00608
2055,0.997642
2056,0.997435
2057,0.996177
2058,0.999151
2059,1.00186
2060,1.00088
2061,1.00009
2062,1.00053
2063,1.00413
2064,1.00146
2065,1.00279
2066,0.998037
2067,0.999671
2068,1.00207
2069,1.00306
2070,1.00297
2071,1.00581
2072,1.00287
2073,1.0018
2074,1.00187
2075,0.999495
2076,0.995573
2077,0.997571
2078,0.99777
2079,1.00097
2080,1.00148
2081,0.997865
2082,1.0037
2083,1.00102
2084,1.00274
2085,0.999596
2086,1.00398
2087,1.00036
2088,1.00476
2089,0.998765
2090,0.999331
2091,0.996535
2092,0.995326
2093,0.995928
2094,1.00033
2095,0.998508
2096,1.00413
2097,0.99433
2098,1.00381
2099,0.998278
2100,1.00725
2101,1.00039
2102,0.998889
2103,1.0002
2104,1.00315
2105,1.00148
2106,0.999607
2107,0.999942
2108,1.00162
2109,0.998171
2110,0.998472
2111,0.996896
2112,1.00326
2113,1.00206
2114,1.00027
2115,0.995011
2116,0.99994
2117,1.00143
2118,1.00105
2119,0.999817
2120,0.998211
2121,1.00064
2122,1.0001
2123,0.997052
2124,1.00362
2125,1.00338
2126,0.996699
2127,1.003
2128,0.997297
2129,1.00088
2130,0.99548
2131,1.00081
2132,1.0018
2133,0.999524
2134,0.999238
2135,1.00267
2136,0.999762
2137,0.999752
2138,0.998039
2139,1.00477
2140,0.998785
2141,0.998764
2142,1.00134
2143,1.00113
2144,1.00246
2145,1.00184
2146,1.00275
2147,1.00398
2148,1.00088
2149,0.998222
2150,1.00004
2151,0.998756
2152,0.996493
2153,1.00078
2154,0.999295
2155,0.999606
2156,0.996469
2157,1.00346
2158,0.999421
2159,0.999776
2160,0.998906
2161,0.995962
2162,1.00059
2163,1.00028
2164,0.997367
2165,1.00484
2166,1.00549
2167,0.999469
2168,0.994016
2169,0.996945
2170,1.00036
2171,0.999556
2172,1.00066
2173,0.998154
2174,0.998024
2175,0.998771
2176,0.99766
2177,1.0011
2178,1.0026
2179,1.00222
2180,1.00118
2181,0.995991
2182,1.00053
2183,0.997947
2184,0.996258
2185,0.996819
2186,0.997295
2187,0.999631
2188,1.00077
2189,0.994379
2190,0.999592
2191,0.9968
2192,1.0023
2193,1.00681
2194,0.998257
2195,1.00027
2196,1.00172
2197,1.00144
2198,1.00164
2199,0.999216
2200,1.00459
2201,0.99724
2202,1.00487
2203,1.00299
2204,1.00042
2205,1.0026
2206,0.996952
2207,0.998554
2208,1.00525
2209,1.00063
2210,1.00318
2211,1.00127
2212,0.995792
2213,0.994466
2214,1.00157
2215,0.997679
2216,1.00045
2217,1.00339
2218,0.998899
2219,0.999169
2220,0.997063
2221,0.998405
2222,0.999781
2223,1.00002
2224,0.998483
2225,0.998161
2226,1.00039
2227,1.00541
2228,1.00135
2229,1.00345
2230,1.00343
2231,0.997501
2232,0.999605
2233,1.00307
2234,1.00184
2235,0.998678
2236,1.00444
2237,0.998947
2238,1.00147
2239,0.998386
2240,0.99619
2241,0.998927
2242,0.99878
2243,0.998836
2244,1.00007
2245,0.998996
2246,0.996223
2247,1.00317
2248,1.00035
2249,1.00033
2250,0.99812
2251,0.999754
2252,0.999726
2253,1.00212
2254,0.998519
2255,1.00014
2256,0.999611
2257,0.998972
2258,0.997606
2259,0.999522
2260,0.996411
2261,1.00216
2262,0.999737
2263,1.00349
2264,0.997962
2265,0.998815
2266,1.00383
2267,0.998726
2268,0.99951
2269,0.999566
2270,0.997776
2271,0.998689
2272,0.997638
2273,0.997271
2274,0.998171
2275,0.998437
2276,1.00163
2277,1.0016
2278,1.00214
2279,1.00151
2280,1.0015
2281,0.998274
2282,0.996789
2283,1.00063
2284,1.00025
2285,1.00331
2286,1.00138
2287,0.999487
2288,1.0023
2289,1.00195
2290,1.00145
2291,1.0015
2292,0.999826
2293,0.996969
2294,0.999915
2295,1.00217
2296,1.00278
2297,1.0003
2298,1.0038
2299,1.00507
2300,1.00044
2301,0.996799
2302,0.998153
2303,0.996983
2304,0.996125
2305,0.996338
2306,1.0001
2307,0.995908
2308,0.99807
2309,1.00159
2310,1.00268
2311,0.998144
2312,1.00306
2313,0.996674
2314,1.00059
2315,1.0011
2316,0.998462
2317,1.00025
2318,1.00369
2319,0.997423
2320,0.998921
2321,0.999946
2322,1.0023
2323,1.0023
2324,0.998729
2325,1.00443
2326,0.998334
2327,0.997432
2328,1.00109
2329,1.00337
2330,0.996263
2331,1.00684
2332,1.00414
2333,1.00053
2334,0.997438
2335,0.998229
2336,0.997313
2337,1.00104
2338,1.00254
2339,0.995597
2340,1.00111
2341,0.999279
2342,1.00093
2343,1.00238
2344,1.00186
2345,0.998073
2346,0.995221
2347,1.00169
2348,0.998163
2349,1.00223
2350,1.00142
2351,1.00286
2352,1.0037
2353,0.99582
2354,0.996018
2355,0.999682
2356,0.99948
2357,0.999751
2358,1.00022
2359,1.00024
2360,0.999378
2361,1.00212
2362,0.996137
2363,0.99701
2364,1.00157
2365,0.998447
2366,0.998862
2367,0.997472
2368,0.99928
2369,0.996232
2370,0.995723
2371,1.00305
2372,1.00062
2373,0.999659
2374,1.00168
2375,1.00153
2376,0.997118
2377,0.997592
2378,0.999139
2379,1.00194
2380,1.00153
2381,1.00216
2382,0.998795
2383,1.00163
2384,0.998849
2385,1.0013
2386,0.989235
2387,0.994491
2388,1.00461
2389,0.995798
2390,0.99502
2391,0.998014
2392,0.997466
2393,0.996259
2394,1.00169
2395,0.998548
2396,0.994513
2397,1.00647
2398,0.999013
2399,1.00014
2400,1.00269
2401,1.00198
2402,1.00139
2403,0.997706
2404,0.995625
2405,0.996982
2406,0.996162
2407,1.00188
2408,1.00176
2409,0.996725
2410,1.00374
2411,1.00054
2412,1.00068
2413,0.999665
2414,0.995395
2415,1.00194
2416,0.999763
2417,1.00735
2418,0.99729
2419,1.00208
2420,1.00156
2421,0.999384
2422,0.996869
2423,0.998065
2424,0.997078
2425,0.999682
2426,1.00007
2427,1.00068
2428,0.996984
2429,1.00294
2430,1.00124
2431,0.994223
2432,0.999839
2433,1.00358
2434,0.997687
2435,1.00181
2436,1.00521
2437,1.0007
2438,1.00355
2439,1.0012
2440,0.998213
2441,0.998821
2442,1.00018
2443,1.00184
2444,0.995041
2445,1.00132
2446,0.996547
2447,1.00063
2448,1.00269
2449,0.999093
2450,1.0042
2451,0.999236
2452,0.995808
2453,1.00208
2454,0.994936
2455,0.998056
2456,0.994601
2457,1.00074
2458,1.0014
2459,0.998012
2460,1.00079
2461,1.00328
2462,0.995576
2463,1.0019
2464,0.998059
2465,0.998518
2466,1.00134
2467,1.00051
2468,1.00066
2469,1.00256
2470,1.00009
2471,0.996653
2472,0.997144
2473,1.00214
2474,1.00005
2475,0.994114
2476,1.00363
2477,0.992794
2478,1.0014
2479,0.997429
2480,0.998338
2481,0.989747
2482,1.00289
2483,1.00206
2484,1.00163
2485,0.998628
2486,0.997536
2487,1.00325
2488,0.997271
2489,0.999101
2490,0.999356
2491,0.995248
2492,1.00445
2493,0.99924
2494,0.99817
2495,0.997003
2496,1.00153
2497,1.00265
2498,1.00057
2499,0.996336
2500,1.00227
2501,0.999549
2502,1.00111
2503,1.00349
2504,0.998196
2505,0.99737
2506,0.999257
2507,0.999411
2508,1.0001
2509,0.995536
2510,1.00173
2511,1.00185
2512,1.0003
2513,0.997177
2514,0.998844
2515,0.999031
2516,0.995659
2517,1.0003
2518,1.00451
2519,1.00019
2520,1.00246
2521,1.00082
2522,1.00067
2523,0.996923
2524,0.997652
2525,1.00447
2526,1.00278
2527,1.00008
2528,1.00267
2529,0.999902
2530,1.00195
2531,0.999118
2532,1.00013
2533,0.998923
2534,0.999558
2535,0.998633
2536,0.998688
2537,1.0029
2538,1.00636
2539,1.00143
2540,0.99873
2541,0.997112
2542,0.999029
2543,0.996225
2544,0.99839
2545,0.999096
2546,1.0022
2547,1.00471
2548,1.00436
2549,0.998607
2550,0.997652
2551,0.999484
2552,0.998813
2553,1.00032
2554,1.00035
2555,1.00652
2556,1.00187
2557,0.999672
2558,0.998949
2559,1.00425
2560,0.996262
2561,1.00369
2562,1.00134
2563,0.997158
2564,0.999839
2565,1.00152
2566,1.00041
2567,1.00108
2568,0.999299
2569,0.998102
2570,1.00402
2571,0.999958
2572,0.999014
2573,1.00142
2574,1.00254
2575,1
2576,1.00021
2577,0.999898
2578,1.00022
2579,1.00174
2580,0.994249
2581,1.00078
2582,1.00364
2583,0.999839
2584,1.00348
2585,1.00442
2586,0.999299
2587,0.998976
2588,0.995808
2589,0.999527
2590,1.00221
2591,1.00454
2592,0.997985
2593,1.00804
2594,0.99918
2595,0.999147
2596,1.00307
2597,1.00103
2598,0.994249
2599,0.997615
2600,0.998514
2601,0.997607
2602,1.00438
2603,0.999767
2604,0.997313
2605,1.00272
2606,1.00088
2607,1.00082
2608,0.998566
2609,1.00109
2610,0.997606
2611,1.00244
2612,0.998165
2613,0.996017
2614,0.998582
2615,0.999252
2616,1.0017
2617,1.00083
2618,0.998189
2619,1.00324
2620,1.00332
2621,0.997242
2622,0.994919
2623,0.996338
2624,0.999306
2625,1.00624
2626,1.00396
2627,0.995192
2628,0.997976
2629,1.0011
2630,0.997118
2631,0.995519
2632,1.00166
2633,1.0008
2634,1.00352
2635,0.99554
2636,0.998479
2637,0.99694
2638,1.00232
2639,0.999918
2640,0.999231
2641,0.999078
2642,1.00256
2643,0.999996
2644,1.00043
2645,1.00044
2646,1.00251
2647,1.00073
2648,1.00299
2649,1.00431
2650,1.00527
2651,0.993783
2652,1.00436
2653,1.00306
2654,0.994266
2655,0.99857
2656,0.997829
2657,0.998322
2658,1.0027
2659,0.999152
2660,1.00005
2661,1.00326
2662,1.00405
2663,1.00033
2664,0.996486
2665,0.998426
2666,0.996672
2667,1.00115
2668,0.999634
2669,1.0024
2670,1.00262
2671,0.999493
2672,1.00005
2673,0.997421
2674,1.00097
2675,0.993288
2676,0.998756
2677,1.00246
2678,0.997976
2679,0.997282
2680,0.999828
2681,1.0028
2682,1.00304
2683,0.99999
2684,0.99921
2685,1.00007
2686,1.00048
2687,1.00096
2688,0.996952
2689,0.999756
2690,1.00363
2691,0.999111
2692,1.00053
2693,1.00473
2694,1.00955
2695,1.00183
2696,0.997754
2697,0.997786
2698,1.00049
2699,1.00508
2700,1.00024
2701,0.997882
2702,1.00355
2703,1.0022
2704,1.00036
2705,0.998998
2706,0.996896
2707,0.993176
2708,1.00252
2709,1.0039
2710,0.998215
2711,0.99874
2712,1.00317
2713,1.00006
2714,1.00002
2715,1.00183
2716,0.996328
2717,0.998511
2718,0.99953
2719,1.00193
2720,1.00216
2721,1.00182
2722,1.00326
2723,0.994259
2724,0.997605
2725,0.998806
2726,0.998107
2727,0.999101
2728,0.997572
2729,0.999638
2730,1.00135
2731,0.998413
2732,1.00444
2733,1.00331
2734,1.00361
2735,1.00114
2736,1.00456
2737,1.00187
2738,1.00054
2739,1.00394
2740,0.999371
2741,1.00016
2742,1.00389
2743,0.996674
2744,1.00216
2745,1.00135
2746,1.00397
2747,0.996865
2748,0.997865
2749,1.00227
2750,1.00215
2751,0.992276
2752,0.99821
2753,0.998538
2754,1.0009
2755,0.996625
2756,0.999011
2757,1.00031
2758,0.9974
2759,1.00176
2760,0.998611
2761,0.996128
2762,0.998309
2763,0.999046
2764,0.998295
2765,0.999761
2766,1.00133
2767,1.00013
2768,0.997595
2769,0.995786
2770,1.00561
2771,1.00161
2772,1.00524
2773,1.00443
2774,0.995964
2775,0.998291
2776,0.998113
2777,1.00399
2778,1.00068
2779,1.00229
2780,1.00407
2781,0.998891
2782,1.00204
2783,0.998318
2784,0.999753
2785,0.996885
2786,1.00024
2787,1.00031
2788,0.997521
2789,1.00301
2790,0.996132
2791,0.99908
2792,1.00069
2793,0.998318
2794,1.0028
2795,0.998769
2796,1.00012
2797,0.997334
2798,0.998931
2799,0.998017
2800,1.00204
2801,1.0018
2802,1.00497
2803,0.995853
2804,1.00267
2805,1.00007
2806,1.00284
2807,1.00035
2808,0.996304
2809,0.999075
2810,0.99606
2811,1.00349
2812,0.999698
2813,1.00017
2814,0.997863
2815,0.992831
2816,1.00596
2817,0.996413
2818,1.00265
2819,0.997
2820,1.00317
2821,1.00275
2822,0.997916
2823,1.00124
2824,1.00593
2825,0.999135
2826,1.00094
2827,1.00164
2828,0.99981
2829,0.999977
2830,0.998728
2831,1.00335
2832,1.0008
2833,1.00323
2834,1.001
2835,0.998811
2836,0.999606
2837,1.00271
2838,1.0002
2839,0.998546
2840,0.996087
2841,0.99837
2842,0.994565
2843,0.997432
2844,1.00238
2845,0.998513
2846,1.00291
2847,1.00268
2848,1.00262
2849,1.00552
2850,0.999698
2851,1.00015
2852,1.00212
2853,0.996954
2854,1.00416
2855,1.00262
2856,0.995705
2857,0.996825
2858,1.00856
2859,0.999535
2860,1.00373
2861,0.99616
2862,0.996502
2863,1.00323
2864,0.999827
2865,1.00249
2866,1.00432
2867,0.999515
2868,1.00649
2869,0.994201
2870,0.999157
2871,1.00233
2872,1.0013
2873,1.00416
2874,0.998359
2875,1.00031
2876,0.994428
2877,1.00001
2878,1.00061
2879,1.00105
2880,0.995694
2881,1.00254
2882,0.997132
2883,0.999202
2884,1.00009
2885,1.00263
2886,0.996286
2887,1.0022
2888,1.00155
2889,1.00186
2890,0.995357
2891,1.00185
2892,1.00039
2893,0.998909
2894,0.995125
2895,0.996994
2896,0.999849
2897,1.00108
2898,0.997867
2899,0.997961
2900,1.00075
2901,1.00472
2902,0.999194
2903,0.997461
2904,0.996556
2905,0.999338
2906,0.999579
2907,1.00222
2908,1.00044
2909,0.998027
2910,0.999775
2911,1.0016
2912,1.00108
2913,1.00495
2914,1.00247
2915,1.00388
2916,0.998706
2917,1.00399
2918,0.999042
2919,1.00088
2920,0.997882
2921,1.0009
2922,0.996285
2923,1.00182
2924,0.999086
2925,1.00172
2926,1.00067
2927,0.999151
2928,1.00458
2929,1.00252
2930,0.998977
2931,0.998494
2932,1.00017
2933,0.997433
2934,0.996544
2935,0.999168
2936,0.997857
2937,0.998679
2938,1.00296
2939,0.994447
2940,0.995884
2941,0.998169
2942,1.00224
2943,0.99605
2944,0.996636
2945,1.00118
2946,0.997291
2947,0.997068
2948,0.999335
2949,1.00468
2950,1.00026
2951,1.00177
2952,0.995594
2953,0.999087
2954,0.999833
2955,1.00023
2956,1.00471
2957,1.00027
2958,0.999458
2959,1.00076
2960,1.00221
2961,1.00027
2962,1.00064
2963,1.00377
2964,0.999064
2965,0.999269
2966,1.00014
2967,1.0011
2968,0.99642
2969,0.99935
2970,1.00166
2971,0.997975
2972,0.999398
2973,0.998815
2974,0.999226
2975,0.999344
2976,0.999334
2977,1.0025
2978,0.999469
2979,0.999677
2980,0.997454
2981,1.00114
2982,0.996526
2983,0.998046
2984,1.00179
2985,0.999493
2986,0.99448
2987,1.00379
2988,1.00128
2989,1.0024
2990,1.00293
2991,1.00233
2992,1.00204
2993,0.998164
2994,0.999962
2995,1.00043
2996,0.999355
2997,1.00117
2998,1.00483
2999,1.00203
3000,1.00103
3001,0.998239
3002,1.00347
3003,1.00339
3004,1.00281
3005,1.00289
3006,0.99582
3007,0.998183
3008,0.996443
3009,1.00168
3010,1.00769
3011,0.99876
3012,0.998213
3013,0.998137
3014,0.997584
3015,1.00354
3016,0.998855
3017,0.995507
3018,0.99384
3019,0.999942
3020,0.996289
3021,1.00426
3022,0.9989
3023,1.00066
3024,1.0058
3025,0.997496
3026,1.00012
3027,1.00052
3028,0.996314
3029,0.997828
3030,1.00026
3031,1.00276
3032,1.00088
3033,1.0012
3034,0.994477
3035,0.999122
3036,0.999075
3037,1.00032
3038,1.00138
3039,1.00033
3040,1.00286
3041,0.999695
3042,1.00067
3043,1.00184
3044,1.00232
3045,1.00224
3046,1.00284
3047,1.0023
3048,0.998125
3049,0.993524
3050,0.996215
3051,1.00344
3052,1.00218
3053,1.00153
3054,0.998802
3055,1.00503
3056,1.00011
3057,1.00035
3058,0.998422
3059,1.00059
3060,1.00227
3061,1.00245
3062,0.996797
3063,1.00017
3064,0.998767
3065,1.00046
3066,1.00045
3067,1.00339
3068,1.00397
3069,0.995744
3070,1.0005
3071,0.999684
3072,0.99882
3073,1.0028
3074,0.996784
3075,0.998336
3076,0.999301
3077,1.00102
3078,1.00147
3079,0.998662
3080,0.999821
3081,1.0017
3082,1.00283
3083,1.00051
3084,0.998436
3085,1.00288
3086,1.00234
3087,0.998986
3088,1.00298
3089,1.00398
3090,0.998229
3091,0.997458
3092,1.00084
3093,1.00221
3094,0.998934
3095,1.00535
3096,0.998673
3097,0.998517
3098,1.0026
3099,0.996307
3100,1.0057
3101,0.995043
3102,0.995074
3103,1.00204
3104,1.00425
3105,1.00031
3106,1.0004
3107,1.00091
3108,0.995862
3109,0.997598
3110,1.00245
3111,1.00352
3112,0.998195
3113,1.00151
3114,1.00278
3115,0.999279
3116,1.00146
3117,0.994452
3118,0.99796
3119,1.0011
3120,1.00296
3121,1.00264
3122,1.00002
3123,0.999972
3124,1.00003
3125,0.999554
3126,1.00762
3127,0.999957
3128,0.999678
3129,0.99649
3130,1.00192
3131,0.996991
3132,1.00001
3133,1.00178
3134,1.00028
3135,1.00574
3136,0.999879
3137,0.996935
3138,1.00316
3139,1.00094
3140,1.00264
3141,1.0033
3142,0.998034
3143,1.0003
3144,0.995686
3145,0.995801
3146,0.998592
3147,0.997907
3148,1.00433
3149,1.00101
3150,1.00212
3151,1.00059
3152,0.998304
3153,1.00009
3154,1.00278
3155,1.00406
3156,1.0015
3157,1.00458
3158,0.999028
3159,1.00113
3160,0.99871
3161,0.999241
3162,1.0018
3163,1.00401
3164,1.00027
3165,1.00236
3166,1.00021
3167,1.00207
3168,0.996483
3169,0.999003
3170,1.00025
3171,1.0022
3172,0.995024
3173,1.00083
3174,0.997829
3175,0.998024
3176,0.999535
3177,0.997805
3178,1.00497
3179,1.00136
3180,0.99762
3181,0.997556
3182,0.997763
3183,0.99979
3184,1.00107
3185,1.00136
3186,0.99994
3187,0.997159
3188,1.00052
3189,0.998639
3190,0.999992
3191,1.00761
3192,0.996157
3193,1.00087
3194,1.00303
3195,1.00055
3196,0.997588
3197,1.00227
3198,0.997697
3199,0.995056
3200,1.00267
3201,0.999588
3202,1.00086
3203,1.00107
3204,0.994494
3205,1.00051
3206,1.00134
3207,0.999899
3208,0.999587
3209,1.00258
3210,1.00161
3211,1.0003
3212,1.00243
3213,0.998184
3214,0.999406
3215,1.00055
3216,0.99727
3217,0.998417
3218,0.997314
3219,0.995846
3220,0.996494
3221,1.00039
3222,0.997533
3223,0.998654
3224,0.999233
3225,0.99753
3226,1.00153
3227,0.993953
3228,0.997628
3229,0.999854
3230,1.0014
3231,1.00185
3232,0.999151
3233,0.999312
3234,0.999303
3235,0.999159
3236,0.997584
3237,0.998194
3238,1.00152
3239,0.992937
3240,0.994481
3241,1.00214
3242,0.997511
3243,1.00067
3244,0.99686
3245,1.00132
3246,1.00362
3247,1.00324
3248,1.0022
3249,0.995591
3250,0.995645
3251,0.996447
3252,1.00001
3253,0.995837
3254,1.00215
3255,1.00215
3256,0.998187
3257,1.00032
3258,1.00182
3259,1.00177
3260,1.00167
3261,0.997869
3262,1.00178
3263,1.00152
3264,0.998432
3265,0.998129
3266,1.00002
3267,1.00228
3268,0.996509
3269,1.0013
3270,1.00022
3271,1.00149
3272,0.998672
3273,0.999221
3274,1.00081
3275,0.99988
3276,0.997929
3277,1.00168
3278,0.998921
3279,0.996421
3280,1.0027
3281,1.0049
3282,0.998663
3283,1.00169
3284,1.00426
3285,0.999681
3286,1.00151
3287,1.00077
3288,1.00028
3289,1.00371
3290,1.00534
3291,0.998697
3292,0.997834
3293,0.994489
3294,0.998097
3295,0.998593
3296,0.998297
3297,1.00402
3298,1.00535
3299,1.00036
3300,1.00563
3301,0.999509
3302,1.0053
3303,1.00141
3304,1.001
3305,1.00097
3306,1.00262
3307,0.995575
3308,1.00047
3309,1.00112
3310,0.998357
3311,0.99582
3312,1.0017
3313,0.998315
3314,0.998994
3315,0.999078
3316,1.00145
3317,0.996677
3318,0.997729
3319,0.9971
3320,0.997575
3321,1.00276
3322,0.99563
3323,1.00676
3324,0.999883
3325,0.99875
3326,0.998372
3327,1.00118
3328,1.00653
3329,1.0018
3330,1.00013
3331,0.999867
3332,0.993874
3333,0.998645
3334,0.997931
3335,0.99837
3336,1.00222
3337,0.996167
3338,0.997545
3339,1.00127
3340,0.999832
3341,1.00002
3342,1.00015
3343,0.998754
3344,0.995179
3345,0.999121
3346,0.999148
3347,1.0077
3348,0.996741
3349,1.00498
3350,1.00355
3351,0.995894
3352,1.0004
3353,1.00386
3354,0.999107
3355,1.00164
3356,0.997656
3357,1.00078
3358,1.00143
3359,1.00047
3360,0.999226
3361,1.00138
3362,1.00237
3363,1.00144
3364,0.996229
3365,0.999359
3366,1.0011
3367,1.00075
3368,0.99771
3369,0.9987
3370,0.999067
3371,1.00303
3372,1.0029
3373,1.00296
3374,1.00003
3375,0.999779
3376,1.00136
3377,0.997279
3378,0.998259
3379,0.999413
3380,0.997825
3381,0.998216
3382,1.00004
3383,0.997867
3384,0.999625
3385,1.00445
3386,1.00223
3387,1.00059
3388,0.999758
3389,0.999264
3390,0.99549
3391,1.00107
3392,0.996381
3393,0.993455
3394,1.00288
3395,1.00265
3396,1.00119
3397,1.0032
3398,1.0034
3399,1.0014
3400,0.999172
3401,1.00377
3402,0.998944
3403,0.997318
3404,0.99818
3405,1.00157
3406,0.996328
3407,1.00174
3408,0.995652
3409,0.996946
3410,1.00111
3411,1.00166
3412,1.00356
3413,1.0033
3414,0.99911
3415,1.00085
3416,0.998146
3417,1.006
3418,0.999617
3419,0.999474
3420,1.00018
3421,0.99805
3422,1.00456
3423,0.995808
3424,1.00797
3425,1.00289
3426,0.996633
3427,0.998942
3428,1.00048
3429,1.00133
3430,0.998551
3431,0.997434
3432,1.00208
3433,1.00058
3434,0.998653
3435,1.00004
3436,0.999781
3437,0.998013
3438,0.999135
3439,0.996525
3440,1.00222
3441,0.997415
3442,0.992064
3443,1.00552
3444,0.993591
3445,1.00044
3446,0.998892
3447,0.998357
3448,0.999748
3449,0.996305
3450,1.00368
3451,0.999892
3452,1.00035
3453,0.996744
3454,1.00057
3455,0.99862
3456,1.00242
3457,0.996515
3458,1.00008
3459,0.998276
3460,0.998402
3461,1.00066
3462,0.997428
3463,0.9978
3464,0.995951
3465,0.997683
3466,0.997973
3467,1.00126
3468,1.00161
3469,0.998242
3470,0.999658
3471,0.995947
3472,0.999133
3473,0.998814
3474,1.00096
3475,1.00367
3476,0.99883
3477,0.994626
3478,1.00005
3479,0.999523
3480,0.998984
3481,0.994118
3482,1.00135
3483,0.998226
3484,0.998729
3485,1.00152
3486,0.998066
3487,0.998178
3488,0.994959
3489,0.999863
3490,1.00041
3491,0.99689
3492,1.00607
3493,0.992922
3494,0.998033
3495,1.00379
3496,0.999721
3497,0.999307
3498,0.995541
3499,0.999356
3500,1.00601
3501,0.999943
3502,0.998998
3503,0.997523
3504,1.00129
3505,0.999638
3506,1.00162
3507,1.00027
3508,1.00452
3509,1.00308
3510,0.997212
3511,1.002
3512,1.00015
3513,1.00089
3514,0.998793
3515,0.997236
3516,0.996223
3517,0.998746
3518,1.00288
3519,0.996728
3520,1.00142
3521,1.00359
3522,0.995584
3523,1.00177
3524,1.00006
3525,0.998308
3526,0.996718
3527,1.00063
3528,1.00087
3529,0.997601
3530,1.00356
3531,1.0004
3532,0.996821
3533,1.00241
3534,0.993129
3535,0.997675
3536,0.999889
3537,1.00245
3538,0.99973
3539,0.999024
3540,1.0023
3541,0.999922
3542,1.00379
3543,0.998979
3544,1.00469
3545,1.00149
3546,1.00354
3547,1.00119
3548,1.00195
3549,1.00392
3550,1.00068
3551,1.00427
3552,0.998443
3553,0.998471
3554,1.00394
3555,1.00286
3556,1.0013
3557,1.00232
3558,0.99678
3559,0.998941
3560,1.00266
3561,1.0055
3562,1.00439
3563,0.997708
3564,0.99782
3565,1.00093
3566,0.999493
3567,0.99964
3568,0.996859
3569,1.00219
3570,1.00011
3571,1.00258
3572,1.00355
3573,1.00235
3574,0.996692
3575,1.0012
3576,1.00433
3577,0.996129
3578,0.996936
3579,1.00075
3580,1.00102
3581,1.00109
3582,1.00095
3583,0.999068
3584,1.00078
3585,0.997864
3586,1.0039
3587,1.00292
3588,0.997749
3589,1.00012
3590,1.00091
3591,1.0014
3592,0.997957
3593,0.998981
3594,1.00008
3595,1.00011
3596,0.994512
3597,0.997933
3598,0.999497
3599,1.00089
3600,1.00219
3601,1.00328
3602,1.00112
3603,0.996309
3604,1.00254
3605,0.996245
3606,0.999783
3607,0.998013
3608,0.998113
3609,0.995653
3610,1.00361
3611,0.998371
3612,0.999114
3613,1.00073
3614,0.996977
3615,1.00301
3616,0.996526
3617,1.00131
3618,0.998396
3619,0.998288
3620,1.00168
3621,0.999214
3622,1.00038
3623,0.999963
3624,1.00112
3625,0.999567
3626,0.99687
3627,0.997608
3628,1.00118
3629,0.999637
3630,1.00078
3631,0.99715
3632,1.00113
3633,1.0003
3634,1.00028
3635,0.996793
3636,1.00059
3637,1.00081
3638,0.99831
3639,0.993552
3640,0.997434
3641,0.996808
3642,0.995682
3643,0.998598
3644,0.996287
3645,1.004
3646,1.00069
3647,1.00213
3648,0.998975
3649,1.00009
3650,0.995488
3651,0.996723
3652,0.994179
3653,0.998083
3654,1.00234
3655,1.00036
3656,0.997345
3657,0.997152
3658,1.00207
3659,1.00278
3660,0.995643
3661,1.00229
3662,1.00029
3663,1.00316
3664,0.994875
3665,1.0052
3666,1.0008
3667,0.998327
3668,1.00041
3669,1.00142
3670,1.00453
3671,1.00028
3672,1.0032
3673,0.999607
3674,0.995161
3675,1.00022
3676,1.00662
3677,1.00332
3678,1.00033
3679,0.99645
3680,0.997883
3681,0.997221
3682,1.0031
3683,1.00238
3684,1.00313
3685,1.00292
3686,0.999527
3687,1.00158
3688,1.00123
3689,0.996263
3690,0.998485
3691,0.994936
3692,1.00277
3693,1.00201
3694,0.995894
3695,1.00384
3696,1.00298
3697,1.00009
3698,0.997489
3699,1.00276
3700,0.998987
3701,1.00458
3702,0.996939
3703,0.998775
3704,0.998199
3705,1.00147
3706,0.999587
3707,0.998273
3708,0.997844
3709,0.999808
3710,1.00338
3711,0.999297
3712,0.998536
3713,1.00015
3714,1.00358
3715,0.998853
3716,0.998115
3717,0.996466
3718,1.0038
3719,1.00371
3720,1.00461
3721,1.00288
3722,1.00428
3723,0.994448
3724,0.999804
3725,1.00106
3726,0.998132
3727,1.00028
3728,1.00048
3729,0.997552
3730,1.00176
3731,0.99624
3732,0.99982
3733,1.00243
3734,0.996775
3735,0.999416
3736,1.00085
3737,0.995375
3738,0.997437
3739,0.99875
3740,1.00196
3741,1.00603
3742,0.999274
3743,0.997161
3744,0.999765
3745,0.998672
3746,1.00506
3747,1.0012
3748,1.00233
3749,1.00228
3750,1.00166
3751,1.00396
3752,0.999218
3753,1.00073
3754,0.99919
3755,0.999494
3756,1.00222
3757,0.996839
3758,1.00142
3759,1.00301
3760,1.00107
3761,1.00267
3762,1.00156
3763,1.00397
3764,1.00214
3765,1.00029
3766,1.00365
3767,1.0002
3768,0.999981
3769,0.998602
3770,0.997207
3771,0.999736
3772,0.998896
3773,0.99825
3774,0.999798
3775,0.998954
3776,1.00169
3777,1.00043
3778,0.999783
3779,0.997815
3780,0.998489
3781,0.997519
3782,0.997878
3783,0.998556
3784,0.997211
3785,0.999343
3786,0.993304
3787,0.995367
3788,0.999181
3789,1.00176
3790,1.00325
3791,0.99947
3792,1.00107
3793,0.999692
3794,1.00029
3795,1.0034
3796,0.999634
3797,1.00539
3798,0.993494
3799,0.998241
3800,1.00071
3801,0.997139
3802,1.00051
3803,1.00047
3804,1.00136
3805,1.00289
3806,1.00105
3807,0.99586
3808,0.999151
3809,0.995867
3810,0.99923
3811,1.00114
3812,1.00322
3813,1.00164
3814,1.00599
3815,0.99882
3816,0.996287
3817,1.00209
3818,0.999732
3819,1.00207
3820,0.997326
3821,1.00395
3822,1.00084
3823,1.00107
3824,1.00107
3825,0.996902
3826,0.997997
3827,1.0005
3828,0.999234
3829,1.00281
3830,0.999062
3831,1.00466
3832,0.999638
3833,0.99969
3834,0.997549
3835,0.996949
3836,1.0039
3837,0.996853
3838,0.999763
3839,0.995579
3840,1.00273
3841,0.996318
3842,1.00017
3843,1.00333
3844,0.997122
3845,0.998805
3846,1.001
3847,1.00592
3848,1.00507
3849,0.996147
3850,0.995062
3851,0.999353
3852,0.997719
3853,1.00549
3854,1.00066
3855,1.00424
3856,1.0041
3857,0.995981
3858,1.00234
3859,0.999795
3860,0.996999
3861,1.00408
3862,1.00261
3863,0.998138
3864,0.996959
3865,1.00151
3866,0.996918
3867,0.997936
3868,1.00383
3869,1.00188
3870,0.99879
3871,1.00069
3872,1.00233
3873,1.00468
3874,1.00046
3875,1.00019
3876,0.999284
3877,0.9999
3878,0.996099
3879,0.999298
3880,1.00479
3881,1.003
3882,0.996301
3883,1.0024
3884,1.00298
3885,1.00407
3886,0.997486
3887,0.999949
3888,1.00048
3889,0.998712
3890,0.99952
3891,0.99809
3892,0.998965
3893,1.00014
3894,0.999964
3895,0.99741
3896,0.997524
3897,0.995962
3898,0.998589
3899,0.997298
3900,1.0013
3901,0.993418
3902,0.999422
3903,0.998122
3904,0.999546
3905,0.999761
3906,0.994848
3907,0.998428
3908,1.00352
3909,0.998401
3910,1.00116
3911,0.998343
3912,0.998162
3913,1.00006
3914,1.0019
3915,0.999713
3916,1.00101
3917,0.997571
3918,1.00003
3919,0.997112
3920,0.997762
3921,0.998517
3922,1.00399
3923,1.00445
3924,1.00004
3925,1.00233
3926,1.00158
3927,1.00325
3928,0.997569
3929,0.997996
3930,0.999621
3931,0.999964
3932,0.99907
3933,1.00093
3934,0.99751
3935,1.00202
3936,0.999144
3937,0.995737
3938,1.00011
3939,1.00101
3940,1.00087
3941,0.998811
3942,0.999752
3943,0.994704
3944,0.998034
3945,0.999498
3946,0.99752
3947,1.00195
3948,0.996641
3949,1.00226
3950,0.998333
3951,1.0036
3952,1.0002
3953,1.00357
3954,0.997053
3955,0.999359
3956,0.997902
3957,1.00123
3958,1.00179
3959,1.00587
3960,1.00241
3961,0.999037
3962,0.99991
3963,1.00362
3964,0.999016
3965,1.0007
3966,0.997934
3967,1.00031
3968,0.996674
3969,0.99858
3970,1.00108
3971,0.999794
3972,0.996769
3973,1.00019
3974,1.00156
3975,1.00025
3976,0.997245
3977,0.996706
3978,0.997443
3979,0.998376
3980,1.00047
3981,0.999455
3982,1.00162
3983,1.00069
3984,1.00151
3985,1.00532
3986,0.996906
3987,0.999748
3988,1.00246
3989,1.0026
3990,0.992838
3991,0.997524
3992,0.997463
3993,0.994626
3994,0.994755
3995,0.999368
3996,0.997169
3997,0.996126
3998,1.00353
3999,1.00368
4000,1.0009
4001,1.00439
4002,1.00246
4003,1.00165
4004,0.998851
4005,1.00363
4006,0.998483
4007,1.00391
4008,0.99768
4009,1.00323
4010,0.998163
