t,|deltaS|
1,4.678
2,1.52
3,0.2806
4,0.447
5,0.3053
6,0.06211
7,0.2374
8,0.01099
9,0.01429
10,0.06235
11,0.3126
12,0.2072
13,0.2595
14,0.03765
15,0.1372
16,0.03947
17,0.03568
18,0.0687
19,0.04151
20,0.2331
21,0.2999
22,0.2701
23,0.005139
24,0.03554
25,0.03802
26,0.07842
27,0.06144
28,0.01822
29,0.1034
30,0.02108
31,0.1724
32,0.4417
33,0.1819
34,0.08925
35,0.05528
36,0.06115
37,0.245
38,0.05979
39,0.1573
40,0.1749
41,0.05647
42,0.03185
43,0.05338
44,0.2607
45,0.2469
46,0.07762
47,0.02429
48,0.0295
49,0.1377
50,0.1477
51,0.154
52,0.1117
53,0.02567
54,0.02087
55,0.07574
56,0.09957
57,0.1485
58,0.1889
59,0.1612
60,0.1039
61,0.02253
62,0.1454
63,0.1264
64,0.1499
65,0.3069
66,0.1771
67,0.1995
68,0.2072
69,0.2684
70,0.2536
71,0.01677
72,0.06682
73,0.3824
74,0.04921
75,0.05171
76,0.08509
77,0.1833
78,0.05604
79,0.1168
80,0.1966
81,0.1716
82,0.2866
83,0.1807
84,0.2391
85,0.07485
86,0.01491
87,0.03694
88,0.07405
89,0.1244
90,0.003169
91,0.08771
92,0.04039
93,0.07355
94,0.02027
95,0.003394
96,0.04483
97,0.02631
98,0.2988
99,0.1493
100,0.1758
101,0.01531
102,0.2764
103,0.04199
104,0.007994
105,0.06971
106,0.05104
107,0.1641
108,0.09161
109,0.1749
110,0.03903
111,0.04659
112,0.144
113,0.06209
114,0.1694
115,0.08185
116,0.04926
117,0.13
118,0.0401
119,0.2099
120,0.05155
121,0.1616
122,0.07323
123,0.2643
124,0.09576
125,0.1735
126,0.1711
127,0.1426
128,0.03026
129,0.1779
130,0.03647
131,0.105
132,0.05068
133,0.2106
134,0.1201
135,0.03295
136,0.07708
137,0.1611
138,0.3903
139,0.08938
140,0.191
141,0.04104
142,0.136
143,0.3089
144,0.1517
145,0.05425
146,0.2493
147,0.06059
148,0.01197
149,0.1025
150,0.1025
151,0.1441
152,0.005102
153,0.007565
154,0.04708
155,0.3197
156,0.2318
157,0.0857
158,0.01108
159,0.3174
160,0.02651
161,0.1234
162,0.159
163,0.0002748
164,0.2933
165,0.1677
166,0.3068
167,0.08366
168,0.2951
169,0.02106
170,0.1809
171,0.01881
172,0.09847
173,0.1301
174,0.03621
175,0.1346
176,0.1836
177,0.03001
178,0.2133
179,0.127
180,0.1771
181,0.05416
182,0.06479
183,0.04225
184,0.1191
185,0.2617
186,0.0444
187,0.1652
188,0.1305
189,0.1937
190,0.1136
191,0.03703
192,0.1655
193,0.06014
194,0.2307
195,0.03708
196,0.09609
197,0.1638
198,0.01257
199,0.2627
200,0.149
201,0.07942
202,0.1148
203,0.367
204,0.3963
205,0.006017
206,0.4254
207,0.1685
208,0.05002
209,0.2592
210,0.2771
211,0.1746
212,0.07962
213,0.1182
214,0.05275
215,0.1907
216,0.1582
217,0.2365
218,0.3818
219,0.1671
220,0.141
221,0.139
222,0.1301
223,0.01677
224,0.007841
225,0.1919
226,0.4217
227,0.2223
228,0.1264
229,0.2052
230,0.1313
231,0.0209
232,0.04772
233,0.1522
234,0.2031
235,0.1501
236,0.1051
237,0.04578
238,0.02149
239,0.009213
240,0.02351
241,0.02314
242,0.09804
243,0.2565
244,0.263
245,0.06475
246,0.07452
247,0.01059
248,0.1477
249,0.4418
250,0.1699
251,0.01722
252,0.1626
253,0.04726
254,0.1053
255,0.1222
256,0.1983
257,0.2213
258,0.02275
259,0.1333
260,0.07104
261,0.153
262,0.2266
263,0.1384
264,0.006332
265,0.1316
266,0.2603
267,0.1543
268,0.156
269,0.2015
270,0.1783
271,0.0189
272,0.01954
273,0.02882
274,0.1294
275,0.1425
276,0.08374
277,0.3325
278,0.0973
279,0.127
280,0.02799
281,0.2246
282,0.07101
283,0.07528
284,0.2163
285,0.3305
286,0.1803
287,0.09354
288,0.02831
289,0.1807
290,0.1267
291,0.2376
292,0.1564
293,0.1683
294,0.1427
295,0.3575
296,0.1224
297,0.04424
298,0.03231
299,0.2266
300,0.1277
301,0.1719
302,0.02964
303,0.07218
304,0.04196
305,0.08108
306,0.1566
307,0.3193
308,0.09693
309,0.1441
310,0.412
311,0.2935
312,0.3751
313,0.4975
314,0.1177
315,0.08245
316,0.2932
317,0.1259
318,0.03033
319,0.01482
320,0.1087
321,0.02488
322,0.3527
323,0.05712
324,0.08942
325,0.04124
326,0.02839
327,0.1332
328,0.08606
329,0.2405
330,0.0543
331,0.1181
332,0.06808
333,0.2938
334,0.188
335,0.05716
336,0.1465
337,0.2457
338,0.0245
339,0.1012
340,0.005766
341,0.4726
342,0.1447
343,0.03542
344,0.1983
345,0.07167
346,0.1534
347,0.1766
348,0.06201
349,0.2337
350,0.1716
351,0.2009
352,0.1983
353,0.1093
354,0.1582
355,0.1827
356,0.05498
357,0.2802
358,0.0698
359,0.09179
360,0.1445
361,0.1127
362,0.2226
363,0.2917
364,0.05578
365,0.2325
366,0.02412
367,0.1838
368,0.1844
369,0.04173
370,0.1154
371,0.01533
372,0.01718
373,0.1336
374,0.2082
375,0.1414
376,0.2311
377,0.07041
378,0.07703
379,0.08901
380,0.3485
381,0.3152
382,0.1033
383,0.2103
384,0.1015
385,0.2968
386,0.005834
387,0.07841
388,0.06474
389,0.1293
390,0.2205
391,0.01414
392,0.1752
393,0.4863
394,0.2728
395,0.08696
396,0.06829
397,0.2206
398,0.06654
399,0.07956
400,0.1116
401,0.04015
402,0.01891
403,0.01103
404,0.01688
405,0.3058
406,0.06643
407,0.1331
408,0.02186
409,0.1528
410,0.1169
411,0.02082
412,0.06929
413,0.04506
414,0.1549
415,0.219
416,0.002659
417,0.2824
418,0.2085
419,0.3615
420,0.1517
421,0.2576
422,0.03726
423,0.02033
424,0.195
425,0.003634
426,0.07469
427,0.07696
428,0.1235
429,0.2034
430,0.09147
431,0.1853
432,0.1499
433,0.1704
434,0.02769
435,0.09818
436,0.04108
437,0.2084
438,0.267
439,0.1919
440,0.3168
441,0.3277
442,0.1505
443,0.06182
444,0.4026
445,0.3964
446,0.2988
447,0.03992
448,0.01397
449,0.01829
450,0.1333
451,0.05973
452,0.0302
453,0.1002
454,0.1379
455,0.02008
456,0.0775
457,0.2017
458,0.08136
459,0.1356
460,0.09758
461,0.1422
462,0.1877
463,0.03696
464,0.04922
465,0.5963
466,0.1537
467,0.0067
468,0.04849
469,0.2066
470,0.04519
471,0.0003994
472,0.1785
473,0.01745
474,0.2092
475,0.06352
476,0.1855
477,0.1052
478,0.1916
479,0.2648
480,0.1571
481,0.1728
482,0.2616
483,0.1007
484,0.01769
485,0.0477
486,0.204
487,0.06435
488,0.242
489,0.5124
490,0.4291
491,0.07386
492,0.09441
493,0.3151
494,0.1209
495,0.1583
496,0.2013
497,0.136
498,0.05652
499,0.1618
500,0.06167
501,0.03791
502,0.3829
503,0.1234
504,0.1436
505,0.2873
506,0.1374
507,0.08937
508,0.06165
509,0.04461
510,0.1787
511,0.1329
512,0.2269
513,0.0198
514,0.1457
515,0.4316
516,0.1219
517,0.2084
518,0.2621
519,0.1527
520,0.2215
521,0.205
522,0.0304
523,0.1226
524,0.02651
525,0.007528
526,0.05717
527,0.103
528,0.3568
529,0.1944
530,0.2261
531,0.05121
532,0.2632
533,3.234e-05
534,0.0246
535,0.1349
536,0.02419
537,0.1749
538,0.218
539,0.258
540,0.008198
541,0.1219
542,0.006552
543,0.1174
544,0.02081
545,0.2112
546,0.02576
547,0.2356
548,0.2349
549,0.318
550,0.1644
551,0.397
552,0.1445
553,0.09935
554,0.02274
555,0.2761
556,0.04459
557,0.1898
558,0.09641
559,0.4989
560,0.05484
561,0.2847
562,0.2719
563,0.263
564,0.1253
565,0.01071
566,0.02299
567,0.06918
568,0.002792
569,0.08323
570,0.2016
571,0.1659
572,0.0694
573,0.03873
574,0.09973
575,0.145
576,0.1541
577,0.017
578,0.05047
579,0.0499
580,0.03181
581,0.1898
582,0.1326
583,0.08281
584,0.1685
585,0.03084
586,0.08441
587,0.2058
588,0.1387
589,0.03232
590,0.002783
591,0.04443
592,0.1218
593,0.1293
594,0.1292
595,0.212
596,0.1914
597,0.1327
598,0.2468
599,0.1069
600,0.0899
601,0.03063
602,0.0751
603,0.183
604,0.136
605,0.0482
606,0.3972
607,0.04132
608,0.09851
609,0.2667
610,0.3774
611,0.01137
612,0.03758
613,0.01685
614,0.1586
615,0.1536
616,0.1259
617,0.07015
618,0.007522
619,0.0301
620,0.1079
621,0.01365
622,0.1905
623,0.1265
624,0.005141
625,0.2126
626,0.2415
627,0.02804
628,0.04693
629,0.02018
630,0.3781
631,0.2062
632,0.1224
633,0.03513
634,0.06345
635,0.08834
636,0.1429
637,0.2586
638,0.23
639,0.1841
640,0.02602
641,0.2221
642,0.116
643,0.008403
644,0.01278
645,0.06589
646,0.2136
647,0.01769
648,0.03795
649,0.1292
650,0.1611
651,0.09765
652,0.01537
653,0.02033
654,0.07355
655,0.04875
656,0.2672
657,0.1458
658,0.1131
659,0.1267
660,0.07435
661,0.005786
662,0.06333
663,0.07629
664,0.1004
665,0.1373
666,0.3451
667,0.3973
668,0.09829
669,0.33
670,0.03733
671,0.218
672,0.2697
673,0.05813
674,0.06556
675,0.00978
676,0.04324
677,0.06782
678,0.3454
679,0.2306
680,0.3076
681,0.01513
682,0.02862
683,0.1745
684,0.03483
685,0.09847
686,0.1451
687,0.04473
688,0.1487
689,0.03168
690,0.09993
691,0.07107
692,0.03679
693,0.1253
694,0.06918
695,0.09731
696,0.2108
697,0.07139
698,0.1528
699,0.1978
700,0.2195
701,0.03452
702,0.04941
703,0.1286
704,0.07029
705,0.116
706,0.1474
707,0.08862
708,0.09959
709,0.1837
710,0.2457
711,0.2232
712,0.1274
713,0.1286
714,0.2773
715,0.04252
716,0.1166
717,0.4322
718,0.211
719,0.1368
720,0.3748
721,0.3155
722,0.02083
723,0.0749
724,0.1263
725,0.1755
726,0.009705
727,0.08403
728,0.1395
729,0.01335
730,0.07972
731,0.0301
732,0.05792
733,0.1977
734,0.167
735,0.2726
736,0.1039
737,0.1088
738,0.07279
739,0.005602
740,0.1148
741,0.1459
742,0.2836
743,0.1161
744,0.02106
745,0.2018
746,0.01014
747,0.06352
748,0.0114
749,0.02681
750,0.1162
751,0.00182
752,0.2214
753,0.08925
754,0.2987
755,0.1289
756,0.2343
757,0.1595
758,0.1441
759,0.0148
760,0.07263
761,0.03548
762,0.09504
763,0.2374
764,0.1607
765,0.01111
766,0.1185
767,0.01542
768,0.2501
769,0.1771
770,0.4115
771,0.02344
772,0.1898
773,0.009856
774,0.2061
775,0.1088
776,0.003981
777,0.03031
778,0.008656
779,0.0006309
780,0.1492
781,0.1116
782,0.1607
783,0.06903
784,0.04901
785,0.02279
786,0.2252
787,0.004463
788,0.0748
789,0.1362
790,0.02457
791,0.03428
792,0.1455
793,0.134
794,0.07377
795,0.405
796,0.1752
797,0.2424
798,0.156
799,0.07412
800,0.05934
801,0.07197
802,0.1227
803,0.07029
804,0.00544
805,0.09615
806,0.04011
807,0.04456
808,0.1035
809,0.04452
810,0.24
811,0.1018
812,0.01871
813,0.09858
814,0.08024
815,0.1352
816,0.1803
817,0.1826
818,0.04153
819,0.02648
820,0.009539
821,0.1677
822,0.1647
823,0.02724
824,0.02156
825,0.0008293
826,0.1077
827,0.07692
828,0.05846
829,0.08565
830,0.1362
831,0.2456
832,0.2815
833,0.2124
834,0.1255
835,0.2385
836,0.1015
837,0.04253
838,0.2264
839,0.1206
840,0.2695
841,0.02899
842,0.02889
843,0.02673
844,0.1403
845,0.1783
846,0.1192
847,0.1446
848,0.002162
849,0.2057
850,0.1333
851,0.2862
852,0.1248
853,0.04993
854,0.3117
855,0.2796
856,0.006267
857,0.01005
858,0.2602
859,0.1306
860,0.1019
861,0.1507
862,0.1474
863,0.1752
864,0.1203
865,0.1216
866,0.3277
867,0.08909
868,0.3496
869,0.1956
870,0.1637
871,0.1577
872,0.0932
873,0.04196
874,0.1537
875,0.1754
876,0.08614
877,0.02335
878,0.03865
879,0.1696
880,0.02616
881,0.4996
882,0.2466
883,0.2305
884,0.1052
885,0.1369
886,0.09807
887,0.07011
888,0.1118
889,0.2933
890,0.05915
891,0.1404
892,0.005198
893,0.2357
894,0.1048
895,0.1872
896,0.1062
897,0.2109
898,0.3048
899,0.2633
900,0.1916
901,0.4479
902,0.1539
903,0.03682
904,0.07502
905,0.08252
906,0.228
907,0.154
908,0.004774
909,0.01138
910,0.009028
911,0.1785
912,0.09067
913,0.1297
914,0.3651
915,0.06376
916,0.07284
917,0.1853
918,0.1802
919,0.01957
920,0.1308
921,0.01007
922,0.2525
923,0.3317
924,0.01046
925,0.1329
926,0.01053
927,0.07455
928,0.1432
929,0.09867
930,0.07453
931,0.08875
932,0.08522
933,0.08272
934,0.1647
935,0.04502
936,0.0842
937,0.02891
938,0.04881
939,0.08111
940,0.2646
941,0.1087
942,0.3128
943,0.02742
944,0.06939
945,0.08378
946,0.02577
947,0.1126
948,0.04929
949,0.02444
950,0.2392
951,0.423
952,0.008037
953,0.2022
954,0.1293
955,0.04805
956,0.09162
957,0.195
958,0.2132
959,0.01025
960,0.0005072
961,0.08309
962,0.1626
963,0.002307
964,0.1613
965,0.2338
966,0.2181
967,0.3348
968,0.08012
969,0.2074
970,0.2152
971,0.1306
972,0.2867
973,0.1552
974,0.05418
975,0.1312
976,0.1376
977,0.03712
978,0.1251
979,0.05815
980,0.1241
981,0.2425
982,0.2451
983,0.1856
984,0.1014
985,0.05528
986,0.04939
987,0.02406
988,0.07211
989,0.08559
990,0.03593
991,0.2881
992,0.3572
993,0.0615
994,0.06181
995,0.01052
996,0.1428
997,0.1029
998,0.1144
999,0.1281
1000,0.1461
1001,0.2655
1002,0.001397
1003,0.1939
1004,0.06759
1005,0.05922
1006,0.1204
1007,0.1184
1008,0.03491
1009,0.04502
1010,0.01235
1011,0.1435
1012,0.03712
1013,0.1684
1014,0.1392
1015,0.04427
1016,0.1836
1017,0.266
1018,0.06293
1019,0.08958
1020,0.2857
1021,0.1099
1022,0.02197
1023,0.0564
1024,0.13
1025,0.005932
1026,0.045
1027,0.02343
1028,0.08954
1029,0.04858
1030,0.2358
1031,0.06452
1032,0.228
1033,0.1239
1034,0.3032
1035,0.1293
1036,0.01335
1037,0.1358
1038,0.1831
1039,0.2272
1040,0.3975
1041,0.3498
1042,0.01588
1043,0.1866
1044,0.01887
1045,0.2772
1046,0.1637
1047,0.1259
1048,0.1434
1049,0.02658
1050,0.1868
1051,0.2753
1052,0.2799
1053,0.1964
1054,0.212
1055,0.1371
1056,0.1113
1057,0.06661
1058,0.4977
1059,0.2164
1060,0.257
1061,0.2182
1062,0.1783
1063,0.2729
1064,0.1864
1065,0.2412
1066,0.06409
1067,0.1648
1068,0.03964
1069,0.1229
1070,0.07859
1071,0.15
1072,0.01303
1073,0.06963
1074,0.04057
1075,0.03846
1076,0.005114
1077,0.2276
1078,0.3815
1079,0.01988
1080,0.1675
1081,0.0577
1082,0.08379
1083,0.07815
1084,0.1786
1085,0.1083
1086,0.2327
1087,0.1458
1088,0.0516
1089,0.1371
1090,0.1601
1091,0.01435
1092,0.1333
1093,0.03319
1094,0.0489
1095,0.2014
1096,0.2279
1097,0.292
1098,0.1499
1099,0.04119
1100,0.3073
1101,0.03942
1102,0.2259
1103,0.146
1104,0.05008
1105,0.04023
1106,0.1481
1107,0.1551
1108,0.266
1109,0.4032
1110,0.1609
1111,0.1293
1112,0.05575
1113,0.003217
1114,0.1341
1115,0.05692
1116,0.2503
1117,0.2012
1118,0.0574
1119,0.2095
1120,0.05026
1121,0.08721
1122,0.1216
1123,0.1319
1124,0.08733
1125,0.1101
1126,0.1883
1127,0.08329
1128,0.08799
1129,0.01944
1130,0.04536
1131,0.07116
1132,0.08163
1133,0.1329
1134,0.01163
1135,0.06522
1136,0.3043
1137,0.02442
1138,0.02203
1139,0.03863
1140,0.1223
1141,0.08471
1142,0.1476
1143,0.1402
1144,0.2382
1145,0.02528
1146,0.2655
1147,0.02133
1148,0.1994
1149,0.1314
1150,0.02493
1151,0.09145
1152,0.08453
1153,0.03699
1154,0.151
1155,0.2324
1156,0.1781
1157,0.1066
1158,0.012
1159,0.08615
1160,0.1305
1161,0.08373
1162,0.03242
1163,0.1488
1164,0.1909
1165,0.1161
1166,0.002818
1167,0.03257
1168,0.3178
1169,0.2464
1170,0.008974
1171,0.06154
1172,0.1799
1173,0.02059
1174,0.2719
1175,0.007217
1176,0.001877
1177,0.2862
1178,0.06785
1179,0.06371
1180,0.03565
1181,0.08748
1182,0.1222
1183,0.06737
1184,0.2516
1185,0.1841
1186,0.001206
1187,0.08933
1188,0.2787
1189,0.0001839
1190,0.03042
1191,0.1665
1192,0.2323
1193,0.1237
1194,0.0778
1195,0.2658
1196,0.2849
1197,0.08188
1198,0.1651
1199,0.1662
1200,0.06788
1201,0.1858
1202,0.005599
1203,0.243
1204,0.02268
1205,0.1773
1206,0.1354
1207,0.04448
1208,0.0519
1209,0.08659
1210,0.03303
1211,0.03672
1212,0.04997
1213,0.02603
1214,0.02014
1215,0.06923
1216,0.2437
1217,0.3405
1218,0.1697
1219,0.186
1220,0.1399
1221,0.1297
1222,0.02949
1223,0.1801
1224,0.09873
1225,0.3467
1226,0.2279
1227,0.003834
1228,0.3044
1229,0.09885
1230,0.141
1231,0.1205
1232,0.2685
1233,0.02637
1234,0.1707
1235,0.03752
1236,0.145
1237,0.03711
1238,0.0461
1239,0.005469
1240,0.04119
1241,0.05915
1242,0.02181
1243,0.1776
1244,0.1422
1245,0.05294
1246,0.0448
1247,0.0484
1248,0.2966
1249,0.07277
1250,0.008014
1251,0.2761
1252,0.04894
1253,0.02644
1254,0.3701
1255,0.03329
1256,0.1075
1257,0.05568
1258,0.3342
1259,0.1083
1260,0.3375
1261,0.08026
1262,0.005587
1263,0.08783
1264,0.07536
1265,0.1746
1266,0.03691
1267,0.1965
1268,0.06292
1269,0.05717
1270,0.1057
1271,0.02372
1272,0.1483
1273,0.1772
1274,0.1932
1275,0.09683
1276,0.1498
1277,0.07171
1278,0.09488
1279,0.08444
1280,0.3321
1281,0.1758
1282,0.06206
1283,0.007379
1284,0.1824
1285,0.1405
1286,0.2991
1287,0.1024
1288,0.04343
1289,0.1475
1290,0.2771
1291,0.3386
1292,0.09438
1293,0.2147
1294,0.09367
1295,0.02159
1296,0.04188
1297,0.003216
1298,0.1971
1299,0.05417
1300,0.003163
1301,0.1118
1302,0.3341
1303,0.2998
1304,0.3772
1305,0.03295
1306,0.01417
1307,0.4349
1308,0.1842
1309,0.007499
1310,0.1219
1311,0.2705
1312,0.1163
1313,0.1374
1314,0.04915
1315,0.1908
1316,0.0495
1317,0.1085
1318,0.06245
1319,0.08291
1320,0.284
1321,0.07097
1322,0.21
1323,0.2915
1324,0.09489
1325,0.01208
1326,0.05905
1327,0.09616
1328,0.0431
1329,0.1933
1330,0.07878
1331,0.05624
1332,0.1967
1333,0.1247
1334,0.00835
1335,0.1288
1336,0.02454
1337,0.2988
1338,0.03015
1339,0.1235
1340,0.08875
1341,0.06551
1342,0.02839
1343,0.04396
1344,0.2087
1345,0.07779
1346,0.08403
1347,0.01148
1348,0.04727
1349,0.07541
1350,0.2306
1351,0.05092
1352,0.1493
1353,0.1724
1354,0.1321
1355,0.116
1356,0.07327
1357,0.0318
1358,0.06713
1359,0.3311
1360,0.2477
1361,0.1355
1362,0.1743
1363,0.4962
1364,0.199
1365,0.2382
1366,0.0667
1367,0.006503
1368,0.09638
1369,0.03283
1370,0.08575
1371,0.1037
1372,0.07836
1373,0.05288
1374,0.01415
1375,0.4011
1376,0.00869
1377,0.2061
1378,0.03795
1379,0.08276
1380,0.08972
1381,0.01906
1382,0.2259
1383,0.07612
1384,0.05671
1385,0.006106
1386,0.1382
1387,0.02113
1388,0.1051
1389,0.2653
1390,0.2028
1391,0.04674
1392,0.09079
1393,0.1014
1394,0.09061
1395,0.1731
1396,0.1043
1397,0.2142
1398,0.1986
1399,0.1707
1400,0.135
1401,0.1363
1402,0.1199
1403,0.1206
1404,0.1197
1405,0.09128
1406,0.1352
1407,0.1124
1408,0.1493
1409,0.4022
1410,0.02405
1411,0.2151
1412,0.1591
1413,0.07327
1414,0.1239
1415,0.3822
1416,0.06359
1417,0.116
1418,0.01867
1419,0.04653
1420,0.3253
1421,0.3356
1422,0.1006
1423,0.1343
1424,0.3588
1425,0.1124
1426,0.04814
1427,0.1845
1428,0.01108
1429,0.02185
1430,0.06975
1431,0.0546
1432,0.1063
1433,0.2292
1434,0.1884
1435,0.3196
1436,0.1543
1437,0.2427
1438,0.09006
1439,0.02664
1440,0.03575
1441,0.1913
1442,0.06204
1443,0.259
1444,0.251
1445,0.1264
1446,0.1823
1447,0.1341
1448,0.00324
1449,0.3314
1450,0.07253
1451,0.1476
1452,0.1559
1453,0.2637
1454,0.2624
1455,0.2474
1456,0.2034
1457,0.02707
1458,0.2129
1459,0.1166
1460,0.04746
1461,0.1782
1462,0.2964
1463,0.2918
1464,0.1419
1465,0.09294
1466,0.09694
1467,0.04875
1468,0.02669
1469,0.2431
1470,0.003479
1471,0.2651
1472,0.005116
1473,0.1188
1474,0.1119
1475,0.2307
1476,0.1129
1477,0.04137
1478,0.06528
1479,0.2277
1480,0.1476
1481,0.2285
1482,0.1624
1483,0.05419
1484,0.2432
1485,0.04929
1486,0.004653
1487,0.1306
1488,0.2131
1489,0.2788
1490,0.03553
1491,0.1146
1492,0.04929
1493,0.08203
1494,0.1671
1495,0.02945
1496,0.05848
1497,0.0918
1498,0.01779
1499,0.3142
1500,0.2072
1501,0.1354
1502,0.1069
1503,0.255
1504,0.02336
1505,0.08252
1506,0.1624
1507,0.1181
1508,0.1046
1509,0.2085
1510,0.207
1511,0.1029
1512,0.1045
1513,0.1482
1514,0.01224
1515,0.04723
1516,0.2825
1517,0.00974
1518,0.1084
1519,0.2393
1520,0.03966
1521,0.009416
1522,0.1165
1523,0.02692
1524,0.1242
1525,0.292
1526,0.0444
1527,0.03286
1528,0.1714
1529,0.01191
1530,0.03729
1531,0.08287
1532,0.3592
1533,0.06823
1534,0.1897
1535,0.1775
1536,0.1198
1537,0.1566
1538,0.03725
1539,0.009124
1540,0.1899
1541,0.09254
1542,0.1421
1543,0.09198
1544,0.2111
1545,0.1779
1546,0.3738
1547,0.2952
1548,0.1352
1549,0.2456
1550,0.2714
1551,0.1839
1552,0.1931
1553,0.1819
1554,0.1984
1555,0.2065
1556,0.03868
1557,0.08448
1558,0.06501
1559,0.1151
1560,0.3148
1561,0.1713
1562,0.005805
1563,0.06904
1564,0.01423
1565,0.1375
1566,0.2543
1567,0.0309
1568,0.1598
1569,0.1527
1570,0.1391
1571,0.09732
1572,0.1291
1573,0.02918
1574,0.0305
1575,0.1565
1576,0.05681
1577,0.08803
1578,0.02681
1579,0.2096
1580,0.06033
1581,0.1304
1582,0.07434
1583,0.04992
1584,0.0835
1585,0.06706
1586,0.04855
1587,0.4072
1588,0.04156
1589,0.2629
1590,0.1767
1591,0.1472
1592,0.2037
1593,0.2593
1594,0.09815
1595,0.0659
1596,0.1683
1597,0.02982
1598,0.1079
1599,0.1163
1600,0.1739
1601,0.0006798
1602,0.003359
1603,0.1134
1604,0.2613
1605,0.2453
1606,0.18
1607,0.03053
1608,0.2964
1609,0.1066
1610,0.1642
1611,0.1835
1612,0.08132
1613,0.2136
1614,0.04716
1615,0.1806
1616,0.2106
1617,0.0005391
1618,0.1461
1619,0.01541
1620,0.1273
1621,0.06736
1622,0.01667
1623,0.2191
1624,0.184
1625,0.04779
1626,0.03243
1627,0.1538
1628,0.07662
1629,0.2115
1630,0.1228
1631,0.1365
1632,0.04396
1633,0.002917
1634,0.226
1635,0.2088
1636,0.07487
1637,0.443
1638,0.09343
1639,0.02666
1640,0.05294
1641,0.08164
1642,0.1222
1643,0.1097
1644,0.02426
1645,0.04971
1646,0.09921
1647,0.06223
1648,0.0526
1649,0.2995
1650,0.3881
1651,0.3558
1652,0.04007
1653,0.01376
1654,0.1273
1655,0.1935
1656,0.3784
1657,0.1472
1658,0.1574
1659,0.2766
1660,0.1451
1661,0.1266
1662,0.1049
1663,0.2755
1664,0.2982
1665,0.01414
1666,0.4309
1667,0.1538
1668,0.1349
1669,0.06698
1670,0.05492
1671,0.1944
1672,0.01262
1673,0.09693
1674,0.2475
1675,0.08758
1676,0.1287
1677,0.1552
1678,0.128
1679,0.1457
1680,0.1594
1681,0.06869
1682,0.1007
1683,0.254
1684,0.03882
1685,0.237
1686,0.2424
1687,0.1845
1688,0.05416
1689,0.1392
1690,0.1697
1691,0.1575
1692,0.252
1693,0.06143
1694,0.2527
1695,0.03951
1696,0.1349
1697,0.006473
1698,0.1255
1699,0.02932
1700,0.2144
1701,0.163
1702,0.2869
1703,0.3512
1704,0.06695
1705,0.1457
1706,0.1763
1707,0.1228
1708,0.03262
1709,0.01226
1710,0.1286
1711,0.1176
1712,0.05761
1713,0.18
1714,0.1391
1715,0.02619
1716,0.1441
1717,0.03083
1718,0.1283
1719,0.08901
1720,0.1756
1721,0.1663
1722,0.0689
1723,0.1141
1724,0.07331
1725,0.1253
1726,0.01272
1727,0.0726
1728,0.02227
1729,0.07173
1730,0.1498
1731,0.1279
1732,0.154
1733,0.2025
1734,0.1488
1735,0.1617
1736,0.1387
1737,0.05139
1738,0.05773
1739,0.2362
1740,0.3807
1741,0.1233
1742,0.008438
1743,0.1364
1744,0.1946
1745,0.1524
1746,0.04829
1747,0.08875
1748,0.1801
1749,0.1133
1750,0.1675
1751,0.1938
1752,0.1311
1753,0.2222
1754,0.1196
1755,0.2905
1756,0.004031
1757,0.1407
1758,0.2516
1759,0.3024
1760,0.1085
1761,0.08126
1762,0.2702
1763,0.02378
1764,0.06749
1765,0.06668
1766,0.09368
1767,0.1734
1768,0.06273
1769,0.1864
1770,0.02084
1771,0.2232
1772,0.1063
1773,0.4438
1774,0.006736
1775,0.1168
1776,0.004193
1777,0.1204
1778,0.1933
1779,0.09535
1780,0.4745
1781,0.1904
1782,0.1571
1783,0.0501
1784,0.02696
1785,0.03091
1786,0.04414
1787,0.01134
1788,0.0764
1789,0.1859
1790,0.001837
1791,0.1003
1792,0.1482
1793,0.1094
1794,0.1923
1795,0.2545
1796,0.2003
1797,0.05438
1798,0.3231
1799,0.08985
1800,0.04917
1801,0.006508
1802,0.05367
1803,0.1084
1804,0.07138
1805,0.07465
1806,0.1815
1807,0.109
1808,0.06518
1809,0.564
1810,0.2698
1811,0.03843
1812,0.1194
1813,0.05079
1814,0.1328
1815,0.02957
1816,0.081
1817,0.2091
1818,0.2107
1819,0.1351
1820,0.0341
1821,0.1654
1822,0.2028
1823,0.2728
1824,0.1185
1825,0.1317
1826,0.3288
1827,0.09348
1828,0.05016
1829,0.01559
1830,0.1473
1831,0.1379
1832,0.05452
1833,0.08499
1834,0.04138
1835,0.1916
1836,0.04656
1837,0.02685
1838,0.07595
1839,0.06673
1840,0.01112
1841,0.01467
1842,0.1477
1843,0.05388
1844,0.08022
1845,0.1059
1846,0.03608
1847,0.0118
1848,0.01833
1849,0.0245
1850,0.03526
1851,0.06548
1852,0.274
1853,0.06856
1854,0.06513
1855,0.01003
1856,0.0001734
1857,0.04203
1858,0.02986
1859,0.05015
1860,0.02561
1861,0.2803
1862,0.1244
1863,0.3566
1864,0.3095
1865,0.02838
1866,0.08242
1867,0.2076
1868,0.2954
1869,0.3112
1870,0.1351
1871,0.1503
1872,0.049
1873,0.213
1874,0.1254
1875,0.03915
1876,0.1345
1877,0.04798
1878,0.06877
1879,0.2514
1880,0.1219
1881,0.1183
1882,0.029
1883,0.3433
1884,0.06816
1885,0.2502
1886,0.4176
1887,0.06428
1888,0.1021
1889,0.1081
1890,0.3782
1891,0.3141
1892,0.01346
1893,0.161
1894,0.03403
1895,0.05271
1896,0.1698
1897,0.4341
1898,0.08394
1899,0.3056
1900,0.01901
1901,0.01748
1902,0.02117
1903,0.1971
1904,0.0126
1905,0.04809
1906,0.1858
1907,0.01979
1908,0.1326
1909,0.05266
1910,0.2818
1911,0.004131
1912,0.112
1913,0.09184
1914,0.1014
1915,0.1844
1916,0.3356
1917,0.1934
1918,0.0005649
1919,0.04547
1920,0.008347
1921,0.06962
1922,0.02114
1923,0.03776
1924,0.1502
1925,0.003657
1926,0.1411
1927,0.04159
1928,0.1366
1929,0.01469
1930,0.2059
1931,0.1316
1932,0.02172
1933,0.3627
1934,0.2917
1935,0.06865
1936,0.2227
1937,0.04732
1938,0.2074
1939,0.06596
1940,0.1648
1941,0.01013
1942,0.2454
1943,0.0155
1944,0.03053
1945,0.2456
1946,0.086
1947,0.1353
1948,0.258
1949,0.2854
1950,0.0001655
1951,0.117
1952,0.2025
1953,0.3017
1954,0.01011
1955,0.0935
1956,0.08394
1957,0.3023
1958,0.3191
1959,0.06113
1960,0.09896
1961,0.2677
1962,0.04712
1963,0.06574
1964,0.1017
1965,0.4291
1966,0.2994
1967,0.02151
1968,0.1344
1969,0.005588
1970,0.1514
1971,0.05459
1972,0.3037
1973,0.1317
1974,0.3014
1975,0.2985
1976,0.2383
1977,0.08214
1978,0.2113
1979,0.07735
1980,0.2567
1981,0.204
1982,0.07994
1983,0.4499
1984,0.08715
1985,0.2694
1986,0.0609
1987,0.1281
1988,0.1219
1989,0.1778
1990,0.2076
1991,0.02927
1992,0.05547
1993,0.1587
1994,0.1586
1995,0.1579
1996,0.259
1997,0.114
1998,0.04529
1999,0.05316
2000,0.095
2001,0.126
2002,0.1376
2003,0.08086
2004,0.3227
2005,0.01572
2006,0.1419
2007,0.1261
2008,0.08815
2009,0.05877
2010,0.089
2011,0.1828
2012,0.08779
2013,0.1024
2014,0.1898
2015,0.1481
2016,0.02875
2017,0.4857
2018,0.08592
2019,0.2402
2020,0.07776
2021,0.03819
2022,0.02605
2023,0.1332
2024,0.06284
2025,0.2717
2026,0.09884
2027,0.2109
2028,0.1864
2029,0.2404
2030,0.07627
2031,0.3309
2032,0.09403
2033,0.01855
2034,0.1399
2035,0.2371
2036,0.1671
2037,0.377
2038,0.0342
2039,0.03157
2040,0.2546
2041,0.04755
2042,0.2755
2043,0.05619
2044,0.1477
2045,0.2106
2046,0.1981
2047,0.1404
2048,0.1698
2049,0.0315
2050,0.002134
2051,0.05993
2052,0.08949
2053,0.1947
2054,0.1016
2055,0.2649
2056,0.2029
2057,0.01601
2058,0.1113
2059,0.1073
2060,0.1419
2061,0.2303
2062,0.3288
2063,0.3569
2064,0.2932
2065,0.1381
2066,0.159
2067,0.4503
2068,0.0688
2069,0.04922
2070,0.1045
2071,0.05284
2072,0.2666
2073,0.07859
2074,0.02815
2075,0.1248
2076,0.1462
2077,0.05326
2078,0.12
2079,0.3377
2080,0.07365
2081,0.04421
2082,0.06611
2083,0.1474
2084,0.0499
2085,0.3644
2086,0.2699
2087,0.168
2088,0.02118
2089,0.2824
2090,0.03436
2091,0.09613
2092,0.2311
2093,0.0959
2094,0.03138
2095,0.1787
2096,0.2337
2097,0.0292
2098,0.2183
2099,0.1077
2100,0.07871
2101,0.03001
2102,0.0807
2103,0.1248
2104,0.298
2105,0.2091
2106,0.1718
2107,0.4716
2108,0.159
2109,0.379
2110,0.1098
2111,0.1072
2112,0.2225
2113,0.2832
2114,0.03054
2115,0.03465
2116,0.1265
2117,0.01017
2118,0.0008009
2119,0.1929
2120,0.04142
2121,0.1893
2122,0.0564
2123,0.1896
2124,0.07505
2125,0.08905
2126,0.1499
2127,0.03622
2128,0.01226
2129,0.1063
2130,0.1642
2131,0.007601
2132,0.1041
2133,0.0397
2134,0.03808
2135,0.1966
2136,0.1726
2137,0.06898
2138,0.1352
2139,0.1128
2140,0.04384
2141,0.1192
2142,0.1806
2143,0.3551
2144,0.243
2145,0.1193
2146,0.01724
2147,0.3043
2148,0.06739
2149,0.1015
2150,0.1034
2151,0.01528
2152,0.1767
2153,0.3591
2154,0.148
2155,0.06667
2156,0.1632
2157,0.09496
2158,0.2196
2159,0.2839
2160,0.205
2161,0.05884
2162,0.02533
2163,0.2709
2164,0.269
2165,0.2047
2166,0.241
2167,0.3243
2168,0.1782
2169,0.1595
2170,0.04216
2171,0.3416
2172,0.1302
2173,0.02431
2174,0.1453
2175,0.2372
2176,0.1365
2177,0.06622
2178,0.1574
2179,0.1321
2180,0.03421
2181,0.2402
2182,0.1061
2183,0.05784
2184,0.1328
2185,0.06933
2186,0.02105
2187,0.0229
2188,0.3224
2189,0.0737
2190,0.01414
2191,0.2025
2192,0.3338
2193,0.00219
2194,0.2705
2195,0.09904
2196,0.06544
2197,0.0928
2198,0.03276
2199,0.001329
2200,0.2259
2201,0.2644
2202,0.05303
2203,0.08139
2204,0.01538
2205,0.0486
2206,0.003775
2207,0.1419
2208,0.3802
2209,0.08497
2210,0.07312
2211,0.01684
2212,0.169
2213,0.00301
2214,0.158
2215,0.09314
2216,0.1537
2217,0.4702
2218,0.09152
2219,0.01468
2220,0.1098
2221,0.1064
2222,0.0005395
2223,0.002713
2224,0.2114
2225,0.1376
2226,0.07857
2227,0.06332
2228,0.2146
2229,0.1804
2230,0.1663
2231,0.1316
2232,0.0592
2233,0.08426
2234,0.1963
2235,0.3497
2236,0.02687
2237,0.008225
2238,0.4214
2239,0.01799
2240,0.2914
2241,0.3795
2242,0.2154
2243,0.2832
2244,0.2935
2245,0.07619
2246,0.163
2247,0.04225
2248,0.1241
2249,0.2036
2250,0.2487
2251,0.07042
2252,0.2693
2253,0.05604
2254,0.1298
2255,0.2073
2256,0.2232
2257,0.2295
2258,0.2294
2259,0.0872
2260,0.0007904
2261,0.2141
2262,0.4164
2263,0.04847
2264,0.03532
2265,0.02036
2266,0.1611
2267,0.04966
2268,0.2722
2269,0.1189
2270,0.3794
2271,0.02126
2272,0.03659
2273,0.1993
2274,0.01493
2275,0.03068
2276,0.1902
2277,0.1509
2278,0.1021
2279,0.03905
2280,0.3227
2281,0.04436
2282,0.2106
2283,0.3147
2284,0.08669
2285,0.02106
2286,0.1211
2287,0.2926
2288,0.06382
2289,0.2075
2290,0.137
2291,0.1076
2292,0.2942
2293,0.2111
2294,0.1102
2295,0.1504
2296,0.2372
2297,0.2045
2298,0.0636
2299,0.02429
2300,0.24
2301,0.1087
2302,0.04074
2303,0.04835
2304,0.1506
2305,0.1514
2306,0.2708
2307,0.4835
2308,0.2108
2309,0.08922
2310,0.3207
2311,0.08136
2312,0.1376
2313,0.1499
2314,0.06255
2315,0.1626
2316,0.009296
2317,0.0866
2318,0.08378
2319,0.2948
2320,0.2226
2321,0.02423
2322,0.004088
2323,0.4141
2324,0.1681
2325,0.05857
2326,0.01796
2327,0.1004
2328,0.09633
2329,0.0152
2330,0.3268
2331,0.1039
2332,0.1428
2333,0.1199
2334,0.3266
2335,0.04197
2336,0.05326
2337,0.2023
2338,0.155
2339,0.034
2340,0.004917
2341,0.1684
2342,0.1386
2343,0.1052
2344,0.1361
2345,0.2024
2346,0.03879
2347,0.45
2348,0.06977
2349,0.1445
2350,0.2706
2351,0.2173
2352,0.3226
2353,0.1805
2354,0.01429
2355,0.1699
2356,0.4541
2357,0.0445
2358,0.08055
2359,0.2557
2360,0.2066
2361,0.1411
2362,0.1132
2363,0.1405
2364,0.1951
2365,0.214
2366,0.09507
2367,0.03014
2368,0.1039
2369,0.07672
2370,0.1179
2371,0.06069
2372,0.04199
2373,0.3767
2374,0.2536
2375,0.06409
2376,0.1113
2377,0.08996
2378,0.01325
2379,0.289
2380,0.1306
2381,0.1051
2382,0.1042
2383,0.1598
2384,0.1898
2385,0.08625
2386,0.1007
2387,0.1682
2388,0.09886
2389,0.05003
2390,0.1754
2391,0.06539
2392,0.1802
2393,0.4068
2394,0.06676
2395,0.02467
2396,0.2335
2397,0.07699
2398,0.06038
2399,0.1567
2400,0.061
2401,0.2958
2402,0.4775
2403,0.279
2404,0.08248
2405,0.3784
2406,0.1836
2407,0.08013
2408,0.2442
2409,0.05513
2410,0.1821
2411,0.1103
2412,0.1519
2413,0.149
2414,0.07594
2415,0.151
2416,0.1409
2417,0.1575
2418,0.1124
2419,0.2361
2420,0.1428
2421,0.162
2422,0.1075
2423,0.08645
2424,0.005997
2425,0.06221
2426,0.06058
2427,0.0001366
2428,0.03701
2429,0.2166
2430,0.2866
2431,0.1451
2432,0.5183
2433,0.04113
2434,0.2546
2435,0.1825
2436,0.2106
2437,0.01052
2438,0.1629
2439,0.194
2440,0.1793
2441,0.09283
2442,0.1103
2443,0.2824
2444,0.2141
2445,0.07383
2446,0.2459
2447,0.45
2448,0.1005
2449,0.04241
2450,0.307
2451,0.01154
2452,0.06693
2453,0.1526
2454,0.146
2455,0.0831
2456,0.04353
2457,0.3516
2458,0.1581
2459,0.109
2460,0.1766
2461,0.06247
2462,0.04982
2463,0.002732
2464,0.04028
2465,0.2037
2466,0.4749
2467,0.4538
2468,0.142
2469,0.125
2470,0.1438
2471,0.05269
2472,0.426
2473,0.07104
2474,0.004026
2475,0.1945
2476,0.09231
2477,0.03755
2478,0.3884
2479,0.02838
2480,0.09624
2481,0.06437
2482,0.008133
2483,0.05434
2484,0.1674
2485,0.2617
2486,0.05747
2487,0.3372
2488,0.1354
2489,0.173
2490,0.0781
2491,0.02957
2492,0.1898
2493,0.1123
2494,0.1265
2495,0.04322
2496,0.1168
2497,0.1494
2498,0.0614
2499,0.1267
2500,0.1351
2501,0.167
2502,0.1955
2503,0.006247
2504,0.0995
2505,0.1078
2506,0.1289
2507,0.04681
2508,0.04861
2509,0.108
2510,0.06521
2511,0.08274
2512,0.5058
2513,0.01959
2514,0.131
2515,0.0361
2516,0.0008761
2517,0.2049
2518,0.1803
2519,0.05298
2520,0.1315
2521,0.0001762
2522,0.1129
2523,0.06609
2524,0.06888
2525,0.4786
2526,0.3585
2527,0.06937
2528,0.1424
2529,0.3398
2530,0.09792
2531,0.237
2532,0.102
2533,0.08949
2534,0.2883
2535,0.07874
2536,0.1407
2537,0.1288
2538,0.2952
2539,0.1949
2540,0.0769
2541,0.07766
2542,0.3418
2543,0.05976
2544,0.3599
2545,0.01412
2546,0.001122
2547,0.2396
2548,0.02264
2549,0.1666
2550,0.303
2551,0.2223
2552,0.1026
2553,0.1056
2554,0.1572
2555,0.1286
2556,0.01159
2557,0.08995
2558,0.1616
2559,0.01479
2560,0.009429
2561,0.1345
2562,0.0377
2563,0.0886
2564,0.1517
2565,0.03517
2566,0.1349
2567,0.0484
2568,0.4312
2569,0.1805
2570,0.155
2571,0.1852
2572,0.1362
2573,0.04391
2574,0.2269
2575,0.1263
2576,0.05013
2577,0.03184
2578,0.1244
2579,0.1694
2580,0.04372
2581,0.1098
2582,0.07027
2583,0.06887
2584,0.05482
2585,0.1707
2586,0.01771
2587,0.1976
2588,0.09926
2589,0.09068
2590,0.2889
2591,0.2474
2592,0.07884
2593,0.08884
2594,0.1089
2595,0.1772
2596,0.03502
2597,0.006353
2598,0.1375
2599,0.1724
2600,0.1749
2601,0.118
2602,0.08059
2603,0.02005
2604,0.1073
2605,0.07625
2606,0.4109
2607,0.1782
2608,0.1419
2609,0.1111
2610,0.06248
2611,0.3513
2612,0.2035
2613,0.2453
2614,0.1183
2615,0.1019
2616,0.1995
2617,0.1791
2618,0.01671
2619,0.2366
2620,0.0316
2621,0.02001
2622,0.1836
2623,0.1806
2624,0.3706
2625,0.01463
2626,0.3865
2627,0.08143
2628,0.02396
2629,0.1208
2630,0.1067
2631,0.05405
2632,0.07104
2633,0.08425
2634,0.1618
2635,0.05657
2636,0.05877
2637,0.03557
2638,0.0675
2639,0.1498
2640,0.03995
2641,0.128
2642,0.2618
2643,0.05961
2644,0.1035
2645,0.14
2646,0.1222
2647,0.2389
2648,0.165
2649,0.05795
2650,0.3226
2651,0.1321
2652,0.1957
2653,0.1147
2654,0.01722
2655,0.07676
2656,0.1427
2657,0.05467
2658,0.1691
2659,0.06106
2660,0.09352
2661,0.06176
2662,0.08301
2663,0.1628
2664,0.3032
2665,0.4236
2666,0.02248
2667,0.3174
2668,0.1383
2669,0.1126
2670,0.2439
2671,0.1421
2672,0.1618
2673,0.0856
2674,0.2984
2675,0.4841
2676,0.1554
2677,0.04247
2678,0.07637
2679,0.006124
2680,0.06274
2681,0.07135
2682,0.1191
2683,0.246
2684,0.01092
2685,0.2222
2686,0.1498
2687,0.07962
2688,0.2261
2689,0.09437
2690,0.0336
2691,0.09061
2692,0.0279
2693,0.1687
2694,0.0622
2695,0.09188
2696,0.07306
2697,0.09864
2698,0.1845
2699,0.1354
2700,0.06213
2701,0.02006
2702,0.1056
2703,0.07975
2704,0.1911
2705,0.1949
2706,0.1963
2707,0.06087
2708,0.02016
2709,0.14
2710,0.101
2711,0.2234
2712,0.2718
2713,0.03677
2714,0.0221
2715,0.028
2716,0.01254
2717,0.06768
2718,0.2091
2719,0.03
2720,0.06442
2721,0.2715
2722,0.1366
2723,0.08661
2724,0.04062
2725,0.07872
2726,0.0319
2727,0.06734
2728,0.03893
2729,0.2377
2730,0.2455
2731,0.2551
2732,0.1311
2733,0.1195
2734,0.3751
2735,0.0346
2736,0.2314
2737,0.1098
2738,0.01148
2739,0.3295
2740,0.1282
2741,0.03305
2742,0.008614
2743,0.2222
2744,0.1869
2745,0.03199
2746,0.06341
2747,0.1051
2748,0.147
2749,0.1222
2750,0.1554
2751,0.06007
2752,0.3161
2753,0.0438
2754,0.1673
2755,0.05981
2756,0.1073
2757,0.0627
2758,0.1695
2759,0.07962
2760,0.02759
2761,0.08988
2762,0.01142
2763,0.1756
2764,0.09459
2765,0.07019
2766,0.02942
2767,0.1064
2768,0.08635
2769,0.2427
2770,0.1218
2771,0.05667
2772,0.0492
2773,0.229
2774,0.03885
2775,0.05158
2776,0.1112
2777,0.09621
2778,0.2463
2779,0.1085
2780,0.2075
2781,0.1228
2782,0.3606
2783,0.07806
2784,0.09125
2785,0.01709
2786,0.07755
2787,0.1035
2788,0.1158
2789,0.2083
2790,0.2158
2791,0.1092
2792,0.09918
2793,0.005266
2794,0.04654
2795,0.1402
2796,0.1057
2797,0.1048
2798,0.04163
2799,0.4063
2800,0.03843
2801,0.2888
2802,0.0377
2803,0.05573
2804,0.1418
2805,0.1033
2806,0.07954
2807,0.4493
2808,0.1524
2809,0.08402
2810,0.04438
2811,0.1774
2812,0.03248
2813,0.07151
2814,0.2035
2815,0.05691
2816,0.3579
2817,0.06066
2818,0.1766
2819,0.006126
2820,0.1955
2821,0.03848
2822,0.2926
2823,0.109
2824,0.234
2825,0.06151
2826,0.1088
2827,0.3789
2828,0.03499
2829,0.3988
2830,0.0784
2831,0.1192
2832,0.01545
2833,0.111
2834,0.1658
2835,0.193
2836,0.1737
2837,0.0313
2838,0.07854
2839,0.06105
2840,0.1665
2841,0.00858
2842,0.04397
2843,0.0801
2844,0.1771
2845,0.001059
2846,0.09359
2847,0.221
2848,0.1812
2849,0.1766
2850,0.3586
2851,0.01765
2852,0.07214
2853,0.1018
2854,0.1528
2855,0.1932
2856,0.01271
2857,0.1263
2858,0.1422
2859,0.04126
2860,0.02875
2861,0.04641
2862,0.242
2863,0.08085
2864,0.1767
2865,0.4207
2866,0.1856
2867,0.04729
2868,0.07532
2869,0.07023
2870,0.1031
2871,0.1165
2872,0.1022
2873,0.0142
2874,0.03361
2875,0.0685
2876,0.01978
2877,0.2854
2878,0.03712
2879,0.04691
2880,0.2918
2881,0.1142
2882,0.0019
2883,0.2085
2884,0.3199
2885,0.3532
2886,0.09507
2887,0.04003
2888,0.01306
2889,0.04731
2890,0.4358
2891,0.1618
2892,0.03295
2893,0.3763
2894,0.1802
2895,0.04247
2896,0.06795
2897,0.08793
2898,0.07554
2899,0.1162
2900,0.06882
2901,0.08032
2902,0.0319
2903,0.1917
2904,0.02282
2905,0.1972
2906,0.009188
2907,0.3055
2908,0.3268
2909,0.08089
2910,0.03708
2911,0.2214
2912,0.09112
2913,0.1277
2914,0.1872
2915,0.01436
2916,0.06632
2917,0.3172
2918,0.1081
2919,0.1691
2920,0.1593
2921,0.08399
2922,0.5619
2923,0.2008
2924,0.04416
2925,0.1885
2926,0.1486
2927,0.01304
2928,0.04528
2929,0.08768
2930,0.0143
2931,0.1748
2932,0.2591
2933,0.003054
2934,0.08058
2935,0.04291
2936,0.1274
2937,0.2007
2938,0.2429
2939,0.2609
2940,0.02286
2941,0.2723
2942,0.2437
2943,2.061e-05
2944,0.1488
2945,0.04347
2946,0.1356
2947,0.115
2948,0.263
2949,0.1932
2950,0.09783
2951,0.1684
2952,0.2378
2953,0.1807
2954,0.01423
2955,0.1619
2956,0.1563
2957,0.2671
2958,0.1053
2959,0.1253
2960,0.1001
2961,0.109
2962,0.006263
2963,0.03549
2964,0.001691
2965,0.2829
2966,0.107
2967,0.07538
2968,0.2321
2969,0.05161
2970,0.01753
2971,0.1434
2972,0.1201
2973,0.1221
2974,0.01043
2975,0.09179
2976,0.01335
2977,0.1799
2978,0.3857
2979,0.1171
2980,0.3391
2981,0.1465
2982,0.001899
2983,0.1215
2984,0.2486
2985,0.09093
2986,0.3163
2987,0.03757
2988,0.1509
2989,0.2192
2990,0.05327
2991,0.1556
2992,0.2675
2993,0.06241
2994,0.01519
2995,0.05159
2996,0.2414
2997,0.1972
2998,0.2282
2999,0.01562
3000,0.1122
3001,0.02811
3002,0.1214
3003,0.2794
3004,0.1282
3005,0.1131
3006,0.1237
3007,0.07483
3008,0.1928
3009,0.1644
3010,0.09603
3011,0.004033
3012,0.1754
3013,0.1951
3014,0.3527
3015,0.1637
3016,0.3374
3017,0.009441
3018,0.2572
3019,0.06476
3020,0.07491
3021,0.3348
3022,0.3411
3023,0.02423
3024,0.02138
3025,0.02091
3026,0.1642
3027,0.02825
3028,0.11
3029,0.04505
3030,0.1092
3031,0.2143
3032,0.2538
3033,0.1619
3034,0.04576
3035,0.1824
3036,0.03038
3037,0.01104
3038,0.3201
3039,0.3
3040,0.127
3041,0.1696
3042,0.1865
3043,0.2009
3044,0.07979
3045,0.0781
3046,0.2407
3047,0.06849
3048,0.112
3049,0.2001
3050,0.1556
3051,0.3815
3052,0.2755
3053,0.0937
3054,0.5851
3055,0.07298
3056,0.2394
3057,0.08739
3058,0.04236
3059,0.3697
3060,0.2267
3061,0.08354
3062,0.2287
3063,0.1006
3064,0.08337
3065,0.08467
3066,0.2919
3067,0.1452
3068,0.1406
3069,0.2903
3070,0.3069
3071,0.3103
3072,0.2076
3073,0.04068
3074,0.1076
3075,0.09615
3076,0.1577
3077,0.09681
3078,0.05554
3079,0.2495
3080,0.1243
3081,0.1537
3082,0.1309
3083,0.469
3084,0.2362
3085,0.2749
3086,0.03161
3087,0.06855
3088,0.1007
3089,0.1086
3090,0.07753
3091,0.05231
3092,0.08433
3093,0.1669
3094,0.08333
3095,0.4118
3096,0.1691
3097,0.2896
3098,0.2959
3099,0.2164
3100,0.3112
3101,0.05727
3102,0.1271
3103,0.143
3104,0.05771
3105,0.2711
3106,0.09055
3107,0.2821
3108,0.07756
3109,0.02224
3110,0.185
3111,0.07623
3112,0.1479
3113,0.2255
3114,0.1056
3115,0.07691
3116,0.3278
3117,0.03792
3118,0.003768
3119,0.006786
3120,0.08437
3121,0.06299
3122,0.2071
3123,0.0009299
3124,0.1845
3125,0.1154
3126,0.07004
3127,0.0899
3128,0.1861
3129,0.09553
3130,0.1308
3131,0.03097
3132,0.2821
3133,0.4645
3134,0.207
3135,0.1433
3136,0.02993
3137,0.04456
3138,0.2368
3139,0.04698
3140,0.08472
3141,0.1703
3142,0.03764
3143,0.101
3144,0.08971
3145,0.2242
3146,0.2699
3147,0.1953
3148,0.07145
3149,0.3146
3150,0.2168
3151,0.04042
3152,0.1877
3153,0.02383
3154,0.1619
3155,0.1945
3156,0.2141
3157,0.3429
3158,0.004185
3159,0.3065
3160,0.1916
3161,0.08156
3162,0.0551
3163,0.08362
3164,0.1551
3165,0.182
3166,0.1585
3167,0.08076
3168,0.1525
3169,0.09672
3170,0.2487
3171,0.05155
3172,0.3765
3173,0.123
3174,0.1052
3175,0.001827
3176,0.06562
3177,0.2785
3178,0.107
3179,0.2165
3180,0.08184
3181,0.1608
3182,0.01131
3183,0.1377
3184,0.09004
3185,0.1526
3186,0.1563
3187,0.2122
3188,0.4557
3189,0.253
3190,0.1571
3191,0.3517
3192,0.1139
3193,0.01844
3194,0.05747
3195,0.173
3196,0.01646
3197,0.09084
3198,0.0327
3199,0.05373
3200,0.04001
3201,0.1574
3202,0.1415
3203,0.229
3204,0.3134
3205,0.1883
3206,0.05762
3207,0.1311
3208,0.05942
3209,0.1781
3210,0.0005033
3211,0.0367
3212,0.2899
3213,0.293
3214,0.04766
3215,0.003518
3216,0.1718
3217,0.2408
3218,0.166
3219,0.3639
3220,0.2272
3221,0.1711
3222,0.3331
3223,0.2283
3224,0.2644
3225,0.1286
3226,0.07634
3227,0.06829
3228,0.04662
3229,0.142
3230,0.03811
3231,0.208
3232,0.1911
3233,0.0355
3234,0.2491
3235,0.1313
3236,0.08091
3237,0.05133
3238,0.02579
3239,0.1431
3240,0.2469
3241,0.4148
3242,0.002926
3243,0.007146
3244,0.242
3245,0.08832
3246,0.02641
3247,0.1803
3248,0.1776
3249,0.2243
3250,0.1092
3251,0.02445
3252,0.07158
3253,0.2205
3254,0.06106
3255,0.1813
3256,0.09921
3257,0.03954
3258,0.1058
3259,0.3651
3260,0.04791
3261,0.1037
3262,0.165
3263,0.2329
3264,0.6053
3265,0.1277
3266,0.2036
3267,0.2342
3268,0.1522
3269,0.04431
3270,0.04099
3271,0.1683
3272,0.1102
3273,0.2595
3274,0.06408
3275,0.3283
3276,0.009344
3277,0.2665
3278,0.1644
3279,0.04269
3280,0.006595
3281,0.2165
3282,0.1048
3283,0.01061
3284,0.08092
3285,0.1215
3286,0.1849
3287,0.3614
3288,0.02644
3289,0.1931
3290,0.3498
3291,0.07395
3292,0.325
3293,0.1324
3294,0.3545
3295,0.04241
3296,0.2176
3297,0.1551
3298,0.4205
3299,0.1401
3300,0.1568
3301,0.3085
3302,0.08545
3303,0.01876
3304,0.4253
3305,0.03735
3306,0.09524
3307,0.06545
3308,0.08158
3309,0.006724
3310,0.2979
3311,0.1049
3312,0.01293
3313,0.1241
3314,0.3463
3315,0.09544
3316,0.139
3317,0.1618
3318,0.1534
3319,0.003574
3320,0.03397
3321,0.1149
3322,0.1292
3323,0.001668
3324,0.4493
3325,0.3789
3326,0.2458
3327,0.006058
3328,0.04745
3329,0.1499
3330,0.2486
3331,0.2952
3332,0.1787
3333,0.005883
3334,0.422
3335,0.1443
3336,0.1077
3337,0.01618
3338,0.05046
3339,0.06731
3340,0.1175
3341,0.07692
3342,0.2886
3343,0.2576
3344,0.0006902
3345,0.171
3346,0.1479
3347,0.2551
3348,0.3026
3349,0.117
3350,0.04893
3351,0.3395
3352,0.07004
3353,0.07059
3354,0.1689
3355,0.2793
3356,0.158
3357,0.08115
3358,0.1416
3359,0.2017
3360,0.03619
3361,0.1868
3362,0.06119
3363,0.08511
3364,0.05845
3365,0.1191
3366,0.01764
3367,0.2182
3368,0.01615
3369,0.1521
3370,0.1092
3371,0.06299
3372,0.2011
3373,0.05808
3374,0.1909
3375,0.1128
3376,0.02158
3377,0.2064
3378,0.231
3379,0.008609
3380,0.3475
3381,0.03689
3382,0.2727
3383,0.07714
3384,0.03035
3385,0.02338
3386,0.04539
3387,0.208
3388,0.03813
3389,0.1149
3390,0.07252
3391,0.1073
3392,0.1728
3393,0.126
3394,0.3397
3395,0.04417
3396,0.07056
3397,0.1833
3398,0.128
3399,0.0008585
3400,0.04717
3401,0.1843
3402,0.165
3403,0.102
3404,0.1774
3405,0.04448
3406,0.0775
3407,0.18
3408,0.126
3409,0.1689
3410,0.1649
3411,0.0449
3412,0.03625
3413,0.02503
3414,0.2489
3415,0.09715
3416,0.321
3417,0.2114
3418,0.0407
3419,0.09244
3420,0.01088
3421,0.2095
3422,0.02708
3423,0.203
3424,0.09795
3425,0.1574
3426,0.1575
3427,0.01742
3428,0.01442
3429,0.2148
3430,0.002972
3431,0.372
3432,0.3985
3433,0.1866
3434,0.1354
3435,0.3061
3436,0.08095
3437,0.2001
3438,0.08813
3439,0.01867
3440,0.0008692
3441,0.02611
3442,0.04705
3443,0.01766
3444,0.05387
3445,0.01931
3446,0.111
3447,0.04875
3448,0.17
3449,0.1371
3450,0.01775
3451,0.272
3452,0.3286
3453,0.02652
3454,0.01348
3455,0.2222
3456,0.2028
3457,0.1024
3458,0.2156
3459,0.06421
3460,0.02268
3461,0.1287
3462,0.004097
3463,0.09363
3464,0.07234
3465,0.1657
3466,0.0359
3467,0.0004505
3468,0.1062
3469,0.01768
3470,0.01837
3471,0.0597
3472,0.2197
3473,0.2377
3474,0.3423
3475,0.05569
3476,0.06324
3477,0.2997
3478,0.3435
3479,0.1943
3480,0.1149
3481,0.2195
3482,0.07243
3483,0.06901
3484,0.1126
3485,0.2012
3486,0.0412
3487,0.1649
3488,0.05196
3489,0.05235
3490,0.05373
3491,0.0927
3492,0.04635
3493,0.09113
3494,0.07585
3495,0.133
3496,0.1447
3497,0.07642
3498,0.07951
3499,0.06232
3500,0.3198
3501,0.4018
3502,0.2173
3503,0.07328
3504,0.1192
3505,0.1436
3506,0.04333
3507,0.07699
3508,0.2225
3509,0.1723
3510,0.02105
3511,0.1642
3512,0.06482
3513,0.04849
3514,0.05164
3515,0.2242
3516,0.3825
3517,0.2212
3518,0.09807
3519,0.1099
3520,0.3023
3521,0.1476
3522,0.02801
3523,0.5365
3524,0.01299
3525,0.1586
3526,0.1007
3527,0.1847
3528,0.05484
3529,0.2316
3530,0.26
3531,0.06571
3532,0.1414
3533,0.09459
3534,0.1677
3535,0.04319
3536,0.1776
3537,0.3082
3538,0.05513
3539,0.157
3540,0.1186
3541,0.04673
3542,0.04268
3543,0.1824
3544,0.01595
3545,0.01771
3546,0.02553
3547,0.2316
3548,0.1738
3549,0.09912
3550,0.1258
3551,0.08586
3552,0.188
3553,0.01747
3554,0.2015
3555,0.00664
3556,0.05921
3557,0.3204
3558,0.2039
3559,0.3987
3560,0.3312
3561,0.3147
3562,0.06212
3563,0.109
3564,0.1566
3565,0.2536
3566,0.2486
3567,0.002013
3568,0.2264
3569,0.07081
3570,0.1503
3571,0.1439
3572,0.1637
3573,0.04937
3574,0.4619
3575,0.09
3576,0.2776
3577,0.06688
3578,0.2003
3579,0.6154
3580,0.02182
3581,0.1711
3582,0.004854
3583,0.01962
3584,0.1034
3585,0.08964
3586,0.03652
3587,0.2623
3588,0.02814
3589,0.1927
3590,0.2527
3591,0.1427
3592,0.1198
3593,0.281
3594,0.1558
3595,0.03845
3596,0.1397
3597,0.1939
3598,0.156
3599,0.1179
3600,0.2658
3601,0.1531
3602,0.07285
3603,0.2031
3604,0.00236
3605,0.225
3606,0.01149
3607,0.1527
3608,0.1354
3609,0.1737
3610,0.1462
3611,0.02325
3612,0.07526
3613,0.1803
3614,0.1727
3615,0.1345
3616,0.1794
3617,0.1383
3618,0.03248
3619,0.03469
3620,0.02154
3621,0.1559
3622,0.1406
3623,0.1871
3624,0.1227
3625,0.08992
3626,0.157
3627,0.172
3628,0.04993
3629,0.3344
3630,0.2011
3631,0.05018
3632,0.1632
3633,0.1603
3634,0.1797
3635,0.1458
3636,0.1909
3637,0.08398
3638,0.1139
3639,0.1069
3640,0.05086
3641,0.1619
3642,0.001844
3643,0.193
3644,0.003264
3645,0.06798
3646,0.07931
3647,0.1204
3648,0.2881
3649,0.04336
3650,0.131
3651,0.07711
3652,0.04017
3653,0.2013
3654,0.1399
3655,0.2449
3656,0.1058
3657,0.09473
3658,0.1841
3659,0.1442
3660,0.2737
3661,0.5272
3662,0.09623
3663,0.2322
3664,0.3014
3665,0.3022
3666,0.174
3667,0.2693
3668,0.07105
3669,0.1324
3670,0.1822
3671,0.3189
3672,0.1415
3673,0.2967
3674,0.1701
3675,0.005363
3676,0.03782
3677,0.1302
3678,0.1288
3679,0.1629
3680,0.08888
3681,0.1544
3682,0.2283
3683,0.0273
3684,0.06967
3685,0.2669
3686,0.1157
3687,0.01633
3688,0.3172
3689,0.07974
3690,0.09845
3691,0.2984
3692,0.08679
3693,0.1541
3694,0.1285
3695,0.1712
3696,0.2282
3697,0.2111
3698,0.1237
3699,0.05097
3700,0.05245
3701,0.003748
3702,0.3347
3703,0.1143
3704,0.05779
3705,0.04509
3706,0.3616
3707,0.013
3708,0.08291
3709,0.01031
3710,0.129
3711,0.02997
3712,0.0895
3713,0.2732
3714,0.1354
3715,0.06014
3716,0.05547
3717,0.2571
3718,0.1225
3719,0.2994
3720,0.2289
3721,0.2625
3722,0.2529
3723,0.1271
3724,0.05745
3725,0.07001
3726,0.06974
3727,0.142
3728,0.05892
3729,0.03877
3730,0.006429
3731,0.09279
3732,0.4033
3733,0.07334
3734,0.1823
3735,0.1547
3736,0.05308
3737,0.1255
3738,0.1812
3739,0.1957
3740,0.09266
3741,0.01437
3742,0.01616
3743,0.2699
3744,0.01709
3745,0.0799
3746,0.1136
3747,0.02891
3748,0.2012
3749,0.04678
3750,0.2475
3751,0.05575
3752,0.1378
3753,0.2308
3754,0.06398
3755,0.2464
3756,0.112
3757,0.004786
3758,0.05693
3759,0.01136
3760,0.04989
3761,0.08997
3762,0.1169
3763,0.05893
3764,0.06787
3765,0.08156
3766,0.1403
3767,0.01859
3768,0.2067
3769,0.005649
3770,0.1747
3771,0.1474
3772,0.0457
3773,0.05379
3774,0.06337
3775,0.1383
3776,0.2032
3777,0.2632
3778,0.009751
3779,0.1203
3780,0.1153
3781,0.09988
3782,0.01075
3783,0.1527
3784,0.07595
3785,0.08187
3786,0.1733
3787,0.2166
3788,0.01058
3789,0.213
3790,0.06347
3791,0.244
3792,0.02899
3793,0.09655
3794,0.1915
3795,0.3311
3796,0.1928
3797,0.09958
3798,0.3789
3799,0.07874
3800,0.2064
3801,0.2393
3802,0.3762
3803,0.07759
3804,0.03746
3805,0.07439
3806,0.228
3807,0.01309
3808,0.08899
3809,0.129
3810,0.09726
3811,0.07527
3812,0.2224
3813,0.02652
3814,0.1945
3815,0.1115
3816,0.07202
3817,0.3538
3818,0.1093
3819,0.04834
3820,0.0664
3821,0.1741
3822,0.3095
3823,0.0152
3824,0.2854
3825,0.05483
3826,0.09547
3827,0.04383
3828,0.007386
3829,0.01949
3830,0.2663
3831,0.206
3832,0.1592
3833,0.205
3834,0.11
3835,0.3521
3836,0.03424
3837,0.08727
3838,0.07256
3839,0.07006
3840,0.09492
3841,0.1279
3842,0.05903
3843,0.2077
3844,0.05128
3845,0.3256
3846,0.09276
3847,0.05445
3848,0.1745
3849,0.07351
3850,0.07285
3851,0.008931
3852,0.03623
3853,0.05055
3854,0.07434
3855,0.05394
3856,0.02716
3857,0.1532
3858,0.1659
3859,0.01021
3860,0.1643
3861,0.1705
3862,0.1769
3863,0.04584
3864,0.1939
3865,0.1233
3866,0.05955
3867,0.1936
3868,0.3837
3869,0.0699
3870,0.3857
3871,0.2014
3872,0.07163
3873,0.1428
3874,0.04137
3875,0.2955
3876,0.1259
3877,0.2914
3878,0.08527
3879,0.2484
3880,0.1424
3881,0.07191
3882,0.1087
3883,0.05875
3884,0.4723
3885,0.3356
3886,0.2932
3887,0.2451
3888,0.1897
3889,0.1082
3890,0.1646
3891,0.2556
3892,0.1537
3893,0.0564
3894,0.03958
3895,0.06046
3896,0.07323
3897,0.1361
3898,0.01425
3899,0.2804
3900,0.03805
3901,0.01301
3902,0.1249
3903,0.08715
3904,0.1417
3905,0.1528
3906,0.249
3907,0.2905
3908,0.04566
3909,0.198
3910,0.04409
3911,0.2375
3912,0.09824
3913,0.04968
3914,0.3113
3915,0.337
3916,0.1916
3917,0.04011
3918,0.08554
3919,0.02661
3920,0.3672
3921,0.2789
3922,0.1237
3923,0.0862
3924,0.3331
3925,0.102
3926,0.2253
3927,0.2911
3928,0.08948
3929,0.2369
3930,0.1367
3931,0.09882
3932,0.07827
3933,0.3244
3934,0.2026
3935,0.1913
3936,0.06262
3937,0.1866
3938,0.1286
3939,0.05945
3940,0.2521
3941,0.2082
3942,0.03232
3943,0.02008
3944,0.097
3945,0.02411
3946,0.04105
3947,0.1426
3948,0.05935
3949,0.1688
3950,0.1574
3951,0.2708
3952,0.08168
3953,0.08487
3954,0.3212
3955,0.04022
3956,0.05391
3957,0.02594
3958,0.03099
3959,0.1488
3960,0.01978
3961,0.1189
3962,0.2141
3963,0.1548
3964,0.2122
3965,0.3577
3966,0.08505
3967,0.01252
3968,0.01183
3969,0.2834
3970,0.4507
3971,0.2703
3972,0.1038
3973,0.08747
3974,0.06836
3975,0.01499
3976,0.06499
3977,0.03387
3978,0.0002111
3979,0.05127
3980,0.3193
3981,0.2436
3982,0.05435
3983,0.2721
3984,0.185
3985,0.03534
3986,0.08027
3987,0.2463
3988,0.1995
3989,0.06554
3990,0.2955
3991,0.09285
3992,0.1656
3993,0.001145
3994,0.00334
3995,0.0459
3996,0.07303
3997,0.1111
3998,0.1556
3999,0.06641
4000,0.05083
4001,0.3024
4002,0.189
4003,0.4303
4004,0.004878
4005,0.05412
4006,0.2762
4007,0.1641
4008,0.03439
4009,0.05351
4010,0.04445
