MDTU ,delta_S
1,0.04671
2,-0.02559
3,-0.02801
4,-0.02973
5,-0.03032
6,-0.02889
7,-0.02572
8,-0.02719
9,-0.02096
10,-0.02289
11,-0.04455
12,-0.0388
13,-0.02228
14,-0.01645
15,-0.02604
16,-0.03811
17,-0.01884
18,-0.03649
19,-0.02238
20,-0.02692
21,-0.08385
22,-0.02125
23,-0.02868
24,-0.06431
25,-0.05382
26,-0.0377
27,-0.04742
28,-0.04108
29,-0.04225
30,-0.04819
31,-0.06481
32,-0.08556
33,-0.1182
34,-0.2691
35,0.08093
36,-0.1933
37,-0.119
38,-0.1533
39,-0.1265
40,-0.05006
41,-0.5055
42,0.07351
43,-0.7752
44,-0.08754
45,-0.7302
46,-0.1786
47,-0.4092
48,-0.3257
49,-0.3854
50,-0.8335
51,-0.5248
52,-1.204
53,1.713
54,0.2835
55,0.2987
56,-1.733
57,1.924
58,1.687
59,-1.898
60,4.271
61,1.291
62,-0.07393
63,-0.7627
64,0.5055
65,-0.4641
66,1.569
67,1.56
68,-2.955
69,2.512
70,1.139
71,0.6389
72,0.8043
73,1.501
74,0.7442
75,0.4476
76,1.388
77,-1.039
78,0.7993
79,0.2918
80,-1.869
81,-0.252
82,-0.3352
83,0.02646
84,0.06582
85,-3.5
86,1.707
87,-0.5896
88,-0.9484
89,-1.209
90,0.6947
91,0.9387
92,-1.781
93,-1.241
94,-0.3243
95,1.292
96,-0.09076
97,0.06549
98,-0.1003
99,-0.539
100,0.291
101,0.2576
102,-0.3369
103,0.05362
104,0.02596
105,1.774
106,0.9392
107,-0.9967
108,1.062
109,0.4658
110,0.7698
111,0.6067
112,-1.279
113,0.1458
114,-1.039
115,-0.03986
116,0.6236
117,-1.318
118,0.08559
119,0.2801
120,0.2157
121,0.6872
122,-1.254
123,-0.2042
124,0.168
125,2.625
126,0.8146
127,0.4409
128,-0.8195
129,0.8674
130,3.815
131,1.053
132,-2.161
133,-1.732
134,-0.4982
135,0.6782
136,1.998
137,-0.2919
138,-0.2267
139,0.2962
140,-1.967
141,0.7318
142,-0.2996
143,1.181
144,0.5898
145,0.6602
146,0.9349
147,0.1156
148,-0.2667
149,0.8621
150,0.3655
151,-0.1054
152,0.2027
153,-0.0276
154,0.347
155,1.047
156,1.176
157,0.9002
158,0.2784
159,-0.5818
160,1.046
161,0.3483
162,0.6816
163,-0.1005
164,-0.07335
165,1.437
166,0.05807
167,1.566
168,0.07984
169,1.991
170,-0.3163
171,0.9562
172,-0.7862
173,-0.553
174,-1.218
175,2.828
176,0.999
177,2.071
178,1.633
179,0.1497
180,1.245
181,0.3759
182,-0.5052
183,0.6215
184,-1.3
185,0.7218
186,-0.2479
187,1.622
188,-0.2784
189,0.5483
190,-0.6944
191,1.411
192,0.854
193,1.095
194,0.4637
195,-0.2441
196,1.366
197,0.3435
198,-0.3797
199,-0.4342
200,0.53
201,-0.637
202,1.265
203,-2.025
204,-1.287
205,2.489
206,1.458
207,0.07947
208,0.3225
209,1.643
210,-0.6556
211,0.7563
212,-0.7191
213,-0.4784
214,-0.4113
215,-0.05011
216,0.7505
217,-1.377
218,-0.0327
219,1.822
220,1.298
221,0.3181
222,1.456
223,-0.5664
224,0.4033
225,-0.1184
226,-0.1979
227,0.01535
228,-0.3328
229,-0.2881
230,2.143
231,0.1663
232,-0.6385
233,1.528
234,1.752
235,-0.06
236,1.021
237,2.287
238,1.642
239,-1.569
240,1.791
241,0.4736
242,0.3017
243,-0.3062
244,0.01194
245,-2.315
246,2.052
247,-2.025
248,1.034
249,1.755
250,0.7628
251,2.072
252,-0.6076
253,0.1184
254,-0.4466
255,-0.5668
256,-0.2998
257,0.3075
258,1.761
259,1.713
260,0.4794
261,-0.9504
262,0.3875
263,0.1589
264,0.2226
265,2.029
266,0.143
267,0.5772
268,-2.635
269,1.854
270,-1.226
271,1.235
272,-1.725
273,-0.8981
274,0.3901
275,0.2936
276,-0.03196
277,-0.5238
278,-0.6184
279,0.103
280,-1.416
281,0.6144
282,2.117
283,1.135
284,1.678
285,1.544
286,2.641
287,1.078
288,-0.3828
289,0.769
290,-0.7191
291,1.478
292,0.7496
293,1.78
294,-0.1717
295,-1.183
296,0.01561
297,-0.6539
298,-1.309
299,0.709
300,1.521
301,1.568
302,0.9101
303,-0.6474
304,-0.03896
305,-0.09079
306,1.357
307,0.3081
308,0.6338
309,2.097
310,-1.94
311,1.33
312,-0.6192
313,1.13
314,1.254
315,-0.1576
316,1.274
317,-1.507
318,0.7458
319,1.905
320,1.68
321,-0.4901
322,-0.8884
323,-0.1449
324,0.9714
325,0.4442
326,1.45
327,-0.4765
328,1.967
329,2.686
330,1.163
331,0.3403
332,0.6277
333,0.6968
334,2.944
335,0.9792
336,1.52
337,0.9008
338,-0.3357
339,-0.7133
340,1.651
341,0.03263
342,-0.2481
343,0.4951
344,0.3989
345,1.367
346,0.1265
347,-0.003482
348,-0.8554
349,0.029
350,-1.327
351,1.615
352,-0.5651
353,1.665
354,1.299
355,1.446
356,0.1393
357,0.282
358,0.3429
359,-0.9272
360,0.9017
361,1.595
362,2.012
363,0.7819
364,0.169
365,-0.3448
366,-0.3886
367,1.755
368,-0.2465
369,-0.009694
370,-0.866
371,1.348
372,1.337
373,0.8733
374,1.282
375,-0.3873
376,1.085
377,-0.8481
378,0.755
379,-0.2216
380,1.549
381,1.225
382,0.1724
383,0.4312
384,2.117
385,0.4488
386,0.8451
387,1.605
388,0.1065
389,0.5922
390,0.4453
391,2.152
392,0.3938
393,-0.118
394,-0.04233
395,-0.398
396,2.197
397,0.7583
398,0.8014
399,0.2053
400,0.08934
401,3.923
402,-0.7576
403,-0.6527
404,0.1426
405,-1.378
406,0.5373
407,-0.9498
408,2.308
409,0.2197
410,-0.9276
411,-1.703
412,0.4355
413,-0.09961
414,0.8676
415,0.8272
416,2.3
417,-0.5635
418,0.1812
419,0.253
420,0.3484
421,0.367
422,0.6482
423,1.398
424,0.6033
425,0.3387
426,-0.4539
427,0.696
428,-0.1773
429,1.612
430,1.438
431,1.592
432,1.785
433,1.382
434,2.947
435,1.301
436,0.1899
437,0.8909
438,-0.1285
439,1.261
440,0.7188
441,3.432
442,0.8232
443,0.5789
444,2.145
445,1.559
446,1.295
447,0.04602
448,0.6015
449,0.4825
450,1.552
451,0.4563
452,-0.8716
453,0.5158
454,0.8672
455,0.4671
456,-0.7654
457,0.7202
458,0.1574
459,2.677
460,-0.8386
461,0.7178
462,2.11
463,0.3786
464,1.172
465,1.17
466,-0.4157
467,-0.5559
468,0.3553
469,1.759
470,1.726
471,-0.1014
472,-0.47
473,-1.504
474,1.14
475,-0.4593
476,1.969
477,0.09
478,0.6051
479,0.5244
480,2.184
481,-0.4351
482,0.2663
483,1.373
484,0.2524
485,0.5589
486,1.098
487,-0.1009
488,0.3996
489,-0.2667
490,0.9722
491,-0.7288
492,-0.2223
493,0.03521
494,0.3645
495,-0.3546
496,-0.2314
497,-0.1836
498,-0.9062
499,0.08282
500,0.8882
501,1.015
502,0.2378
503,0.8084
504,0.5736
505,0.4353
506,0.6446
507,0.2609
508,0.4816
509,1.66
510,0.01802
511,-0.8388
512,-0.2149
513,2.051
514,0.1204
515,2.09
516,0.01026
517,2.833
518,-0.7396
519,1.295
520,-1.154
521,1.583
522,0.6132
523,-0.09757
524,0.1803
525,2.531
526,1.595
527,0.2851
528,0.6534
529,0.8498
530,-0.1594
531,-0.4607
532,2.236
533,-0.6386
534,0.97
535,-0.2492
536,1.685
537,2.169
538,0.4401
539,0.5495
540,2.391
541,-1.171
542,0.1797
543,-1.157
544,0.7172
545,1.902
546,-1.038
547,1.371
548,-0.05695
549,0.7814
550,1.327
551,-0.4529
552,0.3763
553,0.4231
554,-1.012
555,-0.2224
556,0.3662
557,1.743
558,1.14
559,1.093
560,0.9145
561,1.259
562,0.8017
563,1.171
564,0.3649
565,0.7894
566,0.2946
567,1.119
568,1.65
569,0.4128
570,1.429
571,0.6687
572,-0.2563
573,-0.4757
574,1.899
575,-0.1922
576,2.117
577,-1.547
578,1.266
579,-0.4424
580,0.9904
581,-0.5098
582,1.142
583,0.7262
584,-1.571
585,0.8573
586,-0.4696
587,-0.4864
588,-1.805
589,0.328
590,1.574
591,0.7055
592,1.159
593,-0.999
594,-0.7104
595,0.4687
596,1.73
597,1.447
598,-0.01041
599,0.5815
600,-1.372
601,2.717
602,1.76
603,2.098
604,-0.5878
605,-0.06598
606,0.5641
607,0.2055
608,0.03175
609,-0.1117
610,1.187
611,-0.5221
612,1.023
613,0.2377
614,-0.7283
615,-0.1849
616,-0.1856
617,-0.5293
618,-0.4633
619,0.7545
620,-0.6924
621,1.378
622,2.288
623,0.9275
624,1.95
625,2.68
626,0.5137
627,4.562
628,3.678
629,2.051
630,1.065
631,0.6201
632,0.7333
633,3.037
634,2.644
635,1.284
636,-0.03118
637,1.539
638,-0.1454
639,0.3422
640,1.389
641,1.046
642,2.957
643,0.5419
644,0.1494
645,1.062
646,1.914
647,-0.212
648,0.561
649,1.503
650,0.008797
651,-1.25
652,-0.3258
653,1.451
654,-0.2727
655,0.3401
656,1.558
657,2.62
658,3.38
659,1.73
660,0.1439
661,2.103
662,0.9121
663,-0.4789
664,1.842
665,2.388
666,-0.3986
667,0.06678
668,-2.477
669,0.0936
670,0.9737
671,0.7357
672,1.987
673,0.233
674,-2.19
675,0.711
676,1.644
677,0.1308
678,0.03869
679,-0.4208
680,0.7083
681,0.1586
682,-1.007
683,0.6093
684,0.4441
685,1.172
686,2.6
687,1.935
688,0.3641
689,-0.8078
690,-1.019
691,1.529
692,0.5114
693,1.172
694,-1.952
695,-0.2969
696,0.2898
697,-2.471
698,0.7451
699,-0.9256
700,-0.5859
701,1.346
702,1.598
703,2.099
704,1.245
705,-0.3838
706,0.244
707,-0.2579
708,1.405
709,0.458
710,0.01306
711,0.1633
712,1.069
713,2.251
714,0.5251
715,1.848
716,0.6353
717,0.4675
718,0.516
719,0.6801
720,-0.03899
721,0.8261
722,-0.8015
723,0.9446
724,1.167
725,1.428
726,0.7813
727,-0.2383
728,0.6954
729,-1.814
730,-0.9151
731,0.469
732,0.3402
733,-0.2805
734,2.565
735,0.5138
736,0.9919
737,0.2464
738,-0.539
739,2.569
740,0.2482
741,-0.3343
742,1.483
743,0.03396
744,2.295
745,0.7308
746,3.355
747,1.685
748,2.642
749,2.025
750,2.719
751,0.5526
752,1.226
753,1.456
754,-0.8189
755,0.4016
756,-1.49
757,-0.3426
758,-0.1346
759,0.6182
760,1.396
761,-1.578
762,1.693
763,1.282
764,-0.7122
765,2.293
766,1.911
767,-0.483
768,-0.9629
769,-0.1842
770,3.655
771,1.816
772,1.195
773,2.53
774,-0.6956
775,1.17
776,-0.4867
777,-1.641
778,0.06989
779,1.183
780,0.8994
781,0.02428
782,1.555
783,1.103
784,1.437
785,2.34
786,3.554
787,2.243
788,1.414
789,0.9589
790,0.7918
791,0.6512
792,0.4299
793,1.662
794,-0.9887
795,-0.8149
796,0.1049
797,-0.4025
798,0.8332
799,1.269
800,0.6127
801,0.3835
802,1.005
803,0.403
804,0.3079
805,0.2482
806,-0.375
807,-0.3115
808,0.4053
809,0.7789
810,-0.6083
811,1.029
812,1.83
813,-1.207
814,2.055
815,0.9053
816,1.328
817,0.5312
818,2.902
819,2.297
820,1.532
821,1.446
822,-0.9472
823,1.556
824,1.562
825,1.491
826,-0.2423
827,1.355
828,0.5869
829,0.9137
830,-0.1299
831,-0.01714
832,0.8787
833,0.05618
834,1.327
835,0.6534
836,1.101
837,0.7983
838,0.2484
839,1.773
840,1.01
841,2.761
842,2.151
843,1.169
844,-0.521
845,0.8609
846,1.285
847,2.248
848,-0.03682
849,1.145
850,0.6222
851,1.502
852,2.455
853,0.1272
854,2.595
855,-0.1188
856,-1.176
857,1.11
858,1.344
859,-0.128
860,0.05507
861,0.6567
862,0.7965
863,1.397
864,-0.3467
865,-0.3244
866,-0.8647
867,-1.195
868,0.3133
869,0.224
870,-0.3264
871,2.416
872,0.1129
873,0.3234
874,0.904
875,-1.832
876,1.232
877,0.2583
878,1.525
879,-0.01588
880,1.558
881,2.622
882,1.227
883,0.1317
884,0.4166
885,0.4358
886,0.6291
887,-0.6196
888,-0.7385
889,0.7346
890,-0.2833
891,2.581
892,0.7307
893,1.86
894,0.4552
895,1.384
896,2.13
897,-0.09008
898,-0.5232
899,0.946
900,-0.09571
901,2.172
902,1.164
903,0.6969
904,1.406
905,2.252
906,-0.6228
907,1.176
908,0.6671
909,-0.4747
910,0.2218
911,2.495
912,1.927
913,-0.3824
914,0.1849
915,1.695
916,1.479
917,-0.3654
918,0.4926
919,0.2252
920,-0.5026
921,0.915
922,0.2036
923,0.9765
924,-0.496
925,-0.2727
926,1.24
927,1.562
928,1.831
929,-0.2582
930,-0.537
931,1.615
932,-0.2307
933,0.2774
934,1.625
935,1.842
936,0.4371
937,-2.086
938,0.8659
939,-1.733
940,0.4061
941,-0.8961
942,0.284
943,1.379
944,-0.43
945,1.394
946,1.145
947,1.817
948,-0.6461
949,1.207
950,0.1672
951,1.374
952,1.167
953,1.884
954,0.3668
955,1.489
956,0.07501
957,-0.9361
958,0.9207
959,1.304
960,-0.7883
961,-0.2521
962,0.2293
963,-0.8598
964,1.971
965,-1.394
966,-0.671
967,1.411
968,-1.718
969,-0.3103
970,-0.5078
971,2.379
972,1.304
973,-0.5903
974,2.304
975,0.2473
976,1.271
977,1.274
978,-0.358
979,2.2
980,0.7297
981,2.367
982,0.568
983,1.865
984,0.722
985,0.4271
986,0.8889
987,0.5758
988,1.951
989,1.76
990,1.172
991,2.588
992,0.7662
993,0.1815
994,-1.115
995,1.316
996,1.786
997,1.644
998,0.5911
999,0.5446
1000,-0.1904
1001,1.2
1002,0.252
1003,1.429
1004,1.5
1005,-0.7469
1006,0.6402
1007,1.377
1008,1.533
1009,-0.04706
1010,-0.3937
1011,0.7166
1012,0.2563
1013,-0.7084
1014,0.6161
1015,0.8262
1016,-1.947
1017,1.325
1018,1.447
1019,0.8352
1020,-1.264
1021,-1.597
1022,0.2898
1023,1.622
1024,-0.00358
1025,0.2919
1026,-0.5521
1027,-0.5469
1028,0.641
1029,1.159
1030,1.234
1031,2.176
1032,-0.8531
1033,2.426
1034,0.3023
1035,2.651
1036,1.818
1037,1.397
1038,1.236
1039,0.9096
1040,1.232
1041,2.468
1042,-0.4136
1043,-1.414
1044,2.685
1045,1.736
1046,0.9903
1047,1.2
1048,-0.08115
1049,0.0924
1050,0.1122
1051,2.968
1052,0.7944
1053,0.2775
1054,0.3827
1055,1.161
1056,1.576
1057,1.026
1058,-1.105
1059,1.253
1060,2.136
1061,0.3662
1062,2.058
1063,1.339
1064,1.373
1065,0.01799
1066,-0.3213
1067,-0.0583
1068,0.479
1069,-0.9584
1070,0.766
1071,-0.7957
1072,-0.1165
1073,2.934
1074,0.9337
1075,2.588
1076,-0.008924
1077,-0.04809
1078,-1.588
1079,-0.05025
1080,0.04941
1081,2.325
1082,-1.519
1083,-1.048
1084,0.9626
1085,1.289
1086,0.06814
1087,0.5874
1088,-0.05649
1089,-0.1606
1090,0.9011
1091,0.6757
1092,-2.264
1093,-0.5604
1094,-0.1543
1095,-0.333
1096,0.351
1097,-1.314
1098,0.657
1099,0.9275
1100,-1.021
1101,0.499
1102,0.6062
1103,-0.4219
1104,1.462
1105,1.626
1106,0.0645
1107,0.2927
1108,0.8558
1109,0.1064
1110,2.157
1111,0.722
1112,1.672
1113,2.247
1114,0.324
1115,-0.07577
1116,-0.1844
1117,0.7419
1118,-1.379
1119,0.9192
1120,-0.5908
1121,0.06741
1122,0.3531
1123,-0.3809
1124,-1.208
1125,0.612
1126,-0.5734
1127,1.149
1128,1.067
1129,0.8801
1130,1.218
1131,1.036
1132,-0.3066
1133,1.312
1134,-0.9515
1135,1.651
1136,0.5071
1137,0.912
1138,2.328
1139,0.8753
1140,-0.09921
1141,-0.05965
1142,0.512
1143,1.326
1144,-1.019
1145,0.7791
1146,0.689
1147,0.9765
1148,0.4561
1149,0.4892
1150,-0.7516
1151,1.665
1152,-0.2697
1153,0.08855
1154,2.361
1155,0.9974
1156,0.8182
1157,0.6566
1158,-1.388
1159,1.423
1160,0.8741
1161,0.2319
1162,0.5712
1163,-0.2395
1164,0.8269
1165,-0.244
1166,0.1804
1167,-0.1549
1168,-1.061
1169,1.504
1170,1.305
1171,0.8879
1172,-0.0833
1173,-0.7918
1174,-2.134
1175,1.586
1176,-1.128
1177,1.527
1178,1.215
1179,0.1057
1180,1.127
1181,-2.606
1182,2.824
1183,1.029
1184,1.455
1185,1.744
1186,0.8319
1187,2.027
1188,0.9602
1189,0.8793
1190,2.352
1191,-1.061
1192,0.313
1193,-1.571
1194,2.22
1195,0.8331
1196,0.9589
1197,-1.107
1198,0.857
1199,2.068
1200,1.061
1201,2.504
1202,-0.2155
1203,1.577
1204,0.9124
1205,-0.03338
1206,1.25
1207,1.938
1208,-0.05607
1209,0.1297
1210,-0.3346
1211,2.189
1212,-0.9728
1213,0.7565
1214,-0.5824
1215,1.075
1216,0.04441
1217,1.217
1218,0.1511
1219,1.238
1220,0.8076
1221,-0.1036
1222,1.072
1223,0.1463
1224,1.229
1225,-1.292
1226,0.8971
1227,-0.02094
1228,1.072
1229,-0.09515
1230,0.8662
1231,1.829
1232,2.077
1233,0.6361
1234,-0.9585
1235,-1.023
1236,-0.8889
1237,0.3925
1238,-0.08365
1239,-1.285
1240,0.538
1241,0.6738
1242,1.478
1243,-0.08664
1244,0.3173
1245,0.5662
1246,0.2159
1247,1.862
1248,-1.153
1249,0.806
1250,0.5034
1251,-0.2671
1252,1.458
1253,0.7334
1254,0.1807
1255,0.308
1256,-1.734
1257,1.514
1258,0.2298
1259,-0.02035
1260,1.45
1261,1.03
1262,-0.1081
1263,1.049
1264,0.526
1265,-1.29
1266,1.565
1267,0.7486
1268,0.951
1269,0.2285
1270,0.844
1271,-0.3053
1272,-1.085
1273,0.5659
1274,-0.4127
1275,-0.5434
1276,1.242
1277,-0.7792
1278,-0.8237
1279,0.9028
1280,1.677
1281,0.00555
1282,1.335
1283,-0.2215
1284,0.6599
1285,0.1992
1286,-0.5276
1287,0.08483
1288,0.8723
1289,0.5575
1290,-1.439
1291,-0.7584
1292,0.7932
1293,1.443
1294,0.1165
1295,-0.2152
1296,-0.5958
1297,1.603
1298,0.3005
1299,-0.1383
1300,0.5298
1301,-0.7285
1302,0.3062
1303,-1.192
1304,-0.313
1305,0.5423
1306,0.3974
1307,-0.504
1308,2.261
1309,1.854
1310,0.6093
1311,-0.7441
1312,-0.9455
1313,1.856
1314,0.8447
1315,-0.1966
1316,2.018
1317,2.878
1318,0.4229
1319,0.8696
1320,1.235
1321,0.6707
1322,1.397
1323,0.7786
1324,0.03018
1325,0.1754
1326,1.535
1327,-0.3733
1328,1.029
1329,0.7378
1330,0.4506
1331,1.05
1332,-0.133
1333,0.4179
1334,-0.5295
1335,0.6521
1336,0.1806
1337,0.4644
1338,0.9011
1339,0.8312
1340,1.794
1341,0.2966
1342,1.473
1343,-0.9606
1344,0.635
1345,1.215
1346,1.774
1347,0.06381
1348,0.2704
1349,0.9234
1350,-0.4338
1351,0.9701
1352,1.085
1353,1.58
1354,-1.292
1355,1.055
1356,1.032
1357,-0.0554
1358,-0.8717
1359,0.9961
1360,2.007
1361,-0.7043
1362,-0.8044
1363,0.5267
1364,2.169
1365,2.178
1366,0.6787
1367,0.5963
1368,1.851
1369,0.8901
1370,-0.06293
1371,0.9994
1372,1.381
1373,0.8936
1374,-2.231
1375,0.5648
1376,0.788
1377,0.4138
1378,0.7259
1379,-0.4574
1380,1.514
1381,1.574
1382,1.519
1383,-1.289
1384,-0.1719
1385,1.523
1386,-1.562
1387,0.3158
1388,1.77
1389,0.5556
1390,0.6169
1391,-0.8998
1392,2.183
1393,0.3269
1394,-0.5782
1395,-1.555
1396,0.6537
1397,1.511
1398,0.4366
1399,1.355
1400,1.491
1401,2.621
1402,1.273
1403,1.081
1404,0.004394
1405,1.641
1406,0.839
1407,1.215
1408,0.124
1409,2.021
1410,0.1467
1411,0.2254
1412,-0.6495
1413,2.067
1414,1.019
1415,0.2933
1416,0.4128
1417,2.366
1418,-0.8788
1419,1.654
1420,0.5232
1421,-2.135
1422,0.1946
1423,1.432
1424,0.7953
1425,0.6871
1426,1.184
1427,1.292
1428,0.2616
1429,1.617
1430,-0.8182
1431,1.117
1432,1.393
1433,1.492
1434,-0.1477
1435,0.5911
1436,-1.193
1437,0.756
1438,0.3692
1439,-0.5126
1440,1.824
1441,0.739
1442,1.144
1443,-1.836
1444,0.2336
1445,1.72
1446,1.639
1447,1.084
1448,0.9487
1449,-1.424
1450,0.8129
1451,-0.8505
1452,0.1342
1453,-0.8264
1454,1.333
1455,1.287
1456,0.4144
1457,1.175
1458,1.859
1459,-0.3426
1460,1.522
1461,0.9256
1462,0.6457
1463,2.156
1464,0.371
1465,-0.2728
1466,0.141
1467,-0.1986
1468,-1.451
1469,1.063
1470,0.6299
1471,-1.934
1472,-0.09766
1473,0.7128
1474,-0.1198
1475,3.153
1476,-0.3488
1477,1.264
1478,-0.1505
1479,0.5834
1480,-0.5527
1481,0.1812
1482,2.127
1483,-0.5524
1484,1.282
1485,0.4464
1486,-0.05335
1487,-1.105
1488,0.8082
1489,0.6074
1490,-0.9816
1491,0.9858
1492,-0.9899
1493,0.9415
1494,0.6065
1495,0.789
1496,-0.6503
1497,0.238
1498,0.3285
1499,0.4601
1500,0.153
1501,-0.08983
1502,1.481
1503,0.9736
1504,-1.69
1505,1.542
1506,-0.9288
1507,1.377
1508,1.079
1509,1.751
1510,0.2143
1511,2.609
1512,-0.807
1513,-0.3111
1514,0.834
1515,0.1699
1516,0.6969
1517,-1.044
1518,0.7349
1519,1.346
1520,0.5052
1521,0.9318
1522,0.9424
1523,2.108
1524,0.8701
1525,0.1148
1526,1.203
1527,-0.09068
1528,-1.16
1529,1.234
1530,2.327
1531,2.301
1532,1.523
1533,1.845
1534,1.698
1535,1.065
1536,0.9248
1537,0.975
1538,-0.4783
1539,1.88
1540,-0.09348
1541,0.3755
1542,-0.522
1543,0.7392
1544,0.1561
1545,1.429
1546,0.8893
1547,1.274
1548,-0.8857
1549,2.446
1550,0.8959
1551,1.083
1552,1.096
1553,0.4893
1554,-1.798
1555,0.4011
1556,0.1582
1557,0.3073
1558,-0.1645
1559,-0.1751
1560,0.1954
1561,0.4877
1562,-1.467
1563,1.423
1564,-0.03642
1565,-0.6591
1566,1.618
1567,0.6445
1568,1.199
1569,-0.5492
1570,0.6433
1571,0.66
1572,0.7847
1573,-0.3268
1574,1.537
1575,0.48
1576,-0.3747
1577,0.2462
1578,1.305
1579,1.135
1580,0.1222
1581,0.935
1582,0.1903
1583,0.9362
1584,0.6
1585,1.09
1586,0.1252
1587,0.2854
1588,0.3667
1589,0.5988
1590,-1.581
1591,-0.1268
1592,-0.2925
1593,0.8519
1594,-0.2012
1595,-0.8606
1596,0.5649
1597,1.573
1598,0.5813
1599,0.3716
1600,-0.2986
1601,0.1466
1602,0.1592
1603,0.2592
1604,-0.4014
1605,0.4824
1606,1.359
1607,0.1684
1608,0.9919
1609,-0.9196
1610,1.23
1611,-0.1186
1612,0.5541
1613,0.6827
1614,0.5582
1615,0.3818
1616,0.4844
1617,-0.9277
1618,1.895
1619,0.7272
1620,0.6529
1621,-1.762
1622,0.8357
1623,-0.0555
1624,1.194
1625,-0.6143
1626,1.896
1627,0.9883
1628,-0.2013
1629,-0.453
1630,-0.02966
1631,0.4399
1632,1.356
1633,1.971
1634,0.4275
1635,0.7312
1636,-0.5903
1637,0.0396
1638,1.965
1639,0.07332
1640,-0.6713
1641,0.3005
1642,0.9428
1643,0.07905
1644,0.6552
1645,0.3274
1646,0.2805
1647,0.6241
1648,0.2174
1649,0.3978
1650,-1.91
1651,1.035
1652,-0.04088
1653,-0.8786
1654,-0.3539
1655,0.7875
1656,0.9678
1657,-0.2481
1658,1.069
1659,0.2402
1660,0.8348
1661,0.2133
1662,-0.9404
1663,-0.2097
1664,-0.3062
1665,0.1527
1666,0.3201
1667,-0.4751
1668,-0.6914
1669,-0.7912
1670,0.8823
1671,-1.047
1672,1.155
1673,0.6111
1674,1.083
1675,-0.6138
1676,0.1865
1677,0.5543
1678,0.9039
1679,1.234
1680,0.2015
1681,-1.364
1682,1.388
1683,-0.2657
1684,1.548
1685,0.2018
1686,0.5742
1687,-0.06733
1688,1.521
1689,-0.6681
1690,0.3591
1691,-0.5225
1692,-1.094
1693,-0.9241
1694,0.2681
1695,0.7375
1696,0.1195
1697,0.6226
1698,-0.1462
1699,1.305
1700,-0.5023
1701,-0.7542
1702,2.425
1703,0.5379
1704,2.092
1705,0.9436
1706,0.9409
1707,0.7611
1708,0.4459
1709,-1.388
1710,0.4092
1711,3.221
1712,1.924
1713,1.996
1714,-2.313
1715,-0.6294
1716,1.245
1717,3.139
1718,1.261
1719,0.355
1720,0.9439
1721,0.1048
1722,0.9311
1723,-1.781
1724,1.575
1725,2.551
1726,0.9582
1727,0.1795
1728,-0.2612
1729,0.658
1730,1.342
1731,1.445
1732,1.831
1733,0.815
1734,0.6176
1735,-0.8748
1736,0.7592
1737,0.6071
1738,1.104
1739,-0.3577
1740,1.483
1741,0.06825
1742,0.1875
1743,-1.451
1744,1.287
1745,1.286
1746,-1.206
1747,1.535
1748,-0.5877
1749,0.0657
1750,0.7429
1751,0.6603
1752,-0.1794
1753,0.7348
1754,-0.1455
1755,-0.7436
1756,-0.5363
1757,2.238
1758,0.837
1759,0.9771
1760,1.381
1761,0.2296
1762,-0.004396
1763,0.5281
1764,-1.188
1765,1.106
1766,1.947
1767,0.5674
1768,-0.1085
1769,1.005
1770,-0.2798
1771,1.342
1772,2.531
1773,0.3517
1774,0.9519
1775,2.299
1776,1.112
1777,1.521
1778,2.336
1779,0.6705
1780,-0.5784
1781,-0.2433
1782,0.05229
1783,-0.3288
1784,-0.7608
1785,-0.8449
1786,-0.2572
1787,0.5728
1788,2.119
1789,-0.3598
1790,0.281
1791,2.873
1792,0.9788
1793,-0.323
1794,-0.1871
1795,-0.0385
1796,0.7945
1797,-0.01896
1798,-0.5876
1799,1.449
1800,0.3572
1801,0.1777
1802,-0.4954
1803,0.887
1804,0.2947
1805,0.799
1806,-0.2491
1807,0.8721
1808,1.821
1809,0.8771
1810,-0.3127
1811,0.5584
1812,2.156
1813,0.4913
1814,2.789
1815,-0.1533
1816,0.1986
1817,1.346
1818,-1.668
1819,0.05918
1820,-0.2723
1821,0.334
1822,-0.4739
1823,-0.4297
1824,0.55
1825,2.309
1826,0.9794
1827,-1.187
1828,0.712
1829,1.431
1830,0.4138
1831,1.275
1832,-0.01834
1833,1.439
1834,-0.04349
1835,1.286
1836,1.728
1837,0.8557
1838,0.8703
1839,-0.2647
1840,0.2929
1841,1.319
1842,-0.4018
1843,1.575
1844,-0.09175
1845,0.2886
1846,1.06
1847,0.4218
1848,-1.698
1849,1.114
1850,2.2
1851,-0.8376
1852,-0.08451
1853,-0.6916
1854,0.6055
1855,0.1146
1856,0.355
1857,-1.059
1858,1.471
1859,0.6084
1860,0.841
1861,-1.42
1862,1.496
1863,0.2345
1864,2.189
1865,1.969
1866,1.808
1867,0.0126
1868,1.211
1869,0.2958
1870,-0.02065
1871,1.591
1872,-0.8687
1873,0.9716
1874,2.988
1875,1.766
1876,1.317
1877,3.109
1878,2.35
1879,0.8545
1880,1.536
1881,0.4593
1882,-0.0003884
1883,0.9133
1884,0.1845
1885,0.1717
1886,1.555
1887,-0.6344
1888,0.07153
1889,0.3822
1890,1.163
1891,0.8016
1892,2.761
1893,0.05013
1894,-0.3675
1895,-0.8509
1896,-1.427
1897,1.016
1898,0.08452
1899,0.2317
1900,0.687
1901,-0.07596
1902,0.2832
1903,2.398
1904,0.1933
1905,0.7409
1906,0.3354
1907,0.7884
1908,2.72
1909,1.549
1910,0.03853
1911,1.459
1912,0.5012
1913,0.3257
1914,0.2022
1915,2.606
1916,0.4736
1917,-0.01071
1918,-0.1286
1919,0.2307
1920,0.1838
1921,2.44
1922,-0.4197
1923,1.164
1924,0.3263
1925,-0.6132
1926,0.2672
1927,0.3275
1928,-0.7816
1929,1.323
1930,3.028
1931,3.429
1932,0.6831
1933,1.707
1934,1.909
1935,0.0235
1936,0.5576
1937,-0.2707
1938,0.02374
1939,0.7335
1940,0.2701
1941,1.891
1942,-0.3156
1943,1.276
1944,0.9277
1945,-1.22
1946,0.5919
1947,-0.4157
1948,-0.1822
1949,1.664
1950,1.589
1951,-0.3913
1952,1.435
1953,-0.4335
1954,-0.6092
1955,-0.2961
1956,0.864
1957,0.7619
1958,-0.3689
1959,2.617
1960,1.339
1961,2.376
1962,1.57
1963,0.6419
1964,2.801
1965,0.563
1966,0.7386
1967,2.343
1968,0.2835
1969,-1.695
1970,1.669
1971,1.273
1972,0.7444
1973,-0.09608
1974,0.2134
1975,1.906
1976,2.748
1977,1.46
1978,0.4926
1979,-0.6502
1980,0.1304
1981,0.2701
1982,-0.0626
1983,0.6973
1984,-0.1609
1985,0.9033
1986,-0.6026
1987,0.5193
1988,2.638
1989,1.884
1990,-0.6128
1991,1.499
1992,1.182
1993,1.006
1994,-0.1976
1995,-0.05553
1996,-2.367
1997,0.4575
1998,1.727
1999,1.935
2000,0.796
2001,0.258
2002,0.5308
2003,1.496
2004,-2.21
2005,-1.067
2006,0.7058
2007,0.2189
2008,1.252
2009,-0.1665
2010,0.09201
2011,-0.0124
2012,-1.051
2013,1.496
2014,2.384
2015,-0.9674
2016,0.08411
2017,1.109
2018,0.2115
2019,1.631
2020,-0.1533
2021,2.028
2022,0.8938
2023,0.8136
2024,0.6548
2025,-0.2662
2026,1.978
2027,1.978
2028,-0.3834
2029,1.065
2030,1.005
2031,1.566
2032,-0.1551
2033,-0.693
2034,0.2669
2035,1.287
2036,0.504
2037,0.05928
2038,-1.028
2039,-0.5827
2040,0.9553
2041,-0.5992
2042,1.817
2043,1.496
2044,1.198
2045,0.535
2046,-0.1908
2047,0.9127
2048,-1.24
2049,-0.5565
2050,1.291
2051,2.449
2052,0.1937
2053,0.5948
2054,0.4191
2055,0.1271
2056,2.253
2057,-1.939
2058,0.1965
2059,1.153
2060,1.92
2061,1.461
2062,2.014
2063,0.9195
2064,1.194
2065,1.329
2066,1.724
2067,0.7948
2068,1.861
2069,1.812
2070,0.9526
2071,1.477
2072,1.175
2073,2.019
2074,0.7986
2075,-1.305
2076,-0.1314
2077,1.118
2078,0.1775
2079,2.789
2080,1.323
2081,0.3561
2082,-0.03458
2083,-1.469
2084,0.4579
2085,0.4877
2086,1.145
2087,1.014
2088,0.4667
2089,-0.7152
2090,1.515
2091,1.211
2092,2.057
2093,0.595
2094,-0.2906
2095,1.69
2096,-0.223
2097,-1.348
2098,0.5382
2099,-0.4602
2100,-1.135
2101,-1.554
2102,1.41
2103,1.552
2104,-0.5037
2105,0.02129
2106,0.1854
2107,-1.688
2108,1.544
2109,0.9477
2110,0.4688
2111,-0.3299
2112,0.6294
2113,-0.6732
2114,1.002
2115,-0.2802
2116,-0.01332
2117,-2.367
2118,0.5265
2119,2.539
2120,-0.8061
2121,3.263
2122,2.85
2123,1.364
2124,2.11
2125,1.584
2126,4.193
2127,1.046
2128,0.2315
2129,1.458
2130,0.008461
2131,2.146
2132,-0.5269
2133,0.2584
2134,-0.5107
2135,0.4125
2136,0.3191
2137,2.468
2138,2.212
2139,-0.4634
2140,0.2346
2141,-1.736
2142,0.194
2143,0.5185
2144,-0.4695
2145,1.736
2146,-0.1488
2147,2.479
2148,1.988
2149,2.542
2150,1.729
2151,-0.3119
2152,1.008
2153,1.464
2154,-0.2246
2155,0.8039
2156,1.36
2157,0.4495
2158,1.022
2159,-0.8276
2160,0.5438
2161,-0.02998
2162,0.5078
2163,2.716
2164,1.683
2165,-0.7429
2166,0.3438
2167,0.8797
2168,-1.071
2169,1.687
2170,0.4689
2171,-1.964
2172,0.9116
2173,2.8
2174,2.121
2175,0.8518
2176,0.4277
2177,-0.4699
2178,1.857
2179,0.2212
2180,1.01
2181,0.9946
2182,1.759
2183,1.473
2184,0.8659
2185,-0.673
2186,1.252
2187,0.286
2188,-0.09033
2189,1.422
2190,1.44
2191,1.377
2192,-0.4512
2193,1.074
2194,-0.8254
2195,1.227
2196,0.6581
2197,0.6519
2198,0.2028
2199,0.9168
2200,-2.023
2201,0.451
2202,1.19
2203,-1.883
2204,-0.05615
2205,1.434
2206,2.795
2207,0.6018
2208,1.546
2209,0.2808
2210,0.4545
2211,1.605
2212,0.4022
2213,2.198
2214,0.8125
2215,0.352
2216,-1.077
2217,2.872
2218,0.6485
2219,1.317
2220,0.4026
2221,2.502
2222,0.4055
2223,1.049
2224,-0.1127
2225,2.539
2226,1.369
2227,1.355
2228,-0.4824
2229,-0.5021
2230,0.2893
2231,0.001496
2232,1.484
2233,-0.2023
2234,1.421
2235,1.295
2236,1.241
2237,0.4574
2238,2.072
2239,1.169
2240,1.348
2241,1.309
2242,2.265
2243,2.346
2244,1.108
2245,1.722
2246,0.8364
2247,-0.05288
2248,-0.66
2249,0.8148
2250,-0.8283
2251,1.138
2252,0.8362
2253,0.7393
2254,1.17
2255,-0.4749
2256,0.4086
2257,-0.3554
2258,-0.07425
2259,0.09521
2260,0.7681
2261,0.6273
2262,1.373
2263,-1.016
2264,-1.475
2265,-0.3309
2266,0.7781
2267,-0.2235
2268,0.7307
2269,0.488
2270,-1.086
2271,0.473
2272,1.859
2273,0.238
2274,1.474
2275,-0.6193
2276,0.2119
2277,1.042
2278,-0.481
2279,0.4375
2280,-1.93
2281,0.5357
2282,1.858
2283,-0.4383
2284,0.879
2285,2.581
2286,1.113
2287,1.373
2288,0.1327
2289,-0.8242
2290,-1.591
2291,2.322
2292,0.4451
2293,0.6558
2294,0.7883
2295,-0.6855
2296,2.23
2297,1.387
2298,1.029
2299,0.3055
2300,0.4491
2301,1.421
2302,1.653
2303,0.4882
2304,0.959
2305,-0.9429
2306,0.9867
2307,1.446
2308,1.72
2309,0.4263
2310,-0.1501
2311,0.8097
2312,2.191
2313,1.881
2314,0.9346
2315,-0.8463
2316,0.1516
2317,0.1321
2318,0.6161
2319,-0.09984
2320,0.712
2321,0.4506
2322,-1.461
2323,1.974
2324,-0.1907
2325,-0.7883
2326,0.7623
2327,1.165
2328,0.6383
2329,1.644
2330,1.083
2331,1.181
2332,0.4771
2333,1.59
2334,-1.136
2335,-0.2523
2336,2.184
2337,0.526
2338,1.71
2339,1.644
2340,0.1606
2341,1.465
2342,-0.6034
2343,-0.298
2344,0.02804
2345,0.8753
2346,-0.01931
2347,2.604
2348,-1.196
2349,0.3458
2350,-0.9414
2351,0.7817
2352,0.6221
2353,-0.8907
2354,1.656
2355,0.3381
2356,-0.3787
2357,0.6146
2358,0.8657
2359,-0.7865
2360,1.073
2361,1.431
2362,1.264
2363,2.071
2364,0.526
2365,1.345
2366,1.876
2367,2.116
2368,0.3161
2369,-0.1141
2370,-0.4725
2371,-0.2206
2372,0.6593
2373,1.103
2374,0.1591
2375,1.451
2376,0.4436
2377,0.4787
2378,1.1
2379,0.06702
2380,1.057
2381,0.7629
2382,-0.2891
2383,1.114
2384,-0.0204
2385,1.304
2386,0.8087
2387,1.176
2388,-0.803
2389,0.2258
2390,0.7578
2391,1.602
2392,-0.0828
2393,0.8366
2394,-0.6094
2395,1.521
2396,2.572
2397,-0.07432
2398,2.067
2399,0.05043
2400,1.064
2401,2.398
2402,1.592
2403,0.7594
2404,1.878
2405,-0.9007
2406,0.8017
2407,-0.4939
2408,0.4818
2409,-0.3309
2410,0.07529
2411,-1.605
2412,2.065
2413,0.7497
2414,-0.05168
2415,0.5553
2416,-1.198
2417,-1.38
2418,1.367
2419,1.116
2420,0.3202
2421,0.8303
2422,0.2021
2423,2.049
2424,1.056
2425,1.226
2426,-0.7422
2427,-0.1224
2428,0.1799
2429,0.7552
2430,-0.1965
2431,0.5083
2432,-0.8169
2433,1.486
2434,0.6881
2435,-0.8918
2436,-0.4636
2437,0.8814
2438,1.238
2439,-0.9161
2440,1.659
2441,1.852
2442,2.076
2443,0.4197
2444,1.035
2445,2.635
2446,-0.929
2447,2.672
2448,0.2533
2449,2.066
2450,1.528
2451,-0.755
2452,0.3605
2453,0.3294
2454,3.213
2455,-0.5682
2456,-0.05805
2457,-0.2162
2458,0.7153
2459,-0.6693
2460,1.565
2461,1.063
2462,0.9525
2463,1.228
2464,0.9383
2465,-0.09654
2466,-1.279
2467,-0.2868
2468,0.6722
2469,0.6237
2470,0.4753
2471,1.161
2472,-0.1997
2473,-1.308
2474,0.7656
2475,-0.01352
2476,1.011
2477,0.9801
2478,-0.6927
2479,0.585
2480,-1.033
2481,1.058
2482,0.5403
2483,1.346
2484,-1.076
2485,0.4751
2486,1.197
2487,-1.23
2488,-0.48
2489,0.3653
2490,-0.2248
2491,1.583
2492,0.1896
2493,-0.4797
2494,0.8917
2495,-0.8863
2496,1.181
2497,0.834
2498,0.5095
2499,0.6149
2500,-0.4326
2501,1.238
2502,0.6573
2503,2.469
2504,1.356
2505,0.7733
2506,1.954
2507,-0.6875
2508,-1.941
2509,1.728
2510,-0.06386
2511,2.237
2512,-0.716
2513,1.392
2514,0.6428
2515,1.984
2516,0.6054
2517,-0.2076
2518,-0.8995
2519,1.446
2520,1.407
2521,2.495
2522,0.7753
2523,-1.644
2524,-1.839
2525,-0.1122
2526,1.415
2527,1.887
2528,-0.5653
2529,2.122
2530,0.7579
2531,1.328
2532,1.192
2533,1.628
2534,-1.461
2535,1.906
2536,1.604
2537,0.5005
2538,0.277
2539,0.1238
2540,1.861
2541,2.304
2542,-0.4644
2543,0.2132
2544,-0.6272
2545,1.19
2546,1.006
2547,2.048
2548,1.236
2549,-0.7868
2550,1.271
2551,1.556
2552,1.202
2553,-0.3229
2554,-0.6078
2555,0.3639
2556,1.199
2557,-0.396
2558,1.508
2559,-0.5418
2560,-0.2004
2561,1.643
2562,0.1313
2563,0.4045
2564,0.2385
2565,-0.4165
2566,2.068
2567,0.1605
2568,0.05922
2569,1.545
2570,1.334
2571,0.6154
2572,3.244
2573,0.5379
2574,0.006368
2575,-0.9832
2576,1.659
2577,2.336
2578,0.4254
2579,1.537
2580,3.922
2581,1.118
2582,0.3364
2583,0.6213
2584,2.393
2585,0.6882
2586,-0.329
2587,0.8742
2588,0.1911
2589,2.354
2590,1.288
2591,1.129
2592,2.404
2593,0.9322
2594,0.6307
2595,0.1987
2596,0.1562
2597,1.126
2598,0.3195
2599,-0.2961
2600,-0.0193
2601,0.2983
2602,0.6767
2603,0.51
2604,0.6645
2605,1.9
2606,1.155
2607,0.6407
2608,0.8864
2609,-0.5901
2610,0.8817
2611,2.085
2612,0.9609
2613,0.387
2614,0.0491
2615,1.921
2616,-0.2653
2617,1.408
2618,-0.3289
2619,0.4745
2620,2.615
2621,0.01332
2622,0.8316
2623,-0.6094
2624,3.969
2625,0.6099
2626,0.4555
2627,1.945
2628,1.163
2629,-0.06066
2630,-0.1016
2631,2.03
2632,-1.288
2633,0.921
2634,3.282
2635,0.9289
2636,-0.749
2637,1.29
2638,1.428
2639,4.208
2640,0.8086
2641,1.143
2642,2.314
2643,0.88
2644,-0.275
2645,1.847
2646,1.515
2647,-0.2392
2648,-0.3019
2649,1.835
2650,-0.7883
2651,2.148
2652,0.5069
2653,0.3275
2654,1.653
2655,0.5057
2656,-0.8436
2657,1.855
2658,0.477
2659,1.873
2660,-0.5023
2661,-0.1552
2662,-0.3638
2663,-0.6761
2664,0.8959
2665,0.8657
2666,2.7
2667,0.03247
2668,0.6223
2669,2.219
2670,-0.1545
2671,1.919
2672,-0.5982
2673,-0.8886
2674,-0.8384
2675,1.317
2676,1.722
2677,1.215
2678,1.788
2679,1.014
2680,1.436
2681,-0.9873
2682,0.5119
2683,-0.4117
2684,1.049
2685,1.468
2686,1.915
2687,1.956
2688,0.5457
2689,0.6387
2690,-0.3361
2691,-0.2456
2692,1.179
2693,0.4752
2694,0.7733
2695,1.688
2696,0.8187
2697,-0.1327
2698,0.3035
2699,1.811
2700,1.358
2701,1.371
2702,-0.6575
2703,0.9377
2704,1.193
2705,1.496
2706,1.647
2707,0.6447
2708,-1.078
2709,0.8426
2710,-0.09053
2711,1.325
2712,-0.6796
2713,2.043
2714,0.4353
2715,2.224
2716,1.453
2717,0.2171
2718,0.3284
2719,0.4288
2720,-0.7472
2721,0.04033
2722,2.06
2723,-1.016
2724,0.6643
2725,2.381
2726,1.388
2727,2.065
2728,1.828
2729,0.1317
2730,-0.3547
2731,1.738
2732,1.715
2733,-0.0755
2734,0.2578
2735,0.2746
2736,1.146
2737,1.065
2738,-0.5333
2739,0.451
2740,0.4688
2741,-0.6802
2742,1.485
2743,0.1137
2744,-0.02266
2745,1.13
2746,-1.548
2747,1.31
2748,1.681
2749,0.431
2750,0.3157
2751,2.377
2752,1.007
2753,-0.1628
2754,1.049
2755,1.985
2756,0.9346
2757,-0.5875
2758,0.5376
2759,0.8208
2760,3.123
2761,0.3672
2762,-0.3127
2763,-0.9931
2764,0.1081
2765,1.4
2766,-0.6183
2767,1.431
2768,0.5801
2769,0.9054
2770,-0.6275
2771,1.511
2772,1.449
2773,0.367
2774,0.3845
2775,1.023
2776,1.065
2777,0.2424
2778,-0.3156
2779,1.451
2780,-1.454
2781,-0.412
2782,-1.365
2783,1.455
2784,0.5392
2785,0.1689
2786,0.6974
2787,1.232
2788,0.8948
2789,-0.004131
2790,0.7177
2791,3.043
2792,0.6358
2793,-0.4585
2794,0.519
2795,0.6649
2796,0.4579
2797,-0.3892
2798,-0.7229
2799,2.907
2800,1.79
2801,-0.4712
2802,0.7027
2803,0.3572
2804,-0.3087
2805,0.06848
2806,-0.8486
2807,0.7679
2808,0.3604
2809,0.7765
2810,-0.5224
2811,0.4925
2812,-0.5827
2813,-0.3409
2814,-0.6957
2815,-0.3765
2816,0.1276
2817,1.074
2818,-0.1203
2819,1.362
2820,1.043
2821,1.825
2822,-0.3097
2823,0.2947
2824,0.5121
2825,0.2441
2826,-0.2735
2827,0.3986
2828,-0.3783
2829,0.6692
2830,1.25
2831,0.4429
2832,0.4868
2833,1.135
2834,1.334
2835,0.0757
2836,1.679
2837,1.101
2838,-0.0001351
2839,-1.101
2840,0.1559
2841,-0.376
2842,1.877
2843,1.569
2844,1.871
2845,1.876
2846,-0.4599
2847,-0.1596
2848,1.667
2849,0.3456
2850,-0.1839
2851,-0.2286
2852,0.7878
2853,1.279
2854,1.383
2855,0.6262
2856,-0.3859
2857,0.7861
2858,1.507
2859,0.7847
2860,0.225
2861,0.5705
2862,0.4978
2863,2.532
2864,-0.56
2865,1.511
2866,1.538
2867,0.5414
2868,0.7797
2869,0.5826
2870,0.3727
2871,1.183
2872,2.493
2873,1.197
2874,-0.1646
2875,1.542
2876,1.404
2877,2.543
2878,1.147
2879,2.74
2880,-0.06933
2881,0.3229
2882,-0.7432
2883,0.4751
2884,1.579
2885,-2.095
2886,0.3054
2887,0.1825
2888,0.2906
2889,-0.6055
2890,0.3055
2891,-0.8878
2892,-1.84
2893,1.141
2894,2.622
2895,1.732
2896,0.5229
2897,0.2961
2898,-1.16
2899,0.1546
2900,-0.09294
2901,-6.186e-05
2902,0.7064
2903,-0.0003967
2904,0.2371
2905,0.8171
2906,-0.6446
2907,-0.2503
2908,0.4586
2909,-0.9909
2910,2.264
2911,0.7254
2912,0.2012
2913,-0.5198
2914,1.126
2915,0.9368
2916,1.361
2917,1.694
2918,0.1626
2919,-0.1602
2920,0.4287
2921,-0.6456
2922,-0.1647
2923,-0.7178
2924,0.053
2925,-1.12
2926,0.472
2927,1.341
2928,1.654
2929,0.4744
2930,-0.2076
2931,0.6174
2932,-0.01333
2933,1.164
2934,0.573
2935,-1.083
2936,1.537
2937,0.6547
2938,0.1313
2939,-0.9648
2940,-0.4096
2941,-0.2062
2942,0.0729
2943,1.167
2944,0.5264
2945,-0.6774
2946,0.4053
2947,-1.245
2948,0.3048
2949,0.2147
2950,-0.3344
2951,0.4389
2952,0.0983
2953,0.5278
2954,0.8907
2955,0.9372
2956,0.3331
2957,1.634
2958,0.3273
2959,0.1987
2960,0.483
2961,-0.3016
2962,0.1084
2963,0.5428
2964,-0.5317
2965,-1.081
2966,-0.9122
2967,-0.2587
2968,2.248
2969,-0.3838
2970,-0.8305
2971,-0.07436
2972,0.6914
2973,1.63
2974,-0.8957
2975,2.159
2976,-0.4086
2977,-0.1674
2978,-0.885
2979,-0.5272
2980,0.05421
2981,-0.3193
2982,-0.2084
2983,0.5527
2984,0.8297
2985,0.3068
2986,0.2448
2987,2.222
2988,2.006
2989,1.076
2990,0.4542
2991,0.6157
2992,1.295
2993,-1.178
2994,-0.6046
2995,0.7716
2996,0.7008
2997,-0.3783
2998,1.227
2999,0.05631
3000,-1.216
