MDTU,|Tr(Lx)|,|Tr(Ly)|
1,2071.18,2090.38
2,562.332,546.268
3,301.983,329.861
4,168.526,203.814
5,101.581,100.982
6,71.7329,69.594
7,48.6138,46.4359
8,35.7069,36.409
9,26.5035,25.1107
10,22.4072,19.073
11,17.0104,12.6498
12,12.0162,9.82512
13,10.2958,8.5252
14,5.71292,7.37158
15,5.75865,5.85319
16,4.97838,3.98114
17,3.79054,2.87376
18,3.9378,1.91684
19,3.26669,1.40646
20,2.42721,1.15163
21,2.4646,1.29835
22,1.99863,1.29872
23,2.33771,0.894007
24,1.85558,1.00198
25,2.04688,0.264192
26,1.55317,0.307395
27,1.36481,0.459173
28,1.31138,0.748311
29,1.34804,0.70655
30,1.27197,0.558572
31,0.831402,1.04401
32,1.04681,0.767197
33,0.833897,0.872876
34,0.732442,0.80327
35,0.732442,0.80327
36,0.729453,0.500237
37,0.678647,0.581267
38,0.398539,0.251489
39,0.414858,0.499231
40,0.432653,0.2427
41,0.489957,0.363003
42,0.40228,0.374882
43,0.343605,0.259044
44,0.207613,0.148336
45,0.266232,0.0190168
46,0.235804,0.0863308
47,0.0732775,0.115228
48,0.0744674,0.0592386
49,0.0383463,0.103256
50,0.039368,0.205584
51,0.125223,0.132185
52,0.0352869,0.0680327
53,0.0352869,0.0680327
54,0.112266,0.0208471
55,0.0648869,0.11232
56,0.190589,0.218759
57,0.190589,0.218759
58,0.190589,0.218759
59,0.132314,0.183666
60,0.132314,0.183666
61,0.132314,0.183666
62,0.0413154,0.253848
63,0.0338845,0.145323
64,0.0338845,0.145323
65,0.180321,0.213009
66,0.191022,0.281738
67,0.191022,0.281738
68,0.211424,0.27703
69,0.211424,0.27703
70,0.12166,0.297543
71,0.12166,0.297543
72,0.12166,0.297543
73,0.12166,0.297543
74,0.0362222,0.223868
75,0.120761,0.0169902
76,0.120761,0.0169902
77,0.0879433,0.0722719
78,0.10569,0.100335
79,0.0647114,0.111606
80,0.153506,0.0444452
81,0.146754,0.0812806
82,0.198128,0.0672499
83,0.215912,0.108576
84,0.269715,0.183681
85,0.274196,0.215998
86,0.274196,0.215998
87,0.253047,0.121976
88,0.14433,0.0624292
89,0.200652,0.0809061
90,0.103196,0.0783223
91,0.103196,0.0783223
92,0.191316,0.0838062
93,0.155023,0.128965
94,0.0552508,0.199876
95,0.0552508,0.199876
96,0.0817127,0.0742561
97,0.0992689,0.0811559
98,0.147572,0.133656
99,0.150172,0.138124
100,0.0765692,0.0284318
101,0.160337,0.0917207
102,0.207798,0.0458026
103,0.161774,0.110477
104,0.170979,0.0259565
105,0.170979,0.0259565
106,0.170979,0.0259565
107,0.138636,0.0335841
108,0.175926,0.161356
109,0.0654216,0.07282
110,0.0654216,0.07282
111,0.202107,0.114519
112,0.202358,0.0821741
113,0.202358,0.0821741
114,0.156324,0.0990447
115,0.218973,0.142166
116,0.232867,0.242446
117,0.141454,0.31556
118,0.163912,0.290232
119,0.163912,0.290232
120,0.163912,0.290232
121,0.163912,0.290232
122,0.174435,0.122058
123,0.0741934,0.194105
124,0.17582,0.22587
125,0.17582,0.22587
126,0.156057,0.262555
127,0.103906,0.208366
128,0.0971056,0.142621
129,0.0971056,0.142621
130,0.174636,0.198581
131,0.174636,0.198581
132,0.163849,0.107862
133,0.183979,0.122836
134,0.148248,0.113662
135,0.148248,0.113662
136,0.148248,0.113662
137,0.263186,0.139478
138,0.220658,0.110906
139,0.220658,0.110906
140,0.0966321,0.0915006
141,0.0966321,0.0915006
142,0.140549,0.121277
143,0.0828044,0.0915097
144,0.0828044,0.0915097
145,0.0828044,0.0915097
146,0.129089,0.0916812
147,0.0990689,0.0935638
148,0.092268,0.0218513
149,0.092268,0.0218513
150,0.101874,0.014935
151,0.0479942,0.0322693
152,0.0136682,0.0116785
153,0.0835478,0.0996138
154,0.134933,0.0976586
155,0.134933,0.0976586
156,0.134933,0.0976586
157,0.134933,0.0976586
158,0.135092,0.0822753
159,0.0922906,0.0765182
160,0.0922906,0.0765182
161,0.132968,0.106179
162,0.145956,0.146502
163,0.0390992,0.155103
164,0.0797418,0.125534
165,0.0797418,0.125534
166,0.0240031,0.145443
167,0.0240031,0.145443
168,0.0336885,0.190116
169,0.0336885,0.190116
170,0.0699322,0.231661
171,0.0699322,0.231661
172,0.0911101,0.130895
173,0.066231,0.127696
174,0.0223893,0.151754
175,0.0223893,0.151754
176,0.0223893,0.151754
177,0.0223893,0.151754
178,0.0223893,0.151754
179,0.0253894,0.189753
180,0.0271339,0.270843
181,0.127923,0.199673
182,0.056389,0.229887
183,0.156985,0.200783
184,0.228043,0.181983
185,0.132655,0.12211
186,0.211584,0.167731
187,0.211584,0.167731
188,0.111651,0.124276
189,0.132287,0.0816616
190,0.030233,0.107449
191,0.030233,0.107449
192,0.030233,0.107449
193,0.030233,0.107449
194,0.134117,0.104124
195,0.101035,0.0324763
196,0.101035,0.0324763
197,0.125513,0.0580157
198,0.0894041,0.0772984
199,0.114068,0.0462794
200,0.121431,0.116287
201,0.0863175,0.136047
202,0.0863175,0.136047
203,0.103042,0.0782155
204,0.126939,0.0572461
205,0.126939,0.0572461
206,0.126939,0.0572461
207,0.171432,0.0715625
208,0.171432,0.0715625
209,0.171432,0.0715625
210,0.241516,0.0518433
211,0.111231,0.0978618
212,0.097334,0.0663496
213,0.0710412,0.0847563
214,0.0574849,0.0720773
215,0.0640533,0.130804
216,0.100896,0.0607226
217,0.0733371,0.0974675
218,0.137249,0.111269
219,0.178611,0.0868791
220,0.178611,0.0868791
221,0.178611,0.0868791
222,0.103002,0.0885539
223,0.0141663,0.0707835
224,0.0770303,0.143265
225,0.0652678,0.069231
226,0.0581904,0.124272
227,0.100079,0.155834
228,0.012075,0.0994661
229,0.0964986,0.125413
230,0.0964986,0.125413
231,0.0964986,0.125413
232,0.193231,0.113995
233,0.193231,0.113995
234,0.193231,0.113995
235,0.0901869,0.0879732
236,0.0901869,0.0879732
237,0.0901869,0.0879732
238,0.0901869,0.0879732
239,0.170733,0.114957
240,0.170733,0.114957
241,0.170733,0.114957
242,0.170733,0.114957
243,0.16097,0.102543
244,0.152404,0.121935
245,0.173477,0.149504
246,0.141278,0.103411
247,0.129454,0.0847964
248,0.129454,0.0847964
249,0.129454,0.0847964
250,0.160428,0.0581883
251,0.246346,0.0412631
252,0.212797,0.0554854
253,0.168968,0.0772702
254,0.07129,0.0545106
255,0.146723,0.0402202
256,0.0511365,0.0223682
257,0.0750682,0.0599925
258,0.0750682,0.0599925
259,0.0750682,0.0599925
260,0.169393,0.053402
261,0.148661,0.0744893
262,0.148661,0.0744893
263,0.148661,0.0744893
264,0.109048,0.00878078
265,0.109048,0.00878078
266,0.293527,0.0653073
267,0.244487,0.0939098
268,0.197388,0.0475564
269,0.197388,0.0475564
270,0.104767,0.0288137
271,0.152165,0.0777431
272,0.167971,0.139527
273,0.0899677,0.118311
274,0.0899677,0.118311
275,0.0345378,0.0977992
276,0.0357544,0.0968531
277,0.0645691,0.138631
278,0.0894875,0.172562
279,0.0990252,0.122385
280,0.140874,0.0618122
281,0.134862,0.0803627
282,0.134862,0.0803627
283,0.134862,0.0803627
284,0.134862,0.0803627
285,0.134862,0.0803627
286,0.134862,0.0803627
287,0.0789408,0.0344328
288,0.10285,0.0399918
289,0.10285,0.0399918
290,0.0994864,0.00812223
291,0.0994864,0.00812223
292,0.0994864,0.00812223
293,0.0994864,0.00812223
294,0.133374,0.0426262
295,0.0531236,0.0291303
296,0.0723236,0.0674344
297,0.00917727,0.0402869
298,0.0692332,0.0637833
299,0.0519122,0.0230977
300,0.0519122,0.0230977
301,0.0519122,0.0230977
302,0.0170821,0.0371021
303,0.00279807,0.00720251
304,0.056344,0.0568934
305,0.00827177,0.0879586
306,0.00827177,0.0879586
307,0.02915,0.077371
308,0.0553749,0.154107
309,0.0553749,0.154107
310,0.0632432,0.133101
311,0.0632432,0.133101
312,0.105438,0.159472
313,0.073496,0.213583
314,0.073496,0.213583
315,0.0709727,0.110698
316,0.0450794,0.0404432
317,0.119458,0.0713459
318,0.119458,0.0713459
319,0.119458,0.0713459
320,0.119458,0.0713459
321,0.144989,0.108296
322,0.072436,0.0677695
323,0.0280666,0.011139
324,0.0280666,0.011139
325,0.0588798,0.0322462
326,0.0588798,0.0322462
327,0.0613464,0.0697338
328,0.0613464,0.0697338
329,0.0613464,0.0697338
330,0.0613464,0.0697338
331,0.0613464,0.0697338
332,0.0613464,0.0697338
333,0.0613464,0.0697338
334,0.0613464,0.0697338
335,0.0613464,0.0697338
336,0.0613464,0.0697338
337,0.0613464,0.0697338
338,0.0104614,0.051615
339,0.0317027,0.0603969
340,0.102144,0.0639845
341,0.0613636,0.091988
342,0.040986,0.0472847
343,0.040986,0.0472847
344,0.040986,0.0472847
345,0.040986,0.0472847
346,0.0687892,0.0971739
347,0.0540127,0.0846341
348,0.0735564,0.108978
349,0.0904428,0.0955822
350,0.0190478,0.0791955
351,0.0190478,0.0791955
352,0.0408652,0.106522
353,0.0408652,0.106522
354,0.0408652,0.106522
355,0.0408652,0.106522
356,0.089957,0.106717
357,0.0405131,0.0924456
358,0.0166639,0.124631
359,0.0332223,0.0950879
360,0.0332223,0.0950879
361,0.0332223,0.0950879
362,0.0332223,0.0950879
363,0.0332223,0.0950879
364,0.0662855,0.0690817
365,0.0585319,0.0979027
366,0.0342705,0.0590248
367,0.0342705,0.0590248
368,0.0288577,0.0989493
369,0.0989555,0.0861198
370,0.0838531,0.033806
371,0.0838531,0.033806
372,0.0838531,0.033806
373,0.0838531,0.033806
374,0.0838531,0.033806
375,0.129654,0.0290406
376,0.129654,0.0290406
377,0.104841,0.139144
378,0.104841,0.139144
379,0.030905,0.0864995
380,0.030905,0.0864995
381,0.030905,0.0864995
382,0.075139,0.101961
383,0.11324,0.113965
384,0.11324,0.113965
385,0.133384,0.205613
386,0.0871037,0.150717
387,0.0871037,0.150717
388,0.114626,0.115154
389,0.114626,0.115154
390,0.13914,0.148847
391,0.13914,0.148847
392,0.0385867,0.0725301
393,0.134479,0.0837734
394,0.046622,0.0962921
395,0.186526,0.0920982
396,0.125698,0.0162223
397,0.0701769,0.0117534
398,0.0701769,0.0117534
399,0.0701769,0.0117534
400,0.118809,0.056842
401,0.118809,0.056842
402,0.0394879,0.0462617
403,0.0362237,0.0738539
404,0.0683855,0.090012
405,0.0440827,0.0804053
406,0.0440827,0.0804053
407,0.0358378,0.117014
408,0.0358378,0.117014
409,0.0281815,0.0518137
410,0.0591693,0.0827431
411,0.0692683,0.0190039
412,0.0385521,0.0218505
413,0.0697761,0.00722525
414,0.0915093,0.0276758
415,0.00295906,0.0249184
416,0.0370774,0.0303387
417,0.0775246,0.0133163
418,0.0467423,0.0271546
419,0.0400102,0.0113914
420,0.027212,0.096964
421,0.027212,0.096964
422,0.0543511,0.104802
423,0.0543511,0.104802
424,0.0514369,0.0940987
425,0.0514369,0.0940987
426,0.0462998,0.112939
427,0.0835149,0.100571
428,0.111373,0.0845973
429,0.111373,0.0845973
430,0.111373,0.0845973
431,0.111373,0.0845973
432,0.111373,0.0845973
433,0.111373,0.0845973
434,0.111373,0.0845973
435,0.111373,0.0845973
436,0.0687891,0.0819413
437,0.118954,0.0753642
438,0.0727014,0.195534
439,0.0727014,0.195534
440,0.0235026,0.227769
441,0.0235026,0.227769
442,0.0235026,0.227769
443,0.0235026,0.227769
444,0.0235026,0.227769
445,0.0235026,0.227769
446,0.0235026,0.227769
447,0.107957,0.183851
448,0.083474,0.17714
449,0.0583112,0.07642
450,0.0583112,0.07642
451,0.0465066,0.138753
452,0.0968832,0.0151219
453,0.0922783,0.0916632
454,0.0922783,0.0916632
455,0.0607955,0.0424285
456,0.089746,0.069614
457,0.124103,0.0789336
458,0.124103,0.0789336
459,0.124103,0.0789336
460,0.0579033,0.065682
461,0.0579033,0.065682
462,0.0579033,0.065682
463,0.0905202,0.182149
464,0.0905202,0.182149
465,0.0742706,0.200182
466,0.0707809,0.123965
467,0.128916,0.0784987
468,0.0569601,0.0598625
469,0.0569601,0.0598625
470,0.0569601,0.0598625
471,0.0696832,0.0899856
472,0.0974941,0.160954
473,0.0694898,0.0601025
474,0.0694898,0.0601025
475,0.120101,0.0626969
476,0.120101,0.0626969
477,0.0744818,0.0844108
478,0.0759553,0.131247
479,0.0759553,0.131247
480,0.0910983,0.116719
481,0.0788966,0.0406785
482,0.0788966,0.0406785
483,0.0331432,0.0196177
484,0.0331432,0.0196177
485,0.076569,0.0110552
486,0.0735873,0.067839
487,0.126953,0.0920051
488,0.078595,0.0591914
489,0.188244,0.0681661
490,0.188244,0.0681661
491,0.112047,0.0712825
492,0.0952641,0.0603362
493,0.0715581,0.0622955
494,0.0715581,0.0622955
495,0.0313514,0.109245
496,0.0842061,0.0812808
497,0.0506513,0.130863
498,0.05536,0.137374
499,0.0448443,0.0798457
500,0.0448443,0.0798457
501,0.0448443,0.0798457
502,0.0464502,0.0551697
503,0.0464502,0.0551697
504,0.102185,0.00822074
505,0.102185,0.00822074
506,0.102185,0.00822074
507,0.0780478,0.0289085
508,0.123702,0.0721703
509,0.123702,0.0721703
510,0.19641,0.10293
511,0.185654,0.0226825
512,0.153186,0.0524317
513,0.112758,0.0310198
514,0.110994,0.0550525
515,0.110994,0.0550525
516,0.0970072,0.0364397
517,0.0970072,0.0364397
518,0.0774353,0.0888236
519,0.174181,0.0946893
520,0.0596381,0.0428494
521,0.0596381,0.0428494
522,0.0546627,0.0703354
523,0.0174187,0.0436804
524,0.0174187,0.0436804
525,0.0174187,0.0436804
526,0.0174187,0.0436804
527,0.0174187,0.0436804
528,0.0341043,0.0534308
529,0.0341043,0.0534308
530,0.0258876,0.0724501
531,0.0309405,0.0185174
532,0.0309405,0.0185174
533,0.0448873,0.0305595
534,0.0448873,0.0305595
535,0.0244486,0.0744369
536,0.0244486,0.0744369
537,0.0244486,0.0744369
538,0.0550611,0.145502
539,0.0741822,0.159718
540,0.0741822,0.159718
541,0.0637661,0.139458
542,0.069651,0.167018
543,0.118958,0.105278
544,0.118958,0.105278
545,0.118958,0.105278
546,0.0592825,0.137764
547,0.0592825,0.137764
548,0.00778525,0.135386
549,0.036635,0.0652612
550,0.036635,0.0652612
551,0.0327643,0.0297383
552,0.0327643,0.0297383
553,0.0945538,0.0910307
554,0.0722645,0.118202
555,0.0626096,0.0569839
556,0.0193925,0.0644562
557,0.0193925,0.0644562
558,0.0193925,0.0644562
559,0.0193925,0.0644562
560,0.0193925,0.0644562
561,0.087483,0.167362
562,0.161846,0.157984
563,0.161846,0.157984
564,0.0959988,0.115765
565,0.0585628,0.110811
566,0.00272688,0.112191
567,0.00272688,0.112191
568,0.00272688,0.112191
569,0.175084,0.122278
570,0.121883,0.140396
571,0.121883,0.140396
572,0.112313,0.136722
573,0.116096,0.13007
574,0.116096,0.13007
575,0.140304,0.0293433
576,0.140304,0.0293433
577,0.13385,0.0152143
578,0.13385,0.0152143
579,0.181432,0.11341
580,0.217783,0.0981097
581,0.0987034,0.0542354
582,0.0987034,0.0542354
583,0.0443845,0.0345015
584,0.0596439,0.0121319
585,0.0596439,0.0121319
586,0.0206513,0.0726607
587,0.0921168,0.0214057
588,0.0746357,0.0530668
589,0.0746357,0.0530668
590,0.0746357,0.0530668
591,0.0746357,0.0530668
592,0.122787,0.0571392
593,0.0368221,0.0753711
594,0.0343642,0.0966412
595,0.0511189,0.0341364
596,0.0511189,0.0341364
597,0.0633467,0.0397488
598,0.114107,0.0640852
599,0.160171,0.0140445
600,0.163223,0.0454564
601,0.163223,0.0454564
602,0.163223,0.0454564
603,0.163223,0.0454564
604,0.13253,0.0583962
605,0.0534173,0.061093
606,0.0534173,0.061093
607,0.0645964,0.0815852
608,0.0568904,0.0877516
609,0.0941809,0.0998033
610,0.0941809,0.0998033
611,0.0335055,0.101431
612,0.0335055,0.101431
613,0.0420251,0.151094
614,0.00212077,0.0656623
615,0.0754679,0.0398484
616,0.112804,0.0137972
617,0.0272209,0.0191995
618,0.133704,0.0471174
619,0.0234611,0.0536641
620,0.0552845,0.0235282
621,0.0552845,0.0235282
622,0.0552845,0.0235282
623,0.0552845,0.0235282
624,0.0552845,0.0235282
625,0.0552845,0.0235282
626,0.0552845,0.0235282
627,0.0552845,0.0235282
628,0.0552845,0.0235282
629,0.0552845,0.0235282
630,0.0514118,0.0492186
631,0.0615505,0.152249
632,0.0615505,0.152249
633,0.0615505,0.152249
634,0.0615505,0.152249
635,0.0476351,0.0985756
636,0.0753009,0.188813
637,0.0753009,0.188813
638,0.075576,0.115824
639,0.0861113,0.0824206
640,0.0861113,0.0824206
641,0.0861113,0.0824206
642,0.0861113,0.0824206
643,0.0861113,0.0824206
644,0.0803673,0.0900515
645,0.1355,0.124265
646,0.1355,0.124265
647,0.0332412,0.164533
648,0.104094,0.170886
649,0.104094,0.170886
650,0.0815288,0.103855
651,0.0252468,0.0892967
652,0.0651391,0.0861778
653,0.0651391,0.0861778
654,0.128301,0.0419029
655,0.128301,0.0419029
656,0.128301,0.0419029
657,0.128301,0.0419029
658,0.128301,0.0419029
659,0.128301,0.0419029
660,0.165038,0.137421
661,0.165038,0.137421
662,0.165042,0.0819869
663,0.160441,0.0346327
664,0.270757,0.0684475
665,0.270757,0.0684475
666,0.19302,0.0338298
667,0.194094,0.0969493
668,0.200232,0.0947689
669,0.21183,0.136252
670,0.21183,0.136252
671,0.21183,0.136252
672,0.245044,0.146899
673,0.262404,0.154756
674,0.304184,0.0935453
675,0.25643,0.157344
676,0.25643,0.157344
677,0.212946,0.09131
678,0.144179,0.131853
679,0.147622,0.065992
680,0.164536,0.0881556
681,0.210859,0.0162799
682,0.203353,0.0888274
683,0.203353,0.0888274
684,0.197559,0.086952
685,0.197559,0.086952
686,0.198688,0.107164
687,0.198688,0.107164
688,0.0749463,0.131363
689,0.0290588,0.128694
690,0.0450176,0.0947885
691,0.0332296,0.0497544
692,0.0332296,0.0497544
693,0.0775569,0.0623033
694,0.0525581,0.101265
695,0.0728629,0.0925044
696,0.0728629,0.0925044
697,0.0973136,0.0647238
698,0.148766,0.122268
699,0.120751,0.0855585
700,0.167618,0.0707349
701,0.167618,0.0707349
702,0.167618,0.0707349
703,0.167618,0.0707349
704,0.143561,0.0839983
705,0.163948,0.0693616
706,0.130099,0.0814293
707,0.0882102,0.0832285
708,0.0882102,0.0832285
709,0.134295,0.130371
710,0.141203,0.138342
711,0.141203,0.138342
712,0.155619,0.0728106
713,0.155619,0.0728106
714,0.122354,0.0663827
715,0.122354,0.0663827
716,0.0871594,0.0703381
717,0.0871594,0.0703381
718,0.0871594,0.0703381
719,0.111451,0.0514718
720,0.114273,0.0427093
721,0.114273,0.0427093
722,0.0493933,0.107442
723,0.0493933,0.107442
724,0.0493933,0.107442
725,0.0493933,0.107442
726,0.0379338,0.113839
727,0.122625,0.146185
728,0.0828368,0.176283
729,0.0451459,0.0819285
730,0.102846,0.0222013
731,0.102846,0.0222013
732,0.102846,0.0222013
733,0.0482864,0.0410089
734,0.0482864,0.0410089
735,0.0482864,0.0410089
736,0.0682066,0.0754605
737,0.0368996,0.0303054
738,0.0173399,0.0667349
739,0.0173399,0.0667349
740,0.0485837,0.071875
741,0.115793,0.108303
742,0.115793,0.108303
743,0.0952633,0.0953484
744,0.0952633,0.0953484
745,0.0233104,0.083097
746,0.0233104,0.083097
747,0.0335085,0.103632
748,0.0335085,0.103632
749,0.0335085,0.103632
750,0.0335085,0.103632
751,0.0335085,0.103632
752,0.0335085,0.103632
753,0.0335085,0.103632
754,0.112659,0.115266
755,0.112659,0.115266
756,0.0735131,0.200416
757,0.114762,0.138296
758,0.124533,0.0126308
759,0.109734,0.0993442
760,0.109734,0.0993442
761,0.0861982,0.113282
762,0.0861982,0.113282
763,0.0861982,0.113282
764,0.141972,0.115082
765,0.141972,0.115082
766,0.141972,0.115082
767,0.133445,0.0553709
768,0.119826,0.121236
769,0.0802636,0.0989595
770,0.0802636,0.0989595
771,0.0802636,0.0989595
772,0.0802636,0.0989595
773,0.0802636,0.0989595
774,0.0808291,0.0589756
775,0.109875,0.0298141
776,0.0713893,0.0860378
777,0.0758763,0.0510998
778,0.0125715,0.0794535
779,0.0125715,0.0794535
780,0.0125715,0.0794535
781,0.0758026,0.0242911
782,0.0758026,0.0242911
783,0.0758026,0.0242911
784,0.0758026,0.0242911
785,0.0758026,0.0242911
786,0.0758026,0.0242911
787,0.0758026,0.0242911
788,0.0758026,0.0242911
789,0.0625613,0.0343897
790,0.0636038,0.0444787
791,0.0636038,0.0444787
792,0.0454541,0.0336079
793,0.0509375,0.065266
794,0.0663493,0.0499794
795,0.0731457,0.0648271
796,0.00663238,0.0782301
797,0.0085605,0.0535919
798,0.0233793,0.0630697
799,0.0233793,0.0630697
800,0.0336182,0.055938
801,0.0340844,0.0245602
802,0.0265988,0.102232
803,0.111705,0.15534
804,0.0854605,0.166848
805,0.120339,0.198047
806,0.0791945,0.116909
807,0.103745,0.13259
808,0.104592,0.184346
809,0.141643,0.160616
810,0.124007,0.105661
811,0.124007,0.105661
812,0.124007,0.105661
813,0.0931576,0.0896801
814,0.0931576,0.0896801
815,0.0598424,0.0749047
816,0.0598424,0.0749047
817,0.112299,0.0735565
818,0.112299,0.0735565
819,0.112299,0.0735565
820,0.112299,0.0735565
821,0.0645714,0.0932413
822,0.0658981,0.117649
823,0.0658981,0.117649
824,0.0658981,0.117649
825,0.0658981,0.117649
826,0.054586,0.16569
827,0.0587351,0.117065
828,0.0626299,0.114983
829,0.0626299,0.114983
830,0.0988849,0.187713
831,0.0303354,0.170949
832,0.0413377,0.129846
833,0.0647438,0.0712849
834,0.0647438,0.0712849
835,0.0519218,0.0887318
836,0.0519218,0.0887318
837,0.0519218,0.0887318
838,0.0422025,0.0218395
839,0.0422025,0.0218395
840,0.059192,0.112913
841,0.059192,0.112913
842,0.059192,0.112913
843,0.059192,0.112913
844,0.0663537,0.0574371
845,0.026927,0.0288271
846,0.026927,0.0288271
847,0.026927,0.0288271
848,0.130857,0.0362282
849,0.130857,0.0362282
850,0.116655,0.101464
851,0.116655,0.101464
852,0.116655,0.101464
853,0.114671,0.146673
854,0.114671,0.146673
855,0.045651,0.108118
856,0.0907524,0.0864883
857,0.00716943,0.124957
858,0.0440328,0.123132
859,0.0166308,0.118691
860,0.0338884,0.0721699
861,0.0703572,0.115594
862,0.0703572,0.115594
863,0.0703572,0.115594
864,0.0610767,0.127617
865,0.0278338,0.0933844
866,0.0313167,0.100073
867,0.0278458,0.181276
868,0.0258538,0.0806076
869,0.0258538,0.0806076
870,0.0460964,0.0880156
871,0.0113466,0.101594
872,0.108741,0.138276
873,0.0828107,0.161466
874,0.0828107,0.161466
875,0.142085,0.0360801
876,0.142085,0.0360801
877,0.103002,0.0466776
878,0.103002,0.0466776
879,0.155641,0.0538755
880,0.155641,0.0538755
881,0.155641,0.0538755
882,0.155641,0.0538755
883,0.112625,0.0975128
884,0.089843,0.0725867
885,0.091993,0.0880016
886,0.091993,0.0880016
887,0.0301299,0.107929
888,0.0436153,0.131938
889,0.0160947,0.131765
890,0.0694606,0.128797
891,0.0694606,0.128797
892,0.123414,0.0840249
893,0.123414,0.0840249
894,0.123414,0.0840249
895,0.123414,0.0840249
896,0.123414,0.0840249
897,0.0727279,0.0800478
898,0.0732792,0.0601212
899,0.0732792,0.0601212
900,0.123987,0.175604
901,0.123987,0.175604
902,0.123987,0.175604
903,0.0507012,0.115635
904,0.0152808,0.207096
905,0.0152808,0.207096
906,0.154817,0.193853
907,0.129576,0.13415
908,0.129576,0.13415
909,0.122073,0.112771
910,0.100068,0.0485737
911,0.100068,0.0485737
912,0.100068,0.0485737
913,0.120361,0.0738309
914,0.0633004,0.176099
915,0.0633004,0.176099
916,0.0633004,0.176099
917,0.150057,0.184146
918,0.0957096,0.164605
919,0.188915,0.170535
920,0.120509,0.0974177
921,0.120509,0.0974177
922,0.16852,0.097578
923,0.16852,0.097578
924,0.083522,0.144068
925,0.191815,0.0755515
926,0.200099,0.0535228
927,0.200099,0.0535228
928,0.200099,0.0535228
929,0.250055,0.0823402
930,0.162592,0.0601764
931,0.162592,0.0601764
932,0.200225,0.0658077
933,0.0765001,0.0762894
934,0.173378,0.0477667
935,0.173378,0.0477667
936,0.148892,0.0517378
937,0.0843862,0.0337379
938,0.0843862,0.0337379
939,0.182125,0.0481664
940,0.165414,0.0093213
941,0.214104,0.0751697
942,0.214104,0.0751697
943,0.214104,0.0751697
944,0.0833777,0.105574
945,0.175957,0.072192
946,0.175957,0.072192
947,0.175957,0.072192
948,0.115979,0.0656873
949,0.0246847,0.0600664
950,0.0163968,0.0873308
951,0.0163968,0.0873308
952,0.0163968,0.0873308
953,0.0163968,0.0873308
954,0.0167674,0.113978
955,0.0624514,0.0759483
956,0.0901715,0.124856
957,0.0693896,0.119484
958,0.0693896,0.119484
959,0.0693896,0.119484
960,0.0737983,0.0821634
961,0.0350952,0.106606
962,0.0350952,0.106606
963,0.0391683,0.143237
964,0.0391683,0.143237
965,0.057609,0.122225
966,0.068219,0.0952518
967,0.068219,0.0952518
968,0.132951,0.121915
969,0.0738445,0.201566
970,0.0332734,0.146104
971,0.0332734,0.146104
972,0.0332734,0.146104
973,0.0430347,0.127883
974,0.0040472,0.0752374
975,0.0040472,0.0752374
976,0.0040472,0.0752374
977,0.0040472,0.0752374
978,0.0574199,0.0686412
979,0.0574199,0.0686412
980,0.107221,0.0604479
981,0.107221,0.0604479
982,0.107221,0.0604479
983,0.107221,0.0604479
984,0.107221,0.0604479
985,0.079714,0.0381117
986,0.079714,0.0381117
987,0.0690001,0.166477
988,0.0690001,0.166477
989,0.0690001,0.166477
990,0.0690001,0.166477
991,0.0690001,0.166477
992,0.0940491,0.11102
993,0.0425222,0.0644222
994,0.116044,0.0934823
995,0.116044,0.0934823
996,0.116044,0.0934823
997,0.0999663,0.0551756
998,0.0674025,0.0837265
999,0.0674025,0.0837265
1000,0.0434716,0.0855035
1001,0.0434716,0.0855035
1002,0.00723109,0.111759
1003,0.0733465,0.044355
1004,0.0733465,0.044355
1005,0.122897,0.141398
1006,0.0835637,0.116573
1007,0.0835637,0.116573
1008,0.0835637,0.116573
1009,0.0619372,0.121154
1010,0.140265,0.0566635
1011,0.0777364,0.0553131
1012,0.0777364,0.0553131
1013,0.18027,0.0800383
1014,0.18027,0.0800383
1015,0.142626,0.0989726
1016,0.10939,0.123446
1017,0.10939,0.123446
1018,0.10939,0.123446
1019,0.10939,0.123446
1020,0.037311,0.102654
1021,0.0189833,0.0329167
1022,0.0474172,0.0159794
1023,0.0370758,0.0347583
1024,0.053937,0.0730882
1025,0.0223437,0.100968
1026,0.0673533,0.153083
1027,0.0316517,0.129086
1028,0.0316517,0.129086
1029,0.0635343,0.157076
1030,0.0635343,0.157076
1031,0.0635343,0.157076
1032,0.0338714,0.0995849
1033,0.0338714,0.0995849
1034,0.0338714,0.0995849
1035,0.0338714,0.0995849
1036,0.0338714,0.0995849
1037,0.0338714,0.0995849
1038,0.0854722,0.137001
1039,0.0854722,0.137001
1040,0.0854722,0.137001
1041,0.0854722,0.137001
1042,0.078445,0.16112
1043,0.0474267,0.136354
1044,0.0474267,0.136354
1045,0.0474267,0.136354
1046,0.0474267,0.136354
1047,0.0702206,0.102001
1048,0.0423172,0.206758
1049,0.00918144,0.103722
1050,0.0267929,0.0697501
1051,0.0267929,0.0697501
1052,0.0267929,0.0697501
1053,0.0267929,0.0697501
1054,0.0791692,0.199127
1055,0.0791692,0.199127
1056,0.0791692,0.199127
1057,0.0351843,0.118296
1058,0.0659989,0.0518305
1059,0.0659989,0.0518305
1060,0.0659989,0.0518305
1061,0.104337,0.0832508
1062,0.104337,0.0832508
1063,0.104337,0.0832508
1064,0.0408194,0.0511822
1065,0.0867818,0.058441
1066,0.0642194,0.0252889
1067,0.075248,0.0490149
1068,0.103847,0.0328203
1069,0.10036,0.0325736
1070,0.0429619,0.0963911
1071,0.124605,0.0511762
1072,0.0424954,0.0355718
1073,0.0424954,0.0355718
1074,0.0776754,0.041179
1075,0.0776754,0.041179
1076,0.0728977,0.0640279
1077,0.054593,0.156808
1078,0.106493,0.0617068
1079,0.126056,0.0990685
1080,0.130745,0.100659
1081,0.272136,0.13622
1082,0.219524,0.0916623
1083,0.180018,0.106336
1084,0.161763,0.0939634
1085,0.161763,0.0939634
1086,0.121754,0.146997
1087,0.121754,0.146997
1088,0.149579,0.166199
1089,0.205667,0.123451
1090,0.219862,0.115865
1091,0.114842,0.041189
1092,0.0721288,0.123275
1093,0.0796421,0.174397
1094,0.0577097,0.0847304
1095,0.0109135,0.0448693
1096,0.0109135,0.0448693
1097,0.0451956,0.0671187
1098,0.0451956,0.0671187
1099,0.0610834,0.12146
1100,0.170928,0.0963218
1101,0.159988,0.098172
1102,0.159988,0.098172
1103,0.037939,0.184779
1104,0.037939,0.184779
1105,0.037939,0.184779
1106,0.0462208,0.217887
1107,0.0462208,0.217887
1108,0.0462208,0.217887
1109,0.0400426,0.153183
1110,0.0400426,0.153183
1111,0.0757476,0.225999
1112,0.0757476,0.225999
1113,0.0757476,0.225999
1114,0.0341404,0.212831
1115,0.0168877,0.168024
1116,0.0464889,0.154458
1117,0.0262193,0.161762
1118,0.0799312,0.0911582
1119,0.112308,0.0433536
1120,0.0754987,0.0647257
1121,0.0671794,0.0522401
1122,0.0935529,0.0241575
1123,0.104961,0.0189336
1124,0.101098,0.0207765
1125,0.101098,0.0207765
1126,0.134347,0.0338333
1127,0.0897726,0.0751323
1128,0.0897726,0.0751323
1129,0.0897726,0.0751323
1130,0.0897726,0.0751323
1131,0.0598208,0.0891309
1132,0.0700888,0.0703862
1133,0.0700888,0.0703862
1134,0.103494,0.0493198
1135,0.103494,0.0493198
1136,0.128271,0.0513744
1137,0.121053,0.162082
1138,0.121053,0.162082
1139,0.187161,0.0754247
1140,0.187982,0.0925149
1141,0.151891,0.0241505
1142,0.142687,0.0251191
1143,0.142687,0.0251191
1144,0.169345,0.0379124
1145,0.167933,0.0482506
1146,0.215001,0.0421613
1147,0.215001,0.0421613
1148,0.176071,0.0691626
1149,0.119694,0.0898006
1150,0.114836,0.0322757
1151,0.114836,0.0322757
1152,0.0938931,0.0156744
1153,0.147806,0.066907
1154,0.147806,0.066907
1155,0.147806,0.066907
1156,0.0541229,0.0719599
1157,0.0541229,0.0719599
1158,0.0772585,0.030616
1159,0.094698,0.0210906
1160,0.0721453,0.116425
1161,0.0583005,0.23134
1162,0.0583005,0.23134
1163,0.0445823,0.191986
1164,0.0308243,0.181503
1165,0.0231017,0.247422
1166,0.0445913,0.157335
1167,0.061574,0.162608
1168,0.0493329,0.208217
1169,0.0493329,0.208217
1170,0.0493329,0.208217
1171,0.0493329,0.208217
1172,0.0444487,0.101295
1173,0.0448641,0.0433762
1174,0.0751064,0.0227831
1175,0.0751064,0.0227831
1176,0.0295341,0.0363186
1177,0.0295341,0.0363186
1178,0.04843,0.070473
1179,0.118822,0.0618141
1180,0.118822,0.0618141
1181,0.0777699,0.0135464
1182,0.0777699,0.0135464
1183,0.111154,0.0216036
1184,0.111154,0.0216036
1185,0.111154,0.0216036
1186,0.111154,0.0216036
1187,0.111154,0.0216036
1188,0.111154,0.0216036
1189,0.111154,0.0216036
1190,0.111154,0.0216036
1191,0.0804564,0.0973471
1192,0.0930548,0.0853569
1193,0.0547011,0.128649
1194,0.0547011,0.128649
1195,0.0547011,0.128649
1196,0.0547011,0.128649
1197,0.0763127,0.0682109
1198,0.0763127,0.0682109
1199,0.0763127,0.0682109
1200,0.0763127,0.0682109
1201,0.111851,0.213972
1202,0.132522,0.166984
1203,0.132522,0.166984
1204,0.141829,0.176112
1205,0.11892,0.103421
1206,0.11892,0.103421
1207,0.17457,0.115195
1208,0.0758242,0.108543
1209,0.0800428,0.113334
1210,0.106278,0.0559183
1211,0.106278,0.0559183
1212,0.197152,0.0384682
1213,0.197152,0.0384682
1214,0.237512,0.108685
1215,0.20645,0.084724
1216,0.177751,0.0381244
1217,0.194856,0.121083
1218,0.165181,0.0484899
1219,0.0711755,0.0745207
1220,0.0711755,0.0745207
1221,0.0713163,0.0300976
1222,0.0713163,0.0300976
1223,0.1195,0.0841694
1224,0.182234,0.102976
1225,0.123902,0.129711
1226,0.123902,0.129711
1227,0.134581,0.189334
1228,0.134581,0.189334
1229,0.0556931,0.112436
1230,0.0556931,0.112436
1231,0.0556931,0.112436
1232,0.0556931,0.112436
1233,0.172543,0.13675
1234,0.15498,0.103815
1235,0.119477,0.191019
1236,0.117223,0.166334
1237,0.117223,0.166334
1238,0.133454,0.130071
1239,0.113019,0.118846
1240,0.0331765,0.204864
1241,0.0331765,0.204864
1242,0.0331765,0.204864
1243,0.140185,0.114353
1244,0.140185,0.114353
1245,0.100516,0.0826367
1246,0.0154566,0.0597773
1247,0.0154566,0.0597773
1248,0.189791,0.128568
1249,0.174281,0.0792175
1250,0.174281,0.0792175
1251,0.0452804,0.065654
1252,0.131189,0.0569388
1253,0.269647,0.0314684
1254,0.237091,0.0569486
1255,0.138993,0.0967209
1256,0.160259,0.132605
1257,0.160259,0.132605
1258,0.0699349,0.0373306
1259,0.0713682,0.0755643
1260,0.0713682,0.0755643
1261,0.0713682,0.0755643
1262,0.0912124,0.0723212
1263,0.0912124,0.0723212
1264,0.0372104,0.122182
1265,0.047115,0.143842
1266,0.047115,0.143842
1267,0.154585,0.140683
1268,0.154585,0.140683
1269,0.223378,0.163717
1270,0.223378,0.163717
1271,0.221529,0.146414
1272,0.225403,0.104521
1273,0.196224,0.0845272
1274,0.186169,0.154807
1275,0.12056,0.102729
1276,0.12056,0.102729
1277,0.277143,0.0875132
1278,0.237862,0.0498531
1279,0.237862,0.0498531
1280,0.237862,0.0498531
1281,0.157839,0.0627817
1282,0.157839,0.0627817
1283,0.139529,0.108078
1284,0.0662099,0.0677515
1285,0.0268158,0.0694279
1286,0.0839427,0.13523
1287,0.142863,0.0916458
1288,0.142863,0.0916458
1289,0.107135,0.0986445
1290,0.0583634,0.0974563
1291,0.127856,0.110882
1292,0.197074,0.101329
1293,0.197074,0.101329
1294,0.0828354,0.0926799
1295,0.0813945,0.0952814
1296,0.0312551,0.136515
1297,0.168444,0.0619528
1298,0.146271,0.0613979
1299,0.161195,0.00801777
1300,0.152424,0.0430723
1301,0.171486,0.104532
1302,0.10322,0.103753
1303,0.120938,0.135814
1304,0.129486,0.0998436
1305,0.164339,0.0684331
1306,0.126018,0.0773871
1307,0.0826725,0.0594581
1308,0.0826725,0.0594581
1309,0.0826725,0.0594581
1310,0.14164,0.0905851
1311,0.0584655,0.0645636
1312,0.112702,0.0933468
1313,0.112702,0.0933468
1314,0.0762942,0.0912066
1315,0.0429706,0.105967
1316,0.0429706,0.105967
1317,0.0429706,0.105967
1318,0.0429706,0.105967
1319,0.0429706,0.105967
1320,0.0429706,0.105967
1321,0.0271818,0.0948567
1322,0.0271818,0.0948567
1323,0.0271818,0.0948567
1324,0.0228081,0.0821872
1325,0.0178479,0.0646536
1326,0.0178479,0.0646536
1327,0.0775285,0.0588504
1328,0.0775285,0.0588504
1329,0.0261163,0.140831
1330,0.0993673,0.111759
1331,0.182382,0.15752
1332,0.178077,0.0241307
1333,0.208291,0.114805
1334,0.20773,0.0313326
1335,0.125731,0.0860625
1336,0.192897,0.0646015
1337,0.192897,0.0646015
1338,0.192897,0.0646015
1339,0.192897,0.0646015
1340,0.231798,0.0436051
1341,0.156732,0.0369706
1342,0.14934,0.0191302
1343,0.0727952,0.0590436
1344,0.0694449,0.0360541
1345,0.0694449,0.0360541
1346,0.0694449,0.0360541
1347,0.0694449,0.0360541
1348,0.0694449,0.0360541
1349,0.047362,0.121585
1350,0.0749018,0.221064
1351,0.0749018,0.221064
1352,0.0749018,0.221064
1353,0.0749018,0.221064
1354,0.0481432,0.0899792
1355,0.0481432,0.0899792
1356,0.13466,0.098307
1357,0.164128,0.0441309
1358,0.136212,0.0659066
1359,0.136212,0.0659066
1360,0.136212,0.0659066
1361,0.114737,0.0187911
1362,0.0407342,0.033531
1363,0.0407342,0.033531
1364,0.0407342,0.033531
1365,0.0407342,0.033531
1366,0.0407342,0.033531
1367,0.0407342,0.033531
1368,0.0407342,0.033531
1369,0.0407342,0.033531
1370,0.0466146,0.0394867
1371,0.0482076,0.0845365
1372,0.0482076,0.0845365
1373,0.114942,0.0444951
1374,0.0320886,0.0477206
1375,0.0584604,0.0441949
1376,0.0584604,0.0441949
1377,0.158529,0.0557372
1378,0.0777164,0.0607137
1379,0.110453,0.0299755
1380,0.110453,0.0299755
1381,0.110453,0.0299755
1382,0.110453,0.0299755
1383,0.265833,0.0849139
1384,0.165551,0.0304869
1385,0.136762,0.0318167
1386,0.128485,0.066011
1387,0.128485,0.066011
1388,0.128485,0.066011
1389,0.236079,0.0823598
1390,0.236079,0.0823598
1391,0.21069,0.096891
1392,0.21069,0.096891
1393,0.140541,0.0681484
1394,0.203461,0.16798
1395,0.0728853,0.146942
1396,0.0728853,0.146942
1397,0.0728853,0.146942
1398,0.0728853,0.146942
1399,0.0728853,0.146942
1400,0.0917386,0.19596
1401,0.0917386,0.19596
1402,0.0917386,0.19596
1403,0.0139086,0.158214
1404,0.0197272,0.106498
1405,0.0197272,0.106498
1406,0.0197272,0.106498
1407,0.0197272,0.106498
1408,0.0503675,0.0791211
1409,0.0503675,0.0791211
1410,0.0405044,0.0463749
1411,0.0992344,0.0959271
1412,0.050591,0.0541254
1413,0.137797,0.0733443
1414,0.137797,0.0733443
1415,0.137797,0.0733443
1416,0.139159,0.144552
1417,0.139159,0.144552
1418,0.151397,0.064268
1419,0.0628965,0.0550897
1420,0.0628965,0.0550897
1421,0.0672803,0.0713526
1422,0.152154,0.0733469
1423,0.152154,0.0733469
1424,0.152154,0.0733469
1425,0.152154,0.0733469
1426,0.152154,0.0733469
1427,0.152154,0.0733469
1428,0.0730372,0.113454
1429,0.0730372,0.113454
1430,0.0359658,0.0946895
1431,0.0359658,0.0946895
1432,0.0359658,0.0946895
1433,0.0359658,0.0946895
1434,0.0270906,0.0577973
1435,0.0270906,0.0577973
1436,0.0457037,0.0994987
1437,0.0456801,0.0871678
1438,0.0971907,0.0773916
1439,0.0671166,0.00298742
1440,0.0671166,0.00298742
1441,0.124678,0.0518076
1442,0.124678,0.0518076
1443,0.107005,0.0115056
1444,0.0448634,0.0477406
1445,0.0699547,0.0930378
1446,0.0699547,0.0930378
1447,0.0528293,0.056121
1448,0.058674,0.101924
1449,0.0404114,0.108571
1450,0.0460108,0.139906
1451,0.0694041,0.128162
1452,0.0694041,0.128162
1453,0.11457,0.0616802
1454,0.159414,0.056408
1455,0.159414,0.056408
1456,0.15423,0.102978
1457,0.15423,0.102978
1458,0.0800694,0.109323
1459,0.0918992,0.0730277
1460,0.0918992,0.0730277
1461,0.0918992,0.0730277
1462,0.208689,0.0235471
1463,0.208689,0.0235471
1464,0.0309758,0.117627
1465,0.0498692,0.100682
1466,0.055546,0.107043
1467,0.0475718,0.08947
1468,0.0478863,0.0756834
1469,0.0478863,0.0756834
1470,0.0478863,0.0756834
1471,0.0445011,0.0697327
1472,0.0777916,0.13522
1473,0.0936883,0.0497904
1474,0.106342,0.0183119
1475,0.106342,0.0183119
1476,0.13267,0.078833
1477,0.13267,0.078833
1478,0.0850179,0.0309134
1479,0.0850179,0.0309134
1480,0.0667295,0.0220847
1481,0.0667295,0.0220847
1482,0.0913842,0.0658587
1483,0.102549,0.0774775
1484,0.102549,0.0774775
1485,0.102549,0.0774775
1486,0.0459577,0.0617835
1487,0.125455,0.129786
1488,0.107318,0.0416094
1489,0.166436,0.12109
1490,0.110868,0.0683821
1491,0.0867044,0.0338802
1492,0.140893,0.0697841
1493,0.140893,0.0697841
1494,0.101627,0.10765
1495,0.101627,0.10765
1496,0.0596118,0.124475
1497,0.065284,0.0490243
1498,0.0752821,0.0776071
1499,0.0752821,0.0776071
1500,0.0356702,0.0945625
1501,0.0213257,0.109504
1502,0.0460023,0.0945644
1503,0.0705972,0.139185
1504,0.126638,0.179256
1505,0.126638,0.179256
1506,0.162397,0.210479
1507,0.162397,0.210479
1508,0.162397,0.210479
1509,0.162397,0.210479
1510,0.162397,0.210479
1511,0.162397,0.210479
1512,0.100913,0.131323
1513,0.119069,0.18919
1514,0.127288,0.108248
1515,0.107782,0.0702542
1516,0.124626,0.137917
1517,0.12634,0.112252
1518,0.12634,0.112252
1519,0.12634,0.112252
1520,0.10877,0.101964
1521,0.10877,0.101964
1522,0.10877,0.101964
1523,0.10877,0.101964
1524,0.156626,0.117045
1525,0.124444,0.135242
1526,0.124444,0.135242
1527,0.15278,0.141586
1528,0.219777,0.0805327
1529,0.219777,0.0805327
1530,0.219777,0.0805327
1531,0.219777,0.0805327
1532,0.219777,0.0805327
1533,0.219777,0.0805327
1534,0.219777,0.0805327
1535,0.219777,0.0805327
1536,0.219777,0.0805327
1537,0.152452,0.0337627
1538,0.077173,0.0671899
1539,0.077173,0.0671899
1540,0.060802,0.118544
1541,0.060802,0.118544
1542,0.095693,0.18163
1543,0.095693,0.18163
1544,0.0258752,0.158854
1545,0.0258752,0.158854
1546,0.063117,0.220852
1547,0.07057,0.224178
1548,0.0942047,0.220781
1549,0.13433,0.287274
1550,0.13433,0.287274
1551,0.13433,0.287274
1552,0.122325,0.322646
1553,0.189925,0.152734
1554,0.183513,0.249627
1555,0.183513,0.249627
1556,0.183513,0.249627
1557,0.173869,0.370033
1558,0.0920441,0.229507
1559,0.112245,0.216374
1560,0.147499,0.12319
1561,0.143451,0.233947
1562,0.0755254,0.185183
1563,0.0755254,0.185183
1564,0.125288,0.127498
1565,0.12926,0.223875
1566,0.12926,0.223875
1567,0.12926,0.223875
1568,0.12926,0.223875
1569,0.141185,0.159363
1570,0.222639,0.144625
1571,0.230404,0.0390617
1572,0.230404,0.0390617
1573,0.160519,0.066741
1574,0.160519,0.066741
1575,0.160519,0.066741
1576,0.0931098,0.0906048
1577,0.0750397,0.0378667
1578,0.0750397,0.0378667
1579,0.127232,0.0824751
1580,0.115609,0.188084
1581,0.114144,0.0950832
1582,0.0905724,0.166212
1583,0.178855,0.142823
1584,0.0988083,0.188045
1585,0.108067,0.12222
1586,0.0571224,0.200612
1587,0.0571224,0.200612
1588,0.0424588,0.181335
1589,0.0997518,0.163996
1590,0.0698207,0.131575
1591,0.0844774,0.150654
1592,0.0390769,0.0956996
1593,0.0390769,0.0956996
1594,0.0849599,0.101504
1595,0.0343392,0.153386
1596,0.0268898,0.160627
1597,0.0268898,0.160627
1598,0.0268898,0.160627
1599,0.0268898,0.160627
1600,0.109602,0.0816577
1601,0.0877324,0.0998772
1602,0.0460642,0.13165
1603,0.0740601,0.116986
1604,0.0864078,0.116785
1605,0.0351749,0.0537324
1606,0.182475,0.0525597
1607,0.175804,0.056968
1608,0.128,0.0669777
1609,0.139059,0.0314559
1610,0.0811651,0.0335893
1611,0.120218,0.117285
1612,0.120218,0.117285
1613,0.148281,0.06146
1614,0.148281,0.06146
1615,0.0795509,0.190163
1616,0.0703458,0.141309
1617,0.0629283,0.0876127
1618,0.0629283,0.0876127
1619,0.0629283,0.0876127
1620,0.0216665,0.071611
1621,0.0272422,0.121182
1622,0.0299719,0.0862373
1623,0.0437076,0.063552
1624,0.0121534,0.0310972
1625,0.042423,0.0313116
1626,0.042423,0.0313116
1627,0.042423,0.0313116
1628,0.092372,0.0481748
1629,0.00807878,0.0439851
1630,0.00438243,0.0736353
1631,0.00438243,0.0736353
1632,0.00438243,0.0736353
1633,0.00438243,0.0736353
1634,0.00438243,0.0736353
1635,0.00438243,0.0736353
1636,0.00634043,0.0335381
1637,0.0226423,0.082035
1638,0.0226423,0.082035
1639,0.0270931,0.0687592
1640,0.0558329,0.161077
1641,0.0542963,0.109595
1642,0.0983875,0.044531
1643,0.0983875,0.044531
1644,0.0983875,0.044531
1645,0.0983875,0.044531
1646,0.111258,0.107642
1647,0.0798869,0.0527458
1648,0.0505437,0.0944113
1649,0.0505437,0.0944113
1650,0.0779308,0.116327
1651,0.0779308,0.116327
1652,0.00412748,0.146545
1653,0.0309103,0.0647301
1654,0.0607618,0.136067
1655,0.0444042,0.0816239
1656,0.0444042,0.0816239
1657,0.00849886,0.0929498
1658,0.044977,0.0472856
1659,0.0900478,0.0774532
1660,0.0453204,0.107517
1661,0.0756263,0.103166
1662,0.119136,0.036385
1663,0.0371743,0.0383682
1664,0.0612791,0.00398699
1665,0.0961144,0.141795
1666,0.101989,0.0817508
1667,0.0596434,0.0715722
1668,0.0693719,0.0863892
1669,0.063232,0.0579245
1670,0.063232,0.0579245
1671,0.0751284,0.0690898
1672,0.0661677,0.0958936
1673,0.0661677,0.0958936
1674,0.0661677,0.0958936
1675,0.110978,0.118465
1676,0.0619377,0.0641698
1677,0.112143,0.0411686
1678,0.112143,0.0411686
1679,0.102721,0.105245
1680,0.103651,0.110276
1681,0.156621,0.146513
1682,0.156621,0.146513
1683,0.0572999,0.158021
1684,0.0572999,0.158021
1685,0.134516,0.130169
1686,0.162129,0.120687
1687,0.134712,0.14651
1688,0.0659921,0.179573
1689,0.0945068,0.142045
1690,0.0945068,0.142045
1691,0.0875661,0.18324
1692,0.11092,0.0970385
1693,0.0293478,0.123131
1694,0.0856967,0.110995
1695,0.010019,0.109709
1696,0.010019,0.109709
1697,0.0606755,0.211314
1698,0.115711,0.18687
1699,0.115711,0.18687
1700,0.0351211,0.178581
1701,0.0422149,0.227328
1702,0.0422149,0.227328
1703,0.0422149,0.227328
1704,0.0422149,0.227328
1705,0.0422149,0.227328
1706,0.0422149,0.227328
1707,0.0422149,0.227328
1708,0.0871354,0.123469
1709,0.0877734,0.140091
1710,0.112692,0.117292
1711,0.112692,0.117292
1712,0.112692,0.117292
1713,0.112692,0.117292
1714,0.0917151,0.08234
1715,0.164149,0.0893755
1716,0.164149,0.0893755
1717,0.164149,0.0893755
1718,0.0817957,0.133163
1719,0.109006,0.185497
1720,0.109006,0.185497
1721,0.15423,0.171503
1722,0.0485252,0.23133
1723,0.052607,0.0993552
1724,0.052607,0.0993552
1725,0.052607,0.0993552
1726,0.0734947,0.0977644
1727,0.0696459,0.0618644
1728,0.0717071,0.115447
1729,0.0150668,0.0762747
1730,0.0104539,0.103879
1731,0.0104539,0.103879
1732,0.0104539,0.103879
1733,0.0867338,0.0747077
1734,0.0382944,0.0802482
1735,0.0417151,0.0975053
1736,0.0162463,0.0750611
1737,0.0162463,0.0750611
1738,0.0656603,0.105704
1739,0.107703,0.102864
1740,0.107703,0.102864
1741,0.0711248,0.0922521
1742,0.0711248,0.0922521
1743,0.0341638,0.00977868
1744,0.0341638,0.00977868
1745,0.0341638,0.00977868
1746,0.0194448,0.0745051
1747,0.0194448,0.0745051
1748,0.116792,0.0739219
1749,0.0955312,0.0225878
1750,0.0955312,0.0225878
1751,0.0538331,0.037862
1752,0.0908505,0.118431
1753,0.0490539,0.0748929
1754,0.0618427,0.131457
1755,0.0857472,0.0867642
1756,0.0666128,0.0248584
1757,0.0666128,0.0248584
1758,0.0666128,0.0248584
1759,0.0666128,0.0248584
1760,0.0644918,0.04706
1761,0.0644918,0.04706
1762,0.0891853,0.0357388
1763,0.0891853,0.0357388
1764,0.0447341,0.0254534
1765,0.0110935,0.0262414
1766,0.0110935,0.0262414
1767,0.0641313,0.0503227
1768,0.1253,0.0604565
1769,0.1253,0.0604565
1770,0.0630904,0.116052
1771,0.0630904,0.116052
1772,0.0922899,0.123497
1773,0.0922899,0.123497
1774,0.0922899,0.123497
1775,0.0922899,0.123497
1776,0.0922899,0.123497
1777,0.111387,0.208217
1778,0.111387,0.208217
1779,0.109233,0.146371
1780,0.106194,0.137335
1781,0.0851371,0.0828324
1782,0.0401724,0.123123
1783,0.0731805,0.102416
1784,0.0925937,0.148493
1785,0.141994,0.129084
1786,0.0353152,0.105995
1787,0.0353152,0.105995
1788,0.0353152,0.105995
1789,0.0641316,0.128433
1790,0.0641316,0.128433
1791,0.0641316,0.128433
1792,0.0159162,0.0638463
1793,0.0647397,0.0393485
1794,0.0927083,0.108711
1795,0.124622,0.120315
1796,0.124622,0.120315
1797,0.0459676,0.0630366
1798,0.0389148,0.0900915
1799,0.0389148,0.0900915
1800,0.0389148,0.0900915
1801,0.0589536,0.00760643
1802,0.0505213,0.0467124
1803,0.0505213,0.0467124
1804,0.0271961,0.030195
1805,0.0271961,0.030195
1806,0.0208438,0.0759921
1807,0.18613,0.0570011
1808,0.18613,0.0570011
1809,0.18613,0.0570011
1810,0.190579,0.0750807
1811,0.230939,0.0252325
1812,0.230939,0.0252325
1813,0.230939,0.0252325
1814,0.230939,0.0252325
1815,0.222319,0.0506347
1816,0.150227,0.0267661
1817,0.150227,0.0267661
1818,0.141309,0.0646824
1819,0.207725,0.039117
1820,0.127836,0.163169
1821,0.0779584,0.106236
1822,0.138263,0.0505929
1823,0.106372,0.0169367
1824,0.106372,0.0169367
1825,0.106372,0.0169367
1826,0.0821045,0.0579914
1827,0.197015,0.153654
1828,0.107042,0.091246
1829,0.107042,0.091246
1830,0.169893,0.078474
1831,0.169893,0.078474
1832,0.154491,0.0436148
1833,0.154491,0.0436148
1834,0.151144,0.0506143
1835,0.151144,0.0506143
1836,0.151144,0.0506143
1837,0.124816,0.0559053
1838,0.124816,0.0559053
1839,0.0986619,0.110064
1840,0.0986619,0.110064
1841,0.0986619,0.110064
1842,0.100775,0.0836664
1843,0.100775,0.0836664
1844,0.033321,0.0874996
1845,0.033321,0.0874996
1846,0.033321,0.0874996
1847,0.0784517,0.0312831
1848,0.0306992,0.0534718
1849,0.0901377,0.110157
1850,0.0901377,0.110157
1851,0.0550477,0.0712529
1852,0.0318391,0.0276159
1853,0.0824033,0.0823831
1854,0.0824033,0.0823831
1855,0.0428888,0.0837551
1856,0.120148,0.062199
1857,0.0484097,0.0390671
1858,0.0484097,0.0390671
1859,0.0484097,0.0390671
1860,0.0283112,0.0624135
1861,0.0284004,0.0548076
1862,0.0284004,0.0548076
1863,0.0284004,0.0548076
1864,0.101726,0.0445737
1865,0.101726,0.0445737
1866,0.101726,0.0445737
1867,0.131471,0.0380921
1868,0.131471,0.0380921
1869,0.0879907,0.0147519
1870,0.0973148,0.041085
1871,0.0973148,0.041085
1872,0.0147525,0.0496854
1873,0.0147525,0.0496854
1874,0.0147525,0.0496854
1875,0.0147525,0.0496854
1876,0.0147525,0.0496854
1877,0.0147525,0.0496854
1878,0.0147525,0.0496854
1879,0.0755013,0.0602688
1880,0.0454789,0.0535655
1881,0.135506,0.0882586
1882,0.115317,0.0849936
1883,0.115317,0.0849936
1884,0.115317,0.0849936
1885,0.115317,0.0849936
1886,0.115317,0.0849936
1887,0.116462,0.121446
1888,0.170806,0.0491451
1889,0.0729757,0.0598896
1890,0.0729757,0.0598896
1891,0.0729757,0.0598896
1892,0.0729757,0.0598896
1893,0.0324347,0.131268
1894,0.0333618,0.054759
1895,0.0670704,0.0477975
1896,0.0554085,0.0798544
1897,0.0554085,0.0798544
1898,0.0405049,0.0759392
1899,0.116932,0.1102
1900,0.0752353,0.166244
1901,0.0935854,0.195274
1902,0.0935854,0.195274
1903,0.0935854,0.195274
1904,0.0935854,0.195274
1905,0.0221431,0.156413
1906,0.0221431,0.156413
1907,0.0221431,0.156413
1908,0.0221431,0.156413
1909,0.0221431,0.156413
1910,0.0417045,0.187198
1911,0.0889918,0.164356
1912,0.101357,0.0953709
1913,0.0820433,0.0240105
1914,0.194999,0.11392
1915,0.194999,0.11392
1916,0.194999,0.11392
1917,0.167089,0.11798
1918,0.178074,0.0702565
1919,0.14298,0.100599
1920,0.14298,0.100599
1921,0.14298,0.100599
1922,0.194526,0.0257279
1923,0.194526,0.0257279
1924,0.268059,0.0914339
1925,0.125758,0.0875603
1926,0.10113,0.06554
1927,0.146795,0.0743032
1928,0.142116,0.0699925
1929,0.142116,0.0699925
1930,0.142116,0.0699925
1931,0.142116,0.0699925
1932,0.0978885,0.12168
1933,0.100148,0.133985
1934,0.100148,0.133985
1935,0.0403298,0.0469379
1936,0.0403298,0.0469379
1937,0.0437695,0.0998442
1938,0.0821746,0.0893925
1939,0.0821746,0.0893925
1940,0.0821746,0.0893925
1941,0.0821746,0.0893925
1942,0.0771195,0.0921436
1943,0.0771195,0.0921436
1944,0.0771195,0.0921436
1945,0.0431205,0.135073
1946,0.0807861,0.105687
1947,0.0288783,0.0428168
1948,0.0412146,0.14458
1949,0.0412146,0.14458
1950,0.0412146,0.14458
1951,0.118443,0.0844931
1952,0.13584,0.101097
1953,0.112526,0.116592
1954,0.142649,0.117341
1955,0.12103,0.113958
1956,0.156129,0.0731943
1957,0.115845,0.0976152
1958,0.149388,0.084608
1959,0.149388,0.084608
1960,0.139144,0.0929122
1961,0.139144,0.0929122
1962,0.0939384,0.0420619
1963,0.0939384,0.0420619
1964,0.0939384,0.0420619
1965,0.0852467,0.083043
1966,0.0852467,0.083043
1967,0.0852467,0.083043
1968,0.0270383,0.0264455
1969,0.014744,0.0215504
1970,0.014744,0.0215504
1971,0.014744,0.0215504
1972,0.014744,0.0215504
1973,0.102709,0.0265715
1974,0.102709,0.0265715
1975,0.102709,0.0265715
1976,0.102709,0.0265715
1977,0.0347657,0.155006
1978,0.115751,0.172426
1979,0.119054,0.184358
1980,0.0898851,0.152305
1981,0.100492,0.15435
1982,0.097399,0.112442
1983,0.097399,0.112442
1984,0.11199,0.0943131
1985,0.11199,0.0943131
1986,0.130002,0.0453324
1987,0.135838,0.0715094
1988,0.135838,0.0715094
1989,0.135838,0.0715094
1990,0.0568607,0.0653737
1991,0.0568607,0.0653737
1992,0.0568607,0.0653737
1993,0.0568607,0.0653737
1994,0.0902059,0.103935
1995,0.064283,0.0126007
1996,0.0945288,0.0672206
1997,0.0945288,0.0672206
1998,0.0945288,0.0672206
1999,0.0945288,0.0672206
2000,0.126907,0.0221656
2001,0.0974637,0.037968
2002,0.0247842,0.0496805
2003,0.065616,0.0726269
2004,0.0618166,0.0672165
2005,0.0901402,0.0687945
2006,0.0901402,0.0687945
2007,0.0901402,0.0687945
2008,0.0901402,0.0687945
2009,0.0544044,0.11301
2010,0.0754802,0.0789791
2011,0.163025,0.12937
2012,0.0894832,0.0880006
2013,0.0894832,0.0880006
2014,0.0894832,0.0880006
2015,0.107441,0.0549063
2016,0.140422,0.109704
2017,0.140422,0.109704
2018,0.107839,0.0198725
2019,0.164135,0.0294404
2020,0.155563,0.0205898
2021,0.155563,0.0205898
2022,0.155563,0.0205898
2023,0.155563,0.0205898
2024,0.0870195,0.072924
2025,0.0641248,0.0781006
2026,0.138292,0.0968631
2027,0.138292,0.0968631
2028,0.105709,0.105864
2029,0.105709,0.105864
2030,0.105709,0.105864
2031,0.0185386,0.0359567
2032,0.110527,0.0813579
2033,0.0716854,0.116751
2034,0.085827,0.0432943
2035,0.085827,0.0432943
2036,0.133221,0.0109325
2037,0.0424947,0.0601583
2038,0.0958853,0.0573317
2039,0.112383,0.039823
2040,0.112383,0.039823
2041,0.126369,0.056267
2042,0.126369,0.056267
2043,0.126369,0.056267
2044,0.126369,0.056267
2045,0.0504068,0.0552589
2046,0.0436245,0.0628464
2047,0.0436245,0.0628464
2048,0.0697954,0.0618456
2049,0.0357682,0.00251087
2050,0.0357682,0.00251087
2051,0.0357682,0.00251087
2052,0.0794576,0.0467442
2053,0.0196909,0.046622
2054,0.0214005,0.0699097
2055,0.023976,0.0309891
2056,0.023976,0.0309891
2057,0.0504023,0.0681071
2058,0.0507336,0.135856
2059,0.0507336,0.135856
2060,0.0507336,0.135856
2061,0.0507336,0.135856
2062,0.0507336,0.135856
2063,0.0507336,0.135856
2064,0.0507336,0.135856
2065,0.0507336,0.135856
2066,0.0507336,0.135856
2067,0.145572,0.0899129
2068,0.145572,0.0899129
2069,0.145572,0.0899129
2070,0.117053,0.0804642
2071,0.117053,0.0804642
2072,0.117053,0.0804642
2073,0.117053,0.0804642
2074,0.163501,0.0222767
2075,0.102126,0.0120318
2076,0.119851,0.0231386
2077,0.119851,0.0231386
2078,0.142032,0.0579031
2079,0.142032,0.0579031
2080,0.142032,0.0579031
2081,0.130815,0.060759
2082,0.176144,0.14893
2083,0.206147,0.137244
2084,0.206147,0.137244
2085,0.0953113,0.0962382
2086,0.0953113,0.0962382
2087,0.124,0.181872
2088,0.192693,0.134363
2089,0.13968,0.133526
2090,0.13968,0.133526
2091,0.19832,0.097288
2092,0.19832,0.097288
2093,0.19832,0.097288
2094,0.223365,0.16676
2095,0.223365,0.16676
2096,0.171037,0.112112
2097,0.23538,0.0628904
2098,0.223419,0.0869974
2099,0.148308,0.137251
2100,0.0772931,0.132337
2101,0.0721022,0.0147504
2102,0.0744472,0.0963194
2103,0.0744472,0.0963194
2104,0.0656744,0.0700156
2105,0.0877182,0.102735
2106,0.0877182,0.102735
2107,0.0953832,0.100731
2108,0.0953832,0.100731
2109,0.0953832,0.100731
2110,0.0953832,0.100731
2111,0.0881981,0.0809313
2112,0.0881981,0.0809313
2113,0.0751135,0.134031
2114,0.0751135,0.134031
2115,0.0964407,0.0693768
2116,0.0699331,0.0250476
2117,0.0462363,0.00606228
2118,0.0475128,0.0635893
2119,0.0475128,0.0635893
2120,0.0514316,0.0538684
2121,0.0514316,0.0538684
2122,0.0514316,0.0538684
2123,0.0514316,0.0538684
2124,0.0514316,0.0538684
2125,0.0514316,0.0538684
2126,0.0514316,0.0538684
2127,0.0514316,0.0538684
2128,0.0949339,0.0500457
2129,0.0949339,0.0500457
2130,0.158378,0.0557025
2131,0.158378,0.0557025
2132,0.0955344,0.00865947
2133,0.0533527,0.00929509
2134,0.0318469,0.0656047
2135,0.0318469,0.0656047
2136,0.0318469,0.0656047
2137,0.0318469,0.0656047
2138,0.0318469,0.0656047
2139,0.0197901,0.0390726
2140,0.188491,0.0541256
2141,0.0796906,0.0265349
2142,0.111117,0.0141413
2143,0.0531799,0.0981655
2144,0.0190682,0.0579257
2145,0.0631575,0.0912598
2146,0.0357231,0.130338
2147,0.0357231,0.130338
2148,0.0357231,0.130338
2149,0.0357231,0.130338
2150,0.0357231,0.130338
2151,0.108929,0.14215
2152,0.108929,0.14215
2153,0.103441,0.0787231
2154,0.110012,0.105812
2155,0.110012,0.105812
2156,0.183083,0.104716
2157,0.183083,0.104716
2158,0.112551,0.0954218
2159,0.187789,0.0961456
2160,0.187789,0.0961456
2161,0.120792,0.0454561
2162,0.120792,0.0454561
2163,0.120792,0.0454561
2164,0.120792,0.0454561
2165,0.0906036,0.0974769
2166,0.0840168,0.137833
2167,0.0840168,0.137833
2168,0.0838981,0.105509
2169,0.0838981,0.105509
2170,0.0700613,0.0569922
2171,0.110472,0.0711077
2172,0.0777545,0.0433117
2173,0.0777545,0.0433117
2174,0.0777545,0.0433117
2175,0.0620376,0.075194
2176,0.156704,0.0949093
2177,0.0563841,0.069286
2178,0.0563841,0.069286
2179,0.0563841,0.069286
2180,0.0563841,0.069286
2181,0.0563841,0.069286
2182,0.0563841,0.069286
2183,0.0563841,0.069286
2184,0.112334,0.0756036
2185,0.0573648,0.0737295
2186,0.0573648,0.0737295
2187,0.0756126,0.103674
2188,0.101026,0.0983454
2189,0.0510756,0.133721
2190,0.0510756,0.133721
2191,0.0510756,0.133721
2192,0.0647093,0.0726501
2193,0.0647093,0.0726501
2194,0.0712495,0.0386754
2195,0.0712495,0.0386754
2196,0.0712495,0.0386754
2197,0.0712495,0.0386754
2198,0.141072,0.113468
2199,0.141072,0.113468
2200,0.0785777,0.135204
2201,0.0785777,0.135204
2202,0.125307,0.0646351
2203,0.146868,0.0575983
2204,0.149461,0.0421116
2205,0.149461,0.0421116
2206,0.149461,0.0421116
2207,0.147407,0.0383478
2208,0.113269,0.0502035
2209,0.195099,0.0648146
2210,0.189068,0.025195
2211,0.189068,0.025195
2212,0.157168,0.0324271
2213,0.157168,0.0324271
2214,0.197811,0.0483473
2215,0.166309,0.03488
2216,0.141057,0.0976707
2217,0.141057,0.0976707
2218,0.141057,0.0976707
2219,0.141057,0.0976707
2220,0.121431,0.0922736
2221,0.121431,0.0922736
2222,0.133663,0.119334
2223,0.133663,0.119334
2224,0.132458,0.0271452
2225,0.132458,0.0271452
2226,0.132458,0.0271452
2227,0.10804,0.0230552
2228,0.11539,0.106276
2229,0.0693927,0.085192
2230,0.0693927,0.085192
2231,0.113426,0.0893309
2232,0.113426,0.0893309
2233,0.104151,0.0625777
2234,0.104151,0.0625777
2235,0.104151,0.0625777
2236,0.104151,0.0625777
2237,0.104151,0.0625777
2238,0.104151,0.0625777
2239,0.104151,0.0625777
2240,0.104151,0.0625777
2241,0.104151,0.0625777
2242,0.104151,0.0625777
2243,0.104151,0.0625777
2244,0.104151,0.0625777
2245,0.0891678,0.0976073
2246,0.137969,0.0904527
2247,0.0604215,0.0815996
2248,0.0920064,0.046497
2249,0.0920064,0.046497
2250,0.0822734,0.0691974
2251,0.0822734,0.0691974
2252,0.12443,0.0682572
2253,0.141114,0.16145
2254,0.141114,0.16145
2255,0.113842,0.144635
2256,0.113842,0.144635
2257,0.0448089,0.244373
2258,0.111627,0.190123
2259,0.0827709,0.151743
2260,0.0461498,0.252081
2261,0.0461498,0.252081
2262,0.0461498,0.252081
2263,0.0202123,0.154767
2264,0.0752349,0.0240611
2265,0.0579848,0.133997
2266,0.0710312,0.142661
2267,0.0642956,0.113137
2268,0.0642956,0.113137
2269,0.0548893,0.106234
2270,0.0865082,0.0782339
2271,0.0865082,0.0782339
2272,0.0865082,0.0782339
2273,0.050266,0.0475705
2274,0.0360942,0.0133401
2275,0.0906617,0.0868747
2276,0.0320737,0.0474511
2277,0.0320737,0.0474511
2278,0.0896135,0.0620418
2279,0.0896135,0.0620418
2280,0.0540141,0.0533061
2281,0.0964416,0.132563
2282,0.0964416,0.132563
2283,0.094223,0.173294
2284,0.094223,0.173294
2285,0.094223,0.173294
2286,0.094223,0.173294
2287,0.094223,0.173294
2288,0.129925,0.12713
2289,0.108063,0.169852
2290,0.0934016,0.133787
2291,0.0934016,0.133787
2292,0.104947,0.179388
2293,0.108642,0.133322
2294,0.108642,0.133322
2295,0.0856945,0.182578
2296,0.0856945,0.182578
2297,0.0856945,0.182578
2298,0.0856945,0.182578
2299,0.0856945,0.182578
2300,0.105502,0.126306
2301,0.105502,0.126306
2302,0.132311,0.130366
2303,0.132311,0.130366
2304,0.132311,0.130366
2305,0.0728785,0.171223
2306,0.0728785,0.171223
2307,0.0728785,0.171223
2308,0.0728785,0.171223
2309,0.0840045,0.243819
2310,0.053903,0.186059
2311,0.053903,0.186059
2312,0.053903,0.186059
2313,0.053903,0.186059
2314,0.0876348,0.173642
2315,0.0297924,0.137943
2316,0.0710473,0.089711
2317,0.0710473,0.089711
2318,0.0710473,0.089711
2319,0.0935657,0.0545258
2320,0.0935657,0.0545258
2321,0.0935657,0.0545258
2322,0.119858,0.0137771
2323,0.119858,0.0137771
2324,0.0538178,0.0706862
2325,0.119985,0.0935423
2326,0.0601143,0.108586
2327,0.0601143,0.108586
2328,0.0601143,0.108586
2329,0.0870268,0.0674784
2330,0.0510892,0.117869
2331,0.0510892,0.117869
2332,0.0510892,0.117869
2333,0.0510892,0.117869
2334,0.0961738,0.128087
2335,0.0702337,0.0612851
2336,0.0702337,0.0612851
2337,0.0377652,0.0713567
2338,0.0377652,0.0713567
2339,0.0377652,0.0713567
2340,0.0309141,0.108553
2341,0.0309141,0.108553
2342,0.0563786,0.0945687
2343,0.0899927,0.0482514
2344,0.0714221,0.0548017
2345,0.0777372,0.128224
2346,0.0849435,0.0903792
2347,0.125081,0.0894341
2348,0.111272,0.0934706
2349,0.17861,0.108915
2350,0.111619,0.13356
2351,0.168427,0.128773
2352,0.168427,0.128773
2353,0.13793,0.0280568
2354,0.13793,0.0280568
2355,0.0974874,0.0938947
2356,0.135707,0.113354
2357,0.162018,0.180141
2358,0.162018,0.180141
2359,0.181986,0.194071
2360,0.181986,0.194071
2361,0.181986,0.194071
2362,0.181986,0.194071
2363,0.181986,0.194071
2364,0.190427,0.208689
2365,0.190427,0.208689
2366,0.190427,0.208689
2367,0.190427,0.208689
2368,0.197195,0.104943
2369,0.199884,0.076431
2370,0.20168,0.0302275
2371,0.208749,0.0496968
2372,0.226654,0.0490911
2373,0.226654,0.0490911
2374,0.120113,0.0083402
2375,0.120113,0.0083402
2376,0.120113,0.0083402
2377,0.136435,0.0782626
2378,0.136435,0.0782626
2379,0.170315,0.0670889
2380,0.170315,0.0670889
2381,0.170315,0.0670889
2382,0.100033,0.094448
2383,0.100033,0.094448
2384,0.18349,0.0335298
2385,0.182101,0.0820266
2386,0.182101,0.0820266
2387,0.182101,0.0820266
2388,0.136697,0.102388
2389,0.106132,0.106374
2390,0.106132,0.106374
2391,0.106132,0.106374
2392,0.0528587,0.0684723
2393,0.0945304,0.140673
2394,0.0346275,0.0986677
2395,0.0346275,0.0986677
2396,0.0346275,0.0986677
2397,0.0937192,0.0809012
2398,0.0937192,0.0809012
2399,0.0363665,0.0727583
2400,0.0220629,0.0259974
2401,0.0220629,0.0259974
2402,0.0220629,0.0259974
2403,0.0220629,0.0259974
2404,0.0220629,0.0259974
2405,0.1013,0.0525984
2406,0.0935317,0.0100971
2407,0.0529589,0.00921336
2408,0.0529589,0.00921336
2409,0.0177355,0.0789859
2410,0.0556463,0.0261633
2411,0.0770771,0.0434664
2412,0.0770771,0.0434664
2413,0.0731239,0.020397
2414,0.0922606,0.0125781
2415,0.126857,0.0177541
2416,0.0511526,0.035392
2417,0.0944146,0.0280451
2418,0.0884908,0.0279327
2419,0.0884908,0.0279327
2420,0.0815078,0.0339813
2421,0.0815078,0.0339813
2422,0.131712,0.0322428
2423,0.131712,0.0322428
2424,0.134407,0.0327794
2425,0.08875,0.0414343
2426,0.0625484,0.083267
2427,0.0705064,0.0564911
2428,0.191992,0.0236856
2429,0.191992,0.0236856
2430,0.0692852,0.0740749
2431,0.10009,0.0187588
2432,0.029688,0.102119
2433,0.029688,0.102119
2434,0.029688,0.102119
2435,0.0665507,0.0303308
2436,0.0481559,0.0438578
2437,0.112722,0.0916481
2438,0.112722,0.0916481
2439,0.058302,0.0795356
2440,0.058302,0.0795356
2441,0.058302,0.0795356
2442,0.058302,0.0795356
2443,0.0494013,0.0954617
2444,0.0494013,0.0954617
2445,0.0494013,0.0954617
2446,0.0546121,0.101706
2447,0.0546121,0.101706
2448,0.0361347,0.0580266
2449,0.0361347,0.0580266
2450,0.0374572,0.0894658
2451,0.0664125,0.0432043
2452,0.0459122,0.0459518
2453,0.0391109,0.0753875
2454,0.0391109,0.0753875
2455,0.0647182,0.0100761
2456,0.0439097,0.0852785
2457,0.0807047,0.0416557
2458,0.0499158,0.0300769
2459,0.0245728,0.0399758
2460,0.0245728,0.0399758
2461,0.0245728,0.0399758
2462,0.0574775,0.0661439
2463,0.0574775,0.0661439
2464,0.0574775,0.0661439
2465,0.0927063,0.111051
2466,0.0725751,0.127836
2467,0.0467236,0.112132
2468,0.0279925,0.0807189
2469,0.0279925,0.0807189
2470,0.0168552,0.0938271
2471,0.0168552,0.0938271
2472,0.0158814,0.0572066
2473,0.0592135,0.0936218
2474,0.0592135,0.0936218
2475,0.0218869,0.078765
2476,0.0751642,0.0720973
2477,0.0751642,0.0720973
2478,0.106428,0.0203112
2479,0.120636,0.0963357
2480,0.135777,0.0117623
2481,0.135777,0.0117623
2482,0.135777,0.0117623
2483,0.135777,0.0117623
2484,0.0538052,0.0971989
2485,0.081585,0.109165
2486,0.081585,0.109165
2487,0.070258,0.134676
2488,0.0772389,0.11652
2489,0.0585811,0.066099
2490,0.0948174,0.0544321
2491,0.0948174,0.0544321
2492,0.0702342,0.130406
2493,0.0376389,0.15449
2494,0.0376389,0.15449
2495,0.0304257,0.210008
2496,0.0304257,0.210008
2497,0.023931,0.155296
2498,0.0309885,0.136056
2499,0.0294723,0.225364
2500,0.0675564,0.131254
2501,0.0675564,0.131254
2502,0.0675564,0.131254
2503,0.0675564,0.131254
2504,0.013147,0.134939
2505,0.0939028,0.123104
2506,0.0939028,0.123104
2507,0.0961747,0.181678
2508,0.115332,0.132165
2509,0.115332,0.132165
2510,0.0979362,0.152211
2511,0.0979362,0.152211
2512,0.0500827,0.128206
2513,0.0500827,0.128206
2514,0.0675285,0.0751017
2515,0.0675285,0.0751017
2516,0.0675285,0.0751017
2517,0.0272883,0.128275
2518,0.0604954,0.126368
2519,0.0604954,0.126368
2520,0.11541,0.158071
2521,0.11541,0.158071
2522,0.11541,0.158071
2523,0.0805944,0.0896293
2524,0.0872785,0.0611012
2525,0.0420491,0.0480943
2526,0.0237925,0.0711353
2527,0.0237925,0.0711353
2528,0.0298013,0.0909414
2529,0.0298013,0.0909414
2530,0.0298013,0.0909414
2531,0.10222,0.110902
2532,0.147771,0.149717
2533,0.147771,0.149717
2534,0.206136,0.115125
2535,0.206136,0.115125
2536,0.206136,0.115125
2537,0.206136,0.115125
2538,0.0890207,0.0678541
2539,0.0890207,0.0678541
2540,0.0890207,0.0678541
2541,0.0890207,0.0678541
2542,0.10121,0.0927519
2543,0.141938,0.0714553
2544,0.113125,0.0357877
2545,0.113125,0.0357877
2546,0.113125,0.0357877
2547,0.113125,0.0357877
2548,0.113125,0.0357877
2549,0.146619,0.0459302
2550,0.146619,0.0459302
2551,0.146619,0.0459302
2552,0.146619,0.0459302
2553,0.0973681,0.0613297
2554,0.144105,0.0168352
2555,0.144105,0.0168352
2556,0.0983119,0.0723934
2557,0.0432828,0.0610161
2558,0.0432828,0.0610161
2559,0.0324686,0.0575873
2560,0.0400946,0.0868024
2561,0.0400946,0.0868024
2562,0.0400946,0.0868024
2563,0.0400946,0.0868024
2564,0.0565562,0.0872221
2565,0.0246462,0.0638326
2566,0.0246462,0.0638326
2567,0.025781,0.0313659
2568,0.0180189,0.0058488
2569,0.0180189,0.0058488
2570,0.0282352,0.0157428
2571,0.0348281,0.00425917
2572,0.0348281,0.00425917
2573,0.0348281,0.00425917
2574,0.0742148,0.0313373
2575,0.0781943,0.0408525
2576,0.0781943,0.0408525
2577,0.0781943,0.0408525
2578,0.054496,0.0627356
2579,0.054496,0.0627356
2580,0.054496,0.0627356
2581,0.054496,0.0627356
2582,0.045212,0.0294213
2583,0.045212,0.0294213
2584,0.045212,0.0294213
2585,0.0675812,0.015036
2586,0.0487054,0.0471539
2587,0.0487054,0.0471539
2588,0.0487054,0.0471539
2589,0.0487054,0.0471539
2590,0.0487054,0.0471539
2591,0.0796451,0.103215
2592,0.0796451,0.103215
2593,0.0987752,0.1099
2594,0.0987752,0.1099
2595,0.0987752,0.1099
2596,0.0851066,0.141953
2597,0.0851066,0.141953
2598,0.0851066,0.141953
2599,0.0439114,0.0995416
2600,0.0308008,0.0882875
2601,0.0549547,0.112016
2602,0.0549547,0.112016
2603,0.0549547,0.112016
2604,0.0902378,0.0933546
2605,0.0902378,0.0933546
2606,0.0711445,0.196336
2607,0.0669181,0.190801
2608,0.0669181,0.190801
2609,0.0438804,0.216841
2610,0.0522301,0.104174
2611,0.0522301,0.104174
2612,0.0522301,0.104174
2613,0.0522301,0.104174
2614,0.0408851,0.0729264
2615,0.0408851,0.0729264
2616,0.0905239,0.0103513
2617,0.0905239,0.0103513
2618,0.108147,0.0586367
2619,0.101515,0.0438361
2620,0.101515,0.0438361
2621,0.140569,0.0758073
2622,0.140569,0.0758073
2623,0.0939396,0.0551817
2624,0.0939396,0.0551817
2625,0.0939396,0.0551817
2626,0.0939396,0.0551817
2627,0.0939396,0.0551817
2628,0.0939396,0.0551817
2629,0.0501206,0.0364312
2630,0.0489457,0.0477239
2631,0.0489457,0.0477239
2632,0.120083,0.0260495
2633,0.120912,0.0131205
2634,0.120912,0.0131205
2635,0.120912,0.0131205
2636,0.12074,0.0679288
2637,0.12074,0.0679288
2638,0.12074,0.0679288
2639,0.12074,0.0679288
2640,0.12074,0.0679288
2641,0.12074,0.0679288
2642,0.12074,0.0679288
2643,0.161417,0.0147867
2644,0.0963264,0.0658114
2645,0.0963264,0.0658114
2646,0.0963264,0.0658114
2647,0.044088,0.0427524
2648,0.0721465,0.0437021
2649,0.0721465,0.0437021
2650,0.0679914,0.0147098
2651,0.0679914,0.0147098
2652,0.0679914,0.0147098
2653,0.0976966,0.0834969
2654,0.0976966,0.0834969
2655,0.0409006,0.0265764
2656,0.179491,0.0536491
2657,0.0894856,0.090673
2658,0.0894856,0.090673
2659,0.0894856,0.090673
2660,0.178863,0.0944718
2661,0.176481,0.0377205
2662,0.137286,0.0280762
2663,0.134346,0.0429528
2664,0.134346,0.0429528
2665,0.134346,0.0429528
2666,0.134346,0.0429528
2667,0.0686796,0.0518606
2668,0.0686796,0.0518606
2669,0.0511207,0.00784004
2670,0.0288889,0.00879096
2671,0.0288889,0.00879096
2672,0.00319886,0.0651479
2673,0.0571131,0.0720967
2674,0.081047,0.0685732
2675,0.081047,0.0685732
2676,0.081047,0.0685732
2677,0.081047,0.0685732
2678,0.081047,0.0685732
2679,0.081047,0.0685732
2680,0.081047,0.0685732
2681,0.042925,0.0705853
2682,0.042925,0.0705853
2683,0.0878004,0.0614681
2684,0.0878004,0.0614681
2685,0.0878004,0.0614681
2686,0.0878004,0.0614681
2687,0.076434,0.0326766
2688,0.076434,0.0326766
2689,0.076434,0.0326766
2690,0.107774,0.0533118
2691,0.0517087,0.0226082
2692,0.0517087,0.0226082
2693,0.0146955,0.0515157
2694,0.0146955,0.0515157
2695,0.0146955,0.0515157
2696,0.0146955,0.0515157
2697,0.105199,0.09398
2698,0.0319815,0.100062
2699,0.0319815,0.100062
2700,0.0319815,0.100062
2701,0.0319815,0.100062
2702,0.053228,0.0562958
2703,0.0666983,0.0853672
2704,0.0666983,0.0853672
2705,0.0666983,0.0853672
2706,0.0648996,0.0694207
2707,0.0901905,0.0770199
2708,0.130777,0.0468091
2709,0.130777,0.0468091
2710,0.113082,0.0442677
2711,0.113082,0.0442677
2712,0.0733682,0.0441051
2713,0.0733682,0.0441051
2714,0.0720633,0.0391811
2715,0.0720633,0.0391811
2716,0.0720633,0.0391811
2717,0.0834254,0.0371282
2718,0.0469805,0.0301101
2719,0.101727,0.0528666
2720,0.0596204,0.0265653
2721,0.0762973,0.0654311
2722,0.0762973,0.0654311
2723,0.0447943,0.177619
2724,0.0777581,0.0961852
2725,0.0777581,0.0961852
2726,0.0777581,0.0961852
2727,0.0777581,0.0961852
2728,0.0777581,0.0961852
2729,0.0165528,0.0300051
2730,0.0154676,0.0313644
2731,0.0154676,0.0313644
2732,0.0154676,0.0313644
2733,0.0797988,0.0819897
2734,0.0618023,0.0741285
2735,0.0586038,0.0968179
2736,0.038609,0.0661581
2737,0.00588289,0.08552
2738,0.00432854,0.0890301
2739,0.00432854,0.0890301
2740,0.0646863,0.0615498
2741,0.0417321,0.00728931
2742,0.0417321,0.00728931
2743,0.119235,0.0754592
2744,0.0417221,0.0599119
2745,0.0417221,0.0599119
2746,0.0390598,0.0384574
2747,0.0299418,0.0682095
2748,0.0299418,0.0682095
2749,0.013571,0.116202
2750,0.013571,0.116202
2751,0.013571,0.116202
2752,0.023349,0.150259
2753,0.0722811,0.0972154
2754,0.0675209,0.0906648
2755,0.0675209,0.0906648
2756,0.0675209,0.0906648
2757,0.0369555,0.0629574
2758,0.0500219,0.0427925
2759,0.0500219,0.0427925
2760,0.0500219,0.0427925
2761,0.0696844,0.0987484
2762,0.0588341,0.0933209
2763,0.0456268,0.0914442
2764,0.0469429,0.125341
2765,0.0469429,0.125341
2766,0.0855291,0.107598
2767,0.109176,0.103861
2768,0.0281666,0.123747
2769,0.0541522,0.110452
2770,0.068165,0.119465
2771,0.068165,0.119465
2772,0.068165,0.119465
2773,0.0690211,0.134315
2774,0.0733529,0.0856969
2775,0.0733529,0.0856969
2776,0.0348237,0.120949
2777,0.0202573,0.12464
2778,0.053952,0.0891656
2779,0.053952,0.0891656
2780,0.128081,0.152757
2781,0.0607175,0.0759989
2782,0.108608,0.071009
2783,0.108608,0.071009
2784,0.0827101,0.089021
2785,0.0820519,0.0466089
2786,0.0820519,0.0466089
2787,0.0820519,0.0466089
2788,0.0887231,0.0465109
2789,0.0699346,0.032439
2790,0.0699346,0.032439
2791,0.0699346,0.032439
2792,0.0526637,0.0771692
2793,0.101843,0.174111
2794,0.0738432,0.136291
2795,0.0583156,0.0922504
2796,0.0701093,0.0365491
2797,0.151397,0.0233695
2798,0.0934629,0.0279413
2799,0.0934629,0.0279413
2800,0.0934629,0.0279413
2801,0.127465,0.0187227
2802,0.131374,0.0290388
2803,0.166934,0.0538862
2804,0.060965,0.0679919
2805,0.0549238,0.10587
2806,0.0219631,0.0985427
2807,0.0219631,0.0985427
2808,0.0258608,0.0433242
2809,0.0666474,0.0415416
2810,0.0533698,0.0472222
2811,0.0868142,0.101379
2812,0.0759129,0.05986
2813,0.0214431,0.0630498
2814,0.0198259,0.0366875
2815,0.0762258,0.088365
2816,0.0852801,0.0831907
2817,0.0852801,0.0831907
2818,0.0670703,0.0993663
2819,0.0670703,0.0993663
2820,0.0670703,0.0993663
2821,0.0670703,0.0993663
2822,0.0755035,0.0471128
2823,0.119431,0.035348
2824,0.150173,0.0498323
2825,0.14925,0.146817
2826,0.156976,0.100014
2827,0.0813624,0.0220356
2828,0.0707719,0.041074
2829,0.0993757,0.144644
2830,0.0993757,0.144644
2831,0.0802392,0.0418607
2832,0.0331544,0.0673933
2833,0.0331544,0.0673933
2834,0.0331544,0.0673933
2835,0.0844128,0.0495726
2836,0.0463819,0.0455894
2837,0.0463819,0.0455894
2838,0.0932284,0.125771
2839,0.166231,0.168374
2840,0.116584,0.112747
2841,0.184816,0.14063
2842,0.184816,0.14063
2843,0.121322,0.0823788
2844,0.121322,0.0823788
2845,0.121322,0.0823788
2846,0.153186,0.0960264
2847,0.162683,0.112485
2848,0.162683,0.112485
2849,0.131773,0.0289574
2850,0.162767,0.0277204
2851,0.186081,0.0415615
2852,0.186081,0.0415615
2853,0.18032,0.0557857
2854,0.113356,0.0756921
2855,0.113356,0.0756921
2856,0.0592136,0.11799
2857,0.0592136,0.11799
2858,0.0592136,0.11799
2859,0.0592136,0.11799
2860,0.0270663,0.093758
2861,0.0270663,0.093758
2862,0.0453489,0.162943
2863,0.0453489,0.162943
2864,0.131556,0.150775
2865,0.131556,0.150775
2866,0.131556,0.150775
2867,0.131556,0.150775
2868,0.131556,0.150775
2869,0.165943,0.156866
2870,0.165943,0.156866
2871,0.165943,0.156866
2872,0.165943,0.156866
2873,0.165943,0.156866
2874,0.0937091,0.0731364
2875,0.0534055,0.0726141
2876,0.0534055,0.0726141
2877,0.0534055,0.0726141
2878,0.149335,0.0389928
2879,0.149335,0.0389928
2880,0.0372312,0.0895977
2881,0.0428238,0.0697654
2882,0.0232579,0.0597966
2883,0.0232579,0.0597966
2884,0.0232579,0.0597966
2885,0.0428217,0.106153
2886,0.0428217,0.106153
2887,0.0831151,0.0679126
2888,0.0661494,0.0151154
2889,0.0339664,0.0155193
2890,0.058913,0.0630939
2891,0.151615,0.0347521
2892,0.101355,0.0289073
2893,0.101355,0.0289073
2894,0.101355,0.0289073
2895,0.101355,0.0289073
2896,0.101355,0.0289073
2897,0.110298,0.0496859
2898,0.0349744,0.0239807
2899,0.041448,0.0588797
2900,0.0788685,0.0146079
2901,0.081499,0.0464245
2902,0.081499,0.0464245
2903,0.0750317,0.0258326
2904,0.109955,0.0766042
2905,0.131646,0.0399925
2906,0.101569,0.0503302
2907,0.0817442,0.0330018
2908,0.049749,0.09942
2909,0.0575035,0.10279
2910,0.0575035,0.10279
2911,0.0575035,0.10279
2912,0.0575035,0.10279
2913,0.11272,0.147653
2914,0.11272,0.147653
2915,0.11272,0.147653
2916,0.188049,0.0344231
2917,0.188049,0.0344231
2918,0.0781852,0.0258897
2919,0.143305,0.0824566
2920,0.143305,0.0824566
2921,0.102496,0.0291737
2922,0.0714377,0.0798501
2923,0.112229,0.0987908
2924,0.0443698,0.0243919
2925,0.087535,0.0802005
2926,0.0982212,0.0620944
2927,0.0982212,0.0620944
2928,0.0788599,0.0255758
2929,0.0788599,0.0255758
2930,0.127203,0.10663
2931,0.127203,0.10663
2932,0.0907136,0.0637046
2933,0.0907136,0.0637046
2934,0.112361,0.146114
2935,0.137685,0.0852031
2936,0.137685,0.0852031
2937,0.0982066,0.17472
2938,0.0566898,0.185445
2939,0.111844,0.226757
2940,0.0667392,0.14276
2941,0.134211,0.115756
2942,0.131626,0.0611085
2943,0.131626,0.0611085
2944,0.123206,0.0368276
2945,0.0723976,0.0420527
2946,0.0450988,0.0591662
2947,0.115555,0.0577879
2948,0.115555,0.0577879
2949,0.0640721,0.0825932
2950,0.136335,0.0692527
2951,0.136335,0.0692527
2952,0.109466,0.0587504
2953,0.10847,0.0576204
2954,0.10847,0.0576204
2955,0.140361,0.100425
2956,0.140361,0.100425
2957,0.140361,0.100425
2958,0.213338,0.0906457
2959,0.194163,0.0735577
2960,0.0642801,0.14055
2961,0.13586,0.104635
2962,0.147423,0.0805093
2963,0.147423,0.0805093
2964,0.13516,0.0703209
2965,0.15158,0.11698
2966,0.137341,0.11784
2967,0.0637287,0.058005
2968,0.0637287,0.058005
2969,0.0817053,0.0673635
2970,0.0600975,0.157083
2971,0.0965508,0.194043
2972,0.0965508,0.194043
2973,0.120486,0.0477418
2974,0.15526,0.0557463
2975,0.15526,0.0557463
2976,0.203628,0.0391467
2977,0.149237,0.0298413
2978,0.135486,0.0267826
2979,0.0763315,0.069672
2980,0.101656,0.0432624
2981,0.102153,0.0516361
2982,0.0819634,0.0148273
2983,0.0819634,0.0148273
2984,0.0819634,0.0148273
2985,0.0819634,0.0148273
2986,0.0819634,0.0148273
2987,0.0819634,0.0148273
2988,0.0819634,0.0148273
2989,0.0819634,0.0148273
2990,0.0819634,0.0148273
2991,0.0819634,0.0148273
2992,0.106907,0.0428754
2993,0.126911,0.0496539
2994,0.205975,0.11232
2995,0.205975,0.11232
2996,0.0962367,0.0569331
2997,0.176518,0.0517503
2998,0.168611,0.0624779
2999,0.213938,0.0825446
3000,0.269952,0.00636905
