ReTr(Ly),ImTr(Ly)
0.842871,0.121801
0.776921,0.137015
0.725368,0.205357
0.681076,0.24328
0.582534,0.216294
0.564913,0.205335
0.526443,0.247425
0.505419,0.19951
0.426684,0.155586
0.409857,0.142029
0.357135,0.144471
0.31375,0.14593
0.294709,0.180315
0.261101,0.170545
0.21671,0.185556
0.141895,0.173266
0.14145,0.156904
0.108583,0.16888
0.101286,0.112913
0.0821331,0.117844
0.134831,0.140025
0.0821984,0.125449
0.0653259,0.105081
0.112475,0.112296
0.0353579,0.0875482
0.0305633,0.0823706
0.0231433,0.089722
0.0622855,0.0956539
0.0372769,0.114403
0.0061557,0.120257
-0.011911,0.131071
-0.00637832,0.133074
0.040355,0.16982
0.0588341,0.185604
0.0588341,0.185604
0.0136171,0.121254
0.0298905,0.116397
0.0136308,0.0851081
0.00869328,0.0907046
-0.000416078,0.0815691
0.0133052,0.116749
-0.0139051,0.104567
-0.0564894,0.0812495
-0.00272308,0.0512955
-0.00961769,0.0264887
-0.00669847,0.0149187
-0.0200927,-0.00829609
0.0128289,-0.0234016
0.00647461,-0.0071768
-0.054862,-0.0394049
-0.0140655,-0.0476499
0.0484974,0.0175415
0.0484974,0.0175415
0.0282062,-0.0207371
-0.00157111,-0.0220431
0.0737799,-0.0641535
0.0737799,-0.0641535
0.0737799,-0.0641535
0.0777595,-0.0412617
0.0777595,-0.0412617
0.0777595,-0.0412617
0.0763559,-0.0785921
-0.00308649,-0.0388484
-0.00308649,-0.0388484
0.0134398,-0.0588427
0.0272609,-0.0653319
0.0272609,-0.0653319
0.0595575,-0.0764669
0.0595575,-0.0764669
0.0521376,-0.0842211
0.0521376,-0.0842211
0.0521376,-0.0842211
0.0521376,-0.0842211
-0.00363577,-0.0322677
0.00787706,0.0170015
0.00787706,0.0170015
0.0227151,0.00473177
0.0173391,-0.00291905
-0.0163483,-0.0839115
-0.0230736,-0.045586
-0.0142133,-0.0284486
-0.0156617,-0.0481539
-0.026574,-0.0501212
-0.0675914,-0.127378
-0.046451,-0.106994
-0.046451,-0.106994
-0.0134426,-0.0814707
-0.00304375,-0.0477836
-0.00805227,-0.00936484
-0.0297647,-0.0238476
-0.0297647,-0.0238476
-0.0231745,-0.039233
-0.0664299,-0.043783
0.0129155,-0.0605258
0.0129155,-0.0605258
-0.0170029,-0.0136015
-0.0164896,0.0439935
-0.0276277,0.039828
0.0320908,0.031878
0.00995278,0.013139
0.0271945,-0.00185216
0.0233186,0.00414733
0.0181344,-0.00376128
-0.0297686,-0.0255835
-0.0297686,-0.0255835
-0.0297686,-0.0255835
-0.0156194,-0.0165623
0.0484225,-0.0313684
0.0493767,-0.0290576
0.0493767,-0.0290576
0.0263034,-0.0395597
-0.0199339,-0.0323135
-0.0199339,-0.0323135
-0.0344551,0.0394448
-0.0307231,0.011135
-0.0716715,0.0543993
-0.0775239,0.0998027
-0.0480411,0.0645571
-0.0480411,0.0645571
-0.0480411,0.0645571
-0.0480411,0.0645571
-0.0278061,0.0249697
-0.0425446,0.0394079
-0.0417301,0.0523038
-0.0417301,0.0523038
-0.0898002,0.0223795
-0.0815161,0.04771
-0.106119,0.0366321
-0.106119,0.0366321
-0.0926054,0.0621564
-0.0926054,0.0621564
-0.0834805,0.0342885
-0.0992029,0.0474827
-0.0898453,0.0506459
-0.0898453,0.0506459
-0.0898453,0.0506459
-0.120163,-0.0153223
-0.0866876,-0.0247731
-0.0866876,-0.0247731
-0.0907506,0.0278195
-0.0907506,0.0278195
-0.119505,-0.007967
-0.0942844,0.0263084
-0.0942844,0.0263084
-0.0942844,0.0263084
-0.093213,-0.0183489
-0.0567863,0.0150303
-0.0542072,0.000690879
-0.0542072,0.000690879
-0.0356322,-0.00398454
-0.0190827,0.0164334
-0.0204448,0.0217498
-0.00775322,0.00255526
0.00334469,0.0451114
0.00334469,0.0451114
0.00334469,0.0451114
0.00334469,0.0451114
0.0556774,0.043808
0.0463239,0.00650051
0.0463239,0.00650051
0.0339718,0.0469346
0.0843306,0.0111331
0.0780582,-0.000213964
0.0359916,0.0113946
0.0359916,0.0113946
0.0754405,0.0410546
0.0754405,0.0410546
0.0675918,0.0125074
0.0675918,0.0125074
0.088302,-0.0311035
0.088302,-0.0311035
0.079331,-0.0146504
0.0522484,0.00134041
0.0649643,-0.0141956
0.0649643,-0.0141956
0.0649643,-0.0141956
0.0649643,-0.0141956
0.0649643,-0.0141956
0.0954813,-0.00104816
0.140539,-0.0275356
0.111885,-0.00440246
0.0848518,0.0550971
0.106694,-0.000978488
0.0852026,0.00738024
0.0813715,-0.0192169
0.11625,-0.0130212
0.11625,-0.0130212
0.0689506,-0.0406863
0.0865994,-0.0548149
0.0398535,-0.00195764
0.0398535,-0.00195764
0.0398535,-0.00195764
0.0398535,-0.00195764
0.0410134,-0.0266829
0.032303,0.00227536
0.032303,0.00227536
0.0536021,0.0122302
0.0420364,0.0546026
0.0117027,0.0389463
-0.0152141,0.031825
0.00906431,0.0705606
0.00906431,0.0705606
0.00354977,0.0397983
0.0147266,0.00828072
0.0147266,0.00828072
0.0147266,0.00828072
-0.0050878,0.0405061
-0.0050878,0.0405061
-0.0050878,0.0405061
-0.041962,0.00520714
-0.0298914,0.018332
-0.0417714,0.0243311
-0.0222914,-0.00753722
-0.028918,-0.00494919
0.00446175,0.0236245
-0.00241029,0.040575
-0.0138009,0.0707543
-0.00780754,0.0971715
0.0468855,0.0796985
0.0468855,0.0796985
0.0468855,0.0796985
0.0367109,0.0313192
0.0528949,0.0530306
0.0795803,0.0612948
0.0716895,0.0442615
0.0546206,0.0895222
0.00676261,0.0715748
0.0180136,0.0797474
0.0261933,0.0862805
0.0261933,0.0862805
0.0261933,0.0862805
0.0145186,0.0828096
0.0145186,0.0828096
0.0145186,0.0828096
0.052429,0.0529777
0.052429,0.0529777
0.052429,0.0529777
0.052429,0.0529777
0.0324668,0.0917419
0.0324668,0.0917419
0.0324668,0.0917419
0.0324668,0.0917419
0.0256728,0.063427
0.00457314,0.0890907
0.0174944,0.0919799
0.00432725,0.048502
-0.0267746,0.052675
-0.0267746,0.052675
-0.0267746,0.052675
0.0163331,0.0592418
0.0917816,0.0479681
0.013417,0.0184428
-0.0203273,0.022035
-0.0142036,-0.0132095
-0.0103304,-0.030678
0.021596,-0.021193
0.0542316,-0.0326174
0.0542316,-0.0326174
0.0542316,-0.0326174
0.0374826,0.00591078
0.0479697,-0.0208556
0.0479697,-0.0208556
0.0479697,-0.0208556
0.0485145,-0.013132
0.0485145,-0.013132
0.041942,-0.0306405
0.0701001,-0.0250229
0.0595165,-0.0274997
0.0595165,-0.0274997
0.0542641,-0.0297518
0.0705145,-0.0190943
0.0618511,0.01707
0.0446245,-0.0122844
0.0446245,-0.0122844
0.0324884,-0.00243799
0.067155,-0.0366358
0.0616129,-0.0295549
0.0567266,-0.0535912
0.0622719,-0.0660866
0.08987,-0.0510907
0.0256938,-0.0458462
0.0256938,-0.0458462
0.0256938,-0.0458462
0.0256938,-0.0458462
0.0256938,-0.0458462
0.0256938,-0.0458462
0.0286419,-0.0408048
0.0106738,-0.0570421
0.0106738,-0.0570421
0.0795872,-0.00690804
0.0795872,-0.00690804
0.0795872,-0.00690804
0.0795872,-0.00690804
0.0815147,-0.0333657
0.0409301,-0.0492724
0.0524536,-0.0341588
0.00246661,-0.0447619
0.0237069,-0.0560249
-0.0087375,-0.014494
-0.0087375,-0.014494
-0.0087375,-0.014494
-0.0094199,-0.00617501
0.0242855,-0.0121189
-0.013622,-0.0199869
-0.0269879,-0.0267281
-0.0269879,-0.0267281
0.0417457,0.00440537
0.0550255,-0.0375984
0.0550255,-0.0375984
0.0921493,-0.0459016
0.0921493,-0.0459016
0.0728065,-0.0641511
0.0193104,-0.0596916
0.0193104,-0.0596916
0.027053,-0.0435334
0.0554632,-0.0333721
0.0667887,-0.082648
0.0667887,-0.082648
0.0667887,-0.082648
0.0667887,-0.082648
0.0703181,-0.067143
0.0775829,-0.00941944
0.043546,0.0106445
0.043546,0.0106445
0.0712641,-0.011492
0.0712641,-0.011492
0.0383607,0.0295456
0.0383607,0.0295456
0.0383607,0.0295456
0.0383607,0.0295456
0.0383607,0.0295456
0.0383607,0.0295456
0.0383607,0.0295456
0.0383607,0.0295456
0.0383607,0.0295456
0.0383607,0.0295456
0.0383607,0.0295456
0.0246097,-0.0117596
0.0250086,0.0134776
-0.00162219,0.0334951
-0.00182046,0.00266775
0.0364486,0.0166569
0.0364486,0.0166569
0.0364486,0.0166569
0.0364486,0.0166569
0.0689094,-0.00324849
0.0559526,0.0235924
0.077016,0.0208296
0.0512647,0.00461795
0.0461301,-0.0567563
0.0461301,-0.0567563
0.0680315,-0.0177449
0.0680315,-0.0177449
0.0680315,-0.0177449
0.0680315,-0.0177449
0.073548,-0.0483065
0.0891521,0.00064046
0.0866621,-0.0237586
0.0853552,-0.0259474
0.0853552,-0.0259474
0.0853552,-0.0259474
0.0853552,-0.0259474
0.0853552,-0.0259474
0.0546289,-0.0114273
0.0604558,-0.021779
0.0576682,-0.0645191
0.0576682,-0.0645191
0.0786323,-0.040855
0.0558054,-0.0775771
0.0228305,-0.0374565
0.0228305,-0.0374565
0.0228305,-0.0374565
0.0228305,-0.0374565
0.0228305,-0.0374565
0.0130467,-0.0453026
0.0130467,-0.0453026
0.0675618,-0.0845313
0.0675618,-0.0845313
0.048692,-0.0735909
0.048692,-0.0735909
0.048692,-0.0735909
0.0419901,-0.067921
0.0406376,-0.0628514
0.0406376,-0.0628514
0.0222465,-0.0965088
-0.00266656,-0.0910335
-0.00266656,-0.0910335
-0.0683649,-0.0846385
-0.0683649,-0.0846385
-0.053804,-0.0951895
-0.053804,-0.0951895
-0.0279031,-0.0541775
0.00135228,-0.0360924
0.0239924,-0.0705449
0.0529584,-0.0563471
0.0547152,-0.0350606
9.05357e-05,-0.0338074
9.05357e-05,-0.0338074
9.05357e-05,-0.0338074
-0.0108548,-0.0205005
-0.0108548,-0.0205005
-0.0603275,-0.0369575
-0.0123818,0.00185746
0.0395271,0.0113214
0.033205,0.0673609
0.033205,0.0673609
0.0362655,0.0196253
0.0362655,0.0196253
0.0326434,0.0129506
0.011874,0.0394702
0.0113389,0.0115113
0.0111206,0.00819455
0.0235253,0.0261644
0.00928934,0.056309
-0.00735246,0.002619
-0.0109725,-0.00404114
0.02887,0.0175496
-0.012996,0.010854
-0.0134759,-0.000349879
-0.0243614,0.00568826
-0.0243614,0.00568826
-0.045929,-0.0305123
-0.045929,-0.0305123
0.0255592,-0.0293165
0.0255592,-0.0293165
-0.01001,-0.0394085
-0.0250021,-0.0337266
-0.00792102,-0.0370109
-0.00792102,-0.0370109
-0.00792102,-0.0370109
-0.00792102,-0.0370109
-0.00792102,-0.0370109
-0.00792102,-0.0370109
-0.00792102,-0.0370109
-0.00792102,-0.0370109
-0.0330061,-0.0344037
-0.044344,0.000609896
-0.0855921,0.0379991
-0.0855921,0.0379991
-0.102375,0.0705369
-0.102375,0.0705369
-0.102375,0.0705369
-0.102375,0.0705369
-0.102375,0.0705369
-0.102375,0.0705369
-0.102375,0.0705369
-0.104081,0.051017
-0.0806744,0.097461
-0.0623338,0.0853374
-0.0623338,0.0853374
-0.0765706,0.0724114
-0.0212363,0.0550536
-0.0159714,-0.00325839
-0.0159714,-0.00325839
-0.0252469,-0.0265107
-0.0290858,-0.0197444
-0.00384319,-0.00213007
-0.00384319,-0.00213007
-0.00384319,-0.00213007
-0.0202622,0.0414405
-0.0202622,0.0414405
-0.0202622,0.0414405
-0.00842612,0.0800363
-0.00842612,0.0800363
-0.0178381,0.0689804
-0.0540204,0.044804
-0.0321818,0.00473315
-0.0122284,-0.00452564
-0.0122284,-0.00452564
-0.0122284,-0.00452564
0.00709669,0.0200472
-0.0229036,0.0373653
-0.0241876,0.0257325
-0.0241876,0.0257325
-0.0234751,0.0301944
-0.0234751,0.0301944
-0.0333164,0.0510001
-0.0636594,0.0507786
-0.0636594,0.0507786
-0.0346805,0.00647469
0.0160108,-0.00732881
0.0160108,-0.00732881
-0.0166441,-0.0315612
-0.0166441,-0.0315612
-0.0277443,-0.0575533
-0.0488379,-0.0177349
-0.0461759,-0.0244215
-0.0145199,-0.0230754
-0.0312164,0.00209605
-0.0312164,0.00209605
-0.0110043,-0.00418159
-0.0151036,-0.0253939
-0.018935,0.0220449
-0.018935,0.0220449
0.0103767,0.00699586
-0.0146996,-0.00129391
0.0384469,-0.0214256
-0.000929911,-0.0289947
-0.0606391,-0.018527
-0.0606391,-0.018527
-0.0606391,-0.018527
-0.0459381,-0.0211719
-0.0459381,-0.0211719
-0.0421241,-0.0438214
-0.0421241,-0.0438214
-0.0421241,-0.0438214
-0.0371174,-0.0117757
-0.0617546,-0.0388371
-0.0617546,-0.0388371
-0.0798871,-0.0217262
-0.0525341,-0.0317151
-0.0290999,-0.0181961
-0.0107726,-0.00388666
-0.0755963,0.0320662
-0.0755963,0.0320662
-0.0442803,0.00677379
-0.0442803,0.00677379
-0.0644315,0.0292026
-0.0452436,0.0220753
-0.0142247,0.0451071
-0.0142247,0.0451071
-0.0188933,0.0351687
-0.0568081,0.025286
-0.0568081,0.025286
-0.0568081,0.025286
-0.0568081,0.025286
-0.0568081,0.025286
-0.0438781,0.034787
-0.0438781,0.034787
-0.0314224,0.0322445
-0.0400133,0.00440774
-0.0400133,0.00440774
-0.0617066,-0.00441426
-0.0617066,-0.00441426
-0.0485315,-0.0396898
-0.0485315,-0.0396898
-0.0485315,-0.0396898
-0.0804125,-0.0594184
-0.0678674,-0.0251885
-0.0678674,-0.0251885
-0.0715155,-0.0371792
-0.100853,-0.038898
-0.0884929,-0.00883305
-0.0884929,-0.00883305
-0.0884929,-0.00883305
-0.103631,0.0208286
-0.103631,0.0208286
-0.0586884,-0.0398924
-0.0550441,0.00336898
-0.0550441,0.00336898
-0.0473349,-0.00727776
-0.0473349,-0.00727776
-0.0425502,-0.00409356
-0.0116373,-0.0252475
-0.023962,-0.0325006
-0.0320944,-0.0245516
-0.0320944,-0.0245516
-0.0320944,-0.0245516
-0.0320944,-0.0245516
-0.0320944,-0.0245516
-0.0445699,-0.00534799
-0.00750561,-0.049885
-0.00750561,-0.049885
-0.031249,-0.03767
-0.0539254,-0.0538034
-0.03081,-0.0458452
-0.03081,-0.0458452
-0.03081,-0.0458452
-0.0448499,-0.0410278
-0.113323,-0.0578365
-0.113323,-0.0578365
-0.112571,-0.0527386
-0.0770041,-0.0244485
-0.0770041,-0.0244485
-0.0693493,-0.0465215
-0.0693493,-0.0465215
-0.0537935,7.50097e-07
-0.0537935,7.50097e-07
-0.0519555,-0.0103165
-0.046458,0.0266379
-0.0293625,0.00634252
-0.0293625,0.00634252
0.0125319,-0.0073068
0.00353263,-0.0228026
0.00353263,-0.0228026
-0.0305589,-0.0430925
0.0195025,-0.0199677
-0.0339127,0.00498833
-0.0339127,0.00498833
-0.0339127,0.00498833
-0.0339127,0.00498831
-0.0100023,0.0015158
-0.0437726,-0.00274688
-0.0429332,0.0312944
-0.00511204,-0.0308553
-0.00511204,-0.0308553
0.0395189,-0.0101616
0.0340872,-0.00162209
0.0343953,0.0131685
0.0266933,0.00259785
0.0266933,0.00259785
0.0266933,0.00259785
0.0266933,0.00259785
0.0471138,-0.00362395
0.0653455,0.0536143
0.0653455,0.0536143
0.0317035,-0.0132856
-0.00767902,-0.00343934
-0.012692,0.038175
-0.012692,0.038175
-0.00707866,0.0309076
-0.00707866,0.0309076
0.0351849,0.100581
0.0187238,0.0452314
0.026277,0.0422094
0.0397388,0.0532253
0.0212855,0.0259615
0.0495199,0.0125789
0.0288883,0.0711001
0.0462637,0.0433468
0.0462637,0.0433468
0.0462637,0.0433468
0.0462637,0.0433468
0.0462637,0.0433468
0.0462637,0.0433468
0.0462637,0.0433468
0.0462637,0.0433468
0.0462637,0.0433468
0.0462637,0.0433468
0.0208832,-0.0115273
0.00309972,-0.0403261
0.00309972,-0.0403261
0.00309972,-0.0403261
0.00309972,-0.0403261
0.00326791,-0.0202086
-0.017253,-0.0446968
-0.017253,-0.0446968
0.0328189,-0.0233974
0.0528653,-0.00138071
0.0528653,-0.00138071
0.0528653,-0.00138071
0.0528653,-0.00138071
0.0528653,-0.00138071
0.0839416,-0.0209821
0.102499,-0.0500283
0.102499,-0.0500283
0.0902099,0.0129111
0.13131,0.0355564
0.13131,0.0355564
0.105615,-0.00113321
0.0574799,-0.00902825
0.102175,0.00367207
0.102175,0.00367207
0.0436802,-0.02625
0.0436802,-0.02625
0.0436802,-0.02625
0.0436802,-0.02625
0.0436802,-0.02625
0.0436802,-0.02625
0.0721008,-0.0517436
0.0721008,-0.0517436
0.0728801,-0.027286
0.0324487,-0.0572341
-0.0100065,-0.0133677
-0.0100065,-0.0133677
-0.0112269,0.00411041
0.00542785,-0.0363617
-0.0371721,0.0221513
0.00312983,0.0313437
0.00312983,0.0313437
0.00312983,0.0313437
0.027877,0.042349
0.0216224,0.0635139
0.0591781,0.047822
0.0937744,0.0374071
0.0937744,0.0374071
0.0657114,0.0171266
0.0790566,0.0170949
0.0408784,0.00927374
0.0707611,-0.0126356
0.00409504,-0.0284431
0.0140497,-0.0105429
0.0140497,-0.0105429
0.0210969,0.00112658
0.0210969,0.00112658
0.0384072,0.00586313
0.0384072,0.00586313
0.0517639,0.00279489
0.0627161,-0.0168975
0.0199707,-0.0250028
-0.00329239,-0.0154074
-0.00329239,-0.0154074
-0.0153753,-0.0212692
0.0410249,-0.0746615
-0.00362685,-0.0744501
-0.00362685,-0.0744501
-0.0192416,-0.0926587
-0.0306177,-0.127472
-0.0500196,-0.117677
-0.00367505,-0.0642495
-0.00367505,-0.0642495
-0.00367505,-0.0642495
-0.00367505,-0.0642495
0.00945876,-0.077475
-0.0160949,-0.0608205
-0.00895534,-0.0708206
0.00895329,-0.0578716
0.00895329,-0.0578716
-0.0547595,-0.0859297
-0.0274424,-0.0972352
-0.0274424,-0.0972352
0.018727,-0.0828516
0.018727,-0.0828516
0.0368223,-0.0379126
0.0368223,-0.0379126
0.0273625,-0.0680247
0.0273625,-0.0680247
0.0273625,-0.0680247
0.033526,-0.0976912
0.0752011,-0.0667381
0.0752011,-0.0667381
0.0587214,-0.0422784
0.0587214,-0.0422784
0.0587214,-0.0422784
0.0587214,-0.0422784
0.0466917,-0.0691591
0.0682047,-0.0693066
0.0398942,-0.0549524
0.0584317,-0.0362796
0.0408521,-0.0299385
0.0408521,-0.0299385
0.0408521,-0.0299385
0.0297061,-0.0655238
0.0297061,-0.0655238
0.0297061,-0.0655238
0.0444411,-0.0540164
0.0597855,-0.00803377
0.0414544,-0.0416541
0.0414544,-0.0416541
0.00442075,-0.0560465
0.0143389,-0.0848555
0.0143389,-0.0848555
0.0179499,-0.0974646
0.0179499,-0.0974646
0.0397347,-0.0675381
0.0397347,-0.0675381
0.00273136,-0.0654356
0.00273136,-0.0654356
0.00273136,-0.0654356
0.00273136,-0.0654356
0.00273136,-0.0654356
0.00273136,-0.0654356
0.00273136,-0.0654356
0.010617,-0.102135
0.010617,-0.102135
0.0414532,-0.0937574
0.04702,-0.0813194
0.0286144,-0.0342935
0.0527371,-0.0305329
0.0527371,-0.0305329
0.0519649,-0.0420759
0.0519649,-0.0420759
0.0519649,-0.0420759
0.0549845,-0.0474116
0.0549845,-0.0474116
0.0549845,-0.0474116
0.0376209,-0.00271205
-0.00608644,0.0190835
0.00182834,0.0137126
0.00182834,0.0137126
0.00182834,0.0137126
0.00182834,0.0137126
0.00182834,0.0137126
0.0239544,0.0348679
0.0019732,-0.00858484
0.0551016,0.0293051
0.045207,0.00577435
0.0424896,0.0383694
0.0424896,0.0383694
0.0424896,0.0383694
0.0121121,0.000465976
0.0121121,0.000465976
0.0121121,0.000465976
0.0121121,0.000465976
0.0121121,0.000465976
0.0121121,0.000465976
0.0121121,0.000465976
0.0121121,0.000465976
0.00897032,0.0284532
0.02493,0.0220555
0.02493,0.0220555
-0.00641994,0.00249898
0.0231842,0.0186085
0.00789514,0.0283142
0.0132149,0.0156925
0.0126978,0.0496379
0.0153633,0.0347112
-0.00161511,0.0332716
-0.00161511,0.0332716
-0.0117584,0.0284116
0.00228546,0.0248314
-0.0157293,0.0570027
-0.0241106,0.0602497
-0.0654651,0.0909541
-0.0941733,0.0434894
-0.0785664,0.0070906
-0.0777195,0.0532101
-0.0906268,0.102718
-0.0970188,0.0571164
-0.119537,-0.00087359
-0.119537,-0.00087359
-0.119537,-0.00087359
-0.101341,-0.0476432
-0.101341,-0.0476432
-0.0658317,-0.0739458
-0.0658317,-0.0739458
-0.0687069,-0.0695246
-0.0687069,-0.0695246
-0.0687069,-0.0695246
-0.0687069,-0.0695246
-0.068979,-0.0853678
-0.0960474,-0.0582474
-0.0960474,-0.0582474
-0.0960474,-0.0582474
-0.0960474,-0.0582474
-0.103143,-0.0430175
-0.0888925,-0.0491554
-0.0822492,-0.013907
-0.0822492,-0.013907
-0.0942153,-0.0386674
-0.0489383,-0.0451044
-0.03727,-0.0650191
-0.014984,0.000759676
-0.014984,0.000759676
-0.0243654,-0.0495942
-0.0243654,-0.0495942
-0.0243654,-0.0495942
0.00960915,-0.0411593
0.00960915,-0.0411593
0.0125656,-0.0318096
0.0125656,-0.0318096
0.0125656,-0.0318096
0.0125656,-0.0318096
0.0451085,-0.0105734
-0.00118574,-0.0557897
-0.00118574,-0.0557897
-0.00118574,-0.0557897
0.00385199,-0.0428976
0.00385199,-0.0428976
0.0163359,-0.0514742
0.0163359,-0.0514742
0.0163359,-0.0514742
0.00945935,-0.117045
0.00945935,-0.117045
0.0216861,-0.0730144
0.019706,-0.0502421
0.00826401,-0.0595681
0.0596037,-0.0534393
0.0386252,-0.0341757
0.0384748,0.0325203
0.0521822,0.0206016
0.0521822,0.0206016
0.0521822,0.0206016
0.0548674,-0.0106842
0.036559,0.0231657
0.0323671,0.0224778
0.0411982,0.0569209
0.0214194,0.0674309
0.0214194,0.0674309
-0.0332905,0.0748026
-0.0457292,0.111782
-0.0390703,0.108117
-0.0469152,0.0868085
-0.0469152,0.0868085
-4.16709e-05,0.0469022
-4.16709e-05,0.0469022
0.0442842,0.0448905
0.0442842,0.0448905
0.00729324,0.0458069
0.00729324,0.0458069
0.00729324,0.0458069
0.00729324,0.0458069
-0.0146095,0.075444
-0.00740981,0.056749
0.0105854,0.0675264
0.0105854,0.0675264
0.00822924,0.0399464
0.0133046,0.0671319
0.0411266,0.0882231
0.0590357,0.0509486
0.0590357,0.0509486
0.0375981,0.0275728
0.0375981,0.0275728
0.0375981,0.0275728
0.0375981,0.0275728
0.0375981,0.0275728
0.0936122,0.00969011
0.0977973,-0.00043953
0.0977973,-0.00043953
0.121129,0.0701693
0.121129,0.0701693
0.121129,0.0701693
0.053806,0.0484137
0.142225,0.0156476
0.142225,0.0156476
0.149149,0.0117899
0.143141,0.00666934
0.143141,0.00666934
0.0902589,0.0199756
0.061318,0.0212641
0.061318,0.0212641
0.061318,0.0212641
0.0645953,-0.00938856
0.0809596,0.00893756
0.0809596,0.00893756
0.0809596,0.00893756
0.0878297,0.00942394
0.0987409,0.0212825
0.126946,0.0304285
0.0935851,-0.00181374
0.0935851,-0.00181374
0.118479,0.0253697
0.118479,0.0253697
0.0916928,0.0350865
0.0899785,0.029611
0.0782301,0.0335773
0.0782301,0.0335773
0.0782301,0.0335773
0.0756035,-0.00533941
0.0860725,0.0319188
0.0860725,0.0319188
0.128079,-0.00320168
0.0816168,0.0229854
0.0966606,0.00612541
0.0966606,0.00612541
0.0461316,0.0141362
0.00393411,-0.00743081
0.00393411,-0.00743081
0.0132967,0.0232182
0.0183861,-0.0119924
0.101295,0.0133629
0.101295,0.0133629
0.101295,0.0133629
0.0884894,0.017394
0.0518886,-0.0067369
0.0518886,-0.0067369
0.0518886,-0.0067369
0.0372655,0.0165634
-0.00539964,0.00329078
0.037309,0.012202
0.037309,0.012202
0.037309,0.012202
0.037309,0.012202
0.0515963,0.023129
0.0844104,-0.0147591
0.0559254,-0.0242544
0.117573,0.0242032
0.117573,0.0242032
0.117573,0.0242032
0.0828776,0.0472585
0.0562177,0.0582829
0.0562177,0.0582829
0.0818295,0.0592446
0.0818295,0.0592446
0.085171,0.0651687
0.0393534,0.0643279
0.0393534,0.0643279
0.0850262,0.0779072
0.0996656,0.0676392
0.072018,0.10167
0.072018,0.10167
0.072018,0.10167
0.0667665,0.0478631
0.0561814,0.0405639
0.0561814,0.0405639
0.0561814,0.0405639
0.0561814,0.0405639
0.0490371,0.0348274
0.0490371,0.0348274
0.0525236,0.0316944
0.0525236,0.0316944
0.0525236,0.0316944
0.0525236,0.0316944
0.0525236,0.0316944
0.0491057,0.0634455
0.0491057,0.0634455
0.0751069,0.046616
0.0751069,0.046616
0.0751069,0.046616
0.0751069,0.046616
0.0751069,0.046616
0.0667538,0.056316
0.0270234,0.0613616
0.0343772,0.046128
0.0343772,0.046128
0.0343772,0.046128
0.0369856,0.0178774
0.0491565,-0.0211579
0.0491565,-0.0211579
0.045073,-0.016043
0.045073,-0.016043
-0.00441608,-0.0139295
0.0345818,0.00509641
0.0345818,0.00509641
0.0273586,-0.0527354
0.056603,-0.0318102
0.056603,-0.0318102
0.056603,-0.0318102
0.0481782,-0.0210226
0.00220446,-0.00842215
0.0208242,-0.0363223
0.0208242,-0.0363223
-0.00407526,-0.0454194
-0.00407526,-0.0454194
-0.0352725,-0.0387448
-0.04708,-0.0780665
-0.04708,-0.0780665
-0.04708,-0.0780665
-0.04708,-0.0780665
-0.0346929,-0.0529777
-0.0290618,-0.0249285
0.0025448,-0.0104572
-0.0179784,-0.0143405
-0.0435618,-0.0762381
-0.0156948,-0.0886742
-0.017406,-0.113421
0.0159204,-0.10495
0.0159204,-0.10495
-0.0139425,-0.0816635
-0.0139425,-0.0816635
-0.0139425,-0.0816635
-0.00724777,-0.0779626
-0.00724777,-0.0779626
-0.00724777,-0.0779626
-0.00724777,-0.0779626
-0.00724777,-0.0779626
-0.00724777,-0.0779626
-0.0310936,-0.114746
-0.0310936,-0.114746
-0.0310936,-0.114746
-0.0310936,-0.114746
0.00325175,-0.145386
-0.00624714,-0.157966
-0.00624714,-0.157966
-0.00624714,-0.157966
-0.00624714,-0.157966
0.0269726,-0.141566
-0.0115205,-0.103931
0.00372083,-0.0827599
-0.00319645,-0.116023
-0.00319645,-0.116023
-0.00319645,-0.116023
-0.00319645,-0.116023
-0.0426626,-0.0951769
-0.0426626,-0.0951769
-0.0426626,-0.0951769
-0.0250093,-0.0874787
0.0119802,-0.0473968
0.0119802,-0.0473968
0.0119802,-0.0473968
0.00338565,-0.0421477
0.00338565,-0.0421477
0.00338565,-0.0421477
0.0382371,-0.0267824
0.0385957,-0.0338631
0.0356814,-0.0057678
-0.0118345,-0.0547491
-0.010963,-0.0198261
0.022848,0.0395734
0.0137846,0.0581091
-0.0123531,0.0242914
0.00570154,0.0213967
0.00570154,0.0213967
0.011913,-0.013746
0.011913,-0.013746
0.00247542,-0.030912
0.0295709,-0.0539027
0.0180335,-0.0234704
0.0457185,-0.0293866
0.0299281,0.00520663
0.0362131,0.00718824
0.00666529,-0.0195442
0.0175431,-0.0298436
-0.00450071,-0.0621884
-0.00450071,-0.0621884
-0.0209387,-0.083278
-0.0209387,-0.083278
-0.0876694,-0.0930138
-0.100625,-0.0411707
-0.0629859,-0.0749408
-0.0206839,-0.058345
0.0052112,-0.0617301
0.0284545,-0.077634
-0.00551508,-0.0394876
-0.00185546,-0.0414486
-0.00185546,-0.0414486
-0.00848947,-0.0407957
-0.00848947,-0.0407957
-0.0294254,-0.0638029
-0.00761541,-0.0505102
-0.00518074,-0.0105568
-0.00518074,-0.0105568
-0.0617125,-0.048832
-0.0617125,-0.048832
-0.0617125,-0.048832
-0.0832624,-0.045499
-0.0832624,-0.045499
-0.0832624,-0.045499
-0.0552956,-0.0834151
-0.0552956,-0.0834151
-0.0813636,-0.0578335
-0.0813636,-0.0578335
-0.0813636,-0.0578335
-0.0939539,-0.121106
-0.0873146,-0.0531849
-0.0635164,-0.0398604
-0.0728656,-0.044646
-0.0623499,-0.0206318
-0.0356174,0.0147789
-0.0207525,-0.0221084
-0.00213815,0.0165476
-0.0172255,0.00939723
-0.0312859,-0.00334766
-0.0210916,0.0203212
-0.0210916,0.0203212
-0.0406656,-0.0277347
-0.0726716,-0.00849723
-0.0726716,-0.00849723
-0.0726716,-0.00849723
-0.0726716,-0.00849723
-0.0586928,-0.00626926
-0.047283,-0.0356759
-0.047283,-0.0356759
-0.0315949,-0.0387658
-0.0315949,-0.0387658
-0.0461107,-0.0627811
-0.0853614,-0.0628515
-0.0853614,-0.0628515
-0.0392305,-0.0637878
-0.0549995,-0.0191711
-0.0464972,-0.00130349
-0.0413315,-0.0330579
-0.0413315,-0.0330579
-0.0171279,-0.0214994
0.000304797,-0.0240819
-0.0324915,-0.0157168
-0.0324915,-0.0157168
-0.0217472,-0.0537496
-0.0825764,0.00708987
0.0288735,-0.00758044
0.0288735,-0.00758044
-0.0294648,-0.0446821
-0.00673104,-0.0269484
-0.00673104,-0.0269484
-0.00673104,-0.0269484
0.0292774,-0.00554364
0.0292774,-0.00554364
0.0188315,-0.0107571
0.0189099,-0.0157145
0.0918279,-0.052763
0.133444,-0.038724
0.133444,-0.038724
0.09843,-0.0430068
0.104264,-0.0539946
0.109524,-0.0669375
0.105483,-0.0481279
0.0994537,0.00861662
0.1067,0.0226624
0.1067,0.0226624
0.1067,0.0226624
0.1067,0.0226624
0.0280131,0.000402285
0.0399235,0.000197829
0.0204562,0.0123118
0.0204562,0.0123118
0.0183154,-0.00134576
0.0183154,-0.00134576
0.0258784,0.00214028
0.0257045,-0.0340466
0.0257045,-0.0340466
0.0124616,-0.0267313
0.0124616,-0.0267313
-0.0201447,-0.00367449
-0.0201447,-0.00367449
-0.0201447,-0.00367449
-0.0201447,-0.00367449
-0.0201447,-0.00367449
-0.0201447,-0.00367449
-0.0201447,-0.00367449
-0.0201447,-0.00367449
-0.0456242,-0.0134974
-0.028132,-0.0390145
-0.0485657,0.0133259
-0.0485657,0.0133259
-0.0485657,0.0133259
-0.0485657,0.0133259
-0.0744985,-0.0222766
-0.0744985,-0.0222766
-0.0744985,-0.0222766
-0.0744985,-0.0222766
-0.0753068,-0.0435113
-0.0880581,-0.0666941
-0.0880581,-0.0666941
-0.0242492,-0.0611301
-0.0286589,-0.056025
-0.0286589,-0.056025
-0.0316106,-0.032856
-0.0497496,-0.028382
-0.0477106,-0.0169926
-0.0280336,0.00133767
-0.0280336,0.00133767
-0.0066113,-0.00932718
-0.0066113,-0.00932718
-0.00405719,-0.0473244
0.0248106,-0.0367242
0.0200523,-0.0620379
0.0417721,-0.0548924
0.0339429,-0.0110821
0.0360786,0.0127701
0.0360786,0.0127701
0.00770284,-0.00292561
0.00770284,-0.00292561
0.0229466,0.00285895
0.0541091,0.00842981
0.0640063,-0.0306529
0.0640063,-0.0306529
0.0794629,-0.025255
0.0794629,-0.025255
0.0382879,-0.0253363
0.0382879,-0.0253363
0.0382879,-0.0253363
0.0382879,-0.0253363
0.0794494,0.0294116
0.0686125,0.0128264
0.0745757,0.0475508
0.0773153,0.0577135
0.0773153,0.0577135
0.0481712,0.00899024
0.0429796,-0.00956767
0.0464157,0.0491593
0.0464157,0.0491593
0.0464157,0.0491593
0.00663914,0.00861591
0.00663914,0.00861591
0.0201265,0.0249799
-0.00482,-0.0234211
-0.00482,-0.0234211
0.0262709,-0.0446425
0.0148614,-0.0336794
0.0148614,-0.0336794
-0.00448736,-0.0105738
-0.00597094,0.00682265
0.010413,0.0566405
0.0317901,0.0549039
0.0315121,0.0471529
0.0421528,0.031079
0.0421528,0.031079
-0.0225431,0.0302425
-0.0226665,0.0614007
-0.0226665,0.0614007
-0.0226665,0.0614007
-0.0463641,0.0725357
-0.0463641,0.0725357
-0.0641264,0.0694959
-0.0633024,0.0562281
-0.0633024,0.0562281
-0.0410705,0.0934747
-0.0410705,0.0934747
-0.0563671,0.0781722
-0.0563671,0.0781722
-0.0166673,0.094317
-0.0543213,0.0157356
-0.0493884,0.0338403
-0.08407,0.0749937
-0.0663375,0.0665417
-0.0663375,0.0665417
-0.0495956,0.0534259
-0.0655266,0.027343
-0.0655266,0.027343
-0.0655266,0.027343
-0.0147339,0.040186
-0.0147339,0.040186
-0.0368713,0.0770176
-0.081252,0.0678439
-0.0384354,0.0607375
-0.0452738,0.100094
-0.0341147,0.0730043
-0.0341147,0.0730043
-0.0596401,0.0619147
-0.0344045,0.0795329
-0.0532945,0.0529231
-0.0636696,0.0606435
-0.0636696,0.0606435
-0.050556,0.074245
-0.0579617,0.0748246
-0.0370653,0.0599635
-0.03913,0.0452954
-0.00949726,0.0455277
0.0322218,-0.00576334
0.0470773,0.0109507
0.0618291,-0.018215
0.00493778,0.0182139
-0.0173549,0.0609305
-0.0135561,0.0553861
-0.0141069,0.0243527
-0.00574101,0.0333094
-0.0232888,0.033831
-0.0232888,0.033831
-0.0232888,0.033831
-0.0111683,0.0302329
-0.0104347,-0.0123425
-0.0348124,0.0325384
-0.0348124,0.0325384
-0.0294953,0.0131757
0.0100548,0.0199065
0.0100548,0.0199065
0.0100548,0.0199065
0.0100548,0.0199065
0.0100548,0.0199065
0.0100548,0.0199065
0.023096,-0.0338364
0.023096,-0.0338364
0.023096,-0.0338364
0.0517731,0.0140427
0.0434705,0.0173539
0.0434705,0.0173539
0.0366934,-0.00837921
0.0366934,-0.00837921
-0.0118943,0.0303345
-0.0231573,0.00187663
-0.0546564,0.0248274
-0.0280218,-0.000641361
0.0112575,0.0435048
0.0154089,0.026012
0.03386,0.0398349
-0.0183539,0.0511194
-0.0183539,0.0511194
-0.0183539,0.0511194
-0.0183539,0.0511194
-0.0361904,0.0082463
-0.0233977,-0.0130189
0.018153,-0.000192963
0.0481351,-0.00888817
0.0418053,0.0102548
0.0418053,0.0102548
0.0418053,0.0102548
0.0418053,0.0102548
0.0418053,0.0102548
0.0655171,0.0220135
0.125145,0.0277944
0.125145,0.0277944
0.125145,0.0277944
0.125145,0.0277944
0.0410133,0.0186931
0.0410133,0.0186931
0.0464319,0.0453801
-0.0224279,0.0177141
-0.0022348,-0.0110949
-0.0022348,-0.0110949
-0.0022348,-0.0110949
-0.0412164,-0.000172295
-0.0138094,0.00901885
-0.0138094,0.00901885
-0.0138094,0.00901885
-0.0138094,0.00901885
-0.0138094,0.00901885
-0.0138094,0.00901885
-0.0138094,0.00901885
-0.0138094,0.00901885
-0.0288773,0.0047174
-0.0364445,-0.00137489
-0.0364445,-0.00137489
-0.066315,0.019321
-0.0699614,0.00742689
0.00158075,0.0225622
0.00158075,0.0225622
-0.0551242,0.0314999
-0.0615072,-0.014443
-0.0652939,0.000218321
-0.0652939,0.000218321
-0.0652939,0.000218321
-0.0652939,0.000218321
-0.0782127,-0.0263851
-0.0875421,0.00385319
-0.0484223,0.00162524
-0.108444,0.0239226
-0.108444,0.0239226
-0.108444,0.0239226
-0.0451923,0.0274226
-0.0451923,0.0274226
-0.0597974,0.0371252
-0.0597974,0.0371252
-0.0465076,0.0151795
-0.117355,0.0219156
-0.0841337,-0.0108375
-0.0841337,-0.0108375
-0.0841337,-0.0108375
-0.0841337,-0.0108375
-0.0841337,-0.0108375
-0.114755,-0.0200103
-0.114755,-0.0200103
-0.114755,-0.0200103
-0.0838989,-0.022827
-0.0597862,-0.0558444
-0.0597862,-0.0558444
-0.0597862,-0.0558444
-0.0597862,-0.0558444
-0.042504,-0.0551273
-0.042504,-0.0551273
-0.0538691,-0.0430403
-0.086917,-0.00852708
-0.0121669,-0.0367836
0.000964409,-0.0374325
0.000964409,-0.0374325
0.000964409,-0.0374325
-0.072537,-0.0456885
-0.072537,-0.0456885
-0.0368879,-0.0321782
-0.0247434,-0.0412999
-0.0247434,-0.0412999
-0.0200044,-0.0594416
-0.0179072,-0.0213435
-0.0179072,-0.0213435
-0.0179072,-0.0213435
-0.0179072,-0.0213435
-0.0179072,-0.0213435
-0.0179072,-0.0213435
-0.0277836,-0.0509261
-0.0277836,-0.0509261
-0.0216952,-0.00239695
-0.0216952,-0.00239695
-0.0216952,-0.00239695
-0.0216952,-0.00239695
-0.0238969,0.0174972
-0.0238969,0.0174972
-0.0509805,0.0427367
-0.0416547,0.0277681
-0.008688,-0.00549551
-0.032554,-0.0194141
-0.032554,-0.0194141
-0.043466,-0.010353
-0.043466,-0.010353
-0.00431545,-0.0032416
-0.0146005,-0.0334421
-0.0495556,0.0130622
-0.0495556,0.0130622
-0.0195776,0.00858332
-0.0593427,-0.01592
-0.0651741,-0.0394161
-0.0647237,-0.0202508
-0.0497946,-0.0225786
-0.0497946,-0.0225786
-0.0666826,-0.00388992
-0.00995204,-0.024075
-0.00995204,-0.024075
-0.0450415,-0.0278729
-0.0450415,-0.0278729
-0.0460665,-0.0852299
-0.00310147,-0.032722
-0.00310147,-0.032722
-0.00310147,-0.032722
-0.0271321,-0.0052727
-0.0271321,-0.0052727
-0.0248738,-0.050018
-0.0479625,-0.0317564
-0.0353605,-0.0344364
-0.0509125,-0.0062527
-0.0295215,0.0210825
-0.0295215,0.0210825
-0.0295215,0.0210825
-0.000454334,0.0373915
-0.0439945,0.00828849
-0.0168473,-0.00388164
-0.0138585,0.0469336
-0.0138585,0.0469336
-0.0286623,0.0605671
-0.0286623,0.0605671
-0.0244513,0.0368956
-0.0244513,0.0368956
0.0225151,0.0353385
0.0225151,0.0353385
0.00383981,0.0423954
-0.0135275,0.03238
-0.0135275,0.03238
-0.0135275,0.03238
0.02721,-0.0160728
0.0448387,-0.0178008
0.0543216,0.0251039
0.0105521,-0.0304136
0.020239,-0.0436088
-1.45856e-05,-0.0442474
0.0120043,0.0144981
0.0120043,0.0144981
-0.00900491,-0.0244504
-0.00900491,-0.0244504
-0.0257011,-0.0678705
-0.00348965,-0.0622645
-0.0122202,-0.0817185
-0.0122202,-0.0817185
-0.0631036,-0.0358622
-0.102202,-0.0432116
-0.108845,-0.00197514
-0.104098,-0.0548956
-0.120237,-0.085323
-0.120237,-0.085323
-0.118397,-0.0450479
-0.118397,-0.0450479
-0.118397,-0.0450479
-0.118397,-0.0450479
-0.118397,-0.0450479
-0.118397,-0.0450479
-0.109176,-0.0156079
-0.115812,-0.0145328
-0.0819036,0.0185144
-0.02022,0.0442771
0.0388005,0.0587171
0.0182631,0.0668561
0.0182631,0.0668561
0.0182631,0.0668561
0.0224609,0.0886646
0.0224609,0.0886646
0.0224609,0.0886646
0.0224609,0.0886646
0.0128471,0.0893982
0.0527739,0.063656
0.0527739,0.063656
0.0619984,0.074981
0.0345367,0.0584956
0.0345367,0.0584956
0.0345367,0.0584956
0.0345367,0.0584956
0.0345367,0.0584956
0.0345367,0.0584956
0.0345367,0.0584956
0.0345367,0.0584956
0.0345367,0.0584956
-0.000850624,0.0485036
-0.00977152,0.063053
-0.00977152,0.063053
-0.0119426,0.0944856
-0.0119426,0.0944856
-0.040193,0.13688
-0.040193,0.13688
-0.0513415,0.152361
-0.0513415,0.152361
-0.0789806,0.151585
-0.0550834,0.149024
-0.0652013,0.14658
-0.0499709,0.150223
-0.0499709,0.150223
-0.0499709,0.150223
-0.016884,0.177294
-0.00829778,0.123792
-0.000348632,0.147184
-0.000348632,0.147184
-0.000348632,0.147184
0.0525316,0.144998
0.0691696,0.113787
0.0607709,0.0862534
0.0268311,0.114712
0.0382236,0.107166
0.0680735,0.112769
0.0680735,0.112769
0.0303775,0.0705407
0.0251365,0.0894659
0.0251365,0.0894659
0.0251365,0.0894659
0.0251365,0.0894659
-0.00264615,0.0997298
-0.0134711,0.0677476
0.0163251,0.0613004
0.0163251,0.0613004
0.034987,0.0715517
0.034987,0.0715517
0.034987,0.0715517
0.0363965,0.0810375
0.00221989,0.053611
0.00221989,0.053611
0.0185471,0.023037
0.0340575,-0.00491987
0.0414913,0.0227956
0.0562334,-0.00686687
0.0581999,0.0132598
0.043568,-0.00238103
0.0492066,-0.0148225
0.073915,-0.0103098
0.073915,-0.0103098
0.0385332,-0.00925097
0.0408571,0.0102862
0.0475501,0.0310736
0.0543589,-0.0217523
-0.0183524,-0.0209416
-0.0183524,-0.0209416
0.0308787,-0.0363461
0.0226179,-0.042423
0.0284349,-0.00429355
0.0284349,-0.00429355
0.0284349,-0.00429355
0.0284349,-0.00429355
-0.00107211,-0.00576465
-0.00117292,-0.015107
0.0243492,-0.00884442
0.0517479,0.0405512
0.0287924,0.0189363
0.00149099,-0.006276
0.029424,0.0262045
0.0398489,-0.00461159
-0.00226165,-0.0584945
0.0173396,-0.0329859
-0.0193935,0.000267317
0.0278984,0.00400336
0.0278984,0.00400336
0.0288214,0.0412166
0.0288214,0.0412166
0.101654,0.00921869
0.0429876,-0.00411909
0.0513244,0.0252232
0.0513244,0.0252232
0.0513244,0.0252232
0.0432646,0.00325748
0.0434589,0.0301435
-0.034152,0.0386645
-0.0514915,0.0582749
-0.0477755,0.0182364
0.0112811,-0.0258521
0.0112811,-0.0258521
0.0112811,-0.0258521
-0.00886484,-0.0078154
0.0115019,0.0538343
0.00192692,0.0099436
0.00192692,0.0099436
0.00192692,0.0099436
0.00192692,0.0099436
0.00192692,0.0099436
0.00192692,0.0099436
-0.07033,-0.0288369
-0.105898,-0.0585726
-0.105898,-0.0585726
-0.0829761,-0.0290796
-0.0681,-0.00075828
-0.0783529,0.00432207
-0.0245961,-0.0142673
-0.0245961,-0.0142673
-0.0245961,-0.0142673
-0.0245961,-0.0142673
-0.028438,-0.00610654
-0.0244995,0.0160221
-0.016177,0.0233437
-0.016177,0.0233437
-0.0376585,0.0159514
-0.0376585,0.0159514
-0.0474854,0.0118296
-0.0644569,0.021452
-0.0686401,0.0338729
-0.040094,-0.000753025
-0.040094,-0.000753025
-0.01514,-0.0135774
0.0070751,-0.0115424
0.0078942,-0.0333176
-0.0150354,-0.0284886
0.0146094,-0.0218311
0.01162,-0.0298905
0.00144473,-0.0427179
0.0407306,-0.0227378
0.0292521,-0.0273839
-0.00280804,-0.0319919
-0.00132516,-0.0681565
0.0182035,-0.014705
0.0361725,-0.0186665
0.0361725,-0.0186665
0.0255086,-0.0486774
-0.0328009,0.0157755
-0.0328009,0.0157755
-0.0328009,0.0157755
-0.0456227,0.0191014
-0.000607669,0.0165741
0.00420835,-0.00924331
0.00420835,-0.00924331
-0.0295961,-0.0413627
0.00819316,-0.01764
0.0165653,-0.0855613
0.0165653,-0.0855613
0.0124598,-0.0850561
0.0124598,-0.0850561
0.00130646,-0.0870323
-0.00508055,-0.067667
-0.0400587,-0.0540614
-0.014042,-0.070963
0.0239614,-0.0610229
0.0239614,-0.0610229
0.0228099,-0.0664528
-0.00330634,-0.0271751
-0.0317185,-0.0693462
0.0153136,-0.0814235
-0.0236134,-0.058882
-0.0236134,-0.058882
-0.0190506,-0.089322
-0.0191866,-0.0841171
-0.0191866,-0.0841171
-0.00272065,-0.089038
-0.0162264,-0.102431
-0.0162264,-0.102431
-0.0162264,-0.102431
-0.0162264,-0.102431
-0.0162264,-0.102431
-0.0162264,-0.102431
-0.0162264,-0.102431
-0.014039,-0.0868885
-0.00759689,-0.0995581
-0.0182423,-0.113583
-0.0182423,-0.113583
-0.0182423,-0.113583
-0.0182423,-0.113583
0.000827179,-0.0330592
0.00877399,-0.0505585
0.00877399,-0.0505585
0.00877399,-0.0505585
-0.0144446,-0.0570454
-0.0246595,-0.0613402
-0.0246595,-0.0613402
-0.0244594,-0.0957655
-0.0290485,-0.101693
-0.0141126,-0.0707705
-0.0141126,-0.0707705
-0.0141126,-0.0707705
-0.0125092,-0.0539756
-0.036289,-0.023126
0.0184089,0.012208
0.0272455,0.00408652
0.00446046,-0.00148117
0.00446046,-0.00148117
0.00446046,-0.00148117
0.0124131,0.0315204
-0.0118954,0.00731706
0.00358443,-0.030459
0.0337913,-0.0352971
0.0337913,-0.0352971
0.027603,-0.0534907
0.0497665,-0.0434249
0.0497665,-0.0434249
0.0468415,-0.0604322
0.0468415,-0.0604322
0.0607759,-0.0490601
0.0607759,-0.0490601
0.0607759,-0.0490601
0.018782,-0.0691541
0.018782,-0.0691541
0.0500357,-0.0518234
-0.00126729,-0.0268016
-0.00126729,-0.0268016
-0.0168581,-0.0396548
0.0319575,-0.00277826
0.0328522,-0.00116069
0.0477005,-0.0027622
0.0350427,-0.0057373
0.000937189,-0.0141878
0.000937189,-0.0141878
0.000937189,-0.0141878
0.000937189,-0.0141878
0.0276164,-0.0247045
0.0276164,-0.0247045
0.0120631,-0.0160146
0.0120631,-0.0160146
0.016941,0.00193305
0.0115013,0.008883
0.0115013,0.008883
0.024998,-0.0494524
-0.0346211,-0.0443436
-0.0346211,-0.0443436
-0.0193921,-0.035797
-0.0193921,-0.035797
-0.00162101,-0.0525233
-0.00162101,-0.0525233
-0.00162101,-0.0525233
-0.00162101,-0.0525233
-0.00162101,-0.0525233
0.0237399,-0.124023
0.0237399,-0.124023
0.0443757,-0.102535
0.0224565,-0.106843
0.0237797,-0.0540904
0.0307141,-0.0351901
0.0530686,-0.0238754
0.0523156,-0.0462409
0.0729966,-0.0670007
0.0454699,-0.0303735
0.0454699,-0.0303735
0.0454699,-0.0303735
0.037551,-0.0555941
0.037551,-0.0555941
0.037551,-0.0555941
0.0265167,-0.0834785
-0.00363367,-0.077221
0.0269841,-0.101421
-0.0224419,-0.077265
-0.0224419,-0.077265
0.0154085,-0.0398387
0.0226419,-0.0566803
0.0226419,-0.0566803
0.0226419,-0.0566803
-0.0206132,-0.0170695
-0.0267906,-0.0342577
-0.0267906,-0.0342577
-0.0434336,-0.0159386
-0.0434336,-0.0159386
-0.044097,-0.0328771
0.0115163,-0.0111103
0.0115163,-0.0111103
0.0115163,-0.0111103
0.0084623,-0.0131091
0.017167,-0.0430654
0.017167,-0.0430654
0.017167,-0.0430654
0.017167,-0.0430654
0.0510781,-0.00143373
0.0399439,-0.0109294
0.0399439,-0.0109294
0.0546041,0.0121971
0.065046,0.0150581
0.0652801,-0.00755906
0.102851,-0.0116744
0.0527241,-0.0192515
0.0648934,-0.00611711
0.0648934,-0.00611711
0.0648934,-0.00611711
0.0529409,0.0225805
0.112833,0.00387974
0.0727867,0.021137
0.0727867,0.021137
0.0652704,0.0268707
0.0652704,0.0268707
0.0228134,0.0138916
0.0228134,0.0138916
0.0295797,0.0641904
0.0295797,0.0641904
0.0295797,0.0641904
0.0266341,0.0284403
0.0266341,0.0284403
0.0325761,-0.0258606
0.0325761,-0.0258606
0.0325761,-0.0258606
0.0120141,-0.00968995
0.0120141,-0.00968995
-0.00662634,-0.00898601
-0.00662634,-0.00898601
-0.00662634,-0.00898601
-0.0446812,0.0195704
-0.0362244,-0.00348205
-0.00288697,-0.0044879
-0.00288697,-0.0044879
0.0240612,0.0279211
0.0500387,0.019901
0.00578164,0.0954829
0.00578164,0.0954829
0.00397864,0.0814301
0.000431426,0.0313329
0.0171265,0.0492661
0.0171265,0.0492661
0.0171265,0.0492661
0.0464366,0.0759453
9.86207e-05,0.0282043
9.86207e-05,0.0282043
9.86207e-05,0.0282043
0.0308764,0.0343059
0.0308764,0.0343059
0.0308764,0.0343059
0.0501386,0.0462996
0.0501386,0.0462996
0.0324546,0.0208461
-0.0121328,-0.0112048
-0.0121328,-0.0112048
0.0135259,-0.000948522
0.0135259,-0.000948522
0.0135259,-0.000948522
0.0135259,-0.000948522
0.0135259,-0.000948522
0.0135259,-0.000948522
0.0135259,-0.000948522
0.00451411,0.0133475
-0.0100903,0.0138131
-0.0322817,0.0224463
0.0165868,0.00435841
0.0165868,0.00435841
0.0165868,0.00435841
0.0165868,0.00435841
0.0165868,0.00435841
0.0286864,0.0483889
0.0414954,0.0345809
0.0157018,0.00997849
0.0157018,0.00997849
0.0157018,0.00997849
0.0157018,0.00997849
0.024823,0.0240305
0.0268449,-0.00255411
-0.0247679,0.017901
0.0319915,0.0521045
0.0319915,0.0521045
0.0464606,0.0312882
0.0483806,0.0749289
0.0413031,0.0619919
0.111616,0.0462865
0.111616,0.0462865
0.111616,0.0462865
0.111616,0.0462865
0.0763929,0.0146865
0.0763929,0.0146865
0.0763929,0.0146865
0.0763929,0.0146865
0.0763929,0.0146865
0.0911309,0.029346
0.0856481,0.00104621
0.062802,-0.00171513
0.00491309,5.57885e-06
0.0432176,-0.0244221
0.0432176,-0.0244221
0.0432176,-0.0244221
0.054051,-0.00594194
0.0236566,-0.000656769
0.0238713,0.0137824
0.0238713,0.0137824
0.0238713,0.0137824
0.0049743,-0.0137054
0.0049743,-0.0137054
0.0750114,-0.00371783
0.0339331,0.0250124
0.0397807,0.0761495
0.020601,0.057485
0.0287155,0.0287386
0.0287155,0.0287386
0.0287155,0.0287386
0.0287155,0.0287386
0.0218668,0.0108184
-0.00453941,-0.0252416
-0.00453941,-0.0252416
0.0236445,0.0101063
0.0236445,0.0101063
0.037387,0.0207444
0.0240454,0.0270341
0.0240454,0.0270341
0.0240454,0.0270341
0.0240454,0.0270341
0.0436961,-0.0187903
0.0436961,-0.0187903
0.0436961,-0.0187903
0.0492379,0.0214229
0.0242484,0.00965975
-0.0141395,0.00698282
0.0443136,-0.0348909
0.0443136,-0.0348909
0.0443136,-0.0348909
0.0113632,-0.043947
0.0105703,-0.0467224
0.0456091,-0.0180643
0.0363805,-0.0263544
0.0320525,-0.0547421
0.053116,-0.017737
0.0770944,-0.0106981
0.0661392,0.0270995
0.0661392,0.0270995
0.094077,-0.0133004
0.094077,-0.0133004
0.08637,-8.63805e-05
0.08637,-8.63805e-05
0.08637,-8.63805e-05
0.0667588,-0.0304075
0.0667588,-0.0304075
0.0667588,-0.0304075
0.065993,-0.0129214
0.0459314,-0.0306648
0.0459314,-0.0306648
0.0459314,-0.0306648
0.0459314,-0.0306648
0.0372209,-0.00307234
0.0372209,-0.00307234
0.0372209,-0.00307234
0.0372209,-0.00307234
0.0867245,-0.0382391
0.0543021,-0.055023
0.0199185,-0.0846119
0.0347823,-0.0223967
0.0237035,-0.0558561
0.0543069,-0.0194026
0.0543069,-0.0194026
0.0415541,0.00432755
0.0415541,0.00432755
0.0254955,0.0289224
0.0127926,-0.00662545
0.0127926,-0.00662545
0.0127926,-0.00662545
-0.00732661,-0.022137
-0.00732661,-0.022137
-0.00732661,-0.022137
-0.00732661,-0.022137
-0.0223884,-0.0509059
-0.0068364,-0.0216683
0.0354649,-0.0284194
0.0354649,-0.0284194
0.0354649,-0.0284194
0.0354649,-0.0284194
0.0464044,0.0136452
0.00263761,-0.0140214
-0.0130343,0.0146115
-0.00863839,-0.0224619
-0.0101346,-0.0157993
0.0030144,0.0027023
0.0030144,0.0027023
0.0030144,0.0027023
0.0030144,0.0027023
0.0370249,-0.0134219
0.0496626,-0.0855325
0.00804492,-0.0949175
-0.0145645,-0.085642
-0.0145645,-0.085642
-0.0145645,-0.085642
-0.0466471,-0.0831748
-0.0450082,-0.0701029
-0.0450082,-0.0701029
-0.0311264,-0.0355209
-0.0345782,-0.0215024
-0.0548716,-0.0180409
-0.0548716,-0.0180409
-0.0548716,-0.0180409
-0.0548716,-0.0180409
-0.103495,0.00983153
-0.0521,0.0451795
-0.0422395,0.048887
-0.0422395,0.048887
-0.0324905,-0.00232443
-0.0324905,-0.00232443
-0.0324905,-0.00232443
-0.00265299,0.00102377
-0.0692525,-0.00531384
-0.0594527,0.0509929
-0.045323,0.0353697
-0.045323,0.0353697
-0.04023,0.0356171
-0.0222595,0.0609446
0.0179166,0.0512418
0.0171604,0.0340144
0.0171604,0.0340144
0.035691,-0.00105691
0.035691,-0.00105691
0.035691,-0.00105691
0.035691,-0.00105691
0.0330078,-0.00653925
0.00648559,-0.0370409
0.00648559,-0.0370409
-0.0283136,-0.0354633
-0.0615699,-0.0233524
-0.0615699,-0.0233524
-0.0615699,-0.0233524
-0.041403,-0.0105854
-0.0172813,-0.00832887
-0.049848,0.0062456
0.0203141,0.0306821
0.0203141,0.0306821
0.0358945,0.00723372
0.0441204,-0.0131568
0.0441204,-0.0131568
0.0441204,-0.0131568
0.0441204,-0.0131568
0.0441204,-0.0131568
0.0441204,-0.0131568
0.0441204,-0.0131568
0.0441204,-0.0131568
0.0441204,-0.0131568
0.0258447,-0.0256734
0.0258447,-0.0256734
0.0258447,-0.0256734
0.056486,0.00854191
0.056486,0.00854191
0.056486,0.00854191
0.056486,0.00854191
-0.0347657,-0.0306769
-0.0432995,-0.000371362
-0.042193,-0.0314668
-0.042193,-0.0314668
-0.00792936,0.0336576
-0.00792936,0.0336576
-0.00792936,0.0336576
-0.0498151,0.060935
-0.0688157,0.0824414
-0.0335964,0.080362
-0.0335964,0.080362
-0.0270619,0.0920849
-0.0270619,0.0920849
-0.070292,0.0941518
-0.0573935,0.105526
-0.0402358,0.12122
-0.0402358,0.12122
-0.0157828,0.0872732
-0.0157828,0.0872732
-0.0157828,0.0872732
0.00404394,0.112799
0.00404394,0.112799
-0.0004446,0.0881425
0.0126691,0.0550536
0.0304331,0.0819565
0.00432634,0.083617
0.0844108,0.0980056
0.0220074,0.0538952
0.0194104,0.0405228
0.0194104,0.0405228
-0.00138792,0.0378776
0.0167592,0.0478336
0.0167592,0.0478336
0.0108681,0.066275
0.0108681,0.066275
0.0108681,0.066275
0.0108681,0.066275
0.0164969,0.0265
0.0164969,0.0265
0.0419581,0.0491644
0.0419581,0.0491644
0.022278,0.0119709
0.00835851,-0.0256036
0.0172194,0.0262313
0.0385467,0.0665409
0.0385467,0.0665409
-0.0124576,0.0274481
-0.0124576,0.0274481
-0.0124576,0.0274481
-0.0124576,0.0274481
-0.0124576,0.0274481
-0.0124576,0.0274481
-0.0124576,0.0274481
-0.0124576,0.0274481
-0.0376983,0.0239495
-0.0376983,0.0239495
-0.0329999,-0.000933968
-0.0329999,-0.000933969
-0.00732241,0.00920959
0.011504,0.0331044
0.00563131,-0.0437185
0.00563131,-0.0437185
0.00563131,-0.0437185
0.00563131,-0.0437185
0.00563131,-0.0437185
0.00559895,0.0063047
-0.0311317,0.0342418
-0.000757952,-0.00967977
-0.0043954,-0.0249721
-0.034142,-0.00808001
-0.0544396,-0.0108543
-0.0580348,-0.0181134
-0.125722,-0.0123316
-0.125722,-0.0123316
-0.125722,-0.0123316
-0.125722,-0.0123316
-0.125722,-0.0123316
-0.076955,0.0340876
-0.076955,0.0340876
-0.0392875,0.0252031
-0.0668036,0.0250679
-0.0668036,0.0250679
-0.0434177,0.0258929
-0.0434177,0.0258929
-0.0830675,-0.0160048
-0.0863753,-0.0114875
-0.0863753,-0.0114875
-0.0631918,-0.00867822
-0.0631918,-0.00867822
-0.0631918,-0.00867822
-0.0631918,-0.00867822
-0.0963627,-0.0293703
-0.123478,-0.00760365
-0.123478,-0.00760365
-0.0771229,-0.0129737
-0.0771229,-0.0129737
-0.0602253,0.00692141
-0.0909551,0.0179679
-0.0610835,0.0238889
-0.0610835,0.0238889
-0.0610835,0.0238889
-0.0952146,0.0123959
-0.0727584,0.0415707
-0.0453755,0.0418895
-0.0453755,0.0418895
-0.0453755,0.0418895
-0.0453755,0.0418895
-0.0453755,0.0418895
-0.0453755,0.0418895
-0.0453755,0.0418895
-0.0766924,0.0311954
-0.0614864,0.0115575
-0.0614864,0.0115575
-0.0640244,0.0224398
-0.0602259,-0.00888399
-0.0509074,-0.0419639
-0.0509074,-0.0419639
-0.0509074,-0.0419639
-0.0205759,-0.0460044
-0.0205759,-0.0460044
-0.0376415,-0.0162581
-0.0376415,-0.0162581
-0.0376415,-0.0162581
-0.0376415,-0.0162581
-0.0358525,-0.0336299
-0.0358525,-0.0336299
-0.0576839,-0.0366369
-0.0576839,-0.0366369
-0.0166231,-0.0142399
-0.0352898,-0.00249549
-0.0167498,-0.0408185
-0.0167498,-0.0408185
-0.0167498,-0.0408185
-0.047604,0.0289185
-0.0269202,0.0318333
0.00182402,0.0611433
-0.0260179,0.0534865
-0.0260179,0.0534865
-0.0162826,0.054056
-0.0162826,0.054056
-0.0379019,0.0554656
-0.0546641,0.0511066
-0.059245,0.032099
-0.059245,0.032099
-0.059245,0.032099
-0.059245,0.032099
-0.0536109,0.0347329
-0.0536109,0.0347329
-0.0606159,0.032948
-0.0606159,0.032948
-0.0429158,0.00693265
-0.0429158,0.00693265
-0.0429158,0.00693265
-0.0034743,0.00524645
-0.0424186,-0.0271351
-0.0727135,-0.0172726
-0.0727135,-0.0172726
-0.0417631,-0.00635116
-0.0417631,-0.00635116
-0.0311514,0.0182391
-0.0311514,0.0182391
-0.0311514,0.0182391
-0.0311514,0.0182391
-0.0311514,0.0182391
-0.0311514,0.0182391
-0.0311514,0.0182391
-0.0311514,0.0182391
-0.0311514,0.0182391
-0.0311514,0.0182391
-0.0311514,0.0182391
-0.0311514,0.0182391
-0.00637019,-0.00698085
-0.0134505,0.0125229
0.0241223,0.0140036
0.0582433,0.0185269
0.0582433,0.0185269
0.0360712,0.0319549
0.0360712,0.0319549
0.0517758,0.0322505
0.0862756,0.0142839
0.0862756,0.0142839
0.0389455,0.0164087
0.0389455,0.0164087
0.0788075,0.0890309
0.0918211,0.0445019
0.077836,0.090569
0.0511132,0.113738
0.0511132,0.113738
0.0511132,0.113738
0.0181653,0.0650959
-0.00568511,0.0278805
0.0103768,-0.0203344
0.0591051,-0.0240413
0.0473992,-0.0179421
0.0473992,-0.0179421
0.0759887,-0.0366244
0.0432483,-0.066395
0.0432483,-0.066395
0.0432483,-0.066395
-0.0180947,-0.0402602
-0.00903602,-0.00206976
-0.026199,-0.00658282
0.0218256,0.0428824
0.0218256,0.0428824
0.0315134,0.0494477
0.0315134,0.0494477
0.0422194,0.0648141
0.0278485,0.0544265
0.0278485,0.0544265
0.0714186,0.0314658
0.0714186,0.0314658
0.0714186,0.0314658
0.0714186,0.0314658
0.0714186,0.0314658
0.0251073,0.077681
0.0614969,0.0715804
0.0991634,0.0835363
0.0991634,0.0835363
0.0878759,0.0984961
0.0647119,0.0601714
0.0647119,0.0601714
0.109931,0.0240529
0.109931,0.0240529
0.109931,0.0240529
0.109931,0.0240529
0.109931,0.0240529
0.0793381,0.00334812
0.0793381,0.00334812
0.104233,0.0325101
0.104233,0.0325101
0.104233,0.0325101
0.11427,0.0103908
0.11427,0.0103908
0.11427,0.0103908
0.11427,0.0103908
0.152346,0.00473071
0.110082,-0.00970333
0.110082,-0.00970333
0.110082,-0.00970333
0.110082,-0.00970333
0.0637819,-0.0168406
0.0397046,-0.00297918
0.0493615,-0.00781173
0.0493615,-0.00781173
0.0493615,-0.00781173
-0.0156563,0.011927
-0.0156563,0.011927
-0.0156563,0.011927
0.0109938,-0.0232735
0.0109938,-0.0232735
0.0327214,0.0235568
0.0437058,-0.00163141
0.0848263,0.022112
0.0848263,0.022112
0.0848263,0.022112
0.0775669,-0.00397968
0.0991178,-0.0358591
0.0991178,-0.0358591
0.0991178,-0.0358591
0.0991178,-0.0358591
0.105726,0.0121189
0.035596,0.040332
0.035596,0.040332
0.0579565,0.029606
0.0579565,0.029606
0.0579565,0.029606
0.0746663,0.0253604
0.0746663,0.0253604
0.0369741,-0.00333697
0.0762306,-0.0173335
0.0438156,-0.0122655
0.0420179,0.025771
0.0354366,0.00865144
0.0228976,0.014506
0.0351093,0.0574648
0.0672119,-0.00552764
0.110655,0.0438909
0.078784,0.012793
0.078784,0.012793
0.0619393,0.023526
0.0619393,0.023526
0.0783672,0.0187357
0.0936624,0.0889186
0.0684241,0.0967191
0.0684241,0.0967191
0.045062,0.0843774
0.045062,0.0843774
0.045062,0.0843774
0.045062,0.0843774
0.045062,0.0843774
0.110802,0.0803268
0.110802,0.0803268
0.110802,0.0803268
0.110802,0.0803268
0.0670201,0.00779863
0.0422551,-0.00680141
0.0485614,-0.0171026
0.0455,-0.0112001
-0.0126838,0.00403799
-0.0126838,0.00403799
0.0171004,-0.0275496
0.0171004,-0.0275496
0.0171004,-0.0275496
0.0721604,0.0294439
0.0721604,0.0294439
0.043368,0.0367717
0.043368,0.0367717
0.043368,0.0367717
0.0157721,0.0472614
0.0157721,0.0472614
0.0607846,0.0349812
0.0315397,0.0155431
0.0315397,0.0155431
0.0315397,0.0155431
0.0406874,0.0307006
0.024442,0.0180354
0.024442,0.0180354
0.024442,0.0180354
-0.0133102,0.0152994
-0.0518129,0.06421
-0.0280409,0.035742
-0.0280409,0.035742
-0.0280409,0.035742
0.0179172,0.0645432
0.0179172,0.0645432
-0.000509557,0.0417054
0.00632856,0.0145512
0.00632856,0.0145512
0.00632856,0.0145512
0.00632856,0.0145512
0.00632856,0.0145512
0.0649892,0.0013271
0.0337564,-0.00529127
-0.00189455,-0.00468265
-0.00189455,-0.00468265
0.0029616,-0.0127013
0.00981234,-0.0087393
-0.0057586,-0.0042026
-0.0057586,-0.0042026
0.0288074,-0.0270992
0.0447079,-0.0253923
-0.0161681,-0.0320314
0.0459791,-0.0425174
0.0331635,-0.0222324
0.00417848,-0.043112
0.00417848,-0.043112
-0.00389137,-0.0184657
-0.00389137,-0.0184657
0.0129481,-0.0101604
0.0129481,-0.0101604
-0.0186532,-0.0334306
0.00484055,-0.0203736
0.0238259,-0.0202491
0.00959397,-0.0543731
0.00582644,-0.0192085
0.00582644,-0.0192085
-0.020603,0.0444894
-0.00728092,0.0207417
0.0159392,0.00792711
0.0159392,0.00792711
0.0159392,0.00792711
0.0169574,0.0121908
0.0157171,0.040384
0.0377851,0.0240455
0.0377851,0.0240455
0.0386336,0.0777411
0.0386336,0.0777411
0.0386336,0.0777411
0.0386336,0.0777411
0.0490089,-0.0149272
0.0490089,-0.0149272
0.0490089,-0.0149272
0.0714544,-0.0183816
0.0714544,-0.0183816
0.0590666,0.000381266
0.0590666,0.000381266
0.09366,-0.0345756
0.0333615,0.00889959
0.0159583,-0.0017225
0.0346013,-0.0171154
0.0346013,-0.0171154
0.0232034,0.00100857
0.0340389,-0.0258113
0.00415126,-0.0401025
-0.00298123,-0.0553543
0.0105609,-0.0684142
0.0105609,-0.0684142
0.0105609,-0.0684142
-0.0109211,-0.0645084
-0.0109211,-0.0645084
-0.0109211,-0.0645084
-0.0228028,-0.0827534
0.0160925,-0.0721459
0.0137199,-0.0763874
0.0303598,-0.0476268
0.0303598,-0.0476268
0.0197772,-0.0571734
0.0197772,-0.0571734
-9.77822e-05,-0.035759
0.0390931,-0.00994781
0.0390931,-0.00994781
0.0393473,-0.0295079
0.0347123,-0.033335
0.0347123,-0.033335
-0.0128942,-0.0472979
-0.000955765,0.0184013
0.0059296,-0.00537561
0.0059296,-0.00537561
0.0059296,-0.00537561
0.0059296,-0.00537561
-0.0327954,-0.0234688
-0.0481188,0.00626281
-0.0481188,0.00626281
-0.0327725,0.0198641
-0.0246633,-0.0305621
-0.0186212,-0.029019
-0.0349685,-0.0304481
-0.0349685,-0.0304481
-0.053027,-0.00808628
-0.0975084,-0.0457884
-0.0975084,-0.0457884
-0.0749408,-0.0568306
-0.0749408,-0.0568306
-0.029179,-0.0641266
-0.0447294,0.0144825
-0.0552256,-0.021853
-0.0329666,-0.0101487
-0.0329666,-0.0101487
-0.0329666,-0.0101487
-0.0329666,-0.0101487
-0.0347806,0.0106647
-0.0475317,-0.0183786
-0.0475317,-0.0183786
-0.0383037,0.00616845
-0.0484487,-0.00407506
-0.0484487,-0.00407506
-0.0723666,-0.01718
-0.0723666,-0.01718
-0.0711971,0.0189514
-0.0711971,0.0189514
-0.035854,0.00442511
-0.035854,0.00442511
-0.035854,0.00442511
-0.0519203,-0.0351422
-0.0364905,-0.0267014
-0.0364905,-0.0267014
-0.0493676,-0.0203521
-0.0493676,-0.0203521
-0.0493676,-0.0203521
-0.0309091,-0.0372482
-0.0252108,-0.0224014
-0.0437666,-0.0178255
-0.0450557,-0.0190394
-0.0450557,-0.0190394
-0.0118514,-0.0393596
-0.0118514,-0.0393596
-0.0118514,-0.0393596
-0.0388914,0.0264709
-0.0547308,-0.00601172
-0.0547308,-0.00601172
-0.0358779,-0.0266181
-0.0358779,-0.0266181
-0.0358779,-0.0266181
-0.0358779,-0.0266181
-0.0382814,0.0403691
-0.0382814,0.0403691
-0.0382814,0.0403691
-0.0382814,0.0403691
-0.0444799,-0.00568849
-0.035255,0.0145124
-0.0526019,0.0393769
-0.0526019,0.0393769
-0.0526019,0.0393769
-0.0526019,0.0393769
-0.0526019,0.0393769
-0.0073449,0.0114723
-0.0073449,0.0114723
-0.0073449,0.0114723
-0.0073449,0.0114723
-0.0209614,0.0221756
-0.013498,-0.0114805
-0.013498,-0.0114805
-0.00615405,-0.0213848
-0.062567,0.00283171
-0.062567,0.00283171
-0.0765226,0.000301228
-0.0510649,0.0459436
-0.0510649,0.0459436
-0.0510649,0.0459436
-0.0510649,0.0459436
-0.034668,0.0443266
-0.0265444,0.0491202
-0.0265444,0.0491202
-0.0519358,0.0708036
-0.0244221,0.00589703
-0.0244221,0.00589703
-0.0435001,0.00821144
-0.039094,-0.0148597
-0.039094,-0.0148597
-0.039094,-0.0148597
-0.0306552,0.0106155
-0.0525294,0.0264288
-0.0525294,0.0264288
-0.0525294,0.0264288
-0.0415125,0.0646031
-0.0415125,0.0646031
-0.0415125,0.0646031
-0.0415125,0.0646031
-0.0519139,0.0322046
-0.0519139,0.0322046
-0.0519139,0.0322046
-0.0703779,0.0489644
-0.0583229,0.0490334
-0.0583229,0.0490334
-0.0583229,0.0490334
-0.0583229,0.0490334
-0.0583229,0.0490334
-0.066245,0.0456483
-0.066245,0.0456483
-0.0450771,0.0605021
-0.0450771,0.0605021
-0.0450771,0.0605021
-0.113639,0.0415432
-0.113639,0.0415432
-0.113639,0.0415432
-0.101399,0.0381536
-0.100897,0.060809
-0.0947819,0.0778874
-0.0947819,0.0778874
-0.0947819,0.0778874
-0.0984611,0.0419224
-0.0984611,0.0419224
-0.109294,0.06445
-0.137623,0.0297308
-0.137623,0.0297308
-0.135615,0.0322703
-0.0730781,0.0254764
-0.0730781,0.0254764
-0.0730781,0.0254764
-0.0730781,0.0254764
-0.0495392,0.035736
-0.0495392,0.035736
-0.0137865,0.0320821
-0.0137865,0.0320821
0.00627241,0.0265471
-0.00267735,0.00668785
-0.00267735,0.00668785
0.0122627,0.00836469
0.0122627,0.00836469
0.00403953,-0.0137879
0.00403953,-0.0137879
0.00403953,-0.0137879
0.00403953,-0.0137879
0.00403953,-0.0137879
0.00403953,-0.0137879
0.00519643,-0.0153887
-0.00146146,-0.0300158
-0.00146146,-0.0300158
0.0169047,-0.0238661
0.0139509,0.00126926
0.0139509,0.00126926
0.0139509,0.00126926
-0.00465364,-0.0308366
-0.00465364,-0.0308366
-0.00465364,-0.0308366
-0.00465364,-0.0308366
-0.00465364,-0.0308366
-0.00465364,-0.0308366
-0.00465364,-0.0308366
-0.00222204,-0.0199229
0.0342934,-0.0246568
0.0342934,-0.0246568
0.0342934,-0.0246568
0.0134184,-0.0207946
-0.00388551,-0.0193891
-0.00388551,-0.0193891
-0.0161654,-0.031005
-0.0161654,-0.031005
-0.0161654,-0.031005
0.0100242,-0.106711
0.0100242,-0.106711
-0.0302165,-0.0396645
-0.0355099,-0.0591179
-0.0363431,-0.0453216
-0.0363431,-0.0453216
-0.0363431,-0.0453216
-0.0287315,-0.0874729
-0.0253069,-0.0477607
-0.0327049,-0.0236188
-0.0484055,-0.0276339
-0.0484055,-0.0276339
-0.0484055,-0.0276339
-0.0484055,-0.0276339
-0.0302912,0.00186312
-0.0302912,0.00186312
-0.0209004,0.0109551
-0.00744279,0.00300127
-0.00744279,0.00300127
-0.0234707,0.0392356
-0.0163465,-0.0503504
-0.0236132,-0.024715
-0.0236132,-0.024715
-0.0236132,-0.024715
-0.0236132,-0.024715
-0.0236132,-0.024715
-0.0236132,-0.024715
-0.0236132,-0.024715
-0.0349889,-5.87443e-05
-0.0349889,-5.87443e-05
-0.0197871,-0.0172751
-0.0197871,-0.0172751
-0.0197871,-0.0172751
-0.0197871,-0.0172751
-0.0283492,0.00230303
-0.0283492,0.00230303
-0.0283492,0.00230303
-0.00989645,0.0211704
-0.0175413,0.0133369
-0.0175413,0.0133369
0.0162608,0.0175702
0.0162608,0.0175702
0.0162608,0.0175702
0.0162608,0.0175702
0.0625,0.0249251
0.0516631,0.0359708
0.0516631,0.0359708
0.0516631,0.0359708
0.0516631,0.0359708
0.0411131,0.0517864
0.061858,0.0573861
0.061858,0.0573861
0.061858,0.0573861
0.0717059,0.0198191
0.0722228,0.0130351
0.0630734,0.018895
0.0630734,0.018895
0.0439699,0.0162504
0.0439699,0.0162504
0.0455822,-0.0087276
0.0455822,-0.0087276
0.0320116,-0.00307965
0.0320116,-0.00307965
0.0320116,-0.00307965
0.0337853,-0.0194819
0.0493374,-0.044599
0.0397204,-0.0188739
0.0583752,-0.0266125
0.0532615,-0.0541781
0.0532615,-0.0541781
0.102457,-0.0506887
0.0532706,0.0157491
0.0532706,0.0157491
0.0532706,0.0157491
0.0532706,0.0157491
0.0532706,0.0157491
0.0473376,-0.0221424
0.0330356,0.0205955
0.0330356,0.0205955
0.0330356,0.0205955
0.051055,0.033663
0.0664349,0.0569071
0.0649707,0.0498886
0.0232579,0.0227098
0.0307025,0.0361065
0.0108343,0.0092544
0.0108343,0.0092544
-0.011376,0.0271692
0.0111344,0.00546346
0.0111344,0.00546346
0.038006,0.00785856
0.0155755,-0.026213
0.0155755,-0.026213
0.0313264,-0.00838599
0.0514643,-0.0242727
0.0514643,-0.0242727
0.0467994,0.00315049
0.0467994,0.00315049
0.0467994,0.00315049
0.082016,0.0120001
0.0753068,-0.000221748
0.0741918,-0.00681389
0.0741918,-0.00681389
0.0741918,-0.00681389
0.0243474,-0.045963
0.0124013,-0.0532825
0.0124013,-0.0532825
0.0124013,-0.0532825
0.0296075,-0.0280655
0.0175889,-0.0750479
-0.00582166,0.000597106
-0.0404355,0.0111648
-0.0404355,0.0111648
-0.025303,-0.0126372
-0.0394779,-0.00957395
-0.0689297,-0.0358804
-0.056249,-0.0330867
-0.0648424,-0.0148262
-0.0648424,-0.0148262
-0.0648424,-0.0148262
-0.0788691,-0.00769506
-0.107489,-0.00182726
-0.107489,-0.00182726
-0.0804881,-0.0183399
-0.0529302,-0.075603
-0.0745568,-0.0474534
-0.0745568,-0.0474534
-0.0291471,0.00796344
-0.0391719,-0.0441706
-0.0580377,-0.00895553
-0.0580377,-0.00895553
-0.0273268,0.0575385
-0.0168275,0.00861477
-0.0168275,0.00861477
-0.0168275,0.00861477
0.00312911,0.0253853
0.00586206,0.00415506
0.00586206,0.00415506
0.00586206,0.00415506
-0.00323174,0.00159106
-0.0090727,-0.0108952
0.0107465,-0.0308061
-0.025939,0.0157496
0.000222001,-0.0310302
0.00541361,-0.00567784
0.0175539,-0.0108234
0.0175539,-0.0108234
0.0175539,-0.0108234
-0.0139695,-0.0059909
-0.0158592,5.59595e-05
-0.0274414,0.0203996
-0.0186081,-0.00391656
-0.0260028,0.0538143
-0.0544166,0.00514313
-0.0544166,0.00514313
-0.0333079,0.042596
0.0106653,0.0569909
-0.0045126,0.00906615
-0.00661929,-0.00937074
0.0297909,-0.0260215
-0.0104191,-0.0542431
-0.00719779,-0.0723096
-0.0393216,-0.0810724
-0.0115332,-0.0682561
-0.0115332,-0.0682561
0.00155174,-0.0762437
0.00155174,-0.0762437
0.00155174,-0.0762437
0.00155174,-0.0762437
-0.0383891,-0.0379156
-0.0491394,-0.0322578
-0.0357786,-0.0445136
-0.0227513,-0.101451
-0.0105111,-0.0591785
-0.0123282,-0.0358486
0.00360003,-0.0322649
0.0229921,0.0401534
0.0229921,0.0401534
0.0181035,-0.00451128
0.017242,-0.0375965
0.017242,-0.0375965
0.017242,-0.0375965
-0.00845181,-0.0359363
0.00666861,-0.0448761
0.00666861,-0.0448761
0.0315546,-0.0857091
0.00592656,-0.097312
0.0038653,-0.0895185
7.12389e-08,-0.0827805
7.12389e-08,-0.0827805
-0.0208147,-0.0632601
-0.0208147,-0.0632601
-0.0208147,-0.0632601
0.0345087,-0.0501424
-0.00464961,-0.0477176
-0.00464961,-0.0477176
0.0316589,-0.0309319
0.00981633,-0.0251197
-0.0157551,-0.0451024
-0.0157551,-0.0451024
0.0004667,-0.0537611
0.0340511,-0.0545158
0.0340511,-0.0545158
0.0125545,-0.0698361
0.0125545,-0.0698361
0.0125545,-0.0698361
0.0125545,-0.0698361
0.00552346,-0.0612437
0.00552346,-0.0612437
0.0049068,-0.0986601
0.0049068,-0.0986601
0.0621686,-0.10869
0.0621686,-0.10869
0.0621686,-0.10869
0.0621686,-0.10869
0.0621686,-0.10869
0.0854266,-0.102365
0.0854266,-0.102365
0.0854266,-0.102365
0.0854266,-0.102365
0.0854266,-0.102365
0.0723606,-0.0670339
0.0538326,-0.0225363
0.0538326,-0.0225363
0.0538326,-0.0225363
0.0227076,-0.0336282
0.0227076,-0.0336282
0.0615731,-0.0167148
0.0622851,-0.0412278
0.0467603,-0.0123599
0.0467603,-0.0123599
0.0467603,-0.0123599
0.0813045,-0.01146
0.0813045,-0.01146
0.044932,-0.0196895
0.0454976,0.0529389
0.0459968,0.0290489
0.0444348,0.0316606
0.0237204,0.0301753
0.00725661,0.0386901
0.00725661,0.0386901
0.00725661,0.0386901
0.00725661,0.0386901
0.00725661,0.0386901
0.0198401,0.039928
0.0130384,0.0311109
0.0643622,0.0246529
0.0323259,0.019669
0.0210169,0.0483244
0.0210169,0.0483244
0.0284969,0.0220911
-0.00736673,0.0331066
0.0185096,0.00551908
-0.00945982,-2.5068e-05
-0.0398474,0.0462136
-0.0434187,-0.00253258
-0.0272796,-0.0533951
-0.0272796,-0.0533951
-0.0272796,-0.0533951
-0.0272796,-0.0533951
-0.0194394,-0.0658592
-0.0194394,-0.0658592
-0.0194394,-0.0658592
0.00508726,-0.000502389
0.00508726,-0.000502389
-0.0268426,0.0160099
-0.00943756,-0.0327626
-0.00943756,-0.0327626
-0.0520977,0.0250656
-0.041229,0.0180924
0.0028395,-0.0199542
-0.0550641,0.00600309
-0.0549996,-0.0135731
-0.0485232,0.019847
-0.0485232,0.019847
-0.0620223,0.000240909
-0.0620223,0.000240909
-0.047615,-0.0104256
-0.047615,-0.0104256
-0.00763157,-0.0216599
-0.00763157,-0.0216599
-0.054733,-0.033037
-0.0138104,-0.0298889
-0.0138104,-0.0298889
-0.0136219,0.0124222
-0.0704063,0.0103804
-0.081424,-0.0367949
-0.0656782,-0.0487126
0.00551834,-0.00784462
-0.0440945,0.00380486
-0.0440945,0.00380486
-0.0275712,0.00582179
-0.044288,-0.00605358
-0.00304106,-0.0250121
-0.0105171,-0.0333694
-0.0105171,-0.0333694
-0.020693,-0.00867488
-0.0114688,-0.0084107
-0.0114688,-0.0084107
-0.0155645,-0.0134589
-0.00787388,-0.00403664
-0.00787388,-0.00403664
0.0291851,-0.0129789
0.0291851,-0.0129789
0.0291851,-0.0129789
-0.0255294,-0.026275
0.00405635,-0.0443184
-0.00866756,-0.0403681
0.0301163,-0.0175015
0.0210546,0.00784203
0.0210546,0.00784203
0.0608703,0.0118602
-0.00705243,0.0302987
-0.002663,0.0503804
-0.0219891,0.0114005
-0.0219891,0.0114005
-0.0373356,-0.0078618
-0.0686654,0.0119079
-0.0229546,0.0416661
-0.0229546,0.0416661
-0.00386518,-0.029868
-0.0578132,-0.00379367
-0.0578132,-0.00379367
-0.0376844,0.014066
-0.0519112,0.0448149
-0.0538031,0.00324631
-0.0134525,0.0113581
-0.0638444,0.0460679
-0.0225744,0.0141669
0.00632841,0.0437457
0.00632841,0.0437457
0.00632841,0.0437457
0.00632841,0.0437457
0.00632841,0.0437457
0.00632841,0.0437457
0.00632841,0.0437457
0.00632841,0.0437457
0.00632841,0.0437457
0.00632841,0.0437457
0.00775974,0.00225505
-0.0253013,0.0128816
-0.00991384,0.0274964
-0.00991384,0.0274964
-0.0184205,0.0136974
-0.0544134,0.00321126
-0.0156525,0.0352356
-0.0663389,0.0350523
-0.0387905,0.0415823
