MDTU,link
1,0.822947
2,0.822947
3,0.82438
4,0.829068
5,0.829068
6,0.826332
7,0.826332
8,0.832118
9,0.832463
10,0.836382
11,0.836778
12,0.840831
13,0.840831
14,0.840831
15,0.84366
16,0.847865
17,0.853992
18,0.853076
19,0.858934
20,0.863848
21,0.863848
22,0.863848
23,0.863848
24,0.864479
25,0.869568
26,0.869568
27,0.869568
28,0.869568
29,0.868853
30,0.865228
31,0.865228
32,0.865228
33,0.865228
34,0.865228
35,0.865228
36,0.867164
37,0.867164
38,0.868171
39,0.870644
40,0.874657
41,0.874073
42,0.874073
43,0.874073
44,0.874073
45,0.880455
46,0.883258
47,0.88642
48,0.88642
49,0.88642
50,0.88642
51,0.886286
52,0.886286
53,0.886286
54,0.886809
55,0.886809
56,0.893675
57,0.894287
58,0.894287
59,0.894287
60,0.894287
61,0.894287
62,0.894287
63,0.894287
64,0.894287
65,0.894287
66,0.894287
67,0.894287
68,0.894287
69,0.895665
70,0.898989
71,0.898989
72,0.900252
73,0.900252
74,0.902206
75,0.902206
76,0.902206
77,0.908247
78,0.912811
79,0.918313
80,0.913789
81,0.913789
82,0.91838
83,0.91838
84,0.915277
85,0.915277
86,0.914893
87,0.914893
88,0.91999
89,0.91999
90,0.91999
91,0.921874
92,0.920137
93,0.920137
94,0.923899
95,0.923847
96,0.921661
97,0.921661
98,0.933746
99,0.933258
100,0.938427
101,0.938427
102,0.937843
103,0.936639
104,0.936756
105,0.941242
106,0.93633
107,0.93633
108,0.93633
109,0.93633
110,0.940038
111,0.940038
112,0.941868
113,0.945837
114,0.945837
115,0.950043
116,0.953495
117,0.955226
118,0.955226
119,0.955226
120,0.950908
121,0.957098
122,0.957098
123,0.957098
124,0.959541
125,0.959541
126,0.959351
127,0.956673
128,0.956673
129,0.956673
130,0.954319
131,0.954319
132,0.95536
133,0.959464
134,0.959887
135,0.959962
136,0.959962
137,0.959854
138,0.959854
139,0.966254
140,0.96793
141,0.96793
142,0.967721
143,0.969654
144,0.965711
145,0.963723
146,0.963723
147,0.963723
148,0.965103
149,0.963475
150,0.970788
151,0.9694
152,0.9694
153,0.972221
154,0.967811
155,0.967811
156,0.968497
157,0.971163
158,0.971163
159,0.971151
160,0.971151
161,0.971151
162,0.972506
163,0.972506
164,0.974987
165,0.977166
166,0.977166
167,0.980043
168,0.978981
169,0.978981
170,0.976609
171,0.976609
172,0.976941
173,0.976941
174,0.977748
175,0.980905
176,0.985765
177,0.985765
178,0.976791
179,0.976791
180,0.984864
181,0.990067
182,0.985889
183,0.985201
184,0.982027
185,0.982027
186,0.990564
187,0.989241
188,0.990224
189,0.988158
190,0.987959
191,0.991142
192,0.991085
193,0.992243
194,0.996449
195,0.996449
196,0.997165
197,0.996528
198,0.996528
199,0.996528
200,1.00061
201,1.00119
202,1.00119
203,0.998582
204,0.998665
205,0.998665
206,0.994186
207,0.994186
208,0.993603
209,0.99826
210,0.99826
211,0.997416
212,0.999073
213,0.999073
214,0.995948
215,0.991816
216,0.991693
217,0.992382
218,0.991359
219,0.991359
220,0.990689
221,0.990045
222,0.990045
223,0.986474
224,0.985561
225,0.987238
226,0.984177
227,0.987678
228,0.984075
229,0.984075
230,0.987308
231,0.987385
232,0.99043
233,0.99043
234,0.993265
235,0.994829
236,0.993338
237,0.99322
238,0.991414
239,0.991414
240,0.991414
241,1.00012
242,0.997918
243,0.999534
244,1.00339
245,1.00322
246,1.00322
247,1.00092
248,1.00106
249,1.00106
250,0.996627
251,1.00148
252,0.998261
253,0.999433
254,1.01023
255,1.00716
256,1.00626
257,1.00802
258,1.00958
259,1.0065
260,1.0012
261,1.00586
262,1.00586
263,1.00586
264,1.00586
265,1.00324
266,1.00896
267,1.00896
268,1.00109
269,1.00189
270,1.00189
271,1.00764
272,1.00764
273,1.00436
274,1.00726
275,1.00932
276,1.01016
277,1.0139
278,1.0139
279,1.01614
280,1.01253
281,1.01281
282,1.01287
283,1.00946
284,1.00834
285,1.01026
286,1.00808
287,1.00922
288,1.01007
289,1.00404
290,1.00917
291,1.01087
292,1.01386
293,1.01386
294,1.01484
295,1.01273
296,1.01127
297,1.01127
298,1.0089
299,1.0113
300,1.0113
301,1.00987
302,1.00772
303,1.00516
304,1.0056
305,1.00691
306,1.00691
307,1.00691
308,1.00691
309,1.00691
310,1.00686
311,1.00686
312,1.00734
313,1.00734
314,1.00775
315,1.0069
316,1.0069
317,1.00938
318,1.01479
319,1.01389
320,1.00699
321,1.00699
322,1.00699
323,1.00699
324,1.00824
325,1.00824
326,1.00973
327,1.00787
328,1.0093
329,1.00758
330,1.00758
331,1.00427
332,1.00109
333,1.00109
334,1.00242
335,1.00242
336,1.00242
337,1.00242
338,1.00001
339,0.998678
340,0.999131
341,1.00082
342,1.00082
343,0.994183
344,0.994183
345,0.993365
346,0.987595
347,0.987595
348,0.987595
349,0.991328
350,0.988827
351,0.991879
352,0.990515
353,0.996644
354,0.993117
355,0.990288
356,0.98895
357,0.98895
358,0.98895
359,0.988736
360,0.991029
361,0.991029
362,0.995105
363,0.992718
364,0.993387
365,0.988426
366,0.992202
367,0.992202
368,0.99353
369,0.992752
370,0.992678
371,0.993609
372,0.993609
373,0.993609
374,0.992921
375,0.992921
376,0.992711
377,0.996716
378,0.996716
379,0.995642
380,0.996746
381,0.994436
382,0.997962
383,0.994837
384,0.994935
385,0.999812
386,0.999812
387,1.00337
388,1.005
389,1.005
390,1.00306
391,1.00161
392,1.00161
393,1.00161
394,1.00014
395,0.998673
396,0.998673
397,0.99872
398,0.99872
399,1.00112
400,1.00112
401,1.00112
402,1.00244
403,1.00154
404,1.00481
405,0.999931
406,1.00227
407,1.00227
408,1.01121
409,1.01076
410,1.00982
411,1.01298
412,1.01161
413,1.01161
414,1.01586
415,1.01476
416,1.01694
417,1.01755
418,1.01936
419,1.02002
420,1.02002
421,1.01717
422,1.01717
423,1.02257
424,1.01481
425,1.01481
426,1.01738
427,1.01587
428,1.01587
429,1.02642
430,1.02642
431,1.02295
432,1.02809
433,1.02809
434,1.02691
435,1.02864
436,1.02996
437,1.03093
438,1.03093
439,1.03093
440,1.0328
441,1.0328
442,1.02786
443,1.02588
444,1.03201
445,1.03252
446,1.02481
447,1.02481
448,1.02481
449,1.0255
450,1.0255
451,1.02028
452,1.02436
453,1.024
454,1.02819
455,1.02717
456,1.02341
457,1.02612
458,1.021
459,1.02081
460,1.02081
461,1.02021
462,1.01924
463,1.02243
464,1.0216
465,1.02035
466,1.01551
467,1.01551
468,1.01134
469,1.01134
470,1.01346
471,1.01574
472,1.01587
473,1.01587
474,1.01182
475,1.01304
476,1.01304
477,1.01304
478,1.01841
479,1.0151
480,1.01811
481,1.01502
482,1.01571
483,1.01933
484,1.01498
485,1.01376
486,1.01376
487,1.0133
488,1.01182
489,1.00753
490,1.00843
491,1.00896
492,1.00139
493,1.00139
494,1.00539
495,1.00209
496,1.00233
497,1.008
498,1.00548
499,1.00441
500,1.00611
501,1.00611
502,1.00821
503,1.00669
504,1.00874
505,1.00874
506,1.01078
507,1.00664
508,1.00274
509,1.00429
510,1.00335
511,0.998525
512,0.998525
513,1.00163
514,0.999533
515,1.0042
516,1.00555
517,1.00539
518,1.00253
519,1.00644
520,1.00644
521,1.00644
522,1.00118
523,1.00118
524,1.00344
525,1.00344
526,1.00347
527,1.00671
528,1.00066
529,1.00279
530,1.00508
531,1.00834
532,1.01098
533,1.00957
534,1.00957
535,1.00957
536,1.01282
537,1.01353
538,1.01766
539,1.01699
540,1.01206
541,1.00733
542,1.00628
543,1.00628
544,1.00821
545,1.00771
546,1.00528
547,1.00528
548,1.00371
549,1.00252
550,1.01057
551,1.00716
552,1.00716
553,1.00427
554,1.00427
555,1.00628
556,1.0057
557,1.00968
558,1.00933
559,1.01303
560,1.01084
561,1.01316
562,1.01864
563,1.01925
564,1.01844
565,1.01956
566,1.01872
567,1.01872
568,1.01729
569,1.01729
570,1.02016
571,1.01353
572,1.0175
573,1.01841
574,1.01617
575,1.0147
576,1.0147
577,1.01325
578,1.01955
579,1.01607
580,1.01823
581,1.01823
582,1.01823
583,1.01725
584,1.01725
585,1.02092
586,1.02273
587,1.02273
588,1.01943
589,1.0195
590,1.02198
591,1.02357
592,1.01833
593,1.01589
594,1.01589
595,1.01667
596,1.01667
597,1.01888
598,1.01888
599,1.01216
600,1.01216
601,1.01216
602,1.02094
603,1.01683
604,1.01573
605,1.02115
606,1.01746
607,1.01819
608,1.01819
609,1.01819
610,1.02057
611,1.02057
612,1.01697
613,1.01697
614,1.01856
615,1.01521
616,1.01387
617,1.01129
618,1.00774
619,1.00564
620,1.00785
621,1.00785
622,1.00785
623,1.00277
624,1.00555
625,0.996197
626,0.996197
627,1.0038
628,1.00654
629,1.00951
630,1.00646
631,1.00515
632,1.0089
633,1.00882
634,1.01812
635,1.01813
636,1.02274
637,1.0214
638,1.01569
639,1.01569
640,1.0131
641,1.0131
642,1.0131
643,1.01406
644,1.01207
645,1.01305
646,1.01524
647,1.01882
648,1.01906
649,1.02475
650,1.01931
651,1.03092
652,1.02831
653,1.03111
654,1.03468
655,1.03177
656,1.03052
657,1.02481
658,1.02515
659,1.02515
660,1.0247
661,1.0247
662,1.0247
663,1.02619
664,1.02602
665,1.03129
666,1.03129
667,1.03117
668,1.0279
669,1.0279
670,1.0291
671,1.0291
672,1.0291
673,1.0291
674,1.03517
675,1.03568
676,1.03856
677,1.03872
678,1.04406
679,1.04682
680,1.04144
681,1.04553
682,1.04117
683,1.04226
684,1.04466
685,1.04466
686,1.03997
687,1.04335
688,1.03829
689,1.04344
690,1.03955
691,1.03955
692,1.03768
693,1.0322
694,1.03484
695,1.03171
696,1.03362
697,1.03306
698,1.03454
699,1.03722
700,1.03662
701,1.033
702,1.03482
703,1.03417
704,1.03417
705,1.02822
706,1.03302
707,1.03302
708,1.03355
709,1.0353
710,1.03309
711,1.03309
712,1.03309
713,1.03187
714,1.02532
715,1.02211
716,1.02211
717,1.02794
718,1.02295
719,1.01478
720,1.01478
721,1.01478
722,1.01732
723,1.01885
724,1.01885
725,1.01558
726,1.01591
727,1.01708
728,1.01682
729,1.01682
730,1.01807
731,1.01139
732,1.00891
733,1.01232
734,1.01232
735,1.01232
736,1.01232
737,1.01232
738,1.01681
739,1.01681
740,1.01681
741,1.01458
742,1.01109
743,1.01197
744,1.01636
745,1.01318
746,1.01839
747,1.01696
748,1.01696
749,1.01705
750,1.01381
751,1.01857
752,1.01148
753,1.01441
754,1.01441
755,1.01712
756,1.01357
757,1.01269
758,1.01704
759,1.01687
760,1.01687
761,1.01548
762,1.01895
763,1.01895
764,1.01895
765,1.01989
766,1.01605
767,1.01605
768,1.01708
769,1.01725
770,1.01754
771,1.01754
772,1.01519
773,1.01519
774,1.01603
775,1.02106
776,1.02104
777,1.01825
778,1.02173
779,1.01958
780,1.02433
781,1.01806
782,1.01077
783,1.01454
784,1.01454
785,1.01011
786,1.0123
787,1.01253
788,1.01253
789,1.01253
790,1.01253
791,1.00838
792,1.01636
793,1.01775
794,1.02288
795,1.02133
796,1.02133
797,1.02133
798,1.02091
799,1.02059
800,1.02678
801,1.02431
802,1.03187
803,1.03187
804,1.02488
805,1.02988
806,1.02514
807,1.03102
808,1.03102
809,1.03435
810,1.03201
811,1.02504
812,1.02504
813,1.02504
814,1.03273
815,1.02894
816,1.0289
817,1.02527
818,1.03095
819,1.03302
820,1.03408
821,1.03211
822,1.0372
823,1.03737
824,1.03377
825,1.03617
826,1.03617
827,1.03246
828,1.03123
829,1.026
830,1.02636
831,1.02636
832,1.02784
833,1.02833
834,1.02613
835,1.0236
836,1.0236
837,1.02966
838,1.03325
839,1.02973
840,1.02973
841,1.03058
842,1.02983
843,1.02137
844,1.0236
845,1.01963
846,1.02307
847,1.01809
848,1.02309
849,1.02014
850,1.01808
851,1.01808
852,1.01857
853,1.02053
854,1.02446
855,1.02005
856,1.02628
857,1.02628
858,1.02107
859,1.02204
860,1.02204
861,1.02299
862,1.02004
863,1.02004
864,1.02004
865,1.02004
866,1.02004
867,1.02485
868,1.02553
869,1.02348
870,1.02807
871,1.02807
872,1.02387
873,1.02299
874,1.02606
875,1.02606
876,1.02074
877,1.02074
878,1.02074
879,1.01632
880,1.02096
881,1.02096
882,1.01883
883,1.01895
884,1.02598
885,1.02598
886,1.02369
887,1.02268
888,1.02006
889,1.02005
890,1.01661
891,1.01546
892,1.01546
893,1.01748
894,1.02084
895,1.02283
896,1.02193
897,1.01769
898,1.02066
899,1.02066
900,1.02066
901,1.02364
902,1.02364
903,1.0263
904,1.01985
905,1.01704
906,1.01704
907,1.01736
908,1.0171
909,1.0171
910,1.01272
911,1.01771
912,1.01986
913,1.02769
914,1.02552
915,1.02136
916,1.02136
917,1.02718
918,1.02718
919,1.02835
920,1.03161
921,1.03239
922,1.03018
923,1.03018
924,1.03066
925,1.03305
926,1.02593
927,1.02593
928,1.03222
929,1.02235
930,1.02414
931,1.01955
932,1.01955
933,1.02116
934,1.02116
935,1.02255
936,1.01997
937,1.02455
938,1.02053
939,1.01976
940,1.02017
941,1.02017
942,1.02129
943,1.02762
944,1.02762
945,1.02949
946,1.02981
947,1.02624
948,1.02391
949,1.02268
950,1.02268
951,1.02896
952,1.02871
953,1.02921
954,1.02921
955,1.03021
956,1.02919
957,1.02987
958,1.02987
959,1.02987
960,1.02756
961,1.02756
962,1.03095
963,1.03095
964,1.03318
965,1.0375
966,1.0375
967,1.03758
968,1.03969
969,1.03978
970,1.03978
971,1.03625
972,1.03217
973,1.03315
974,1.03445
975,1.03445
976,1.03445
977,1.03886
978,1.0288
979,1.02977
980,1.03279
981,1.03314
982,1.03314
983,1.02807
984,1.02807
985,1.02923
986,1.02696
987,1.02696
988,1.02696
989,1.03163
990,1.02936
991,1.03112
992,1.03066
993,1.03086
994,1.03028
995,1.02987
996,1.0302
997,1.02856
998,1.02516
999,1.02316
1000,1.02316
1001,1.02316
1002,1.02316
1003,1.02316
1004,1.02686
1005,1.02391
1006,1.02671
1007,1.01978
1008,1.0206
1009,1.0206
1010,1.0206
1011,1.0206
1012,1.0206
1013,1.0176
1014,1.02087
1015,1.02087
1016,1.01864
1017,1.01911
1018,1.01911
1019,1.01911
1020,1.02204
1021,1.02204
1022,1.02204
1023,1.02888
1024,1.02126
1025,1.02511
1026,1.01808
1027,1.01808
1028,1.01808
1029,1.02079
1030,1.01595
1031,1.01506
1032,1.01506
1033,1.01513
1034,1.0161
1035,1.01205
1036,1.0141
1037,1.0141
1038,1.00931
1039,1.00915
1040,1.00915
1041,1.01079
1042,1.00524
1043,1.00524
1044,1.00537
1045,1.00165
1046,0.997278
1047,0.997278
1048,0.99993
1049,0.99993
1050,0.996334
1051,0.999451
1052,0.999451
1053,0.999451
1054,0.999451
1055,1.00303
1056,1.00303
1057,1.00148
1058,1.00036
1059,0.999777
1060,0.999777
1061,0.999777
1062,1.00196
1063,1.00196
1064,1.00196
1065,1.00132
1066,1.00008
1067,1.00086
1068,1.00025
1069,1.00349
1070,1.00175
1071,1.00379
1072,1.00443
1073,1.00156
1074,1.00156
1075,1.00156
1076,0.99778
1077,0.995715
1078,0.995715
1079,0.995715
1080,0.995715
1081,0.995715
1082,0.998435
1083,0.991799
1084,0.993171
1085,0.990451
1086,0.987295
1087,0.993803
1088,0.993803
1089,0.994413
1090,0.99379
1091,0.994882
1092,0.999857
1093,1.00129
1094,1.00129
1095,1.0028
1096,1.00411
1097,1.0046
1098,1.0046
1099,1.0046
1100,1.00745
1101,1.00586
1102,1.00471
1103,0.999249
1104,1.00245
1105,1.00245
1106,0.993562
1107,0.999968
1108,0.995221
1109,0.99213
1110,0.992464
1111,0.993689
1112,0.995004
1113,0.994957
1114,0.994957
1115,0.992614
1116,0.993057
1117,0.996951
1118,0.993944
1119,0.99605
1120,0.99605
1121,0.99605
1122,1.00103
1123,0.997739
1124,0.997739
1125,0.997739
1126,0.999531
1127,0.998907
1128,0.993926
1129,0.997351
1130,0.99336
1131,0.996979
1132,1.00122
1133,1.00122
1134,1.00208
1135,0.996286
1136,0.997559
1137,0.994507
1138,0.993787
1139,0.993439
1140,0.991044
1141,0.991305
1142,0.989752
1143,0.990626
1144,0.990626
1145,0.9867
1146,0.984998
1147,0.98249
1148,0.98249
1149,0.98245
1150,0.988405
1151,0.986966
1152,0.98937
1153,0.98937
1154,0.984402
1155,0.983535
1156,0.98506
1157,0.99221
1158,0.99221
1159,0.987385
1160,0.98785
1161,0.985041
1162,0.986018
1163,0.986018
1164,0.986739
1165,0.986547
1166,0.987547
1167,0.983825
1168,0.983327
1169,0.988684
1170,0.988836
1171,0.980037
1172,0.981101
1173,0.981101
1174,0.985493
1175,0.985493
1176,0.986859
1177,0.986859
1178,0.986859
1179,0.988901
1180,0.984944
1181,0.984944
1182,0.984944
1183,0.984944
1184,0.985487
1185,0.986948
1186,0.983976
1187,0.98354
1188,0.98354
1189,0.987436
1190,0.989987
1191,0.988499
1192,0.987346
1193,0.987346
1194,0.987346
1195,0.987106
1196,0.987106
1197,0.987106
1198,0.987146
1199,0.992295
1200,0.994254
1201,0.994539
1202,0.994539
1203,0.988109
1204,0.991237
1205,0.993762
1206,0.99407
1207,0.99407
1208,0.990749
1209,0.992437
1210,0.987037
1211,0.986635
1212,0.992113
1213,0.994748
1214,0.994748
1215,0.997712
1216,0.99663
1217,0.995097
1218,0.99661
1219,0.993256
1220,0.999564
1221,1.00257
1222,1.00236
1223,0.996729
1224,1.00042
1225,1.00357
1226,1.00303
1227,1.00621
1228,0.99814
1229,1.00293
1230,0.998282
1231,1.00076
1232,0.996466
1233,0.992873
1234,0.991306
1235,0.995005
1236,0.995191
1237,0.991246
1238,0.991246
1239,0.991457
1240,0.99477
1241,0.987518
1242,0.985964
1243,0.991311
1244,0.993243
1245,0.992377
1246,0.992377
1247,0.992377
1248,0.99227
1249,0.995947
1250,0.995592
1251,0.996435
1252,0.996476
1253,0.996476
1254,1.00076
1255,0.998629
1256,1.00002
1257,1.00002
1258,1.00246
1259,1.00246
1260,1.00164
1261,1.00048
1262,1.00236
1263,1.00117
1264,0.997823
1265,0.997823
1266,1.00011
1267,0.997347
1268,1.00205
1269,1.00165
1270,0.99984
1271,0.99984
1272,0.998101
1273,0.994975
1274,0.995611
1275,0.995336
1276,0.995336
1277,0.999696
1278,1.00172
1279,0.998051
1280,1.00283
1281,0.999415
1282,1.00016
1283,1.00019
1284,1.00019
1285,1.0027
1286,1.00392
1287,1.00583
1288,1.00664
1289,1.00438
1290,1.00438
1291,1.00441
1292,1.00773
1293,1.00205
1294,1.0045
1295,1.0058
1296,1.00983
1297,1.01253
1298,1.01253
1299,1.01253
1300,1.01556
1301,1.014
1302,1.014
1303,1.01463
1304,1.0106
1305,1.01617
1306,1.01998
1307,1.0216
1308,1.0216
1309,1.02052
1310,1.02052
1311,1.02096
1312,1.02478
1313,1.02486
1314,1.01816
1315,1.0135
1316,1.01511
1317,1.02622
1318,1.02248
1319,1.01913
1320,1.02437
1321,1.01808
1322,1.00642
1323,1.00642
1324,1.00984
1325,1.01024
1326,1.00313
1327,1.00313
1328,1.00313
1329,1.00446
1330,1.00446
1331,1.01284
1332,1.01284
1333,1.00923
1334,1.01319
1335,1.01033
1336,1.01033
1337,1.01033
1338,1.00761
1339,1.00784
1340,1.00647
1341,1.00271
1342,1.00986
1343,1.00744
1344,1.01016
1345,1.00493
1346,1.00454
1347,1.00787
1348,1.01149
1349,1.00659
1350,1.00659
1351,1.00659
1352,1.00659
1353,1.01015
1354,1.01071
1355,1.01071
1356,1.0111
1357,1.0111
1358,1.01199
1359,1.01111
1360,1.00413
1361,1.00602
1362,1.00559
1363,1.0034
1364,1.0081
1365,1.00739
1366,1.00656
1367,1.00656
1368,1.01248
1369,1.00628
1370,1.00628
1371,1.01371
1372,1.01141
1373,1.01141
1374,1.0099
1375,1.00213
1376,1.00299
1377,1.00128
1378,1.00043
1379,1.0038
1380,1.01194
1381,1.01237
1382,1.01002
1383,1.01002
1384,1.01179
1385,1.01671
1386,1.01407
1387,1.0155
1388,1.0145
1389,1.01411
1390,1.00951
1391,1.01003
1392,1.01276
1393,1.01276
1394,1.01435
1395,1.01269
1396,1.01269
1397,1.01269
1398,1.01589
1399,1.01969
1400,1.01904
1401,1.01904
1402,1.01904
1403,1.0233
1404,1.01653
1405,1.01813
1406,1.01813
1407,1.02115
1408,1.01432
1409,1.01772
1410,1.02074
1411,1.01976
1412,1.02006
1413,1.02702
1414,1.02702
1415,1.02518
1416,1.02372
1417,1.02372
1418,1.02546
1419,1.02636
1420,1.0255
1421,1.02167
1422,1.02167
1423,1.02167
1424,1.02167
1425,1.02373
1426,1.02307
1427,1.0145
1428,1.01187
1429,1.00775
1430,1.00775
1431,1.00775
1432,1.01034
1433,1.01034
1434,1.00606
1435,1.003
1436,1.003
1437,1.01022
1438,1.01514
1439,1.01234
1440,1.01866
1441,1.0179
1442,1.01126
1443,1.01126
1444,1.01306
1445,1.01406
1446,1.01406
1447,1.01159
1448,1.0094
1449,1.00056
1450,1.00721
1451,1.00249
1452,1.00339
1453,1.00379
1454,1.00682
1455,1.00499
1456,1.00499
1457,1.00499
1458,1.00463
1459,1.00013
1460,1.00013
1461,1.00013
1462,1.00113
1463,1.00368
1464,1.00542
1465,1.00137
1466,1.00859
1467,1.00617
1468,1.00376
1469,1.00424
1470,1.00725
1471,1.00784
1472,1.00784
1473,1.00784
1474,1.00069
1475,1.00625
1476,1.00421
1477,1.00421
1478,1.00421
1479,1.00923
1480,1.00623
1481,1.00623
1482,1.00778
1483,1.00577
1484,1.00524
1485,1.00524
1486,1.00947
1487,1.00732
1488,1.00336
1489,1.00302
1490,1.00302
1491,1.0044
1492,1.00655
1493,1.00874
1494,1.0056
1495,0.999495
1496,1.00401
1497,1.00234
1498,0.999915
1499,0.996808
1500,0.999317
1501,0.997098
1502,0.997098
1503,0.994417
1504,1.00005
1505,0.993528
1506,0.993528
1507,0.991057
1508,0.989055
1509,0.993035
1510,0.993035
1511,0.99444
1512,0.993701
1513,0.993542
1514,0.993542
1515,0.990356
1516,0.987269
1517,0.988997
1518,0.988083
1519,0.993453
1520,0.993398
1521,0.990553
1522,0.990553
1523,0.993104
1524,0.98878
1525,0.99324
1526,0.995097
1527,1.00013
1528,1.00129
1529,0.998155
1530,0.999579
1531,1.00069
1532,0.996062
1533,0.998848
1534,0.997819
1535,0.997819
1536,0.9939
1537,0.994766
1538,0.994766
1539,0.990666
1540,0.994896
1541,0.993243
1542,0.993199
1543,0.994769
1544,0.994391
1545,0.991104
1546,0.990236
1547,0.992322
1548,0.992168
1549,0.994135
1550,0.998321
1551,0.9917
1552,0.992458
1553,0.993495
1554,0.995032
1555,0.995032
1556,0.993064
1557,0.993064
1558,0.996182
1559,0.995239
1560,1.00005
1561,0.995392
1562,0.997077
1563,0.998262
1564,0.999377
1565,0.992721
1566,0.992721
1567,0.994618
1568,0.995622
1569,0.994217
1570,0.994217
1571,0.994217
1572,0.999728
1573,0.999728
1574,0.997547
1575,1.00115
1576,1.00228
1577,0.998688
1578,0.998688
1579,1.0052
1580,1.0052
1581,0.999089
1582,0.999657
1583,1.00098
1584,1.0057
1585,1.01173
1586,1.01462
1587,1.01471
1588,1.01712
1589,1.01582
1590,1.01436
1591,1.01554
1592,1.01503
1593,1.018
1594,1.018
1595,1.01643
1596,1.01643
1597,1.01406
1598,1.01377
1599,1.00993
1600,1.00993
1601,1.01079
1602,1.01079
1603,1.01353
1604,1.00586
1605,1.0085
1606,1.01229
1607,1.00657
1608,1.00657
1609,1.00953
1610,1.00991
1611,1.00939
1612,1.01339
1613,1.00989
1614,1.01442
1615,1.0123
1616,1.01589
1617,1.01876
1618,1.01366
1619,1.01366
1620,1.01561
1621,1.01568
1622,1.01381
1623,1.01752
1624,1.01813
1625,1.01679
1626,1.01679
1627,1.01868
1628,1.01868
1629,1.01822
1630,1.01694
1631,1.01694
1632,1.01857
1633,1.01539
1634,1.01626
1635,1.01768
1636,1.01606
1637,1.01741
1638,1.01846
1639,1.01815
1640,1.01145
1641,1.01589
1642,1.0176
1643,1.01427
1644,1.0113
1645,1.01571
1646,1.01256
1647,1.00798
1648,1.01258
1649,1.0135
1650,1.00584
1651,1.00814
1652,1.00814
1653,1.01241
1654,1.01273
1655,1.0027
1656,1.00442
1657,0.999036
1658,1.00145
1659,1.00525
1660,1.00525
1661,1.00059
1662,1.00425
1663,0.998909
1664,1.00148
1665,1.00148
1666,1.00879
1667,1.0073
1668,1.00549
1669,1.00549
1670,1.00527
1671,1.00975
1672,1.006
1673,1.00751
1674,1.00835
1675,1.00351
1676,1.00351
1677,1.00334
1678,1.00355
1679,1.00355
1680,1.00355
1681,0.999776
1682,1.00114
1683,1.00507
1684,0.996106
1685,1.00063
1686,1.00139
1687,0.996261
1688,0.996261
1689,0.999393
1690,0.996903
1691,0.996903
1692,0.998192
1693,0.999115
1694,1.00181
1695,0.999763
1696,0.999763
1697,0.998375
1698,0.998375
1699,0.99893
1700,0.999391
1701,0.997133
1702,1.00173
1703,0.999917
1704,0.999917
1705,1.00159
1706,1.0067
1707,1.00729
1708,1.00729
1709,1.00633
1710,1.00633
1711,1.00303
1712,1.00363
1713,1.00764
1714,1.00572
1715,1.00604
1716,1.00783
1717,1.00218
1718,1.00218
1719,1.00218
1720,1.00624
1721,1.01133
1722,1.0129
1723,1.01052
1724,1.01052
1725,1.00689
1726,1.00689
1727,1.01031
1728,1.00914
1729,1.01251
1730,1.00652
1731,1.00502
1732,1.00598
1733,1.00598
1734,1.00423
1735,1.00292
1736,1.00292
1737,1.00849
1738,1.00635
1739,1.00471
1740,1.00471
1741,1.00534
1742,1.01077
1743,1.0113
1744,1.01006
1745,1.00204
1746,1.00431
1747,1.00431
1748,1.00525
1749,1.00043
1750,1.00043
1751,1.0005
1752,1.00599
1753,1.00419
1754,1.00419
1755,1.00123
1756,0.998815
1757,1.00106
1758,1.00245
1759,1.00065
1760,1.00457
1761,1.00395
1762,0.999766
1763,0.999829
1764,1.00762
1765,1.00278
1766,1.00373
1767,1.00373
1768,1.00373
1769,1.00373
1770,1.00007
1771,1.00238
1772,0.999891
1773,0.996787
1774,1.00037
1775,0.998212
1776,0.995554
1777,0.996105
1778,0.996105
1779,0.999845
1780,0.995335
1781,0.995335
1782,0.995335
1783,1.00329
1784,1.00329
1785,1.00329
1786,1.00329
1787,0.997129
1788,0.997129
1789,1.0016
1790,1.0016
1791,1.00335
1792,1.00072
1793,1.00433
1794,1.00433
1795,1.00433
1796,1.00109
1797,1.00636
1798,1.00461
1799,1.00838
1800,1.01115
1801,1.01173
1802,1.01015
1803,1.01366
1804,1.01325
1805,1.01064
1806,1.0052
1807,1.0069
1808,1.01429
1809,1.01429
1810,1.01018
1811,1.01018
1812,1.00639
1813,1.00933
1814,1.01028
1815,1.01587
1816,1.01559
1817,1.01331
1818,1.01331
1819,1.01342
1820,1.00928
1821,1.00928
1822,1.01447
1823,1.01632
1824,1.0226
1825,1.02034
1826,1.01898
1827,1.0157
1828,1.01588
1829,1.01588
1830,1.01427
1831,1.01427
1832,1.01427
1833,1.01845
1834,1.02017
1835,1.01819
1836,1.01367
1837,1.01367
1838,1.01461
1839,1.02121
1840,1.02244
1841,1.02163
1842,1.02331
1843,1.02327
1844,1.02327
1845,1.02623
1846,1.02602
1847,1.02256
1848,1.02256
1849,1.02412
1850,1.02195
1851,1.01251
1852,1.01251
1853,1.00996
1854,1.00825
1855,1.00748
1856,1.00748
1857,1.0073
1858,1.01365
1859,1.01405
1860,1.01403
1861,1.01028
1862,1.01344
1863,1.01377
1864,1.01907
1865,1.01984
1866,1.01979
1867,1.02252
1868,1.01995
1869,1.0142
1870,1.01334
1871,1.01334
1872,1.01158
1873,1.01494
1874,1.01494
1875,1.00929
1876,1.00929
1877,1.01161
1878,1.00886
1879,1.00886
1880,1.00886
1881,1.00886
1882,1.00886
1883,1.00677
1884,1.00557
1885,1.00557
1886,1.00557
1887,1.00755
1888,1.00817
1889,1.00817
1890,1.0073
1891,1.0073
1892,1.00689
1893,1.01001
1894,1.00024
1895,1.00153
1896,1.00509
1897,1.00509
1898,1.0071
1899,1.00958
1900,1.00622
1901,1.00622
1902,1.00622
1903,1.01185
1904,1.01063
1905,1.01304
1906,1.00996
1907,1.01237
1908,1.0099
1909,1.0099
1910,1.00756
1911,1.01013
1912,1.01013
1913,1.01366
1914,1.00676
1915,1.00676
1916,1.00851
1917,1.00851
1918,1.00441
1919,1.00441
1920,0.999812
1921,1.00464
1922,1.00045
1923,1.00753
1924,1.0052
1925,1.0064
1926,1.00677
1927,1.00232
1928,1.00104
1929,0.996355
1930,0.996355
1931,0.996355
1932,0.993671
1933,0.992015
1934,0.989875
1935,0.990669
1936,0.990669
1937,0.994141
1938,0.993544
1939,0.993544
1940,0.99817
1941,1.00028
1942,1.00045
1943,1.00266
1944,1.00266
1945,1.00266
1946,1.00429
1947,1.00429
1948,1.00091
1949,1.0011
1950,1.003
1951,1.00066
1952,0.998596
1953,0.997234
1954,0.997234
1955,0.992883
1956,0.995211
1957,0.996467
1958,0.995318
1959,0.995318
1960,0.993359
1961,1.00026
1962,1.00164
1963,0.998941
1964,0.998941
1965,0.999809
1966,0.999506
1967,1.00193
1968,0.996978
1969,0.996978
1970,1.00134
1971,1.0032
1972,1.00031
1973,0.999193
1974,0.996887
1975,0.994041
1976,0.993274
1977,0.993274
1978,0.996009
1979,0.993958
1980,0.991466
1981,0.989433
1982,0.99038
1983,0.99038
1984,0.995425
1985,1.00378
1986,1.00537
1987,1.00444
1988,1.00583
1989,1.00879
1990,1.00879
1991,1.00879
1992,1.0094
1993,1.00842
1994,1.00661
1995,1.00308
1996,1.00308
1997,1.0095
1998,1.0095
1999,1.0095
2000,1.01555
2001,1.01555
2002,1.01555
2003,1.0139
2004,1.01516
2005,1.00704
2006,1.00704
2007,1.01186
2008,1.00961
2009,1.00892
2010,1.01514
2011,1.01397
2012,1.01397
2013,1.01506
2014,1.01358
2015,1.01263
2016,1.01551
2017,1.01551
2018,1.01551
2019,1.01161
2020,1.0158
2021,1.01188
2022,1.01148
2023,1.00686
2024,1.0082
2025,1.01165
2026,1.00543
2027,1.00837
2028,1.01191
2029,1.01191
2030,1.01007
2031,1.01007
2032,1.00704
2033,1.00704
2034,1.00806
2035,1.01547
2036,1.01246
2037,1.01613
2038,1.01582
2039,1.01582
2040,1.01019
2041,1.01357
2042,1.01357
2043,1.01357
2044,1.01357
2045,1.0138
2046,1.01617
2047,1.01579
2048,1.01469
2049,1.01467
2050,1.01406
2051,1.02213
2052,1.01891
2053,1.01988
2054,1.0181
2055,1.02138
2056,1.01998
2057,1.01637
2058,1.01292
2059,1.01014
2060,1.00185
2061,1.00998
2062,1.01336
2063,1.00647
2064,1.00647
2065,1.00861
2066,1.00591
2067,1.00293
2068,1.00468
2069,1.00515
2070,1.00515
2071,1.0065
2072,1.00387
2073,1.00346
2074,1.00076
2075,1.00058
2076,0.996558
2077,0.996435
2078,1.0079
2079,1.0026
2080,1.0026
2081,1.0026
2082,1.00169
2083,1.00408
2084,1.00408
2085,1.00474
2086,1.00474
2087,1.00474
2088,1.00484
2089,1.00636
2090,1.00618
2091,1.00441
2092,1.00441
2093,1.00804
2094,1.01014
2095,1.01014
2096,1.01226
2097,1.01265
2098,1.01369
2099,1.0099
2100,1.00934
2101,1.00934
2102,1.01154
2103,1.01323
2104,1.01208
2105,1.01483
2106,1.01046
2107,1.00754
2108,1.00754
2109,1.00899
2110,1.01308
2111,1.01562
2112,1.01352
2113,1.01882
2114,1.01474
2115,1.01598
2116,1.01915
2117,1.01622
2118,1.01262
2119,1.01262
2120,1.0112
2121,1.0112
2122,1.01355
2123,1.01238
2124,1.00991
2125,1.00574
2126,1.00574
2127,0.998539
2128,0.998539
2129,0.999908
2130,1.00357
2131,1.00333
2132,1.00265
2133,1.0035
2134,1.00811
2135,1.00811
2136,1.00283
2137,1.00283
2138,1.00306
2139,1.00306
2140,1.00543
2141,1.00235
2142,1.00098
2143,1.00188
2144,1.00188
2145,1.00126
2146,0.995982
2147,0.995982
2148,0.995982
2149,0.995681
2150,1.00121
2151,0.997821
2152,0.997821
2153,0.997821
2154,0.99946
2155,0.99946
2156,1.00317
2157,1.0038
2158,1.00824
2159,1.00425
2160,1.00425
2161,0.99829
2162,0.997957
2163,0.997957
2164,0.997957
2165,0.996587
2166,0.999993
2167,0.996508
2168,0.996508
2169,0.99751
2170,0.995587
2171,0.988784
2172,0.992028
2173,0.986377
2174,0.991652
2175,0.992584
2176,0.991711
2177,0.991711
2178,0.991711
2179,0.993118
2180,0.993396
2181,0.993396
2182,0.997648
2183,0.999747
2184,0.999747
2185,0.993511
2186,0.998791
2187,0.998791
2188,1.0048
2189,0.996406
2190,0.996406
2191,0.996406
2192,0.996406
2193,1.00064
2194,1.00939
2195,1.01071
2196,1.00477
2197,1.00464
2198,1.00643
2199,1.0096
2200,1.00601
2201,1.00514
2202,1.00514
2203,1.00226
2204,1.00226
2205,1.00864
2206,1.00767
2207,1.00767
2208,1.00767
2209,1.00737
2210,1.01203
2211,1.01237
2212,1.01514
2213,1.01514
2214,1.01514
2215,1.01301
2216,1.0162
2217,1.01933
2218,1.01933
2219,1.01741
2220,1.01931
2221,1.02228
2222,1.01194
2223,1.01272
2224,1.00441
2225,1.00441
2226,1.00657
2227,1.00833
2228,1.00833
2229,1.00833
2230,1.00123
2231,1.00123
2232,1.00678
2233,1.00684
2234,1.00828
2235,1.01086
2236,1.00775
2237,1.00775
2238,1.01251
2239,1.01036
2240,1.01066
2241,1.00716
2242,1.00716
2243,1.01143
2244,1.01143
2245,1.01143
2246,1.01337
2247,1.01726
2248,1.01171
2249,1.01171
2250,1.01171
2251,1.01171
2252,1.01861
2253,1.01712
2254,1.01428
2255,1.01355
2256,1.01142
2257,1.01142
2258,1.01142
2259,1.00709
2260,1.0122
2261,1.0086
2262,1.0086
2263,1.00549
2264,1.00549
2265,1.00549
2266,1.00079
2267,1.00614
2268,1.00586
2269,1.00586
2270,1.00831
2271,1.00266
2272,1.00003
2273,1.00692
2274,1.00186
2275,1.00445
2276,1.00436
2277,1.00148
2278,1.0026
2279,0.996267
2280,1.00077
2281,0.999596
2282,1.00089
2283,0.996392
2284,0.996392
2285,1.0005
2286,1.0005
2287,0.994856
2288,0.998869
2289,0.998346
2290,0.996984
2291,0.996984
2292,0.994556
2293,0.994556
2294,0.994556
2295,0.997633
2296,0.997633
2297,0.992616
2298,0.992616
2299,0.992616
2300,0.998432
2301,0.996764
2302,0.995849
2303,0.998503
2304,0.99371
2305,0.99371
2306,0.994666
2307,0.994666
2308,0.994703
2309,0.994703
2310,0.992217
2311,0.997715
2312,0.997712
2313,0.99679
2314,0.99679
2315,0.997914
2316,0.997914
2317,0.995283
2318,0.999896
2319,0.999896
2320,1.00219
2321,1.00325
2322,1.00545
2323,1.00548
2324,1.01209
2325,1.01209
2326,1.01158
2327,1.0109
2328,1.01777
2329,1.01777
2330,1.01739
2331,1.01694
2332,1.01549
2333,1.01547
2334,1.01182
2335,1.01001
2336,1.00907
2337,1.01117
2338,1.01117
2339,1.01117
2340,1.01117
2341,1.01375
2342,1.01375
2343,1.01304
2344,1.01304
2345,1.01083
2346,1.01372
2347,1.01095
2348,1.01142
2349,1.01193
2350,1.00675
2351,1.00675
2352,1.01104
2353,1.01104
2354,1.00873
2355,1.01326
2356,1.01326
2357,1.01368
2358,1.01368
2359,1.01368
2360,1.01801
2361,1.01031
2362,1.01642
2363,1.01642
2364,1.01283
2365,1.01509
2366,1.01509
2367,1.01509
2368,1.0111
2369,1.00963
2370,1.01377
2371,1.01216
2372,1.01384
2373,1.01314
2374,1.01314
2375,1.0134
2376,1.01516
2377,1.00744
2378,1.00744
2379,1.0128
2380,1.0128
2381,1.00978
2382,1.00978
2383,1.00878
2384,1.00492
2385,1.00492
2386,1.00091
2387,1.00091
2388,1.00352
2389,1.00352
2390,1.00444
2391,1.00337
2392,1.00337
2393,1.01024
2394,1.0026
2395,1.00586
2396,1.00986
2397,1.0092
2398,1.01008
2399,1.00508
2400,1.00305
2401,1.0038
2402,0.997882
2403,0.997882
2404,0.997882
2405,1.00447
2406,1.00229
2407,1.00328
2408,1.00467
2409,1.00467
2410,1.00186
2411,1.00628
2412,1.00628
2413,1.00537
2414,1.00537
2415,1.00537
2416,1.00654
2417,1.00654
2418,1.00654
2419,1.0097
2420,1.00177
2421,0.995435
2422,1.00466
2423,1.00259
2424,1.00174
2425,1.0038
2426,1.00613
2427,0.997016
2428,1.00245
2429,1.00245
2430,0.999394
2431,0.999394
2432,1.0003
2433,0.997135
2434,0.996281
2435,0.993498
2436,0.994637
2437,0.996787
2438,0.997064
2439,1.00029
2440,0.997338
2441,0.999511
2442,1.00179
2443,0.99993
2444,0.996171
2445,0.996171
2446,0.993927
2447,0.996043
2448,0.996043
2449,0.996043
2450,1.00106
2451,1.00106
2452,1.00142
2453,0.999414
2454,0.999414
2455,0.999414
2456,0.998269
2457,0.996677
2458,0.997746
2459,1.00464
2460,1.00264
2461,1.00264
2462,1.00219
2463,1.00217
2464,0.995704
2465,0.995704
2466,0.995704
2467,1.00117
2468,1.00013
2469,0.998497
2470,0.995748
2471,0.989732
2472,0.994178
2473,0.9923
2474,0.9923
2475,0.986241
2476,0.989756
2477,0.996402
2478,0.99719
2479,0.997748
2480,1.00434
2481,1.00434
2482,1.00195
2483,0.999458
2484,0.999458
2485,1.00071
2486,1.00071
2487,1.00427
2488,1.00427
2489,1.00359
2490,1.00126
2491,1.00621
2492,1.00915
2493,1.00896
2494,1.00882
2495,1.011
2496,1.01135
2497,1.01227
2498,1.01099
2499,1.01163
2500,1.01163
2501,1.01163
2502,1.01082
2503,1.01082
2504,1.01324
2505,1.01826
2506,1.01826
2507,1.01866
2508,1.02337
2509,1.01934
2510,1.01588
2511,1.0136
2512,1.01124
2513,1.01124
2514,1.01064
2515,1.01519
2516,1.01243
2517,1.01243
2518,1.01214
2519,1.01837
2520,1.01837
2521,1.02475
2522,1.0221
2523,1.02348
2524,1.01692
2525,1.01692
2526,1.01887
2527,1.01272
2528,1.01615
2529,1.01686
2530,1.01209
2531,1.01135
2532,1.01135
2533,1.01135
2534,1.01135
2535,1.01168
2536,1.01118
2537,1.01522
2538,1.01864
2539,1.02131
2540,1.01998
2541,1.01998
2542,1.01765
2543,1.01765
2544,1.01776
2545,1.01787
2546,1.01787
2547,1.01369
2548,1.01369
2549,1.01369
2550,1.01116
2551,1.00934
2552,1.00934
2553,1.00639
2554,1.00803
2555,1.00721
2556,1.01165
2557,1.01052
2558,1.01052
2559,1.01419
2560,1.01095
2561,1.01095
2562,1.01526
2563,1.01575
2564,1.01408
2565,1.02114
2566,1.02114
2567,1.0191
2568,1.0191
2569,1.01744
2570,1.02118
2571,1.02584
2572,1.02557
2573,1.02517
2574,1.02426
2575,1.01938
2576,1.02413
2577,1.02413
2578,1.01712
2579,1.01712
2580,1.01712
2581,1.0164
2582,1.02124
2583,1.01377
2584,1.01175
2585,1.01167
2586,1.01139
2587,1.01118
2588,1.01087
2589,1.0139
2590,1.01297
2591,1.01609
2592,1.01596
2593,1.01174
2594,1.01078
2595,1.01151
2596,1.01151
2597,1.00759
2598,1.01425
2599,1.00901
2600,1.00853
2601,1.00541
2602,1.00962
2603,1.00635
2604,1.00279
2605,1.00888
2606,1.00888
2607,1.01428
2608,1.00796
2609,1.00905
2610,1.00688
2611,1.01356
2612,1.00377
2613,1.00796
2614,1.00709
2615,1.0061
2616,0.999672
2617,1.00255
2618,1.00115
2619,0.997875
2620,0.996978
2621,1.00003
2622,0.996629
2623,0.996192
2624,0.997772
2625,0.993246
2626,0.997982
2627,0.995187
2628,0.997529
2629,0.994828
2630,0.994828
2631,0.99977
2632,0.999906
2633,0.998533
2634,1.00506
2635,1.00506
2636,1.00595
2637,1.00595
2638,1.00998
2639,1.00798
2640,1.00676
2641,1.01231
2642,1.01213
2643,1.01482
2644,1.01151
2645,1.01038
2646,1.01147
2647,1.01204
2648,1.01091
2649,1.01091
2650,1.01657
2651,1.01394
2652,1.01394
2653,1.01394
2654,1.01813
2655,1.01813
2656,1.0159
2657,1.01609
2658,1.00725
2659,1.00507
2660,1.00507
2661,1.01211
2662,1.01392
2663,1.01773
2664,1.01482
2665,1.01482
2666,1.01354
2667,1.00921
2668,1.00909
2669,1.00613
2670,1.00729
2671,1.00131
2672,0.999158
2673,0.999158
2674,0.999158
2675,0.9999
2676,1.00233
2677,1.00299
2678,1.01036
2679,1.00926
2680,1.00926
2681,1.01022
2682,1.01022
2683,1.00644
2684,1.00644
2685,1.00644
2686,1.0093
2687,1.00987
2688,1.00979
2689,1.01356
2690,1.01275
2691,1.0141
2692,1.01939
2693,1.01939
2694,1.02336
2695,1.02325
2696,1.02072
2697,1.02125
2698,1.02125
2699,1.01374
2700,1.0142
2701,1.0138
2702,1.01527
2703,1.01527
2704,1.01757
2705,1.02265
2706,1.02265
2707,1.02295
2708,1.02295
2709,1.019
2710,1.019
2711,1.01798
2712,1.02066
2713,1.01622
2714,1.02049
2715,1.01998
2716,1.02346
2717,1.02394
2718,1.02896
2719,1.02539
2720,1.02159
2721,1.01995
2722,1.02495
2723,1.01907
2724,1.02293
2725,1.02292
2726,1.02242
2727,1.02398
2728,1.01703
2729,1.01763
2730,1.01763
2731,1.02084
2732,1.01968
2733,1.01634
2734,1.01838
2735,1.02199
2736,1.0159
2737,1.01484
2738,1.01429
2739,1.00908
2740,1.01176
2741,1.01348
2742,1.01587
2743,1.01603
2744,1.01967
2745,1.01967
2746,1.0139
2747,1.01632
2748,1.01421
2749,1.01612
2750,1.01466
2751,1.01468
2752,1.01468
2753,1.01863
2754,1.01929
2755,1.01674
2756,1.01674
2757,1.01674
2758,1.01636
2759,1.01636
2760,1.01597
2761,1.01597
2762,1.00699
2763,1.00699
2764,1.01326
2765,1.01479
2766,1.01406
2767,1.01616
2768,1.01616
2769,1.01616
2770,1.01853
2771,1.01479
2772,1.0172
2773,1.01431
2774,1.01868
2775,1.01914
2776,1.01333
2777,1.01724
2778,1.01656
2779,1.01656
2780,1.01845
2781,1.01693
2782,1.01895
2783,1.01185
2784,1.01241
2785,1.01241
2786,1.01241
2787,1.01424
2788,1.01397
2789,1.01561
2790,1.01561
2791,1.01219
2792,1.00897
2793,1.01271
2794,1.0148
2795,1.01565
2796,1.01416
2797,1.01475
2798,1.01475
2799,1.01942
2800,1.01942
2801,1.01942
2802,1.0155
2803,1.01834
2804,1.02371
2805,1.01936
2806,1.02297
2807,1.02287
2808,1.02134
2809,1.02315
2810,1.02482
2811,1.02204
2812,1.0198
2813,1.02049
2814,1.01968
2815,1.02181
2816,1.02377
2817,1.01888
2818,1.01769
2819,1.01674
2820,1.01586
2821,1.01136
2822,1.01136
2823,1.01136
2824,1.01546
2825,1.0189
2826,1.0189
2827,1.0173
2828,1.0152
2829,1.0152
2830,1.01368
2831,1.01596
2832,1.0136
2833,1.0136
2834,1.01662
2835,1.01773
2836,1.02079
2837,1.02079
2838,1.0149
2839,1.01265
2840,1.01265
2841,1.01505
2842,1.01269
2843,1.01956
2844,1.0175
2845,1.0175
2846,1.02118
2847,1.01697
2848,1.01683
2849,1.02056
2850,1.02071
2851,1.01398
2852,1.02098
2853,1.01793
2854,1.0189
2855,1.01683
2856,1.01683
2857,1.01572
2858,1.01613
2859,1.01613
2860,1.0196
2861,1.01462
2862,1.01487
2863,1.01487
2864,1.02007
2865,1.02495
2866,1.02473
2867,1.02351
2868,1.02351
2869,1.02655
2870,1.02655
2871,1.02224
2872,1.02224
2873,1.02485
2874,1.02462
2875,1.0254
2876,1.0254
2877,1.02549
2878,1.02323
2879,1.02485
2880,1.02113
2881,1.0215
2882,1.02475
2883,1.02802
2884,1.02048
2885,1.02139
2886,1.01936
2887,1.02505
2888,1.01979
2889,1.01979
2890,1.01615
2891,1.01634
2892,1.01634
2893,1.01419
2894,1.01843
2895,1.02222
2896,1.02108
2897,1.02108
2898,1.0215
2899,1.0215
2900,1.02038
2901,1.01912
2902,1.01912
2903,1.02043
2904,1.01812
2905,1.01429
2906,1.01114
2907,1.01106
2908,1.01241
2909,1.01317
2910,1.00702
2911,1.00702
2912,1.00327
2913,1.00462
2914,1.00381
2915,1.00744
2916,1.0017
2917,1.0017
2918,1.00963
2919,1.0036
2920,1.00888
2921,1.00992
2922,1.00692
2923,1.00959
2924,1.00959
2925,1.01705
2926,1.0083
2927,1.01017
2928,1.01017
2929,1.00563
2930,1.00399
2931,1.00714
2932,1.0098
2933,1.00626
2934,1.00373
2935,1.0077
2936,1.00734
2937,1.00734
2938,1.00488
2939,1.00488
2940,1.00498
2941,1.01005
2942,1.01005
2943,1.01005
2944,1.01005
2945,1.00986
2946,1.01149
2947,1.01108
2948,1.01458
2949,1.01255
2950,1.01082
2951,1.01163
2952,1.00727
2953,1.00513
2954,1.01523
2955,1.01117
2956,1.01117
2957,1.01354
2958,1.01428
2959,1.01645
2960,1.01345
2961,1.01436
2962,1.01391
2963,1.01391
2964,1.0148
2965,1.01747
2966,1.01749
2967,1.01615
2968,1.01744
2969,1.01543
2970,1.01345
2971,1.01203
2972,1.01356
2973,1.01098
2974,1.01246
2975,1.00803
2976,1.01039
2977,1.00861
2978,1.01498
2979,1.00947
2980,1.0082
2981,1.0082
2982,1.0082
2983,1.0082
2984,1.00226
2985,0.997745
2986,0.997745
2987,0.998786
2988,0.998359
2989,1.00219
2990,1.00277
2991,1.00454
2992,1.00492
2993,1.00608
2994,0.998817
2995,1.00085
2996,1.00399
2997,1.00638
2998,1.01025
2999,1.01025
3000,1.00852
