T,G,F
1,0.01872,0.0258
2,0.01585,0.02434
3,0.01579,0.02433
4,0.01586,0.02434
5,0.01585,0.02427
6,0.01587,0.02425
7,0.01586,0.02423
8,0.01586,0.02432
9,0.01585,0.02418
10,0.01593,0.02416
11,0.01591,0.02409
12,0.01593,0.02408
13,0.01595,0.02406
14,0.01596,0.02406
15,0.01593,0.02406
16,0.016,0.024
17,0.01606,0.02392
18,0.01606,0.02384
19,0.01609,0.02386
20,0.01614,0.0238
21,0.01618,0.02371
22,0.01617,0.02374
23,0.01622,0.02373
24,0.01613,0.0237
25,0.01623,0.0237
26,0.01623,0.02365
27,0.01622,0.02367
28,0.01626,0.02362
29,0.01621,0.02357
30,0.01618,0.02369
31,0.01628,0.02374
32,0.01625,0.02371
33,0.01625,0.02375
34,0.01627,0.02373
35,0.01627,0.02371
36,0.01618,0.02371
37,0.01617,0.02367
38,0.01617,0.02369
39,0.01618,0.02369
40,0.01624,0.02365
41,0.01623,0.02362
42,0.01629,0.02358
43,0.01624,0.02359
44,0.0163,0.02358
45,0.01628,0.02356
46,0.01631,0.02348
47,0.01636,0.02343
48,0.0164,0.02335
49,0.01634,0.02336
50,0.01641,0.02342
51,0.01635,0.02337
52,0.01635,0.02338
53,0.01635,0.02342
54,0.01631,0.0234
55,0.0164,0.02345
56,0.01643,0.02341
57,0.01641,0.02326
58,0.0164,0.02331
59,0.01644,0.02328
60,0.01643,0.02331
61,0.01647,0.02328
62,0.01643,0.02332
63,0.01645,0.02325
64,0.01647,0.02333
65,0.01646,0.02329
66,0.01642,0.0233
67,0.01645,0.02322
68,0.01643,0.02325
69,0.01639,0.02332
70,0.01644,0.02327
71,0.01647,0.02328
72,0.01646,0.02323
73,0.0165,0.02321
74,0.01646,0.02321
75,0.01649,0.02318
76,0.01652,0.02314
77,0.01653,0.02322
78,0.01656,0.02311
79,0.01663,0.02307
80,0.01662,0.02304
81,0.01668,0.02303
82,0.01661,0.02297
83,0.01663,0.02304
84,0.01662,0.02302
85,0.01661,0.02299
86,0.01656,0.02308
87,0.01658,0.023
88,0.01663,0.02301
89,0.01665,0.0229
90,0.01667,0.02297
91,0.01665,0.02294
92,0.01664,0.02298
93,0.01665,0.02295
94,0.01666,0.02297
95,0.01666,0.02292
96,0.01665,0.02293
97,0.01667,0.0229
98,0.01675,0.02294
99,0.01675,0.02281
100,0.01679,0.02278
101,0.01681,0.02273
102,0.0168,0.02272
103,0.01679,0.02274
104,0.01675,0.02273
105,0.0168,0.02272
106,0.01684,0.02271
107,0.01682,0.02274
108,0.0168,0.02274
109,0.0169,0.02273
110,0.01681,0.02271
111,0.01685,0.02267
112,0.01682,0.02267
113,0.01686,0.02266
114,0.01691,0.02264
115,0.0169,0.02264
116,0.01691,0.02258
117,0.01693,0.02252
118,0.01694,0.02247
119,0.01695,0.02248
120,0.01689,0.02254
121,0.01693,0.02255
122,0.01701,0.02248
123,0.01695,0.0225
124,0.01697,0.02245
125,0.01699,0.02242
126,0.01697,0.02241
127,0.01699,0.02249
128,0.01695,0.02247
129,0.01693,0.02246
130,0.01695,0.02248
131,0.01696,0.02247
132,0.01691,0.02249
133,0.01696,0.02249
134,0.01697,0.02246
135,0.01697,0.02242
136,0.01695,0.02246
137,0.01696,0.02238
138,0.01697,0.02244
139,0.01701,0.02241
140,0.01702,0.02232
141,0.01705,0.02233
142,0.01706,0.02237
143,0.01704,0.02234
144,0.01704,0.02236
145,0.017,0.02241
146,0.01705,0.02239
147,0.01699,0.02241
148,0.01707,0.02237
149,0.01703,0.02239
150,0.01705,0.02245
151,0.01705,0.02232
152,0.01709,0.02238
153,0.01708,0.02237
154,0.01709,0.02234
155,0.01705,0.02232
156,0.01703,0.02232
157,0.01705,0.02237
158,0.01712,0.0223
159,0.01705,0.02233
160,0.01708,0.02231
161,0.01713,0.0223
162,0.0171,0.02229
163,0.01709,0.02226
164,0.01707,0.02227
165,0.01709,0.02226
166,0.0172,0.02226
167,0.01714,0.02223
168,0.01716,0.02214
169,0.01711,0.02224
170,0.01714,0.02225
171,0.01714,0.02223
172,0.01709,0.0222
173,0.0171,0.02227
174,0.01712,0.02219
175,0.01716,0.0222
176,0.01718,0.02218
177,0.01719,0.0221
178,0.01719,0.02223
179,0.01713,0.02226
180,0.01719,0.02221
181,0.01721,0.02217
182,0.01721,0.02212
183,0.01719,0.02218
184,0.01716,0.02216
185,0.01722,0.02217
186,0.01725,0.02217
187,0.01721,0.02207
188,0.01724,0.02209
189,0.0172,0.02208
190,0.01718,0.02203
191,0.01721,0.02204
192,0.01722,0.02203
193,0.01721,0.02209
194,0.01731,0.02205
195,0.01728,0.02201
196,0.01732,0.02202
197,0.01728,0.02195
198,0.01725,0.02201
199,0.01729,0.02202
200,0.01729,0.02199
201,0.0173,0.02195
202,0.01733,0.02195
203,0.01733,0.02196
204,0.01729,0.02199
205,0.01731,0.02194
206,0.01733,0.02201
207,0.01727,0.02201
208,0.01722,0.02203
209,0.01727,0.02202
210,0.01729,0.02198
211,0.01727,0.022
212,0.01728,0.02204
213,0.01727,0.02197
214,0.01727,0.02201
215,0.01725,0.02206
216,0.01722,0.02206
217,0.01721,0.02208
218,0.01722,0.02206
219,0.0173,0.02203
220,0.01721,0.02208
221,0.01725,0.02207
222,0.01721,0.02204
223,0.01724,0.02211
224,0.01716,0.02208
225,0.0172,0.02212
226,0.01718,0.02208
227,0.0172,0.02213
228,0.01717,0.02219
229,0.0172,0.02219
230,0.01718,0.02214
231,0.01719,0.02208
232,0.01721,0.0221
233,0.01722,0.02204
234,0.01726,0.02203
235,0.01726,0.02204
236,0.01727,0.022
237,0.01724,0.02201
238,0.01723,0.02207
239,0.01724,0.02205
240,0.01723,0.02202
241,0.01727,0.02207
242,0.01729,0.02202
243,0.0173,0.02198
244,0.01732,0.02197
245,0.01736,0.0219
246,0.01731,0.02192
247,0.01731,0.02192
248,0.01729,0.02194
249,0.01733,0.02192
250,0.0173,0.02201
251,0.0173,0.02201
252,0.01729,0.02196
253,0.01727,0.02195
254,0.01739,0.022
255,0.01737,0.02188
256,0.01741,0.02185
257,0.01736,0.02188
258,0.01738,0.02191
259,0.0174,0.02187
260,0.01733,0.02196
261,0.01732,0.02194
262,0.01736,0.02187
263,0.0174,0.02192
264,0.01732,0.02193
265,0.01734,0.02194
266,0.01737,0.02191
267,0.01737,0.02184
268,0.01739,0.02197
269,0.01732,0.02195
270,0.01729,0.02192
271,0.01736,0.02195
272,0.0174,0.02188
273,0.01735,0.02193
274,0.01737,0.02189
275,0.01736,0.02186
276,0.0174,0.02186
277,0.01746,0.02185
278,0.01742,0.02181
279,0.01744,0.02184
280,0.01744,0.02185
281,0.01739,0.0218
282,0.01738,0.02185
283,0.0174,0.02184
284,0.01738,0.02182
285,0.01737,0.02184
286,0.0174,0.02183
287,0.0174,0.02184
288,0.01741,0.02181
289,0.0174,0.0219
290,0.01738,0.02189
291,0.0174,0.02182
292,0.01741,0.0218
293,0.01742,0.0218
294,0.01742,0.02183
295,0.01742,0.02178
296,0.0174,0.02185
297,0.0174,0.02182
298,0.01737,0.02185
299,0.01741,0.02185
300,0.01739,0.02184
301,0.01741,0.02184
302,0.01742,0.02185
303,0.01737,0.02188
304,0.01734,0.02189
305,0.01734,0.02187
306,0.01738,0.02186
307,0.01736,0.02188
308,0.01734,0.02188
309,0.01737,0.02189
310,0.01738,0.02187
311,0.01736,0.02186
312,0.01738,0.02184
313,0.01739,0.02185
314,0.01736,0.02185
315,0.01735,0.02187
316,0.01733,0.02189
317,0.01738,0.02185
318,0.01742,0.02184
319,0.01742,0.02179
320,0.01739,0.02187
321,0.01738,0.02186
322,0.01739,0.02186
323,0.01739,0.0219
324,0.01737,0.02187
325,0.01741,0.02183
326,0.01739,0.02182
327,0.01735,0.02191
328,0.01739,0.02183
329,0.01737,0.02189
330,0.01738,0.02191
331,0.01736,0.0219
332,0.01733,0.02195
333,0.01739,0.02195
334,0.0173,0.02195
335,0.01733,0.02195
336,0.01739,0.02195
337,0.01736,0.02195
338,0.0173,0.02195
339,0.0173,0.02198
340,0.01729,0.02191
341,0.0173,0.02196
342,0.01732,0.02192
343,0.01731,0.02206
344,0.01731,0.02199
345,0.01723,0.02202
346,0.01725,0.02209
347,0.0172,0.02207
348,0.0172,0.0221
349,0.01722,0.0221
350,0.01724,0.02206
351,0.01725,0.02209
352,0.01725,0.02206
353,0.01728,0.02205
354,0.01727,0.02203
355,0.01724,0.02207
356,0.01719,0.02207
357,0.0173,0.02207
358,0.01727,0.02211
359,0.01722,0.02208
360,0.01723,0.02212
361,0.01724,0.02207
362,0.01724,0.02204
363,0.01722,0.02201
364,0.01726,0.02201
365,0.01723,0.02205
366,0.01723,0.02206
367,0.0173,0.02206
368,0.01724,0.02203
369,0.01723,0.02202
370,0.01725,0.02201
371,0.01725,0.02204
372,0.01724,0.02207
373,0.01725,0.02205
374,0.01729,0.02202
375,0.01726,0.022
376,0.01725,0.02201
377,0.01725,0.02206
378,0.01725,0.02201
379,0.01729,0.02201
380,0.01726,0.02206
381,0.01728,0.02201
382,0.01729,0.02204
383,0.01729,0.02206
384,0.01729,0.02199
385,0.0173,0.02203
386,0.01728,0.02199
387,0.01732,0.02196
388,0.01734,0.02193
389,0.01736,0.02194
390,0.01733,0.02195
391,0.01731,0.02198
392,0.01738,0.02195
393,0.01736,0.02191
394,0.0173,0.02194
395,0.01733,0.02196
396,0.01733,0.02196
397,0.01728,0.02198
398,0.01737,0.02198
399,0.01729,0.02199
400,0.01732,0.02194
401,0.01729,0.02193
402,0.01729,0.02198
403,0.01729,0.02192
404,0.01733,0.02195
405,0.01735,0.02195
406,0.0173,0.02194
407,0.01738,0.02191
408,0.01738,0.02194
409,0.01737,0.02183
410,0.01738,0.02187
411,0.0174,0.02185
412,0.01738,0.02184
413,0.01742,0.02178
414,0.01742,0.02184
415,0.01745,0.02176
416,0.01742,0.02178
417,0.01745,0.02175
418,0.01746,0.02177
419,0.01745,0.02173
420,0.01745,0.02174
421,0.01744,0.02181
422,0.01743,0.02172
423,0.01747,0.02175
424,0.01748,0.0218
425,0.01747,0.02178
426,0.01744,0.02182
427,0.01745,0.02172
428,0.01742,0.02175
429,0.01754,0.02181
430,0.01751,0.02175
431,0.01752,0.02171
432,0.01754,0.0217
433,0.01755,0.02168
434,0.01752,0.02169
435,0.01752,0.02167
436,0.01758,0.02162
437,0.01753,0.02161
438,0.01757,0.02162
439,0.01755,0.02162
440,0.01755,0.02165
441,0.01757,0.02166
442,0.01756,0.02165
443,0.01751,0.02161
444,0.01756,0.02167
445,0.01756,0.02166
446,0.01756,0.02168
447,0.0175,0.02167
448,0.01757,0.02171
449,0.01753,0.02165
450,0.01752,0.02168
451,0.01752,0.02169
452,0.01749,0.02171
453,0.01748,0.02169
454,0.0175,0.02169
455,0.01756,0.02164
456,0.0175,0.02174
457,0.0175,0.0217
458,0.01751,0.02171
459,0.01747,0.02168
460,0.01751,0.02175
461,0.01746,0.0217
462,0.01745,0.02174
463,0.01748,0.02173
464,0.0175,0.02169
465,0.01748,0.02171
466,0.01747,0.02179
467,0.01742,0.02177
468,0.01741,0.02182
469,0.01744,0.0218
470,0.0174,0.02181
471,0.01741,0.02184
472,0.01744,0.02179
473,0.01747,0.02185
474,0.01742,0.02185
475,0.0174,0.02177
476,0.0174,0.02179
477,0.01741,0.02184
478,0.01744,0.02181
479,0.01746,0.02178
480,0.01744,0.02182
481,0.01743,0.02182
482,0.01742,0.02176
483,0.01747,0.02184
484,0.01747,0.02179
485,0.01741,0.02185
486,0.01745,0.0218
487,0.01742,0.02182
488,0.01742,0.02182
489,0.0174,0.02188
490,0.01735,0.02185
491,0.01741,0.02185
492,0.01737,0.02192
493,0.01734,0.02192
494,0.01737,0.02193
495,0.0173,0.02194
496,0.01729,0.02195
497,0.01737,0.02195
498,0.01735,0.0219
499,0.01733,0.02193
500,0.01734,0.02193
501,0.01743,0.02192
502,0.01736,0.02186
503,0.01733,0.02187
504,0.01734,0.02191
505,0.01736,0.02187
506,0.01739,0.02181
507,0.01739,0.02183
508,0.01736,0.0219
509,0.01734,0.0219
510,0.01733,0.02192
511,0.01733,0.02205
512,0.01738,0.02201
513,0.01729,0.02195
514,0.01734,0.02193
515,0.01731,0.02195
516,0.01733,0.0219
517,0.01733,0.02188
518,0.01733,0.02192
519,0.01735,0.02197
520,0.01736,0.02188
521,0.01734,0.02187
522,0.01735,0.02196
523,0.01734,0.02193
524,0.01737,0.02196
525,0.01736,0.02191
526,0.0173,0.02199
527,0.01734,0.0219
528,0.01735,0.02194
529,0.01734,0.02194
530,0.01737,0.02191
531,0.01736,0.02189
532,0.01738,0.02184
533,0.01739,0.02183
534,0.01741,0.02182
535,0.01739,0.02185
536,0.01741,0.02186
537,0.0174,0.02181
538,0.01744,0.0218
539,0.01743,0.02175
540,0.01747,0.02184
541,0.0174,0.02185
542,0.01737,0.02185
543,0.01739,0.02188
544,0.01733,0.02193
545,0.01736,0.02192
546,0.01735,0.02189
547,0.01735,0.02191
548,0.01733,0.02195
549,0.01731,0.02191
550,0.0174,0.0219
551,0.0174,0.02186
552,0.01742,0.02189
553,0.01735,0.0219
554,0.01732,0.0219
555,0.01736,0.02187
556,0.01737,0.02187
557,0.01738,0.02189
558,0.01741,0.02181
559,0.01742,0.02183
560,0.01739,0.02181
561,0.01739,0.02178
562,0.01744,0.02179
563,0.01744,0.02179
564,0.01744,0.02177
565,0.01749,0.02176
566,0.01746,0.02172
567,0.01743,0.02177
568,0.01745,0.0218
569,0.01744,0.02179
570,0.01749,0.02174
571,0.01749,0.02182
572,0.01747,0.0218
573,0.01746,0.02179
574,0.01745,0.0218
575,0.01746,0.02178
576,0.0174,0.0218
577,0.01739,0.02181
578,0.01745,0.0218
579,0.01749,0.02173
580,0.01743,0.02181
581,0.01743,0.02174
582,0.01744,0.02176
583,0.01742,0.02179
584,0.01744,0.02179
585,0.01747,0.02173
586,0.01746,0.0217
587,0.01749,0.02174
588,0.01747,0.0217
589,0.01743,0.02174
590,0.01747,0.02174
591,0.01749,0.02168
592,0.01749,0.02177
593,0.01745,0.02178
594,0.01741,0.0218
595,0.01742,0.02174
596,0.01745,0.02172
597,0.01744,0.02178
598,0.01746,0.02178
599,0.01744,0.02182
600,0.01742,0.02185
601,0.01746,0.0218
602,0.01749,0.02183
603,0.01746,0.02179
604,0.01746,0.02173
605,0.01751,0.02178
606,0.01745,0.02178
607,0.01743,0.02179
608,0.0175,0.02174
609,0.01746,0.02177
610,0.01744,0.02176
611,0.01753,0.02173
612,0.01745,0.02174
613,0.0175,0.0218
614,0.01744,0.0218
615,0.01744,0.02183
616,0.01741,0.02181
617,0.01739,0.0218
618,0.01739,0.02184
619,0.01734,0.02187
620,0.01734,0.02187
621,0.01743,0.02192
622,0.01738,0.02189
623,0.01734,0.02199
624,0.01733,0.02193
625,0.01736,0.02203
626,0.01732,0.02194
627,0.01735,0.02196
628,0.01737,0.02189
629,0.01737,0.02191
630,0.01739,0.02188
631,0.01734,0.02187
632,0.01736,0.02192
633,0.01733,0.02184
634,0.01745,0.02185
635,0.01745,0.02175
636,0.01748,0.02173
637,0.01747,0.02176
638,0.01749,0.02176
639,0.0175,0.02184
640,0.0174,0.02179
641,0.01739,0.02179
642,0.01747,0.02182
643,0.01743,0.02178
644,0.01741,0.02183
645,0.01737,0.02185
646,0.01745,0.02183
647,0.01742,0.02177
648,0.01745,0.02176
649,0.01751,0.02177
650,0.0175,0.02174
651,0.01756,0.02173
652,0.01755,0.02165
653,0.01757,0.02164
654,0.01758,0.02163
655,0.01759,0.02161
656,0.01755,0.02163
657,0.01754,0.02168
658,0.0175,0.02163
659,0.01756,0.02168
660,0.01749,0.02163
661,0.01751,0.02163
662,0.01752,0.02166
663,0.01749,0.02168
664,0.01751,0.02162
665,0.01755,0.02165
666,0.01756,0.02162
667,0.01759,0.02161
668,0.01753,0.02166
669,0.01753,0.02168
670,0.01753,0.02163
671,0.01765,0.0216
672,0.01754,0.02169
673,0.01753,0.02162
674,0.01758,0.02165
675,0.01757,0.02163
676,0.0176,0.02159
677,0.01767,0.02152
678,0.01766,0.02151
679,0.01766,0.02151
680,0.01769,0.02149
681,0.01768,0.0215
682,0.01767,0.02151
683,0.01763,0.02152
684,0.01769,0.02145
685,0.01768,0.02146
686,0.01768,0.02153
687,0.01765,0.02152
688,0.01766,0.0215
689,0.01765,0.02154
690,0.01765,0.02151
691,0.01763,0.02153
692,0.01767,0.02153
693,0.01761,0.02161
694,0.0176,0.02158
695,0.01758,0.02165
696,0.01758,0.02154
697,0.0176,0.02158
698,0.01757,0.02159
699,0.01761,0.02155
700,0.01758,0.02157
701,0.01761,0.02161
702,0.01756,0.02158
703,0.01758,0.02156
704,0.0176,0.02158
705,0.01755,0.02164
706,0.01754,0.02165
707,0.01757,0.02156
708,0.01757,0.02158
709,0.01758,0.02162
710,0.0176,0.02159
711,0.01762,0.02158
712,0.01759,0.02155
713,0.01756,0.0216
714,0.01757,0.02167
715,0.01751,0.02171
716,0.01749,0.02178
717,0.01753,0.02172
718,0.01755,0.0217
719,0.01751,0.02179
720,0.01741,0.02181
721,0.01741,0.02179
722,0.01743,0.02178
723,0.01743,0.02174
724,0.01745,0.02174
725,0.01744,0.02181
726,0.01743,0.02174
727,0.01742,0.02174
728,0.0174,0.02173
729,0.01747,0.02177
730,0.01745,0.02174
731,0.01744,0.02186
732,0.01738,0.02184
733,0.01739,0.02187
734,0.01743,0.02182
735,0.01742,0.02183
736,0.01744,0.02185
737,0.01739,0.0218
738,0.01742,0.02182
739,0.01746,0.02174
740,0.01746,0.02183
741,0.01742,0.02178
742,0.01741,0.02184
743,0.01739,0.02181
744,0.01743,0.02186
745,0.01743,0.02188
746,0.01749,0.02182
747,0.01746,0.02174
748,0.01751,0.02179
749,0.01743,0.02173
750,0.01742,0.02177
751,0.01744,0.0218
752,0.01745,0.0218
753,0.0174,0.02182
754,0.01742,0.02179
755,0.01743,0.02179
756,0.01743,0.02177
757,0.01738,0.02182
758,0.01743,0.02177
759,0.01743,0.02176
760,0.01751,0.02178
761,0.01741,0.02182
762,0.01747,0.02172
763,0.01745,0.02172
764,0.01751,0.02173
765,0.01749,0.02169
766,0.01746,0.02178
767,0.01747,0.02179
768,0.01746,0.02177
769,0.01748,0.02174
770,0.01745,0.02176
771,0.01745,0.02175
772,0.01743,0.02174
773,0.0175,0.02177
774,0.01745,0.02176
775,0.01745,0.02177
776,0.01747,0.02173
777,0.01746,0.02175
778,0.01746,0.02176
779,0.01749,0.02175
780,0.01748,0.02173
781,0.01754,0.02178
782,0.01747,0.02185
783,0.01743,0.02184
784,0.01742,0.02183
785,0.01743,0.02186
786,0.0174,0.02185
787,0.0174,0.02182
788,0.01744,0.0218
789,0.01741,0.02183
790,0.01743,0.02181
791,0.0174,0.02186
792,0.01743,0.02186
793,0.01744,0.02174
794,0.01747,0.02176
795,0.01748,0.02169
796,0.01755,0.02172
797,0.01754,0.02174
798,0.01749,0.0217
799,0.01748,0.0217
800,0.01752,0.02176
801,0.0175,0.02176
802,0.01758,0.02167
803,0.01756,0.02163
804,0.01757,0.02172
805,0.01755,0.02171
806,0.01758,0.02168
807,0.01757,0.02171
808,0.01764,0.02167
809,0.01757,0.02164
810,0.01757,0.02164
811,0.01757,0.02167
812,0.01755,0.02164
813,0.01753,0.02168
814,0.01755,0.02166
815,0.01757,0.02163
816,0.01755,0.02161
817,0.01751,0.02168
818,0.01753,0.02168
819,0.01758,0.02164
820,0.01758,0.02157
821,0.01757,0.02159
822,0.01762,0.02159
823,0.01761,0.02154
824,0.01759,0.02161
825,0.0176,0.02159
826,0.01761,0.02158
827,0.01761,0.02159
828,0.01757,0.02159
829,0.01755,0.02167
830,0.01749,0.02164
831,0.01754,0.02167
832,0.01751,0.0217
833,0.01753,0.02162
834,0.01755,0.02164
835,0.0175,0.0217
836,0.01761,0.02174
837,0.01753,0.0217
838,0.01756,0.02165
839,0.01756,0.02158
840,0.01762,0.02162
841,0.01759,0.02161
842,0.01757,0.02163
843,0.01753,0.0217
844,0.01748,0.02167
845,0.01749,0.02172
846,0.01749,0.02173
847,0.01748,0.02176
848,0.01748,0.02172
849,0.01748,0.02176
850,0.01747,0.02176
851,0.01742,0.02177
852,0.01745,0.02175
853,0.01745,0.02173
854,0.0175,0.02175
855,0.01752,0.02174
856,0.0175,0.02174
857,0.01751,0.02164
858,0.01754,0.0217
859,0.01745,0.02168
860,0.01752,0.02169
861,0.01748,0.02167
862,0.01749,0.02174
863,0.01753,0.0217
864,0.01758,0.02175
865,0.01758,0.02176
866,0.01751,0.02171
867,0.01751,0.02175
868,0.0175,0.0217
869,0.0175,0.02169
870,0.01756,0.02168
871,0.01753,0.02161
872,0.01753,0.0217
873,0.0175,0.02163
874,0.01751,0.02169
875,0.01749,0.02169
876,0.01753,0.02174
877,0.01747,0.02173
878,0.01752,0.02172
879,0.01745,0.02176
880,0.01747,0.02174
881,0.01746,0.02173
882,0.01747,0.02176
883,0.01743,0.02181
884,0.01752,0.02173
885,0.0175,0.02167
886,0.01749,0.02169
887,0.01751,0.02172
888,0.01748,0.02173
889,0.01747,0.02172
890,0.01744,0.02178
891,0.01744,0.02178
892,0.01742,0.02176
893,0.01742,0.02177
894,0.01745,0.02174
895,0.01748,0.02174
896,0.01748,0.02172
897,0.01749,0.02176
898,0.01745,0.02173
899,0.01746,0.02173
900,0.01749,0.02171
901,0.01749,0.02175
902,0.01752,0.02173
903,0.01751,0.0217
904,0.01756,0.02174
905,0.01745,0.02173
906,0.01749,0.02174
907,0.01746,0.02177
908,0.01745,0.02174
909,0.01745,0.02172
910,0.01745,0.02178
911,0.01743,0.02177
912,0.0175,0.02171
913,0.01751,0.02174
914,0.0175,0.02174
915,0.01751,0.02173
916,0.0175,0.02174
917,0.01753,0.02171
918,0.0176,0.02165
919,0.01754,0.02163
920,0.01756,0.02164
921,0.01754,0.02161
922,0.01754,0.02163
923,0.01757,0.02165
924,0.01753,0.02166
925,0.01757,0.02164
926,0.01757,0.02166
927,0.01748,0.02169
928,0.01756,0.02167
929,0.01757,0.02175
930,0.01749,0.02169
931,0.01749,0.02176
932,0.01755,0.02174
933,0.01747,0.02176
934,0.01747,0.02181
935,0.01751,0.02173
936,0.0175,0.02171
937,0.01751,0.02176
938,0.01751,0.02173
939,0.01747,0.02173
940,0.01747,0.0217
941,0.01754,0.0218
942,0.01744,0.02176
943,0.01751,0.02177
944,0.01753,0.02174
945,0.01755,0.02171
946,0.01755,0.02161
947,0.01756,0.02164
948,0.01749,0.02168
949,0.0175,0.02166
950,0.01749,0.0217
951,0.01754,0.02169
952,0.01756,0.02168
953,0.01751,0.02163
954,0.01756,0.02164
955,0.01754,0.02166
956,0.01753,0.02161
957,0.01759,0.02159
958,0.01755,0.02162
959,0.01754,0.02162
960,0.01754,0.02166
961,0.01754,0.02166
962,0.01756,0.02165
963,0.01754,0.02164
964,0.01754,0.02166
965,0.01759,0.02162
966,0.01761,0.02151
967,0.01763,0.02153
968,0.01761,0.02153
969,0.01762,0.02149
970,0.01764,0.0215
971,0.01762,0.02157
972,0.01758,0.0216
973,0.01759,0.02161
974,0.01758,0.02158
975,0.01758,0.02161
976,0.0176,0.0216
977,0.01761,0.02161
978,0.01763,0.02167
979,0.01754,0.02162
980,0.01756,0.02162
981,0.0176,0.02158
982,0.01763,0.0216
983,0.01756,0.02162
984,0.01761,0.02163
985,0.01755,0.02164
986,0.01756,0.02168
987,0.01753,0.02164
988,0.01749,0.02163
989,0.01755,0.02166
990,0.01756,0.02165
991,0.01753,0.02162
992,0.01753,0.02158
993,0.01753,0.02161
994,0.01754,0.02162
995,0.01754,0.02164
996,0.01756,0.02158
997,0.01753,0.02161
998,0.0175,0.02166
999,0.01747,0.0217
1000,0.01752,0.02166
1001,0.01751,0.02173
1002,0.01751,0.02168
1003,0.01748,0.02167
1004,0.01751,0.02169
1005,0.01755,0.02166
1006,0.01755,0.02165
1007,0.01753,0.02174
1008,0.01749,0.0217
1009,0.01749,0.02169
1010,0.01749,0.02177
1011,0.01743,0.02177
1012,0.01745,0.02173
1013,0.01747,0.02174
1014,0.01745,0.02175
1015,0.01752,0.02171
1016,0.01745,0.02173
1017,0.01746,0.02171
1018,0.01745,0.02169
1019,0.01746,0.02178
1020,0.01745,0.02174
1021,0.0175,0.02167
1022,0.0175,0.0217
1023,0.01754,0.02177
1024,0.01755,0.02173
1025,0.01748,0.02172
1026,0.01751,0.02176
1027,0.01756,0.02179
1028,0.01752,0.02171
1029,0.01748,0.02173
1030,0.01748,0.02177
1031,0.01743,0.02182
1032,0.01743,0.02179
1033,0.01742,0.02178
1034,0.01743,0.02183
1035,0.01744,0.02181
1036,0.01743,0.02179
1037,0.01743,0.02182
1038,0.01742,0.02185
1039,0.01735,0.02179
1040,0.01745,0.02186
1041,0.0174,0.02187
1042,0.01739,0.02192
1043,0.01743,0.02193
1044,0.01734,0.02189
1045,0.01734,0.02192
1046,0.01729,0.02198
1047,0.01737,0.022
1048,0.01728,0.02198
1049,0.01735,0.02197
1050,0.01728,0.022
1051,0.01733,0.02199
1052,0.01732,0.02194
1053,0.01731,0.02196
1054,0.01735,0.02201
1055,0.01731,0.02197
1056,0.0173,0.02195
1057,0.0173,0.022
1058,0.01729,0.02195
1059,0.01729,0.02192
1060,0.01735,0.02193
1061,0.01736,0.02196
1062,0.0173,0.02193
1063,0.01739,0.02199
1064,0.01731,0.02197
1065,0.01735,0.02192
1066,0.0173,0.022
1067,0.0173,0.02195
1068,0.01729,0.02199
1069,0.01731,0.02193
1070,0.0173,0.02191
1071,0.0173,0.02189
1072,0.01733,0.02193
1073,0.01731,0.02195
1074,0.01736,0.02191
1075,0.01733,0.02193
1076,0.01732,0.02196
1077,0.01728,0.02201
1078,0.01729,0.02197
1079,0.01735,0.02199
1080,0.0173,0.022
1081,0.01726,0.02205
1082,0.0173,0.022
1083,0.0173,0.02209
1084,0.01723,0.02203
1085,0.01726,0.0221
1086,0.01721,0.02207
1087,0.01727,0.02209
1088,0.01726,0.02199
1089,0.01725,0.02204
1090,0.01723,0.02202
1091,0.01725,0.02202
1092,0.01729,0.022
1093,0.0173,0.02193
1094,0.01735,0.02196
1095,0.01732,0.02193
1096,0.01732,0.02193
1097,0.01736,0.02189
1098,0.01736,0.02192
1099,0.01734,0.02187
1100,0.01738,0.02192
1101,0.01735,0.02189
1102,0.01736,0.0219
1103,0.01735,0.02193
1104,0.01731,0.02198
1105,0.01733,0.02192
1106,0.01733,0.02203
1107,0.01729,0.02208
1108,0.01729,0.02199
1109,0.01725,0.02206
1110,0.01723,0.02205
1111,0.01726,0.02205
1112,0.01726,0.02209
1113,0.01726,0.02205
1114,0.01731,0.02198
1115,0.01726,0.02205
1116,0.01724,0.02203
1117,0.01726,0.02205
1118,0.01725,0.02201
1119,0.01726,0.02201
1120,0.01728,0.02198
1121,0.01727,0.02204
1122,0.01733,0.02202
1123,0.01733,0.02194
1124,0.01726,0.02198
1125,0.01729,0.02195
1126,0.0173,0.02201
1127,0.0173,0.02201
1128,0.01729,0.02201
1129,0.01728,0.02197
1130,0.01728,0.02201
1131,0.01728,0.02201
1132,0.01731,0.02202
1133,0.01731,0.02197
1134,0.01733,0.02193
1135,0.01732,0.02203
1136,0.01727,0.02197
1137,0.01728,0.022
1138,0.01724,0.02207
1139,0.01726,0.022
1140,0.01725,0.0221
1141,0.01722,0.02211
1142,0.01721,0.02211
1143,0.01719,0.02203
1144,0.01727,0.02211
1145,0.01719,0.0221
1146,0.01716,0.02211
1147,0.01716,0.02219
1148,0.01723,0.02215
1149,0.01718,0.02213
1150,0.01722,0.02214
1151,0.01721,0.02209
1152,0.01718,0.02212
1153,0.01721,0.02211
1154,0.0172,0.02211
1155,0.01717,0.02211
1156,0.01714,0.02211
1157,0.01722,0.02214
1158,0.01722,0.02208
1159,0.01724,0.02207
1160,0.01719,0.02205
1161,0.01718,0.02211
1162,0.01718,0.02208
1163,0.01721,0.02208
1164,0.01718,0.02211
1165,0.01719,0.02211
1166,0.01718,0.02207
1167,0.01718,0.02214
1168,0.01717,0.02215
1169,0.01721,0.02218
1170,0.01721,0.02211
1171,0.01724,0.02217
1172,0.01717,0.02215
1173,0.01718,0.02215
1174,0.01716,0.02218
1175,0.01723,0.02212
1176,0.0172,0.0221
1177,0.01723,0.02211
1178,0.01719,0.02212
1179,0.0172,0.02214
1180,0.01719,0.02213
1181,0.01728,0.02215
1182,0.01727,0.02212
1183,0.01727,0.02216
1184,0.01719,0.0221
1185,0.01723,0.02212
1186,0.01718,0.02218
1187,0.01715,0.02216
1188,0.01718,0.02216
1189,0.01719,0.0222
1190,0.01722,0.02209
1191,0.01721,0.02208
1192,0.01719,0.02212
1193,0.01722,0.0221
1194,0.0172,0.02209
1195,0.01718,0.02212
1196,0.01719,0.02207
1197,0.0172,0.02207
1198,0.0172,0.02208
1199,0.01724,0.02211
1200,0.01726,0.02204
1201,0.01726,0.02201
1202,0.01731,0.02203
1203,0.01724,0.02208
1204,0.01723,0.02212
1205,0.01724,0.02215
1206,0.01725,0.02204
1207,0.01724,0.02203
1208,0.01725,0.02205
1209,0.01721,0.02206
1210,0.01725,0.02216
1211,0.01722,0.02207
1212,0.01724,0.02212
1213,0.01725,0.02203
1214,0.01728,0.02202
1215,0.01727,0.02207
1216,0.01728,0.02198
1217,0.01727,0.02206
1218,0.0173,0.02202
1219,0.01729,0.02203
1220,0.0173,0.02203
1221,0.01731,0.02195
1222,0.01734,0.02192
1223,0.01732,0.02201
1224,0.01726,0.02199
1225,0.01728,0.02197
1226,0.01731,0.0219
1227,0.01732,0.02192
1228,0.01738,0.02198
1229,0.01734,0.02197
1230,0.01732,0.02199
1231,0.01731,0.022
1232,0.0173,0.02201
1233,0.01727,0.022
1234,0.01723,0.02204
1235,0.01724,0.02204
1236,0.01724,0.02202
1237,0.01726,0.02209
1238,0.01725,0.02207
1239,0.01724,0.02206
1240,0.01727,0.02204
1241,0.01726,0.0221
1242,0.01719,0.0221
1243,0.01724,0.02212
1244,0.01721,0.02207
1245,0.01722,0.02207
1246,0.01729,0.02204
1247,0.01726,0.02202
1248,0.01721,0.02204
1249,0.01725,0.02204
1250,0.01726,0.02196
1251,0.01727,0.02197
1252,0.01727,0.022
1253,0.01729,0.022
1254,0.01731,0.02199
1255,0.0173,0.02203
1256,0.01728,0.02196
1257,0.01733,0.02194
1258,0.01734,0.02196
1259,0.01731,0.02194
1260,0.0173,0.02198
1261,0.01731,0.02194
1262,0.01733,0.02193
1263,0.01729,0.02199
1264,0.01732,0.02199
1265,0.01725,0.02203
1266,0.01731,0.02198
1267,0.01733,0.02199
1268,0.01734,0.02196
1269,0.01733,0.02187
1270,0.01729,0.02193
1271,0.01729,0.02194
1272,0.0173,0.02199
1273,0.01731,0.02203
1274,0.01725,0.02203
1275,0.01727,0.02199
1276,0.01729,0.02204
1277,0.01729,0.02203
1278,0.01731,0.02196
1279,0.0173,0.02197
1280,0.01731,0.02198
1281,0.01731,0.02196
1282,0.01731,0.022
1283,0.01732,0.02199
1284,0.0173,0.02196
1285,0.01732,0.02194
1286,0.01735,0.02187
1287,0.01735,0.02188
1288,0.01739,0.02185
1289,0.01735,0.02192
1290,0.01733,0.02188
1291,0.01735,0.02189
1292,0.01737,0.02186
1293,0.01737,0.02195
1294,0.01733,0.02192
1295,0.01733,0.02191
1296,0.01736,0.02191
1297,0.01739,0.02187
1298,0.01743,0.02182
1299,0.01739,0.02183
1300,0.01745,0.02181
1301,0.01742,0.02179
1302,0.01742,0.0218
1303,0.01741,0.02175
1304,0.0174,0.02187
1305,0.01748,0.02183
1306,0.01744,0.02174
1307,0.01745,0.02179
1308,0.01753,0.02177
1309,0.01745,0.02178
1310,0.01748,0.02175
1311,0.01747,0.02172
1312,0.01749,0.02171
1313,0.01751,0.02167
1314,0.0175,0.02173
1315,0.01745,0.02176
1316,0.01744,0.02178
1317,0.01753,0.02181
1318,0.01754,0.02175
1319,0.01749,0.02171
1320,0.01753,0.02175
1321,0.01753,0.02173
1322,0.01747,0.02187
1323,0.01737,0.02188
1324,0.01736,0.02188
1325,0.01738,0.02185
1326,0.01738,0.02191
1327,0.01735,0.02188
1328,0.01739,0.02192
1329,0.01734,0.02189
1330,0.01741,0.02189
1331,0.01741,0.02192
1332,0.01741,0.02182
1333,0.01739,0.02194
1334,0.01739,0.02185
1335,0.0174,0.02187
1336,0.01742,0.02182
1337,0.01739,0.02181
1338,0.01736,0.02187
1339,0.01735,0.02188
1340,0.01735,0.02187
1341,0.01734,0.02192
1342,0.01738,0.02189
1343,0.01737,0.02189
1344,0.0174,0.02187
1345,0.01737,0.02192
1346,0.01733,0.0219
1347,0.01735,0.02193
1348,0.01739,0.02189
1349,0.01739,0.02186
1350,0.01741,0.02186
1351,0.01739,0.02186
1352,0.01742,0.02188
1353,0.01738,0.02186
1354,0.01737,0.02186
1355,0.01739,0.02186
1356,0.0174,0.02185
1357,0.01741,0.02183
1358,0.01739,0.02182
1359,0.01742,0.0218
1360,0.01737,0.02191
1361,0.01732,0.02194
1362,0.01736,0.02188
1363,0.01735,0.0219
1364,0.01736,0.02191
1365,0.01738,0.02185
1366,0.01737,0.02186
1367,0.01737,0.02188
1368,0.01743,0.02191
1369,0.01742,0.02194
1370,0.01734,0.02186
1371,0.01743,0.02187
1372,0.0174,0.02185
1373,0.01741,0.0218
1374,0.01739,0.02182
1375,0.01739,0.02194
1376,0.01732,0.02189
1377,0.01733,0.02189
1378,0.01731,0.0219
1379,0.01731,0.02193
1380,0.0174,0.02191
1381,0.0174,0.02183
1382,0.01741,0.02182
1383,0.01742,0.02187
1384,0.01742,0.02183
1385,0.01743,0.02185
1386,0.01747,0.02181
1387,0.01744,0.02181
1388,0.0174,0.02177
1389,0.01743,0.02179
1390,0.01742,0.02186
1391,0.01739,0.02182
1392,0.0174,0.02187
1393,0.01749,0.02184
1394,0.01741,0.0218
1395,0.01739,0.02183
1396,0.01741,0.02181
1397,0.01744,0.0218
1398,0.01741,0.02178
1399,0.01747,0.02178
1400,0.01749,0.02171
1401,0.01746,0.02172
1402,0.01746,0.02178
1403,0.01749,0.02176
1404,0.01751,0.02175
1405,0.01744,0.02173
1406,0.01749,0.02178
1407,0.0175,0.02174
1408,0.01748,0.02178
1409,0.01744,0.02181
1410,0.01747,0.02172
1411,0.01747,0.02174
1412,0.01748,0.02173
1413,0.01756,0.02176
1414,0.01754,0.02167
1415,0.01752,0.02166
1416,0.01753,0.02167
1417,0.01752,0.02171
1418,0.01753,0.02168
1419,0.01753,0.02167
1420,0.01752,0.02168
1421,0.0175,0.02168
1422,0.01752,0.02169
1423,0.01759,0.02169
1424,0.01751,0.02168
1425,0.01748,0.02167
1426,0.01749,0.02168
1427,0.01748,0.02176
1428,0.01741,0.02179
1429,0.01739,0.02184
1430,0.01738,0.02183
1431,0.01737,0.02185
1432,0.01736,0.02185
1433,0.01742,0.02182
1434,0.01739,0.02188
1435,0.01735,0.02188
1436,0.01732,0.02188
1437,0.01737,0.0219
1438,0.0174,0.02183
1439,0.0174,0.02179
1440,0.01747,0.02178
1441,0.01748,0.02172
1442,0.01744,0.02187
1443,0.01743,0.02186
1444,0.01739,0.02183
1445,0.01742,0.02179
1446,0.01743,0.02182
1447,0.01742,0.02182
1448,0.01737,0.02185
1449,0.01739,0.02192
1450,0.01737,0.02194
1451,0.01737,0.02192
1452,0.01732,0.0219
1453,0.01731,0.02193
1454,0.01736,0.02189
1455,0.01738,0.02188
1456,0.01738,0.02191
1457,0.01736,0.02186
1458,0.01735,0.02187
1459,0.01734,0.02198
1460,0.01729,0.02198
1461,0.01734,0.02194
1462,0.01729,0.02196
1463,0.01733,0.02192
1464,0.01735,0.02191
1465,0.01734,0.02195
1466,0.01736,0.02193
1467,0.01736,0.0219
1468,0.01737,0.02191
1469,0.01731,0.02192
1470,0.01737,0.02193
1471,0.01737,0.02186
1472,0.01737,0.02189
1473,0.01738,0.02192
1474,0.01736,0.02194
1475,0.01735,0.02193
1476,0.01738,0.0219
1477,0.0174,0.0219
1478,0.01741,0.02188
1479,0.01736,0.02191
1480,0.01738,0.02191
1481,0.01737,0.02184
1482,0.01736,0.02185
1483,0.01737,0.02187
1484,0.01735,0.02186
1485,0.01736,0.02188
1486,0.01739,0.02191
1487,0.01737,0.0219
1488,0.01735,0.02192
1489,0.01734,0.02191
1490,0.01732,0.02193
1491,0.01733,0.02193
1492,0.01735,0.02194
1493,0.01736,0.02187
1494,0.01738,0.02193
1495,0.01734,0.02196
1496,0.01737,0.02196
1497,0.01735,0.02192
1498,0.01731,0.02195
1499,0.0173,0.022
1500,0.01731,0.02198
1501,0.01728,0.02201
1502,0.01731,0.02198
1503,0.0173,0.02203
1504,0.01729,0.02203
1505,0.01731,0.02204
1506,0.01728,0.022
1507,0.01722,0.02207
1508,0.0172,0.02209
1509,0.01727,0.02207
1510,0.01725,0.022
1511,0.01724,0.02205
1512,0.01724,0.022
1513,0.01723,0.022
1514,0.01724,0.02202
1515,0.01726,0.02208
1516,0.0172,0.02208
1517,0.0172,0.02206
1518,0.01719,0.02211
1519,0.01725,0.02208
1520,0.01723,0.02205
1521,0.01724,0.02203
1522,0.01726,0.02206
1523,0.01724,0.02207
1524,0.01723,0.0221
1525,0.01724,0.02204
1526,0.01724,0.022
1527,0.0173,0.02205
1528,0.01737,0.02195
1529,0.0173,0.02195
1530,0.01729,0.02198
1531,0.01729,0.02202
1532,0.01731,0.02199
1533,0.01727,0.02199
1534,0.01727,0.022
1535,0.01729,0.02203
1536,0.01727,0.02203
1537,0.01724,0.02203
1538,0.01729,0.02201
1539,0.01725,0.02205
1540,0.01724,0.02202
1541,0.01731,0.02205
1542,0.01725,0.02203
1543,0.01726,0.02201
1544,0.01726,0.02204
1545,0.01726,0.02206
1546,0.0172,0.02206
1547,0.01721,0.02207
1548,0.01722,0.02203
1549,0.01726,0.02205
1550,0.01729,0.02204
1551,0.01728,0.02204
1552,0.01722,0.02205
1553,0.01725,0.02207
1554,0.01725,0.022
1555,0.01727,0.02201
1556,0.01729,0.02203
1557,0.01728,0.02199
1558,0.01725,0.02206
1559,0.01725,0.022
1560,0.01728,0.02202
1561,0.01729,0.02203
1562,0.01729,0.02201
1563,0.01731,0.022
1564,0.01729,0.02205
1565,0.01732,0.02208
1566,0.01728,0.02205
1567,0.01725,0.02204
1568,0.01725,0.02203
1569,0.01726,0.022
1570,0.01726,0.02204
1571,0.01725,0.02203
1572,0.01729,0.022
1573,0.01737,0.02201
1574,0.01727,0.022
1575,0.01732,0.02198
1576,0.01732,0.02193
1577,0.01732,0.02195
1578,0.01733,0.02196
1579,0.01735,0.02202
1580,0.01737,0.02191
1581,0.01734,0.02198
1582,0.01729,0.02198
1583,0.01729,0.02196
1584,0.01731,0.02197
1585,0.01739,0.02192
1586,0.01742,0.02185
1587,0.0174,0.02178
1588,0.01743,0.02182
1589,0.01743,0.02181
1590,0.01742,0.02181
1591,0.01743,0.02178
1592,0.01745,0.02178
1593,0.01744,0.02181
1594,0.01747,0.02175
1595,0.01748,0.02175
1596,0.01748,0.02177
1597,0.01741,0.02182
1598,0.01741,0.02186
1599,0.01739,0.02185
1600,0.0174,0.02181
1601,0.01737,0.02183
1602,0.01744,0.02184
1603,0.01741,0.0219
1604,0.0174,0.02193
1605,0.01739,0.02184
1606,0.01738,0.02187
1607,0.01739,0.02192
1608,0.01737,0.02191
1609,0.01737,0.02193
1610,0.01737,0.02185
1611,0.01737,0.02183
1612,0.01739,0.02181
1613,0.01738,0.02183
1614,0.01744,0.02186
1615,0.01741,0.02185
1616,0.01743,0.02178
1617,0.01746,0.02174
1618,0.01746,0.02179
1619,0.01746,0.02185
1620,0.0174,0.02181
1621,0.01741,0.02176
1622,0.01743,0.02175
1623,0.01742,0.02179
1624,0.01742,0.02175
1625,0.01743,0.02175
1626,0.01747,0.02176
1627,0.01747,0.02178
1628,0.01744,0.02175
1629,0.01743,0.02172
1630,0.01743,0.02178
1631,0.01746,0.02178
1632,0.01745,0.02176
1633,0.01742,0.02175
1634,0.01746,0.02172
1635,0.01746,0.02176
1636,0.01745,0.02178
1637,0.01745,0.02177
1638,0.01744,0.02178
1639,0.01749,0.02174
1640,0.01743,0.02187
1641,0.0174,0.02188
1642,0.01741,0.02183
1643,0.01743,0.02181
1644,0.01741,0.02182
1645,0.01742,0.02184
1646,0.01741,0.02181
1647,0.0174,0.02187
1648,0.01737,0.02183
1649,0.0174,0.02185
1650,0.01741,0.02188
1651,0.01736,0.02185
1652,0.01742,0.02187
1653,0.0174,0.02192
1654,0.01742,0.02182
1655,0.0174,0.02191
1656,0.01733,0.02188
1657,0.01734,0.02194
1658,0.01732,0.02193
1659,0.01734,0.02195
1660,0.01735,0.02186
1661,0.01739,0.02193
1662,0.01731,0.02194
1663,0.01732,0.02198
1664,0.0173,0.02195
1665,0.01736,0.0219
1666,0.01738,0.02195
1667,0.01736,0.02188
1668,0.01736,0.02188
1669,0.01733,0.02192
1670,0.01736,0.0219
1671,0.01738,0.02188
1672,0.0174,0.0219
1673,0.01735,0.02187
1674,0.01737,0.02184
1675,0.01738,0.02197
1676,0.01732,0.02196
1677,0.01733,0.02192
1678,0.01732,0.02194
1679,0.01732,0.02193
1680,0.01734,0.02191
1681,0.01733,0.02194
1682,0.01729,0.02192
1683,0.01733,0.02195
1684,0.01741,0.02202
1685,0.0173,0.022
1686,0.01733,0.02196
1687,0.01731,0.02202
1688,0.01734,0.02199
1689,0.0173,0.02198
1690,0.01732,0.022
1691,0.01726,0.02203
1692,0.01731,0.022
1693,0.01729,0.02198
1694,0.0173,0.02196
1695,0.01732,0.02197
1696,0.01731,0.02193
1697,0.01729,0.02195
1698,0.0173,0.02193
1699,0.01731,0.02197
1700,0.01729,0.02199
1701,0.0173,0.02202
1702,0.01733,0.02197
1703,0.01731,0.02197
1704,0.01728,0.02196
1705,0.0173,0.02196
1706,0.01736,0.02193
1707,0.01739,0.0219
1708,0.01737,0.02191
1709,0.01739,0.02188
1710,0.01731,0.02195
1711,0.01734,0.02191
1712,0.01734,0.02188
1713,0.01737,0.02192
1714,0.01736,0.0219
1715,0.01735,0.02191
1716,0.01739,0.02188
1717,0.01734,0.02189
1718,0.01732,0.02194
1719,0.01734,0.02194
1720,0.01734,0.02191
1721,0.01738,0.02191
1722,0.01742,0.02185
1723,0.0174,0.02188
1724,0.01738,0.02183
1725,0.01739,0.02187
1726,0.01739,0.02186
1727,0.01739,0.02186
1728,0.01738,0.02185
1729,0.01741,0.02185
1730,0.01742,0.02184
1731,0.01736,0.02189
1732,0.01734,0.02196
1733,0.01736,0.02191
1734,0.01736,0.02192
1735,0.01733,0.02189
1736,0.01736,0.02195
1737,0.01738,0.02195
1738,0.01739,0.02189
1739,0.01735,0.0219
1740,0.01736,0.02191
1741,0.01736,0.02188
1742,0.01737,0.02188
1743,0.01738,0.02185
1744,0.01739,0.02187
1745,0.01738,0.0219
1746,0.01737,0.02191
1747,0.01738,0.02192
1748,0.01736,0.02188
1749,0.01733,0.02196
1750,0.01735,0.02194
1751,0.0173,0.02192
1752,0.01733,0.0219
1753,0.01733,0.02189
1754,0.01738,0.02188
1755,0.01734,0.02192
1756,0.01729,0.02195
1757,0.0173,0.02192
1758,0.01735,0.02192
1759,0.0173,0.02198
1760,0.01733,0.0219
1761,0.01736,0.02191
1762,0.01733,0.02195
1763,0.01727,0.02194
1764,0.01737,0.02197
1765,0.01737,0.02187
1766,0.01731,0.02196
1767,0.01736,0.0219
1768,0.01735,0.02191
1769,0.01738,0.02194
1770,0.01734,0.02195
1771,0.01732,0.022
1772,0.01732,0.02194
1773,0.01732,0.02198
1774,0.01731,0.02197
1775,0.0173,0.02196
1776,0.01726,0.02195
1777,0.01726,0.02199
1778,0.01732,0.022
1779,0.01729,0.02201
1780,0.01731,0.022
1781,0.01728,0.02198
1782,0.01725,0.02208
1783,0.01734,0.02201
1784,0.01738,0.02193
1785,0.01735,0.02194
1786,0.01733,0.02196
1787,0.01732,0.02198
1788,0.01731,0.022
1789,0.01729,0.02196
1790,0.01737,0.02194
1791,0.01731,0.02188
1792,0.01734,0.02193
1793,0.01736,0.02197
1794,0.01737,0.02195
1795,0.01733,0.02194
1796,0.01736,0.02194
1797,0.01735,0.02195
1798,0.01736,0.02187
1799,0.01738,0.02191
1800,0.01739,0.02183
1801,0.01742,0.02183
1802,0.01739,0.02186
1803,0.01742,0.02186
1804,0.01742,0.02179
1805,0.01739,0.02186
1806,0.01738,0.02188
1807,0.01732,0.02188
1808,0.01742,0.02186
1809,0.0174,0.02186
1810,0.01746,0.02185
1811,0.01738,0.02185
1812,0.01736,0.02186
1813,0.01736,0.02184
1814,0.0174,0.02179
1815,0.01744,0.02192
1816,0.01744,0.02182
1817,0.01745,0.02177
1818,0.01744,0.02184
1819,0.01741,0.02183
1820,0.0174,0.02189
1821,0.01739,0.02181
1822,0.01739,0.02188
1823,0.01744,0.0218
1824,0.01752,0.02178
1825,0.0175,0.02175
1826,0.01746,0.02174
1827,0.01744,0.02178
1828,0.01743,0.02176
1829,0.01741,0.02177
1830,0.01744,0.02177
1831,0.01746,0.02181
1832,0.01748,0.02176
1833,0.01745,0.02178
1834,0.01749,0.02174
1835,0.01747,0.02177
1836,0.01742,0.0218
1837,0.01745,0.02178
1838,0.01741,0.02178
1839,0.01747,0.0218
1840,0.01748,0.0217
1841,0.01747,0.02172
1842,0.01748,0.02171
1843,0.0175,0.02168
1844,0.0175,0.02171
1845,0.01753,0.02171
1846,0.0175,0.02169
1847,0.01751,0.02172
1848,0.01744,0.02175
1849,0.0175,0.02172
1850,0.01752,0.02171
1851,0.0175,0.02183
1852,0.01743,0.02178
1853,0.01738,0.02178
1854,0.01737,0.02188
1855,0.01735,0.02184
1856,0.01739,0.02188
1857,0.01736,0.02181
1858,0.0174,0.02186
1859,0.0174,0.02185
1860,0.01741,0.02182
1861,0.01742,0.02181
1862,0.01739,0.02184
1863,0.01742,0.02181
1864,0.01745,0.02183
1865,0.01745,0.02176
1866,0.01747,0.02178
1867,0.01749,0.02175
1868,0.01749,0.02175
1869,0.01745,0.02178
1870,0.01742,0.02183
1871,0.01742,0.02184
1872,0.0174,0.02179
1873,0.01741,0.02179
1874,0.01742,0.0218
1875,0.01742,0.02187
1876,0.01744,0.02186
1877,0.01738,0.02183
1878,0.01742,0.02191
1879,0.01741,0.02187
1880,0.01737,0.02184
1881,0.01735,0.02185
1882,0.01739,0.02187
1883,0.01736,0.02185
1884,0.01735,0.02187
1885,0.01736,0.02187
1886,0.0173,0.02193
1887,0.01734,0.02187
1888,0.01735,0.02193
1889,0.01737,0.02186
1890,0.01741,0.02188
1891,0.0174,0.02188
1892,0.01738,0.02191
1893,0.01737,0.02191
1894,0.01737,0.02195
1895,0.01729,0.02192
1896,0.01735,0.02193
1897,0.01736,0.0219
1898,0.01736,0.02195
1899,0.01737,0.02186
1900,0.01739,0.02187
1901,0.0174,0.02189
1902,0.01739,0.02193
1903,0.01739,0.02189
1904,0.01737,0.02185
1905,0.01741,0.02183
1906,0.01739,0.02188
1907,0.01737,0.02185
1908,0.01741,0.02184
1909,0.01739,0.02188
1910,0.01738,0.02192
1911,0.01737,0.02192
1912,0.01737,0.02193
1913,0.01745,0.02188
1914,0.01743,0.0219
1915,0.01746,0.02189
1916,0.01735,0.0219
1917,0.01739,0.02187
1918,0.01736,0.02191
1919,0.01734,0.02188
1920,0.01736,0.02195
1921,0.01736,0.02192
1922,0.01732,0.02194
1923,0.01735,0.02194
1924,0.01734,0.02187
1925,0.01738,0.02188
1926,0.01734,0.02187
1927,0.01736,0.02194
1928,0.01735,0.02196
1929,0.01732,0.02198
1930,0.01731,0.02198
1931,0.01729,0.02203
1932,0.01723,0.022
1933,0.01725,0.02204
1934,0.01721,0.02212
1935,0.01717,0.02217
1936,0.01729,0.02206
1937,0.01724,0.02206
1938,0.01725,0.02202
1939,0.01724,0.02211
1940,0.01726,0.02205
1941,0.01731,0.02199
1942,0.01735,0.02197
1943,0.01731,0.02195
1944,0.01735,0.02196
1945,0.01732,0.02199
1946,0.01733,0.02198
1947,0.01738,0.02197
1948,0.01733,0.02194
1949,0.01731,0.02197
1950,0.01731,0.02194
1951,0.01731,0.02194
1952,0.01731,0.02198
1953,0.01731,0.02202
1954,0.01733,0.02199
1955,0.01729,0.02204
1956,0.01723,0.02203
1957,0.01726,0.02201
1958,0.01729,0.02197
1959,0.01727,0.02202
1960,0.01723,0.02205
1961,0.01729,0.02205
1962,0.01731,0.02195
1963,0.01728,0.02195
1964,0.0173,0.02194
1965,0.01733,0.02198
1966,0.01733,0.02195
1967,0.0173,0.02197
1968,0.0173,0.02197
1969,0.0173,0.022
1970,0.01732,0.02197
1971,0.01732,0.02195
1972,0.01732,0.02199
1973,0.01728,0.02191
1974,0.01726,0.022
1975,0.01725,0.02203
1976,0.01724,0.02205
1977,0.01726,0.02203
1978,0.01728,0.02201
1979,0.01729,0.02204
1980,0.01723,0.02205
1981,0.01722,0.02207
1982,0.01718,0.02211
1983,0.01726,0.02209
1984,0.01726,0.02204
1985,0.01732,0.02202
1986,0.01736,0.02191
1987,0.01736,0.02188
1988,0.01736,0.02186
1989,0.01737,0.02191
1990,0.01739,0.02187
1991,0.01747,0.02185
1992,0.01738,0.02184
1993,0.01735,0.02185
1994,0.01734,0.02187
1995,0.01735,0.02192
1996,0.01738,0.02191
1997,0.01737,0.02186
1998,0.01738,0.02184
1999,0.01741,0.02186
2000,0.01743,0.02184
2001,0.01743,0.0218
2002,0.01742,0.0218
2003,0.01743,0.02186
2004,0.01742,0.02184
2005,0.01743,0.0219
2006,0.01741,0.02186
2007,0.01741,0.02184
2008,0.0174,0.02184
2009,0.01738,0.0218
2010,0.01743,0.02187
2011,0.01743,0.02182
2012,0.01743,0.02183
2013,0.01741,0.02184
2014,0.01741,0.02182
2015,0.01743,0.02181
2016,0.0174,0.02183
2017,0.0174,0.02175
2018,0.01746,0.02183
2019,0.01739,0.02194
2020,0.01742,0.02184
2021,0.01742,0.02182
2022,0.01736,0.02183
2023,0.0174,0.02187
2024,0.01735,0.02188
2025,0.01739,0.02187
2026,0.0174,0.02192
2027,0.01737,0.02189
2028,0.0174,0.02185
2029,0.01739,0.02185
2030,0.0174,0.02186
2031,0.01735,0.02183
2032,0.0174,0.02188
2033,0.01739,0.02189
2034,0.01737,0.02184
2035,0.01743,0.02189
2036,0.01742,0.02188
2037,0.01743,0.02183
2038,0.0174,0.02176
2039,0.01744,0.02179
2040,0.01742,0.02182
2041,0.0174,0.02185
2042,0.01743,0.02182
2043,0.01744,0.0218
2044,0.01744,0.02181
2045,0.01741,0.02181
2046,0.01744,0.02178
2047,0.01742,0.02178
2048,0.01746,0.0218
2049,0.01739,0.0218
2050,0.01743,0.02176
2051,0.0175,0.0218
2052,0.01748,0.02179
2053,0.01746,0.02179
2054,0.01748,0.02174
2055,0.01748,0.02177
2056,0.01747,0.02176
2057,0.01747,0.02176
2058,0.01747,0.02181
2059,0.0174,0.02184
2060,0.01739,0.02193
2061,0.01736,0.0219
2062,0.01741,0.02182
2063,0.01739,0.02195
2064,0.01735,0.02187
2065,0.01736,0.02188
2066,0.01736,0.02188
2067,0.01733,0.02194
2068,0.01735,0.02189
2069,0.01733,0.0219
2070,0.01733,0.02196
2071,0.01738,0.02193
2072,0.01735,0.02195
2073,0.01732,0.0219
2074,0.0173,0.02197
2075,0.0173,0.02195
2076,0.01729,0.02204
2077,0.01728,0.02195
2078,0.01738,0.02202
2079,0.01738,0.02193
2080,0.01737,0.02193
2081,0.01729,0.02192
2082,0.01729,0.02193
2083,0.01734,0.02194
2084,0.01737,0.02191
2085,0.01733,0.0219
2086,0.0174,0.02191
2087,0.01741,0.02189
2088,0.01735,0.0219
2089,0.01736,0.02191
2090,0.01733,0.02194
2091,0.01732,0.0219
2092,0.01742,0.02189
2093,0.01737,0.0219
2094,0.01738,0.02185
2095,0.01737,0.02189
2096,0.01741,0.02184
2097,0.0174,0.02181
2098,0.01741,0.02184
2099,0.01744,0.02181
2100,0.01739,0.02185
2101,0.01741,0.02184
2102,0.01738,0.02187
2103,0.01741,0.02184
2104,0.01744,0.02179
2105,0.01743,0.02181
2106,0.01741,0.02183
2107,0.0174,0.02193
2108,0.01742,0.02189
2109,0.01735,0.02191
2110,0.01738,0.02185
2111,0.01741,0.02182
2112,0.01742,0.02179
2113,0.01747,0.02177
2114,0.01745,0.0218
2115,0.01744,0.0218
2116,0.01745,0.02177
2117,0.01745,0.0218
2118,0.0174,0.02175
2119,0.01741,0.02185
2120,0.01737,0.02179
2121,0.01736,0.02185
2122,0.01741,0.0218
2123,0.0174,0.0218
2124,0.01742,0.02186
2125,0.01738,0.02191
2126,0.01734,0.02191
2127,0.01735,0.02198
2128,0.01728,0.02197
2129,0.0173,0.02197
2130,0.01731,0.02196
2131,0.01733,0.02192
2132,0.01732,0.02193
2133,0.01732,0.02192
2134,0.01737,0.02187
2135,0.01737,0.02192
2136,0.01738,0.02195
2137,0.01733,0.02189
2138,0.01731,0.02196
2139,0.01735,0.02194
2140,0.01733,0.02196
2141,0.01733,0.02196
2142,0.01731,0.02191
2143,0.01732,0.02195
2144,0.0173,0.02194
2145,0.01731,0.02196
2146,0.01729,0.02199
2147,0.01732,0.02204
2148,0.01729,0.02198
2149,0.01725,0.02199
2150,0.01731,0.02201
2151,0.01728,0.02199
2152,0.01732,0.02202
2153,0.01737,0.02201
2154,0.01728,0.02197
2155,0.0173,0.02195
2156,0.01731,0.02196
2157,0.01731,0.02192
2158,0.01738,0.02198
2159,0.01736,0.02191
2160,0.01733,0.0219
2161,0.01734,0.02197
2162,0.01729,0.02196
2163,0.01728,0.02196
2164,0.01727,0.02194
2165,0.01728,0.02198
2166,0.01728,0.022
2167,0.01736,0.02199
2168,0.01732,0.02201
2169,0.01728,0.02199
2170,0.0173,0.022
2171,0.0173,0.02208
2172,0.01723,0.02211
2173,0.01727,0.02212
2174,0.01724,0.02211
2175,0.01723,0.022
2176,0.01724,0.02205
2177,0.01724,0.02206
2178,0.01724,0.02203
2179,0.01724,0.02203
2180,0.01726,0.02204
2181,0.01725,0.02202
2182,0.01728,0.02206
2183,0.01729,0.02201
2184,0.0173,0.02194
2185,0.01731,0.02201
2186,0.01729,0.02202
2187,0.01727,0.02197
2188,0.01734,0.02201
2189,0.01736,0.02204
2190,0.01728,0.022
2191,0.0173,0.02203
2192,0.01728,0.02198
2193,0.0173,0.02201
2194,0.01739,0.02192
2195,0.01737,0.02188
2196,0.01739,0.02192
2197,0.01735,0.02191
2198,0.01735,0.02191
2199,0.01737,0.02187
2200,0.01738,0.0219
2201,0.01735,0.02191
2202,0.01735,0.02194
2203,0.01734,0.02193
2204,0.01735,0.02192
2205,0.01738,0.02194
2206,0.01737,0.02184
2207,0.01738,0.02186
2208,0.01738,0.02185
2209,0.01733,0.02186
2210,0.01742,0.02183
2211,0.01739,0.0218
2212,0.01743,0.02178
2213,0.01739,0.02183
2214,0.01745,0.02181
2215,0.0174,0.0218
2216,0.01743,0.0218
2217,0.01746,0.02177
2218,0.01753,0.02174
2219,0.01747,0.02178
2220,0.01746,0.02177
2221,0.01749,0.02174
2222,0.01748,0.0218
2223,0.0174,0.02184
2224,0.01742,0.02189
2225,0.01735,0.0219
2226,0.01735,0.02186
2227,0.01739,0.0219
2228,0.01738,0.0219
2229,0.0174,0.02185
2230,0.01736,0.02196
2231,0.01735,0.02193
2232,0.01735,0.02193
2233,0.01735,0.02189
2234,0.01738,0.02189
2235,0.01739,0.02192
2236,0.01737,0.02189
2237,0.01735,0.02189
2238,0.01741,0.02186
2239,0.0174,0.02182
2240,0.01738,0.02186
2241,0.01737,0.02186
2242,0.01739,0.02189
2243,0.01739,0.02188
2244,0.01738,0.02185
2245,0.0174,0.02183
2246,0.01741,0.02181
2247,0.01742,0.02179
2248,0.01743,0.02188
2249,0.01741,0.02178
2250,0.01745,0.02181
2251,0.01743,0.0218
2252,0.01746,0.02182
2253,0.01745,0.02177
2254,0.01743,0.02182
2255,0.01743,0.02182
2256,0.01741,0.02183
2257,0.01743,0.02185
2258,0.01744,0.02182
2259,0.01739,0.02191
2260,0.01739,0.02187
2261,0.01742,0.02188
2262,0.01742,0.0219
2263,0.01735,0.02187
2264,0.01736,0.02189
2265,0.01741,0.02191
2266,0.01735,0.02196
2267,0.01735,0.02195
2268,0.01734,0.02188
2269,0.01735,0.02186
2270,0.01739,0.02187
2271,0.01739,0.02194
2272,0.01731,0.02198
2273,0.01739,0.02199
2274,0.01739,0.02194
2275,0.01732,0.02193
2276,0.01734,0.02193
2277,0.01733,0.02193
2278,0.01734,0.02191
2279,0.01733,0.02199
2280,0.0173,0.022
2281,0.0173,0.02197
2282,0.01729,0.02197
2283,0.01728,0.022
2284,0.01727,0.02204
2285,0.0173,0.02201
2286,0.0173,0.02193
2287,0.0173,0.02204
2288,0.01731,0.02199
2289,0.01733,0.02194
2290,0.0173,0.02197
2291,0.01729,0.02198
2292,0.01726,0.02199
2293,0.01726,0.02201
2294,0.0173,0.02199
2295,0.01729,0.02197
2296,0.01727,0.02204
2297,0.01728,0.02205
2298,0.01725,0.02202
2299,0.01721,0.02207
2300,0.0173,0.02209
2301,0.01728,0.02204
2302,0.01726,0.022
2303,0.01727,0.02204
2304,0.01727,0.02205
2305,0.0173,0.02202
2306,0.0173,0.02203
2307,0.01727,0.02201
2308,0.01724,0.02204
2309,0.01725,0.022
2310,0.01726,0.02202
2311,0.01727,0.02204
2312,0.0173,0.02201
2313,0.0173,0.02195
2314,0.01729,0.022
2315,0.01728,0.02197
2316,0.01731,0.02196
2317,0.01728,0.02198
2318,0.01731,0.022
2319,0.01731,0.02201
2320,0.01733,0.02192
2321,0.01731,0.02195
2322,0.01732,0.02192
2323,0.01734,0.0219
2324,0.0174,0.02191
2325,0.01741,0.02183
2326,0.01739,0.02183
2327,0.01736,0.02184
2328,0.01746,0.02181
2329,0.01745,0.02182
2330,0.01742,0.02177
2331,0.01745,0.0218
2332,0.01743,0.02181
2333,0.01742,0.02178
2334,0.01742,0.02185
2335,0.0174,0.02187
2336,0.01735,0.0218
2337,0.01737,0.02187
2338,0.01742,0.02182
2339,0.0174,0.0218
2340,0.01738,0.02184
2341,0.01741,0.02182
2342,0.01744,0.02184
2343,0.01739,0.02178
2344,0.01743,0.02177
2345,0.0174,0.02184
2346,0.01742,0.0218
2347,0.01741,0.02182
2348,0.0174,0.02182
2349,0.01741,0.0218
2350,0.0174,0.02189
2351,0.01739,0.02189
2352,0.01739,0.0219
2353,0.01738,0.02193
2354,0.01739,0.02185
2355,0.0174,0.02182
2356,0.0174,0.02176
2357,0.01741,0.0218
2358,0.01747,0.02182
2359,0.01744,0.0218
2360,0.01745,0.02184
2361,0.01746,0.02187
2362,0.01742,0.02182
2363,0.01742,0.02179
2364,0.01742,0.02184
2365,0.01742,0.02181
2366,0.01745,0.02177
2367,0.01747,0.02182
2368,0.01743,0.02183
2369,0.0174,0.02182
2370,0.01743,0.02182
2371,0.01741,0.0218
2372,0.01742,0.02182
2373,0.01741,0.02178
2374,0.01745,0.02185
2375,0.0174,0.02179
2376,0.01744,0.02181
2377,0.01744,0.02185
2378,0.01736,0.02188
2379,0.01741,0.02186
2380,0.01743,0.02183
2381,0.01739,0.02186
2382,0.01737,0.02185
2383,0.01737,0.02185
2384,0.01737,0.02183
2385,0.0174,0.02192
2386,0.01734,0.02194
2387,0.01736,0.02194
2388,0.01731,0.02193
2389,0.01734,0.02198
2390,0.01731,0.02188
2391,0.01732,0.02191
2392,0.01735,0.02189
2393,0.01737,0.02191
2394,0.01739,0.02194
2395,0.01733,0.02192
2396,0.01738,0.02189
2397,0.01738,0.02185
2398,0.01739,0.02185
2399,0.01742,0.02189
2400,0.01736,0.02191
2401,0.01732,0.02195
2402,0.01733,0.02192
2403,0.01739,0.02199
2404,0.01734,0.02201
2405,0.01733,0.02199
2406,0.01734,0.02193
2407,0.01731,0.02197
2408,0.01734,0.0219
2409,0.01735,0.02196
2410,0.01732,0.02193
2411,0.01734,0.02193
2412,0.01734,0.02193
2413,0.01733,0.02198
2414,0.01732,0.0219
2415,0.01737,0.02189
2416,0.01734,0.0219
2417,0.01735,0.02192
2418,0.01735,0.02186
2419,0.01739,0.0219
2420,0.01737,0.02197
2421,0.0173,0.02199
2422,0.01735,0.02204
2423,0.01732,0.02198
2424,0.01732,0.02191
2425,0.01735,0.02193
2426,0.01736,0.02198
2427,0.01737,0.02203
2428,0.01733,0.02201
2429,0.01731,0.02197
2430,0.01732,0.02199
2431,0.01728,0.02205
2432,0.01729,0.02198
2433,0.01733,0.022
2434,0.01728,0.02204
2435,0.01726,0.02203
2436,0.01725,0.02203
2437,0.01727,0.02198
2438,0.01725,0.02197
2439,0.0173,0.02196
2440,0.01732,0.02195
2441,0.01734,0.02198
2442,0.01733,0.02196
2443,0.01731,0.02193
2444,0.01732,0.02201
2445,0.01728,0.02196
2446,0.01727,0.02201
2447,0.01727,0.02201
2448,0.01732,0.02202
2449,0.01726,0.02201
2450,0.01731,0.02199
2451,0.01732,0.02193
2452,0.01729,0.02199
2453,0.01729,0.02199
2454,0.01728,0.02195
2455,0.0173,0.02197
2456,0.01731,0.02192
2457,0.0173,0.02198
2458,0.01726,0.02197
2459,0.01732,0.02197
2460,0.01733,0.02192
2461,0.01736,0.02196
2462,0.01732,0.02191
2463,0.0173,0.02198
2464,0.01732,0.02197
2465,0.01733,0.02203
2466,0.01731,0.02196
2467,0.01732,0.02198
2468,0.01729,0.02195
2469,0.01731,0.02196
2470,0.01733,0.02206
2471,0.01726,0.02209
2472,0.01724,0.02203
2473,0.01723,0.02206
2474,0.0173,0.02204
2475,0.01723,0.02208
2476,0.01724,0.0221
2477,0.01726,0.02208
2478,0.01726,0.02204
2479,0.01728,0.022
2480,0.01735,0.02198
2481,0.01735,0.02193
2482,0.01732,0.02192
2483,0.01729,0.02196
2484,0.01732,0.02194
2485,0.01729,0.02194
2486,0.01734,0.02195
2487,0.01733,0.02191
2488,0.01733,0.02194
2489,0.01735,0.02191
2490,0.01733,0.02194
2491,0.01739,0.02196
2492,0.0174,0.02189
2493,0.01738,0.02188
2494,0.01737,0.02184
2495,0.01741,0.0218
2496,0.01738,0.02181
2497,0.01738,0.02183
2498,0.01737,0.02181
2499,0.01737,0.02183
2500,0.01739,0.02187
2501,0.01745,0.02183
2502,0.0174,0.02183
2503,0.01736,0.02191
2504,0.01742,0.02184
2505,0.01746,0.0218
2506,0.01747,0.02175
2507,0.01749,0.02175
2508,0.01748,0.02174
2509,0.01751,0.02176
2510,0.01744,0.02179
2511,0.01744,0.02178
2512,0.01743,0.02182
2513,0.01743,0.02187
2514,0.0174,0.02184
2515,0.01742,0.02183
2516,0.01742,0.02183
2517,0.01738,0.02182
2518,0.01741,0.02181
2519,0.01749,0.02183
2520,0.01751,0.0218
2521,0.01752,0.02178
2522,0.0175,0.02171
2523,0.01749,0.02171
2524,0.01749,0.02176
2525,0.01745,0.02172
2526,0.01743,0.02177
2527,0.01744,0.02184
2528,0.01743,0.02177
2529,0.01749,0.02173
2530,0.01742,0.0218
2531,0.01739,0.02181
2532,0.01745,0.02183
2533,0.01744,0.02186
2534,0.01746,0.02184
2535,0.01739,0.02178
2536,0.01741,0.02186
2537,0.01742,0.02182
2538,0.01744,0.02174
2539,0.01745,0.02177
2540,0.0175,0.02175
2541,0.01749,0.02181
2542,0.01746,0.02176
2543,0.01746,0.02176
2544,0.01744,0.02173
2545,0.01742,0.02177
2546,0.01748,0.02175
2547,0.01746,0.02181
2548,0.01746,0.0218
2549,0.01745,0.0218
2550,0.01741,0.02181
2551,0.01738,0.02177
2552,0.01737,0.02188
2553,0.01738,0.02186
2554,0.01737,0.02186
2555,0.01736,0.02182
2556,0.0174,0.02188
2557,0.01738,0.02184
2558,0.01739,0.02184
2559,0.0174,0.02184
2560,0.01741,0.02181
2561,0.01735,0.02182
2562,0.01742,0.02185
2563,0.01741,0.02174
2564,0.01742,0.02176
2565,0.01749,0.02182
2566,0.01748,0.02174
2567,0.01748,0.02176
2568,0.01755,0.02174
2569,0.01743,0.02174
2570,0.01747,0.02175
2571,0.0175,0.02175
2572,0.01749,0.02166
2573,0.0175,0.02168
2574,0.0175,0.02168
2575,0.01751,0.02174
2576,0.01749,0.02174
2577,0.01752,0.02169
2578,0.0175,0.02178
2579,0.01743,0.02179
2580,0.01746,0.02178
2581,0.01742,0.02178
2582,0.01747,0.02179
2583,0.01748,0.02182
2584,0.01743,0.02179
2585,0.01741,0.02182
2586,0.01739,0.02182
2587,0.01738,0.02181
2588,0.01737,0.02186
2589,0.01742,0.02185
2590,0.01739,0.02176
2591,0.01742,0.02179
2592,0.01742,0.02179
2593,0.01744,0.02185
2594,0.01744,0.02184
2595,0.0174,0.02181
2596,0.01746,0.02184
2597,0.0174,0.02185
2598,0.01742,0.0219
2599,0.01742,0.02182
2600,0.01735,0.02183
2601,0.0174,0.02189
2602,0.01739,0.0219
2603,0.0174,0.02188
2604,0.01732,0.02194
2605,0.01739,0.02195
2606,0.01738,0.02185
2607,0.01743,0.02191
2608,0.01742,0.02191
2609,0.01738,0.02182
2610,0.01736,0.02188
2611,0.01745,0.02187
2612,0.01742,0.02193
2613,0.01735,0.02189
2614,0.01739,0.02186
2615,0.01737,0.02195
2616,0.01735,0.02195
2617,0.01731,0.02191
2618,0.01733,0.02202
2619,0.01736,0.02198
2620,0.01727,0.02206
2621,0.01727,0.02201
2622,0.01727,0.022
2623,0.01732,0.02196
2624,0.0173,0.02201
2625,0.01727,0.02205
2626,0.01727,0.02202
2627,0.01726,0.02202
2628,0.01727,0.02198
2629,0.01726,0.02203
2630,0.01732,0.02198
2631,0.01728,0.02201
2632,0.0173,0.02194
2633,0.01732,0.02192
2634,0.01733,0.022
2635,0.01741,0.02185
2636,0.01735,0.0219
2637,0.01737,0.02191
2638,0.01738,0.0219
2639,0.01738,0.02187
2640,0.01736,0.02182
2641,0.0174,0.02191
2642,0.0174,0.02181
2643,0.01741,0.02181
2644,0.0174,0.0218
2645,0.01742,0.02182
2646,0.01738,0.02184
2647,0.01741,0.02185
2648,0.01737,0.02184
2649,0.01741,0.02184
2650,0.01743,0.02187
2651,0.01743,0.0218
2652,0.01741,0.0218
2653,0.01741,0.02184
2654,0.01742,0.0218
2655,0.01744,0.02179
2656,0.01742,0.02178
2657,0.01743,0.0218
2658,0.01744,0.02188
2659,0.01735,0.02192
2660,0.01734,0.02188
2661,0.01737,0.02187
2662,0.0174,0.02179
2663,0.01745,0.02181
2664,0.01747,0.02179
2665,0.01743,0.02178
2666,0.01741,0.02177
2667,0.01743,0.02184
2668,0.01738,0.02184
2669,0.01737,0.02189
2670,0.01735,0.0219
2671,0.01736,0.022
2672,0.0173,0.02199
2673,0.0173,0.02203
2674,0.01729,0.02202
2675,0.01729,0.02199
2676,0.0173,0.02201
2677,0.0173,0.02193
2678,0.01738,0.02192
2679,0.01739,0.02184
2680,0.01745,0.02188
2681,0.01742,0.02183
2682,0.0174,0.02189
2683,0.0174,0.0219
2684,0.01742,0.02188
2685,0.01746,0.02194
2686,0.01738,0.02184
2687,0.01739,0.02184
2688,0.01737,0.02184
2689,0.01742,0.02188
2690,0.01744,0.02176
2691,0.0174,0.02181
2692,0.01744,0.02179
2693,0.01748,0.02174
2694,0.01749,0.02176
2695,0.01749,0.02172
2696,0.01753,0.02173
2697,0.01747,0.02169
2698,0.01749,0.02176
2699,0.01748,0.02181
2700,0.0174,0.02179
2701,0.01742,0.0218
2702,0.0174,0.02181
2703,0.0175,0.02177
2704,0.01743,0.02177
2705,0.01746,0.02179
2706,0.0175,0.0217
2707,0.01747,0.0217
2708,0.01748,0.02182
2709,0.01749,0.02174
2710,0.01746,0.02177
2711,0.01746,0.02172
2712,0.01746,0.02179
2713,0.01748,0.02182
2714,0.01746,0.02174
2715,0.01745,0.02171
2716,0.01749,0.02171
2717,0.01748,0.0217
2718,0.01753,0.0217
2719,0.01756,0.02171
2720,0.01752,0.02173
2721,0.01746,0.02174
2722,0.01748,0.02174
2723,0.01751,0.02174
2724,0.01749,0.02175
2725,0.0175,0.02165
2726,0.01748,0.02175
2727,0.01748,0.02172
2728,0.0175,0.02173
2729,0.01745,0.02171
2730,0.01744,0.02177
2731,0.01748,0.02176
2732,0.01747,0.02173
2733,0.01744,0.02175
2734,0.01745,0.02174
2735,0.01748,0.02175
2736,0.01747,0.02177
2737,0.01744,0.02178
2738,0.01746,0.02179
2739,0.01744,0.02181
2740,0.01739,0.02184
2741,0.01744,0.02185
2742,0.01746,0.02179
2743,0.01742,0.0218
2744,0.01745,0.02175
2745,0.01751,0.02176
2746,0.01748,0.02178
2747,0.01741,0.02175
2748,0.01742,0.02179
2749,0.01744,0.02181
2750,0.01745,0.02183
2751,0.01746,0.02175
2752,0.01742,0.02175
2753,0.01748,0.02177
2754,0.01749,0.02173
2755,0.01748,0.02177
2756,0.01745,0.02181
2757,0.01745,0.02176
2758,0.01749,0.02175
2759,0.01746,0.02175
2760,0.01742,0.02181
2761,0.01745,0.02179
2762,0.01745,0.02185
2763,0.01738,0.02191
2764,0.0174,0.02187
2765,0.01743,0.02181
2766,0.01741,0.02182
2767,0.01742,0.0218
2768,0.01744,0.02177
2769,0.01743,0.02182
2770,0.01745,0.02187
2771,0.01745,0.02176
2772,0.01745,0.02177
2773,0.01743,0.02179
2774,0.01744,0.02179
2775,0.01746,0.02176
2776,0.01745,0.02183
2777,0.01743,0.02181
2778,0.01744,0.02176
2779,0.01746,0.02178
2780,0.01744,0.02175
2781,0.01745,0.02173
2782,0.01744,0.02178
2783,0.01744,0.02182
2784,0.0174,0.02177
2785,0.01747,0.02183
2786,0.01739,0.02184
2787,0.01743,0.02178
2788,0.01745,0.0218
2789,0.01742,0.02179
2790,0.01747,0.02177
2791,0.01741,0.02182
2792,0.0174,0.02184
2793,0.01739,0.02185
2794,0.01742,0.02181
2795,0.01743,0.0218
2796,0.01742,0.02183
2797,0.01743,0.02178
2798,0.01747,0.02179
2799,0.01748,0.02181
2800,0.01747,0.02175
2801,0.01746,0.0218
2802,0.01749,0.02179
2803,0.01742,0.02176
2804,0.01749,0.02175
2805,0.01748,0.02175
2806,0.0175,0.02177
2807,0.01751,0.02171
2808,0.01748,0.02173
2809,0.01747,0.02167
2810,0.0175,0.02173
2811,0.0175,0.0217
2812,0.01748,0.02174
2813,0.0175,0.02171
2814,0.01747,0.02171
2815,0.01746,0.0217
2816,0.01749,0.02169
2817,0.01748,0.02177
2818,0.01746,0.02175
2819,0.01744,0.02179
2820,0.01743,0.02177
2821,0.01742,0.02182
2822,0.01744,0.02182
2823,0.01744,0.02181
2824,0.01742,0.02181
2825,0.01747,0.02176
2826,0.01749,0.02175
2827,0.01745,0.0218
2828,0.01742,0.02181
2829,0.01742,0.02178
2830,0.01742,0.02177
2831,0.01743,0.02181
2832,0.01741,0.02177
2833,0.01744,0.02183
2834,0.01745,0.02179
2835,0.01743,0.02177
2836,0.01749,0.02173
2837,0.01749,0.02177
2838,0.01749,0.02181
2839,0.01741,0.02183
2840,0.01738,0.02179
2841,0.01744,0.02178
2842,0.01742,0.0218
2843,0.01745,0.02184
2844,0.01746,0.02178
2845,0.01746,0.02176
2846,0.01748,0.02175
2847,0.01747,0.02175
2848,0.0174,0.02176
2849,0.01745,0.02177
2850,0.01749,0.02172
2851,0.01749,0.02178
2852,0.01746,0.0218
2853,0.01746,0.02176
2854,0.01745,0.02175
2855,0.01745,0.0218
2856,0.01743,0.0218
2857,0.01744,0.02175
2858,0.01744,0.02175
2859,0.01748,0.02177
2860,0.01748,0.02175
2861,0.01745,0.02178
2862,0.01746,0.02177
2863,0.01747,0.0218
2864,0.01746,0.02178
2865,0.0175,0.02173
2866,0.01749,0.0217
2867,0.01752,0.02167
2868,0.01749,0.02173
2869,0.01755,0.02169
2870,0.01752,0.02163
2871,0.01752,0.02172
2872,0.01748,0.0217
2873,0.0175,0.02172
2874,0.01752,0.02164
2875,0.01752,0.02166
2876,0.01751,0.0217
2877,0.01752,0.02167
2878,0.01749,0.02172
2879,0.0175,0.0217
2880,0.01749,0.0217
2881,0.01749,0.0217
2882,0.01752,0.02172
2883,0.01753,0.02167
2884,0.01753,0.02176
2885,0.01744,0.02173
2886,0.01745,0.02175
2887,0.0175,0.02176
2888,0.01751,0.02174
2889,0.01745,0.02178
2890,0.01744,0.02177
2891,0.01742,0.0218
2892,0.01743,0.02174
2893,0.01743,0.02176
2894,0.01744,0.02179
2895,0.01751,0.02174
2896,0.01747,0.02171
2897,0.01753,0.02169
2898,0.01746,0.02168
2899,0.0175,0.0217
2900,0.01749,0.02169
2901,0.01745,0.02175
2902,0.01749,0.0218
2903,0.01746,0.02175
2904,0.01747,0.02179
2905,0.01746,0.02182
2906,0.01742,0.0218
2907,0.01737,0.02184
2908,0.01737,0.02182
2909,0.0174,0.02183
2910,0.01741,0.0219
2911,0.01736,0.02183
2912,0.01735,0.02193
2913,0.01735,0.02195
2914,0.01736,0.02193
2915,0.01733,0.02195
2916,0.01737,0.02191
2917,0.01744,0.02193
2918,0.01737,0.02195
2919,0.01737,0.02192
2920,0.01737,0.02193
2921,0.01736,0.02185
2922,0.01736,0.02189
2923,0.01739,0.02188
2924,0.01739,0.02185
2925,0.01745,0.02185
2926,0.01746,0.02186
2927,0.01739,0.0219
2928,0.0174,0.02185
2929,0.0174,0.02187
2930,0.01732,0.02191
2931,0.01735,0.02189
2932,0.01738,0.02185
2933,0.01735,0.0219
2934,0.01733,0.0219
2935,0.01733,0.02187
2936,0.01737,0.02186
2937,0.01739,0.02188
2938,0.01734,0.02189
2939,0.01733,0.02188
2940,0.01734,0.02186
2941,0.01738,0.0219
2942,0.01739,0.02181
2943,0.01742,0.02182
2944,0.01739,0.02179
2945,0.0174,0.02187
2946,0.0174,0.02184
2947,0.01741,0.0218
2948,0.01741,0.02185
2949,0.01741,0.02186
2950,0.0174,0.02188
2951,0.0174,0.02183
2952,0.0174,0.0219
2953,0.01734,0.02189
2954,0.01743,0.0219
2955,0.01741,0.02183
2956,0.01742,0.02183
2957,0.01739,0.0218
2958,0.01742,0.02183
2959,0.01743,0.02182
2960,0.01743,0.02181
2961,0.01742,0.0218
2962,0.01741,0.02181
2963,0.01745,0.02179
2964,0.01739,0.02179
2965,0.01744,0.02177
2966,0.01743,0.02178
2967,0.01742,0.02184
2968,0.01743,0.02173
2969,0.01743,0.02181
2970,0.01741,0.02183
2971,0.01746,0.02181
2972,0.01742,0.0218
2973,0.01742,0.02182
2974,0.01739,0.02183
2975,0.01739,0.02189
2976,0.0174,0.02188
2977,0.01739,0.02185
2978,0.01743,0.02185
2979,0.01741,0.02184
2980,0.01735,0.02188
2981,0.0174,0.02185
2982,0.01737,0.02185
2983,0.01734,0.02188
2984,0.01738,0.02197
2985,0.01733,0.02198
2986,0.0173,0.02196
2987,0.01729,0.02196
2988,0.01728,0.02196
2989,0.01732,0.02195
2990,0.01733,0.02192
2991,0.01733,0.02192
2992,0.01734,0.0219
2993,0.01736,0.02189
2994,0.01735,0.02199
2995,0.01731,0.02195
2996,0.01733,0.02195
2997,0.01733,0.02195
2998,0.01736,0.0219
2999,0.01736,0.02188
3000,0.01736,0.02189
