ReTr(Lx),ImTr(Lx)
-0.0247926,0.0267187
-0.0247926,0.0267187
-0.017935,-0.0058827
-0.0433615,-0.0140754
-0.0433615,-0.0140754
-0.0180368,-0.0340355
-0.0180368,-0.0340355
-0.036823,-0.0189046
-0.00433006,-0.0111085
-8.64775e-05,-0.0192963
-0.00853971,-0.00990463
0.00207198,0.00383207
0.00207198,0.00383207
0.00207198,0.00383207
0.00040561,0.0150198
-0.0015272,0.0126364
0.00780264,0.0289629
0.0095634,0.04264
0.0288734,0.053648
0.028927,0.0521903
0.028927,0.0521903
0.028927,0.0521903
0.028927,0.0521903
0.0471496,0.0494716
0.0323875,0.055296
0.0323875,0.055296
0.0323875,0.055296
0.0323875,0.055296
0.0216741,0.0483029
0.0215765,0.039255
0.0215765,0.039255
0.0215765,0.039255
0.0215765,0.039255
0.0215765,0.039255
0.0215765,0.039255
0.016998,0.0504246
0.016998,0.0504246
0.0354265,0.039704
0.0420024,0.042315
0.0357239,0.0485372
0.0460926,0.0432829
0.0460926,0.0432829
0.0460926,0.0432829
0.0460926,0.0432829
0.0551787,0.03961
0.037874,0.027109
0.0216928,0.048743
0.0216928,0.048743
0.0216928,0.048743
0.0216928,0.048743
0.0190493,0.0370916
0.0190493,0.0370916
0.0190493,0.0370916
0.0285024,0.0453636
0.0285024,0.0453636
0.0336331,0.0602346
0.0321415,0.0645756
0.0321415,0.0645756
0.0321415,0.0645756
0.0321415,0.0645756
0.0321415,0.0645756
0.0321415,0.0645756
0.0321415,0.0645756
0.0321415,0.0645756
0.0321415,0.0645756
0.0321415,0.0645756
0.0321415,0.0645756
0.0321415,0.0645756
0.0386739,0.0457931
0.0243085,0.055719
0.0243085,0.055719
0.0139071,0.0475028
0.0139071,0.0475028
0.0296436,0.0268179
0.0296436,0.0268179
0.0296436,0.0268179
0.0335345,0.00767231
0.0314806,0.027216
0.0256449,0.0470552
-0.00184633,0.0374155
-0.00184633,0.0374155
0.0207956,0.0329765
0.0207956,0.0329765
-0.00391996,0.0225721
-0.00391996,0.0225721
-0.0161342,0.0203713
-0.0161342,0.0203713
-0.0032069,0.0189813
-0.0032069,0.0189813
-0.0032069,0.0189813
-0.0372391,0.0242916
-0.0496993,0.0417851
-0.0496993,0.0417851
-0.0753665,0.0378386
-0.0363944,0.0388474
-0.0580319,0.0242291
-0.0580319,0.0242291
-0.0621539,0.0287875
-0.0743319,0.0191516
-0.0680647,0.0225718
-0.0680647,0.0225718
-0.059287,0.0183384
-0.0723004,-0.00178287
-0.0805714,0.00903927
-0.0505929,-0.00836995
-0.0892125,0.0089633
-0.0892125,0.0089633
-0.0892125,0.0089633
-0.0892125,0.0089633
-0.0994533,0.0128371
-0.0994533,0.0128371
-0.112862,0.0247019
-0.127831,0.0606952
-0.127831,0.0606952
-0.14737,0.0453509
-0.117857,0.0770086
-0.130254,0.074415
-0.130254,0.074415
-0.130254,0.074415
-0.140101,0.0409477
-0.177267,0.0809022
-0.177267,0.0809022
-0.177267,0.0809022
-0.148358,0.118485
-0.148358,0.118485
-0.204074,0.10085
-0.173547,0.053679
-0.173547,0.053679
-0.173547,0.053679
-0.179001,0.0909094
-0.179001,0.0909094
-0.169948,0.0745206
-0.162515,0.0282027
-0.123229,0.0327078
-0.168346,0.0162072
-0.168346,0.0162072
-0.154929,-0.0335816
-0.154929,-0.0335816
-0.126518,-0.0825251
-0.182631,-0.0551618
-0.182631,-0.0551618
-0.205269,-0.0471637
-0.208854,-0.053642
-0.175498,-0.00367755
-0.17925,0.0378052
-0.17925,0.0378052
-0.17925,0.0378052
-0.17777,0.0610067
-0.138868,0.0758807
-0.151045,0.0504966
-0.113379,0.0615909
-0.113379,0.0615909
-0.11028,0.0410535
-0.124923,0.00558004
-0.124923,0.00558004
-0.118886,-0.0196673
-0.114044,-0.0116102
-0.114044,-0.0116102
-0.133298,-0.00157402
-0.133298,-0.00157402
-0.133298,-0.00157402
-0.139846,-0.00205795
-0.139846,-0.00205795
-0.163508,-0.0559255
-0.154642,-0.0675291
-0.154642,-0.0675291
-0.122541,-0.0579
-0.110456,-0.0350053
-0.110456,-0.0350053
-0.0835886,-0.000456624
-0.0835886,-0.000456624
-0.0931309,-0.00138085
-0.0931309,-0.00138085
-0.0730576,0.0199562
-0.113684,0.0445842
-0.0659857,0.0174023
-0.0659857,0.0174023
-0.018681,0.0105893
-0.018681,0.0105893
-0.0181523,0.0551852
-0.0961115,0.0546674
-0.154729,0.0211283
-0.0908111,0.0013773
-0.099725,-0.011495
-0.099725,-0.011495
-0.104414,0.0231866
-0.0577869,0.0793309
-0.114542,0.0439576
-0.144369,0.0591071
-0.137407,0.0704849
-0.078921,0.0385805
-0.0735367,0.0921685
-0.086027,0.0905746
-0.0961918,0.0632161
-0.0961918,0.0632161
-0.035119,0.101923
-0.0693314,0.0888239
-0.0693314,0.0888239
-0.0693314,0.0888239
-0.0639821,0.101733
-0.0235171,0.129136
-0.0235171,0.129136
-0.0167036,0.100342
-0.0399095,0.0605031
-0.0399095,0.0605031
-0.045328,-0.0520579
-0.045328,-0.0520579
-0.0350405,-0.0731321
-0.123838,-0.0746813
-0.123838,-0.0746813
-0.0266403,-0.0849569
-0.0745311,-0.103034
-0.0745311,-0.103034
-0.0368939,-0.0538966
-0.00664979,0.00380903
-0.0198789,-0.0168015
-0.0373522,-0.0361242
-0.0342821,-0.0121553
-0.0342821,-0.0121553
-0.0858346,0.0163098
-0.0743806,0.00863011
-0.0743806,0.00863011
-0.119388,0.025802
-0.0658404,0.0527266
-0.0338126,0.05664
-0.118486,0.0244545
-0.057577,0.128757
-0.0412725,0.0982311
-0.0412725,0.0982311
-0.0483092,0.123824
-0.0846021,0.160874
-0.112724,0.204914
-0.112724,0.204914
-0.0563442,0.164832
-0.0396259,0.167506
-0.090589,0.202264
-0.0373625,0.110325
-0.0221672,0.134522
-0.0221672,0.134522
-0.0221672,0.134522
-0.11364,0.113129
-0.0727083,0.0611758
-0.0235005,0.03247
-0.031288,0.0106717
-0.0426901,0.0960938
-0.0426901,0.0960938
-0.114561,0.0276092
-0.100868,-0.0856546
-0.100868,-0.0856546
-0.0674969,-0.0469299
-0.0552043,-0.049514
-0.0147015,-0.0733154
-0.0634865,-0.018499
0.0225276,0.0196786
0.0222712,0.0382593
0.1072,-0.0978856
0.0890978,-0.0757119
0.0167526,-0.0649774
0.00629256,-0.0517712
0.0243281,-0.0180046
0.0763506,-0.0313394
0.0763506,-0.0313394
0.0763506,-0.0313394
0.0763506,-0.0313394
0.0858694,-0.0541365
0.0632148,0.0175291
0.0632148,0.0175291
0.0304711,0.0592946
0.0718137,0.0103742
0.0718137,0.0103742
0.102306,-0.00909788
0.102306,-0.00909788
0.0809564,-0.0220818
0.0667079,-0.0259504
0.0560701,0.0565693
0.0542991,0.00225324
0.0154527,-0.0107888
0.0154527,-0.0107888
0.0849675,-0.109863
0.0569439,-0.107792
0.0361539,-0.100039
-0.0618541,-0.0693354
-0.0516999,-0.0421335
-0.074325,-0.108782
-0.055293,-0.132086
-0.043467,-0.127287
-0.0788204,-0.188056
-0.0876084,-0.180542
-0.0770297,-0.131426
-0.101174,-0.0534555
-0.0725431,-0.0964882
-0.115882,-0.101485
-0.115882,-0.101485
-0.158855,-0.0893928
-0.0941149,-0.0967476
-0.0723557,-0.138509
-0.0723557,-0.138509
-0.0384751,-0.146292
-0.0802714,-0.174169
-0.0802714,-0.174169
-0.227348,-0.1652
-0.188634,-0.138893
-0.200057,-0.164184
-0.168972,-0.203531
-0.181636,-0.172989
-0.181636,-0.172989
-0.19509,-0.26023
-0.19509,-0.26023
-0.19509,-0.26023
-0.167852,-0.184951
-0.167852,-0.184951
-0.214879,-0.166656
-0.214879,-0.166656
-0.279376,-0.141962
-0.25312,-0.169143
-0.25312,-0.169143
-0.210486,-0.115671
-0.225367,-0.114077
-0.147179,-0.0370846
-0.197524,-0.0568856
-0.197524,-0.0568856
-0.197524,-0.0568856
-0.197524,-0.0568856
-0.195954,-0.017593
-0.195954,-0.017593
-0.257165,-0.0243201
-0.224699,0.0199647
-0.23473,0.000341394
-0.203219,-0.0899349
-0.203219,-0.0899349
-0.172013,0.0101431
-0.121935,-0.000558359
-0.121935,-0.000558359
-0.113928,0.0272484
-0.113928,0.0272484
-0.113928,0.0272484
-0.113928,0.0272484
-0.265437,0.035604
-0.197965,0.105006
-0.22712,-0.00528918
-0.187553,0.0478594
-0.187553,0.0478594
-0.200924,0.0812821
-0.200924,0.0812821
-0.192471,0.102461
-0.155977,0.122318
-0.155977,0.122318
-0.155977,0.122318
-0.174774,0.136899
-0.23323,0.0461242
-0.227056,0.059771
-0.246011,0.136739
-0.184725,0.186083
-0.191658,0.222416
-0.17404,0.157906
-0.122807,0.149231
-0.122807,0.149231
-0.122807,0.149231
-0.097589,0.140095
-0.0918249,0.0721411
-0.0918249,0.0721411
-0.0938062,0.07479
-0.0911133,0.0221109
-0.148161,0.074072
-0.174289,0.049977
-0.199279,-0.0217056
-0.199279,-0.0217056
-0.205687,-0.0620983
-0.240104,-0.00956715
-0.223798,-0.038623
-0.280813,-0.0684545
-0.280813,-0.0684545
-0.280813,-0.0684545
-0.222552,-0.0330307
-0.222552,-0.0330307
-0.176494,-0.059238
-0.211704,-0.0936042
-0.211704,-0.0936042
-0.214892,-0.0293901
-0.208592,-0.0517895
-0.166671,-0.033628
-0.160497,-0.0640776
-0.134852,0.00768683
-0.104043,-0.0367424
-0.109035,-0.0102283
-0.109035,-0.0102283
-0.0977072,-0.0501653
-0.111999,-0.0597116
-0.111999,-0.0597116
-0.0990871,0.00653614
-0.0337074,-0.0262536
-0.0337074,-0.0262536
-0.0337074,-0.0262536
-0.0808689,-0.0552444
-0.093106,-0.0979901
-0.093106,-0.0979901
-0.0486215,-0.0576444
-0.0486215,-0.0576444
-0.0277317,-0.0166905
-0.0277317,-0.0166905
-0.0277317,-0.0166905
-0.10707,0.020274
-0.0485722,0.0354563
-0.0724294,-0.0141909
-0.0779949,-0.0174638
-0.0773179,-0.0443021
-0.0773179,-0.0443021
-0.152461,-0.0171913
-0.184073,-0.0513609
-0.16955,0.0177099
-0.0975056,-0.0269989
-0.0539635,-0.0402619
-0.0539635,-0.0402619
0.0202041,-0.0741464
-0.0958828,-0.0527051
-0.0260632,-0.0389131
-0.000102712,-0.0443939
0.0309805,0.0229176
0.0977905,0.00268216
0.0977905,0.00268216
0.0319971,-0.0224202
0.0319971,-0.0224202
0.00943096,-0.0205809
0.0392356,0.0572742
0.0392356,0.0572742
-0.0197385,-0.009048
-0.0359035,-0.0709886
-0.0359035,-0.0709886
0.0159135,0.0080757
0.0159135,0.0080757
-0.0604343,-0.0156194
-0.0451262,-0.0867895
-0.0451262,-0.0867895
-0.067512,-0.088958
-0.230781,-0.0268305
-0.129159,0.0338284
-0.217223,0.0860205
-0.217223,0.0860205
-0.217223,0.0860205
-0.167036,0.0291811
-0.167036,0.0291811
-0.119151,0.068853
0.00154154,0.060786
-0.0208627,-0.0734647
-0.0921819,0.000322396
-0.0808917,0.0528865
-0.0808917,0.0528865
-0.0808917,0.0528865
-0.0677237,-0.0855531
-0.0677237,-0.0855531
-0.0806124,-0.0901684
-0.106006,-0.0608991
0.0106407,-0.09796
-0.0527064,-0.106204
-0.0642331,-0.0650317
-0.0581513,-0.0557281
-0.066698,-0.0123817
-0.0412377,-0.0866225
-0.0395597,-0.0755894
-0.0395597,-0.0755894
-0.0800995,-0.0741211
-0.121547,-0.00899419
-0.123911,0.0299615
-0.0906306,0.0749495
-0.0128982,0.018398
-0.0220028,0.0039815
-0.0220028,0.0039815
-0.0261996,-0.0502255
-0.0261996,-0.0502255
0.0365955,0.00210311
-0.0251725,-0.0527017
0.0362451,-0.00423745
0.0362451,-0.00423745
-0.0370398,-0.0265487
-0.0467878,-0.0523191
-0.0467878,-0.0523191
-0.0467878,-0.0523191
-0.0785579,0.0228504
-0.0451425,-0.0185626
-0.0676489,-0.0811026
-0.093469,-0.12701
-0.0476196,-0.00095496
-0.0506265,-0.0277059
-0.0414476,-0.118013
-0.077221,-0.0729681
-0.077221,-0.0729681
-0.173068,-0.0650134
-0.175375,-0.121315
-0.288314,-0.163983
-0.210014,-0.128176
-0.145976,-0.075761
-0.0743921,-0.0762562
-0.0743921,-0.0762562
-0.0785951,-0.0459973
-0.0786697,-0.0578907
-0.0383931,-0.0023326
-0.0515841,-0.0141535
-0.052045,-0.0263555
0.0228785,-0.00824251
0.00185966,0.107657
0.00185966,0.107657
0.132099,0.0801616
0.109792,0.0786265
0.145599,0.0843264
0.145599,0.0843264
0.0690583,0.137752
0.0025271,0.123201
0.0121458,0.10392
0.034224,0.100701
-0.0494781,0.0541231
0.00102581,0.0335498
0.00102581,0.0335498
0.0668346,0.0854321
0.074791,0.109953
0.110061,0.0820564
0.066984,0.0431674
0.0139299,0.0386499
-0.00555453,0.0915491
-0.0259978,0.0771587
-0.0259978,0.0771587
-0.0259978,0.0771587
0.0304533,0.0336142
0.0304533,0.0336142
0.0276751,0.0480548
0.0276751,0.0480548
0.0779317,0.0318451
0.0645645,0.0923871
-0.0126886,0.0887296
0.0220225,0.0937376
0.0190324,0.132245
0.0636275,0.263465
0.0875545,0.205182
0.0463649,0.262996
0.0463649,0.262996
0.0463649,0.262996
0.0679261,0.102401
0.097705,0.13724
0.0636195,0.190996
0.112427,0.182906
0.195054,0.250049
0.167705,0.230364
0.206015,0.223859
0.206015,0.223859
0.231414,0.145391
0.141651,0.181166
0.108029,0.170896
0.108029,0.170896
0.149106,0.128227
0.169478,0.217166
0.24325,0.211613
0.183639,0.238008
0.183639,0.238008
0.151181,0.254124
0.151181,0.254124
0.0383203,0.211072
0.175864,0.157092
0.31026,0.188706
0.167584,0.0828349
0.170715,0.0450295
0.119763,0.149718
0.155574,0.174179
0.201791,0.1382
0.186205,0.00837157
0.241751,0.0961994
0.299918,0.131701
0.233758,0.12946
0.233758,0.12946
0.238449,0.0962756
0.238449,0.0962756
0.243783,0.113217
0.19974,0.158965
0.285094,0.185855
0.258585,0.177515
0.309242,0.216053
0.274681,0.184328
0.274681,0.184328
0.168959,0.167343
0.192986,0.135279
0.246264,0.139084
0.249164,0.0947313
0.249164,0.0947313
0.249164,0.0947313
0.266875,0.177045
0.266875,0.177045
0.238611,0.255242
0.281996,0.250639
0.281996,0.250639
0.278981,0.133674
0.189276,0.082944
0.272441,0.111607
0.41879,0.0670272
0.34476,0.140399
0.356674,0.055657
0.356674,0.055657
0.344109,0.0569285
0.344109,0.0569285
0.40923,0.207649
0.40923,0.207649
0.397996,0.167501
0.397996,0.167501
0.397996,0.167501
0.494556,0.257996
0.425674,0.0742851
0.4235,0.0961189
0.384739,0.153654
0.371031,0.166095
0.31173,0.139299
0.31173,0.139299
0.31173,0.139299
0.272981,0.238588
0.272981,0.238588
0.266543,0.0819579
0.266543,0.0819579
0.172889,0.0900825
0.23402,0.127545
0.32669,0.111283
0.289464,0.0488625
0.325748,0.0478338
0.267686,0.012634
0.239154,0.00810979
0.239154,0.00810979
0.239154,0.00810979
0.19414,-0.00593881
0.13194,0.056659
0.19293,-0.026358
0.19293,-0.026358
0.197027,-0.0641001
0.16033,-0.0676937
0.135777,-0.0304102
0.166981,-0.0361583
0.102921,0.00873481
0.117,0.0453749
0.0481946,0.0927888
0.0380485,0.105566
0.00262535,0.121478
0.0408096,0.0704174
0.0642451,0.0350715
0.14277,0.0899458
0.14277,0.0899458
0.0745433,0.082423
0.0745433,0.082423
0.0745433,0.082423
0.0818118,0.0291381
0.11856,0.0506206
0.123849,0.0431625
0.102404,0.0906215
0.0567421,0.0302376
0.135005,-0.00666464
0.231931,-0.0463826
0.304309,-0.115952
0.251125,-0.119864
0.292222,-0.135607
0.366284,-0.169678
0.387295,-0.158116
0.353577,-0.110755
0.437659,-0.136238
0.445425,-0.100969
0.421266,-0.078833
0.421266,-0.078833
0.389245,-0.0564291
0.389245,-0.0564291
0.389245,-0.0564291
0.388842,-0.0632158
0.330203,-0.0621985
0.291529,-0.062467
0.291529,-0.062467
0.316343,-0.165864
0.307383,-0.108628
0.307383,-0.108628
0.286177,-0.165005
0.286177,-0.165005
0.286177,-0.165005
0.286177,-0.165005
0.426652,-0.202542
0.443614,-0.338064
0.462034,-0.344731
0.350995,-0.260994
0.404597,-0.190864
0.449229,-0.183151
0.439263,-0.221999
0.451367,-0.175069
0.503483,-0.189749
0.491215,-0.181541
0.542338,-0.0590989
0.542338,-0.0590989
0.385213,-0.197098
0.394864,-0.228815
0.393585,-0.234662
0.416871,-0.248933
0.311003,-0.23763
0.311003,-0.23763
0.268186,-0.2384
0.297294,-0.147232
0.40269,-0.19596
0.378394,-0.20369
0.313364,-0.250213
0.390147,-0.150638
0.35927,-0.215041
0.346199,-0.113551
0.373617,-0.288814
0.372007,-0.246654
0.33006,-0.198247
0.270611,-0.127475
0.270611,-0.127475
0.210237,-0.167196
0.239785,-0.248846
0.239785,-0.248846
0.263705,-0.171111
0.269489,-0.19143
0.190826,-0.133151
0.190826,-0.133151
0.190826,-0.133151
0.1814,-0.167313
0.170661,-0.159504
0.294131,-0.15769
0.294131,-0.15769
0.27761,-0.22763
0.273551,-0.139747
0.25246,-0.23044
0.25246,-0.23044
0.25246,-0.23044
0.21796,-0.243876
0.254072,-0.286637
0.254072,-0.286637
0.187499,-0.260136
0.20007,-0.22913
0.263802,-0.213831
0.255215,-0.168941
0.255215,-0.168941
0.302361,-0.115097
0.228729,-0.187041
0.209539,-0.139456
0.242826,-0.208796
0.242826,-0.208796
0.242826,-0.208796
0.242826,-0.208796
0.242826,-0.208796
0.195676,-0.138804
0.195676,-0.138804
0.195676,-0.138804
0.215441,-0.123025
0.186525,-0.152877
0.16113,-0.241109
0.182676,-0.239961
0.189259,-0.16645
0.153965,-0.185284
0.107508,-0.131543
0.107508,-0.131543
0.145939,-0.115117
0.110103,-0.115748
0.0374405,-0.120689
0.085172,-0.105733
0.181179,-0.0389979
0.181179,-0.0389979
0.17506,-0.0614789
0.15841,-0.0358697
0.128125,-0.0857717
0.192839,-0.0438121
0.229801,-0.0689774
0.229801,-0.0689774
0.249791,-0.0827999
0.304743,0.0545376
0.304743,0.0545376
0.304743,0.0545376
0.319281,-0.0213212
0.365991,-0.0567586
0.365991,-0.0567586
0.354343,-0.0210038
0.388169,-0.0830705
0.288906,-0.052199
0.288906,-0.052199
0.27293,-0.0500249
0.27293,-0.0500249
0.251039,-0.081282
0.225069,0.00333518
0.267351,0.0173617
0.263256,-0.015794
0.290683,0.0237629
0.207742,0.052212
0.220387,0.0579496
0.241856,0.0161745
0.232885,0.0522069
0.271726,0.0209771
0.271726,0.0209771
0.240869,0.0149885
0.165019,0.0295361
0.135469,0.112818
0.135469,0.112818
0.135469,0.112818
0.135469,0.112818
0.136318,0.0686605
0.125814,0.0869489
0.15827,0.128811
0.125455,0.0909086
0.168754,0.12902
0.168754,0.12902
0.168754,0.12902
0.100723,0.0671013
0.044472,-0.00439881
0.0796811,0.112269
0.0807974,0.128815
0.0753774,0.165695
0.0753774,0.165695
0.0535389,0.109387
-0.0143066,0.0736741
0.13717,0.143877
0.0770826,0.140912
0.0770826,0.140912
0.0501869,0.0962436
0.0249199,0.0534386
0.0375257,0.109268
0.0375257,0.109268
0.0375257,0.109268
0.0217987,0.00435334
0.00867269,0.0884119
0.0346095,-0.0071075
-0.0323517,0.0274359
-0.0141721,0.0386475
0.00281004,0.00670645
0.0328263,0.0220279
-0.0745014,0.0369559
-0.0632304,0.105103
-0.0353776,0.0235934
-0.100014,0.0429117
-0.121395,-0.0657084
-0.121395,-0.0657084
-0.0670246,-0.0542082
-0.00270594,-0.0916335
-0.0158116,-0.0460952
0.0176278,-0.0159051
0.0176278,-0.0159051
0.00288419,0.0910126
0.0127873,0.0838533
0.0297534,0.12852
0.0191166,0.128944
0.0191166,0.128944
0.0345989,0.0987925
-0.0377671,-0.0227973
0.0528051,0.0661175
0.0528051,0.0661175
-0.0366264,0.0114685
-0.00452565,-0.0493509
0.0343916,-0.065324
0.00883495,0.00959456
0.0137942,0.0258801
0.0636537,-0.0674369
0.0499283,0.0309983
0.0616485,0.0282804
0.0644251,0.0950394
-0.0357167,0.15298
-0.0357167,0.15298
-0.0547115,0.0721101
-0.0227265,0.116204
-0.00159957,0.0710469
-0.014642,0.0944269
-0.0616091,0.111281
-0.0616091,0.111281
-0.0836974,0.143154
-0.0105603,0.101801
-0.0105603,0.101801
-0.0537835,0.117856
-0.0710816,0.168701
-0.0710816,0.168701
-0.0710816,0.168701
-0.0710816,0.168701
-0.0710816,0.168701
-0.119101,0.134082
-0.153741,0.146879
-0.130896,0.129685
-0.202472,0.151199
-0.202472,0.151199
-0.225569,0.0520095
-0.131385,0.0199943
-0.239067,-0.0540011
-0.239067,-0.0540011
-0.240284,-0.0521399
-0.240284,-0.0521399
-0.240284,-0.0521399
-0.261167,0.0334391
-0.305571,0.122286
-0.305571,0.122286
-0.423805,0.0637858
-0.39135,0.12148
-0.41176,0.134915
-0.41176,0.134915
-0.357909,0.0876051
-0.312399,0.017418
-0.311636,-3.12858e-05
-0.369281,-0.00538181
-0.283278,-0.0874562
-0.32119,-0.0252149
-0.32119,-0.0252149
-0.246265,-0.0292515
-0.245633,-0.0340216
-0.26512,-0.0450565
-0.257881,-0.0816613
-0.276672,-0.08634
-0.294731,-0.0887685
-0.294731,-0.0887685
-0.294731,-0.0887685
-0.28379,-0.066994
-0.28379,-0.066994
-0.342728,-0.0587209
-0.332389,-0.00343594
-0.389424,-0.0601554
-0.389424,-0.0601554
-0.357475,-0.116494
-0.382198,-0.126524
-0.382198,-0.126524
-0.361935,-0.101449
-0.382255,-0.106365
-0.396796,-0.118871
-0.469921,-0.133946
-0.454259,-0.071701
-0.410991,-0.0406694
-0.410991,-0.0406694
-0.55333,-0.0181964
-0.55333,-0.0181964
-0.516983,-0.0453606
-0.548595,-0.0325929
-0.420735,-0.17163
-0.376978,-0.10588
-0.376978,-0.10588
-0.568006,-0.013649
-0.511853,-0.0547299
-0.44392,-0.0923606
-0.44392,-0.0923606
-0.380362,-0.0184521
-0.314146,-0.120294
-0.323799,-0.203566
-0.267146,-0.129252
-0.267146,-0.129252
-0.232145,-0.0719601
-0.232145,-0.0719601
-0.217509,-0.0277048
-0.274214,-0.0839048
-0.261114,-0.0585357
-0.234322,0.059619
-0.125098,0.0890479
-0.0719315,0.0725543
-0.0719315,0.0725543
-0.106782,0.0351019
-0.0543575,0.0260465
-0.0543575,0.0260465
-0.0349853,0.0605404
-0.0785669,0.000629176
-0.0991102,0.030933
-0.126849,0.0241609
-0.100391,0.0745776
-0.100391,0.0745776
-0.13123,0.0531539
-0.0843921,-0.0408129
-0.199269,0.0261135
-0.199269,0.0261135
-0.159779,0.0350091
-0.0811127,-0.123442
-0.0558587,-0.094946
-0.0558587,-0.094946
-0.0558587,-0.094946
-0.0916475,0.0358996
-0.0916475,0.0358996
-0.0442548,-0.0599888
-0.0442548,-0.0599888
-0.0885205,0.0367492
0.0261441,-0.106362
0.0261441,-0.106362
-0.105854,-0.14166
-0.153193,-0.112945
-0.192238,-0.138399
-0.192238,-0.138399
-0.170525,-0.184977
-0.167884,-0.140179
-0.149564,-0.128389
-0.117313,-0.110589
-0.117313,-0.110589
-0.117313,-0.110589
-0.0302454,-0.0824612
0.00979727,-0.0593152
0.0359073,0.00284644
0.0603612,-0.0344117
0.00176725,-0.0832516
0.00176725,-0.0832516
0.0327788,-0.0907819
0.0327788,-0.0907819
-0.0198723,-0.0772889
0.0372911,-0.0707852
0.0372911,-0.0707852
0.0372911,-0.0707852
0.0351626,-0.145624
0.0489714,-0.201795
0.0107275,-0.232634
0.107279,-0.209499
0.0171896,-0.196504
0.0448825,-0.160486
0.0121902,-0.1313
-0.00966897,-0.115426
0.00966812,-0.144675
0.0533433,-0.184211
-0.162046,-0.189408
-0.162046,-0.189408
-0.162046,-0.189408
-0.162046,-0.189408
-0.162046,-0.189408
-0.0740671,-0.192222
-0.0630015,-0.174914
0.0117114,-0.198124
0.0160234,-0.17116
-0.0536354,-0.139089
-0.0536354,-0.139089
-0.0536354,-0.139089
-0.0536354,-0.139089
-0.0536354,-0.139089
-0.0637334,-0.0981416
-0.0679321,-0.0866945
-0.0679321,-0.0866945
-0.094935,0.0120568
-0.0257064,0.0365785
-0.0257064,0.0365785
-0.0257064,0.0365785
-0.0249247,0.072431
-0.0249247,0.072431
-0.0249247,0.072431
-0.0398322,0.0531346
-0.0146637,0.0633325
-0.0257896,0.0117294
-0.0579021,0.0245951
-0.0579021,0.0245951
-0.0579021,0.0245951
-0.140409,-0.0369081
-0.0722949,-0.0158007
-0.102718,0.0258929
-0.102718,0.0258929
-0.15621,0.0326956
-0.0978851,0.0795576
-0.0474157,0.0948609
-0.0532591,0.170006
-0.0532591,0.170006
-0.0219944,0.049876
-0.0549168,0.0884667
-0.0549168,0.0884667
-0.0859111,-0.0739262
-0.016014,-0.0101537
-0.016014,-0.0101537
-0.0894325,-0.0150638
-0.10795,-0.0537733
-0.0979344,-0.138326
-0.0979344,-0.138326
-0.0486861,-0.0965854
-0.0486861,-0.0965854
-0.04076,-0.0359283
-0.0350178,-0.0205127
-0.0350178,-0.0205127
-0.0350178,-0.0205127
-0.0350178,-0.0205127
0.0399678,-0.0295714
0.0399678,-0.0295714
0.0161539,-0.035141
0.0484007,-0.0378801
0.0447431,-0.0154372
0.0447431,-0.0154372
0.0447431,-0.0154372
0.0125455,0.0392284
0.0125455,0.0392284
0.0125455,0.0392284
0.00563551,-0.00757619
0.0641266,-0.0291339
-0.031478,0.035483
0.026623,0.126106
0.0372446,0.120053
-0.0393469,0.105676
-0.00118715,0.0225859
0.045792,0.0107767
0.0939008,0.0074262
0.0939008,0.0074262
0.0939008,0.0074262
0.0359,-0.031258
0.033333,-0.0112898
0.033333,-0.0112898
0.033333,-0.0112898
0.033333,-0.0112898
0.033333,-0.0112898
0.0849691,-0.0111115
0.0525549,-0.041534
0.0867095,-0.0289666
0.010013,-0.0271724
0.0248406,-0.0102506
-0.0509001,-0.0154141
-0.0509001,-0.0154141
-0.0329132,-0.0236326
-0.0199632,0.0376783
-0.0861097,0.0202584
-0.148644,-0.0599763
-0.0994635,-0.0428176
-0.0994635,-0.0428176
-0.0951791,-0.062855
-0.0664689,-0.0260755
-0.0615604,0.0342265
-0.0615604,0.0342265
-0.0615604,0.0342265
-0.116581,0.0291529
-0.0704049,-0.00217756
-0.0976139,0.0299006
-0.140107,-0.00895088
-0.134327,-0.00622419
-0.134327,-0.00622419
-0.153851,0.0572601
-0.162385,0.0467544
-0.143676,0.0571491
-0.165615,0.020241
-0.202635,0.0867997
-0.178401,0.128307
-0.187054,0.12497
-0.182804,0.136038
-0.182804,0.136038
-0.0759984,0.109327
-0.154716,0.183973
-0.194349,0.127812
-0.142504,0.108351
-0.162681,0.121087
-0.162681,0.121087
-0.162681,0.121087
-0.117842,0.139472
-0.0632878,0.123203
-0.0632878,0.123203
-0.0632878,0.123203
-0.0753025,0.134628
-0.0380084,0.142604
-0.0505699,0.189724
-0.015283,0.181791
-0.0647244,0.150638
-0.0900003,0.18769
-0.0445274,0.149771
-0.0445274,0.149771
-0.0145975,0.130511
-0.0253874,0.0877351
-0.0754749,0.0632941
-0.132112,0.0285597
-0.166469,0.0560994
-0.147231,0.0435306
-0.133343,0.0476661
-0.161394,0.0841641
-0.118417,0.185455
-0.084456,0.129039
-0.084456,0.129039
-0.151516,0.147074
-0.154031,0.283809
-0.267565,0.24972
-0.267565,0.24972
-0.198895,0.181035
-0.188259,0.153007
-0.207684,0.18634
-0.159241,0.266721
-0.159241,0.266721
-0.186601,0.170326
-0.0842181,0.163365
-0.0690603,0.116643
-0.0774535,0.0983714
-0.0774535,0.0983714
-0.102066,0.0865011
-0.0811599,0.10213
-0.14766,0.110556
-0.192546,0.112147
-0.192546,0.112147
-0.154855,0.062621
-0.161485,0.00481771
-0.0980586,0.0902653
-0.118958,0.123329
-0.142169,0.094602
-0.183274,0.0616856
-0.195335,0.0176467
-0.126919,0.0830198
-0.144394,0.0268178
-0.144394,0.0268178
-0.161469,0.0552491
-0.161469,0.0552491
-0.136386,0.099752
-0.136386,0.099752
-0.136386,0.099752
-0.133997,0.13313
-0.0942734,0.161603
-0.0942734,0.161603
-0.0942734,0.161603
-0.0942734,0.161603
-0.0716948,0.0676024
-0.0430478,-0.0206301
-0.068405,0.011742
-0.0394513,-0.0139261
-0.0394513,-0.0139261
-0.0519046,-0.0304708
-0.0359506,-0.0177145
-0.0443583,0.00126658
-0.0043523,0.0242376
-0.0043523,0.0242376
-0.0043523,0.0242376
0.00106913,0.044491
0.00106913,0.044491
0.00106913,0.044491
-0.0312907,0.0449151
0.0046018,0.068828
-0.00807012,0.0722287
-0.0890406,0.104712
-0.0890406,0.104712
-0.103395,0.0618981
-0.143519,0.0367654
-0.13117,0.0154551
-0.0575145,0.0111415
-0.0575145,0.0111415
-0.0708839,0.0193042
-0.0543484,-0.014415
-0.064528,-0.0553106
-0.0321678,-0.0485956
0.018678,-0.0439446
-0.0539171,-0.0857497
-0.0539171,-0.0857497
-0.0812942,-0.0725095
-0.0668093,-0.0715985
-0.0942919,-0.00827039
-0.0931289,-0.00224074
-0.0577354,-0.0123382
-0.044141,0.000595084
-0.0695043,0.0560187
-0.018853,-0.00562621
-0.000392971,-0.0434003
-0.0444639,-0.0227295
-0.0569609,-0.0391702
-0.0655714,-0.00235995
-0.0134298,-0.0110974
-0.056935,-0.0141399
0.0134299,-0.00355551
0.026839,-0.00940232
0.0331099,0.0367125
0.0270536,0.0435885
0.0449403,0.0105984
0.0139129,0.0262299
0.0585365,-0.00427124
0.0301189,0.00110184
0.0681897,0.00708155
0.0681897,0.00708155
-0.0100821,0.00319415
-0.0184258,0.00452104
-0.017356,0.00788076
-0.0487916,0.0476883
-0.0875585,0.0372639
-0.0975181,0.0500254
-0.142329,0.0229752
-0.142329,0.0229752
-0.142329,0.0229752
-0.129731,0.0137722
-0.142065,-0.0150791
-0.0571934,0.0316134
-0.14363,0.0551046
-0.161245,0.0586834
-0.161245,0.0586834
-0.172401,0.0933999
-0.150724,0.069425
-0.156438,0.0375824
-0.156438,0.0375824
-0.200039,0.071817
-0.200039,0.071817
-0.147766,0.034626
-0.100758,0.0496436
-0.050695,0.0264369
-0.0562266,0.0555616
-0.0545865,0.0658909
-0.0545865,0.0658909
-0.0299162,0.0375826
-0.0393758,0.0794245
-0.0493786,0.0445054
-0.0422737,0.0375465
-0.050548,0.0336508
-0.050548,0.0336508
-0.112758,0.0380874
-0.0957898,0.043401
-0.128159,0.0537984
-0.0951211,0.067695
-0.0951211,0.067695
-0.168343,0.0488896
-0.0897803,0.0927407
-0.0509824,0.0632426
-0.117327,0.0555326
-0.0756256,0.0830411
-0.181359,0.00297429
-0.113067,0.109036
-0.113067,0.109036
-0.152801,0.0716264
-0.163942,0.0966735
-0.180131,0.112649
-0.194609,0.160451
-0.150966,0.148078
-0.150966,0.148078
-0.185736,0.177966
-0.126993,0.179836
-0.13336,0.184081
-0.120781,0.220585
-0.0782982,0.169175
-0.0729188,0.142428
-0.12997,0.16029
-0.12997,0.16029
-0.12997,0.16029
-0.0859763,0.14174
-0.0982874,0.132519
-0.0982874,0.132519
-0.0995456,0.149517
-0.124102,0.191782
-0.222715,0.116893
-0.187546,0.104212
-0.250482,0.0774821
-0.250482,0.0774821
-0.209051,0.069385
-0.209051,0.069385
-0.213341,0.0506466
-0.277481,0.00958125
-0.276545,0.0908669
-0.264253,0.0169352
-0.314043,0.0059975
-0.275606,0.0537813
-0.304768,0.055039
-0.259735,-0.0243972
-0.242539,0.028555
-0.214251,-0.0219166
-0.162354,-0.135423
-0.0947718,-0.111835
-0.0947718,-0.111835
-0.108982,-0.0607361
-0.10301,-0.050477
-0.147009,-0.113886
-0.147009,-0.113886
-0.147009,-0.113886
-0.150646,-0.11709
-0.150646,-0.11709
-0.144671,-0.123813
-0.144671,-0.123813
-0.12182,-0.0656059
-0.0555794,-0.156341
-0.0172109,-0.128059
-0.0172109,-0.128059
-0.0172109,-0.128059
-0.0356649,-0.0619002
-0.0175579,-0.0840131
0.00985561,-0.0791804
-0.0209217,-0.0110671
-0.0344244,-0.0412591
-0.0112944,-0.0468483
-0.0063792,-0.0426714
-0.0498658,-0.00259472
-0.094304,0.0341871
-0.0462454,0.0512115
-0.102931,0.0404801
-0.102793,0.0398949
-0.102793,0.0398949
-0.102793,0.0398949
-0.102793,0.0398949
-0.189116,0.116003
-0.160796,0.0585305
-0.160796,0.0585305
-0.134057,0.0615209
-0.134057,0.0615209
-0.129318,0.151079
-0.14527,0.118933
-0.069814,0.10416
-0.0655026,0.117027
-0.109077,0.122979
-0.119039,0.154163
-0.0193017,0.165618
-0.066764,0.199729
0.0271744,0.193396
0.0271744,0.193396
-0.0207188,0.0907117
-0.0143905,0.0232069
-0.0143905,0.0232069
-0.00145884,0.0228106
-0.0541755,0.0729193
-0.0541755,0.0729193
0.0247614,0.0118163
-0.00739486,0.0155385
-0.0590393,0.0601291
-0.0293587,0.0813113
-0.0859161,0.082754
-0.0143392,0.00774103
-0.0692431,0.0673776
-0.094119,0.0649179
-0.110925,0.0336193
-0.110925,0.0336193
-0.13604,0.0322461
-0.0537658,0.0617263
-0.149173,0.0360754
-0.244739,0.0630926
-0.148432,0.0811539
-0.153826,0.0520725
-0.184176,0.0507406
-0.173716,0.0342553
-0.203873,0.226739
-0.203873,0.226739
-0.218306,0.184227
-0.123593,0.144404
-0.123593,0.144404
-0.123593,0.144404
-0.0787356,0.174843
-0.103303,0.192581
-0.16185,0.197242
-0.16185,0.197242
-0.16185,0.197242
-0.218468,0.234654
-0.22716,0.240478
-0.237248,0.173371
-0.237248,0.173371
-0.203826,0.220746
-0.18977,0.200655
-0.174029,0.264124
-0.230632,0.226539
-0.10242,0.087236
-0.130115,0.117936
-0.0940557,0.0834493
-0.0940557,0.0834493
-0.127686,0.131802
-0.11426,0.00864069
-0.11426,0.00864069
-0.114985,-0.0241673
-0.0648836,-0.0021814
-0.0946262,0.0465542
-0.125054,0.00754095
-0.125054,0.00754095
-0.125054,0.00754095
-0.125054,0.00754095
-0.214756,0.0437348
-0.0345655,0.0565512
-0.0699361,0.107472
-0.00876209,0.114322
0.031136,0.0982626
-0.0822816,0.118882
-0.0822816,0.118882
-0.0888965,0.0753438
-0.0888965,0.0753438
-0.159037,0.0607661
-0.199195,0.0204564
-0.199195,0.0204564
-0.265905,-0.0130386
-0.220658,-0.0106202
-0.15879,0.0351989
-0.119161,0.0230978
-0.120933,0.0445244
-0.131839,0.0158445
-0.131839,0.0158445
-0.0981371,-0.0027761
-0.0571055,-0.0229955
-0.0571055,-0.0229955
-0.161539,-0.0430576
-0.203902,0.0194729
-0.16386,0.0623144
-0.182694,0.0341691
-0.171055,0.036461
-0.19264,0.0219581
-0.193236,0.00057769
-0.243254,-0.0489981
-0.222775,0.0652401
-0.222775,0.0652401
-0.222775,0.0652401
-0.181481,0.0523974
-0.186925,0.102763
-0.186925,0.102763
-0.186925,0.102763
-0.202094,0.0765258
-0.216795,0.076382
-0.216608,0.0281577
-0.181559,-0.00576934
-0.244974,0.0364139
-0.254369,-0.0119494
-0.2299,0.0471149
-0.27027,-0.0162931
-0.314723,0.0166645
-0.273328,0.0939449
-0.273328,0.0939449
-0.273328,0.0939449
-0.197958,0.117486
-0.1823,0.155269
-0.26365,0.150886
-0.26365,0.150886
-0.26365,0.150886
-0.283048,0.128434
-0.212824,0.122847
-0.212824,0.122847
-0.208113,0.120633
-0.265614,0.178841
-0.232712,0.0997749
-0.232712,0.0997749
-0.274344,0.107615
-0.284577,0.10589
-0.296216,0.102734
-0.253937,0.15295
-0.253937,0.15295
-0.239835,0.101136
-0.196607,0.0890674
-0.170819,0.106392
-0.178096,0.0356472
-0.189354,0.100655
-0.172247,0.106737
-0.2317,0.134687
-0.230599,0.0979595
-0.145003,0.132869
-0.14561,0.155465
-0.176979,0.141494
-0.176979,0.141494
-0.177046,0.132774
-0.201648,0.160274
-0.235394,0.149117
-0.235394,0.149117
-0.221369,0.140135
-0.216367,0.154597
-0.199835,0.164128
-0.199835,0.164128
-0.201846,0.0824366
-0.292694,0.134421
-0.259918,0.116099
-0.259918,0.116099
-0.217555,0.155163
-0.215156,0.147278
-0.22745,0.152473
-0.26708,0.238936
-0.267386,0.21411
-0.265535,0.112217
-0.2544,0.137705
-0.2544,0.137705
-0.202844,0.185642
-0.199975,0.244998
-0.234039,0.151535
-0.269895,0.147899
-0.298244,0.174554
-0.215255,0.169059
-0.204072,0.235068
-0.155286,0.185518
-0.150883,0.179295
-0.187151,0.192994
-0.175305,0.229016
-0.157848,0.172923
-0.157848,0.172923
-0.218451,0.183799
-0.239196,0.1252
-0.239196,0.1252
-0.149185,0.149511
-0.150821,0.123282
-0.170144,0.183034
-0.104635,0.155584
-0.129315,0.0709226
-0.14116,0.105667
-0.0944589,0.113913
-0.122308,0.0684519
-0.109137,0.0413104
-0.200625,0.0553306
-0.17028,0.0208443
-0.19336,0.0386828
-0.184921,0.0774444
-0.155931,0.0941349
-0.11848,0.1502
-0.118016,0.135942
-0.118016,0.135942
-0.097239,0.117438
-0.097239,0.117438
-0.0753314,0.124807
-0.0392306,0.132369
-0.0498881,0.175959
0.0268384,0.201761
-0.0411931,0.263835
-0.0193959,0.24576
0.0234384,0.23964
-0.0128876,0.211652
-0.0128876,0.211652
0.0172089,0.225755
0.0665174,0.190461
0.0567774,0.177701
0.0567774,0.177701
0.0567774,0.177701
0.0795275,0.234978
0.0795275,0.234978
0.0256135,0.187675
0.0536641,0.214154
-0.00319038,0.257464
-0.0322046,0.246826
-0.0322046,0.246826
-0.0160838,0.292685
-0.0160838,0.292685
-0.0645434,0.228596
-0.0751734,0.219282
0.0015461,0.186768
0.00097397,0.202418
-0.0682116,0.20692
-0.0168936,0.236685
0.0463184,0.256924
0.0415344,0.220916
0.00846027,0.223862
-0.104027,0.205944
-0.10839,0.19213
-0.186799,0.202746
-0.225335,0.163892
-0.225335,0.163892
-0.166311,0.137439
-0.166311,0.137439
-0.1606,0.2134
-0.1842,0.13856
-0.138772,0.10683
-0.138772,0.10683
-0.147311,0.195644
-0.147311,0.195644
-0.0475269,0.159981
-0.104509,0.112952
-0.114888,0.171332
-0.0959711,0.189259
-0.15126,0.193375
-0.15126,0.193375
-0.136082,0.151176
-0.10459,0.082575
-0.122964,0.142725
-0.177324,0.207304
-0.183394,0.160391
-0.233717,0.203315
-0.12376,0.156099
-0.19382,0.107087
-0.232034,0.212379
-0.258959,0.126081
-0.258959,0.126081
-0.173819,0.0810876
-0.185201,0.0556369
-0.128035,0.168845
-0.249966,0.114728
-0.183408,0.171846
-0.21202,0.267391
-0.21202,0.267391
-0.181792,0.214383
-0.181792,0.214383
-0.259721,0.188798
-0.23549,0.118612
-0.23549,0.118612
-0.204619,0.0930355
-0.146627,0.106444
-0.182016,0.1104
-0.193598,0.140639
-0.159007,0.0297471
-0.255312,0.184565
-0.232344,0.119841
-0.180129,0.159046
-0.226928,0.090568
-0.239998,0.152177
-0.220364,0.130964
-0.203461,0.213962
-0.175265,0.152246
-0.273495,0.15433
-0.24293,0.202786
-0.227311,0.170056
-0.192775,0.12164
-0.203455,0.127366
-0.29637,-7.13626e-05
-0.142345,0.0927542
-0.142345,0.0927542
-0.158101,0.167925
-0.121723,0.236997
-0.0164081,0.289691
-0.0687089,0.250901
-0.120744,0.17963
-0.171935,0.192234
-0.145169,0.188073
-0.145169,0.188073
0.00811721,0.159053
0.0334816,0.173626
0.0209901,0.151666
-0.00604752,0.146371
-0.00604752,0.146371
-0.016687,0.212069
0.0421171,0.201479
0.0457546,0.147452
0.0457546,0.147452
0.0119661,0.202511
-0.11657,0.18131
-0.0874125,0.184711
-0.207704,0.166684
-0.16017,0.154773
-0.0965874,0.150999
-0.0965874,0.150999
-0.0666786,0.12006
-0.0426324,0.198051
-0.0426324,0.198051
-0.0426324,0.198051
0.0100491,0.197653
0.0512051,0.161082
0.125516,0.192924
0.143338,0.19985
0.167676,0.197178
0.195701,0.16609
0.175305,0.105396
0.175305,0.105396
0.130306,0.130775
0.085956,0.188746
0.085956,0.188746
0.0765701,0.222344
0.0524795,0.165967
0.0631862,0.114439
0.0949191,0.159049
0.0949191,0.159049
0.0702637,0.0886222
0.0702637,0.0886222
0.0231875,0.0950543
-0.00957518,0.108105
-0.00845857,0.146581
-0.0559593,0.13375
-0.0104028,0.182693
-0.0104028,0.182693
-0.0117683,0.0837624
-0.0760469,0.066508
-0.0523008,0.0977014
-0.0523008,0.0977014
-0.058345,0.130226
-0.058345,0.130226
0.000303735,0.180924
0.0376735,0.15015
0.0353996,0.194216
-0.0190643,0.210718
-0.0345704,0.142896
-0.0699419,0.260709
-0.035364,0.264874
-0.035364,0.264874
-0.035364,0.264874
-0.0247081,0.259684
-0.00219859,0.206709
0.0427271,0.173267
0.0916215,0.214221
0.0916215,0.214221
0.0650599,0.186811
0.0650599,0.186811
0.0111045,0.178597
0.164796,0.243431
0.0797796,0.134834
0.122342,0.0962688
0.0737429,0.158545
0.0572656,0.155982
0.0572656,0.155982
0.0754899,0.0929914
0.0588057,0.147968
0.0588057,0.147968
0.113651,0.111986
0.148842,0.127275
0.139314,0.0985017
0.139314,0.0985017
0.0537046,0.100864
0.0769785,0.0680505
0.111203,0.13294
0.127839,0.129179
0.138541,0.13755
0.143314,0.155491
0.143314,0.155491
0.0705801,0.138426
0.129696,0.14145
0.129696,0.14145
0.130612,0.0883623
0.237152,0.100346
0.175594,0.197076
0.175594,0.197076
0.137527,0.167602
0.130298,0.153574
0.0912621,0.229575
0.0652539,0.31109
0.0589711,0.199731
0.0393444,0.202196
-0.0528972,0.192786
-0.0147297,0.211205
0.0379406,0.191968
0.0436075,0.195599
0.0545902,0.227721
0.0344106,0.186835
0.0344106,0.186835
0.0344106,0.186835
0.0344106,0.186835
0.0836153,0.222405
0.120569,0.18026
0.103108,0.165146
0.0791485,0.271654
0.0587676,0.251673
0.0948629,0.21027
0.0464896,0.142129
0.0412348,0.157163
0.0412348,0.157163
0.0766445,0.174802
0.0664199,0.198201
0.0664199,0.198201
0.0664199,0.198201
0.0791098,0.145388
0.0791098,0.145388
0.0791098,0.145388
0.0791098,0.145388
0.0859208,0.123728
0.0859208,0.123728
0.112438,0.151631
0.112438,0.151631
0.0598649,0.144052
0.0514429,0.13806
0.075974,0.149194
0.075974,0.149194
0.075974,0.149194
0.0148592,0.175621
0.0648959,0.22068
0.013776,0.143445
0.0658301,0.180413
-0.0386744,0.203495
-0.0232462,0.152249
0.0442642,0.187369
-0.0520004,0.162021
-0.00099161,0.190095
0.0293689,0.236591
-0.0278501,0.244954
-0.00369591,0.169412
0.0188043,0.27865
0.0188043,0.27865
-0.0514729,0.155345
-0.0514729,0.155345
-0.00734425,0.156707
-0.0393346,0.178541
-0.0294109,0.187817
-0.0863515,0.23123
-0.127784,0.137035
-0.0673374,0.103818
-0.0673374,0.103818
-0.0667365,0.18439
0.00136637,0.132661
0.00136637,0.132661
0.0424631,0.170678
-0.0162859,0.128916
0.00677089,0.171851
0.0262091,0.165843
0.0770879,0.205613
0.0490196,0.176249
-0.0441069,0.196057
-0.0441069,0.196057
-0.0761016,0.174839
-0.0761016,0.174839
-0.0761016,0.174839
-0.0162604,0.154416
-0.0246917,0.195645
0.000964425,0.150957
-0.0436774,0.174572
-0.0436774,0.174572
-0.0709165,0.219562
-0.0290254,0.150621
-0.0397814,0.153344
-0.0437971,0.199829
-0.065775,0.21726
-0.0489526,0.246704
-0.0489526,0.246704
-0.0314676,0.205077
-0.0238977,0.151732
-0.0600412,0.186895
-0.0600412,0.186895
-0.05249,0.233724
-0.0193297,0.233144
0.00550316,0.232799
0.00550316,0.232799
0.00369045,0.308724
-0.0219186,0.222587
0.0259589,0.206058
0.0259589,0.206058
-0.0135386,0.129928
-0.0439545,0.0762117
-0.056595,0.114374
-0.0893045,0.0917829
-0.0748837,0.0990885
-0.139686,0.0493722
-0.201107,0.131215
-0.243846,0.0925617
-0.235926,-0.0218331
-0.211356,0.0144374
-0.212066,-0.0171332
-0.16409,0.0712321
-0.198676,0.0508846
-0.188913,0.0258869
-0.188913,0.0258869
-0.11544,0.0244764
-0.117837,0.00099068
-0.117837,0.00099068
-0.130555,-0.0553279
-0.130555,-0.0553279
-0.159849,-0.0276433
-0.082134,-0.0430553
-0.082134,-0.0430553
-0.082134,-0.0430553
-0.082134,-0.0430553
-0.082134,-0.0430553
-0.128859,-0.0546734
-0.082212,-0.0711994
-0.082212,-0.0711994
-0.082212,-0.0711994
-0.0390139,-0.0646339
-0.0908166,-0.0309986
-0.0908166,-0.0309986
-0.0668754,-0.0444117
-0.0668754,-0.0444117
-0.069768,-0.0295579
-0.0550311,-0.0464502
0.0417675,0.0445388
-0.0136599,0.0567337
-0.0776368,0.0484826
-0.0776368,0.0484826
-0.0310083,-0.020259
-0.0373488,-0.0247604
0.000711211,-0.0632854
0.000711211,-0.0632854
0.000711211,-0.0632854
-0.00131252,-0.101839
0.017275,-0.066641
0.0060795,-0.00601205
0.00281859,-0.036253
0.0309771,0.00413393
0.00824732,-0.0311781
0.00824732,-0.0311781
-0.0392815,-0.0262693
-0.0368892,0.0192869
-0.0368892,0.0192869
0.071437,0.0408628
0.0463988,0.00222241
0.0463988,0.00222241
0.0442932,-0.0441457
0.0442932,-0.0441457
0.0431591,-0.0481406
0.0431591,-0.0481406
0.0157797,-0.0379925
0.0112016,-0.00135261
-0.0127156,-0.0308728
-0.0484952,-0.0191395
-0.074155,0.0574337
-0.051978,0.100999
-0.0333541,0.029735
-0.0567741,0.047538
-0.100993,0.135026
-0.0702528,0.0974317
-0.0702528,0.0974317
-0.0702528,0.0974317
-0.0237571,0.137019
-0.0421756,0.145924
-0.0669154,0.151929
-0.0794959,0.136099
-0.0794959,0.136099
-0.0940984,0.111353
-0.0705534,0.0885266
-0.0705534,0.0885266
-0.0799455,0.038598
-0.11357,0.0673174
-0.122639,0.0142656
-0.0986315,0.068249
-0.0986315,0.068249
-0.0986315,0.068249
-0.0615455,0.0482354
-0.0615455,0.0482354
-0.0870031,0.0394881
-0.0748545,0.0994737
-0.157875,0.0799544
-0.122275,0.0431909
-0.222335,0.0636162
-0.192359,0.0539626
-0.192359,0.0539626
-0.245995,0.0909026
-0.205101,0.0327355
-0.217422,0.0530246
-0.2276,0.0647973
-0.2276,0.0647973
-0.230203,0.0496909
-0.246354,0.0870434
-0.291075,0.0507344
-0.319528,0.104721
-0.319528,0.104721
-0.347921,0.0999345
-0.368006,0.0105747
-0.322943,0.0180177
-0.336184,-0.0190214
-0.336184,-0.0190214
-0.311345,-0.0500781
-0.305751,-0.0282598
-0.336191,-0.0159395
-0.336266,-0.00487788
-0.301557,0.0127496
-0.298799,0.0135156
-0.250389,-0.0201515
-0.250389,-0.0201515
-0.232024,-0.0323479
-0.301212,-0.0929253
-0.263091,-0.0945229
-0.241604,-0.168871
-0.2282,-0.15701
-0.2282,-0.15701
-0.284759,-0.0737061
-0.171662,-0.0792703
-0.202551,-0.0310804
-0.211114,-0.0668466
-0.197536,-0.0736876
-0.163575,-0.0840551
-0.163575,-0.0840551
-0.163575,-0.0840551
-0.184639,-0.0632576
-0.153525,-0.107249
-0.158815,-0.058698
-0.104814,-0.136657
-0.104814,-0.136657
-0.101428,-0.122111
-0.101428,-0.122111
-0.101428,-0.122111
-0.0630915,-0.0889838
-0.0630915,-0.0889838
-0.0630915,-0.0889838
-0.0199874,-0.0437264
-0.096484,-0.0311412
-0.0873157,-0.0356276
-0.0873157,-0.0356276
-0.0842574,-0.134055
-0.143105,-0.147108
-0.158358,-0.107095
-0.109345,-0.0853074
-0.138319,-0.134824
-0.138319,-0.134824
-0.11095,-0.161344
-0.165827,-0.129851
-0.17052,-0.111691
-0.167907,-0.133739
-0.167907,-0.133739
-0.167907,-0.133739
-0.195281,-0.10622
-0.186114,-0.13034
-0.169864,-0.118316
-0.189935,-0.123968
-0.248001,-0.167673
-0.239663,-0.203905
-0.300296,-0.22673
-0.209157,-0.101841
-0.146028,-0.139137
-0.226611,-0.17406
-0.226611,-0.17406
-0.24328,-0.111787
-0.24328,-0.111787
-0.296463,-0.124473
-0.296463,-0.124473
-0.269576,-0.181824
-0.363711,-0.123054
-0.241365,-0.157011
-0.273796,-0.066934
-0.359709,-0.06347
-0.359709,-0.06347
-0.273911,-0.0381984
-0.208152,-0.00716081
-0.208152,-0.00716081
-0.208152,-0.00716081
-0.208152,-0.00716081
-0.220329,0.036151
-0.30008,0.0179099
-0.234558,0.0581441
-0.247757,-0.0203667
-0.176256,-0.0601638
-0.217122,-0.051067
-0.28547,-0.0925596
-0.228385,-0.0277844
-0.254414,-0.118523
-0.292369,-0.0822891
-0.319645,-0.115174
-0.336157,-0.15101
-0.246396,-0.0598854
-0.189935,-0.0238
-0.175694,0.0434279
-0.217141,0.022738
-0.181965,-0.0250282
-0.191612,0.00872129
-0.17261,-0.00254801
-0.17261,-0.00254801
-0.196805,-0.0525201
-0.161366,-0.115074
-0.154414,-0.0826397
-0.195692,-0.132565
-0.149309,-0.0803291
-0.149309,-0.0803291
-0.172591,-0.0761049
-0.194376,-0.0983589
-0.207385,-0.0993891
-0.172198,-0.0667331
-0.0843567,-0.085573
-0.0435176,-0.105048
-0.0785886,-0.0880883
-0.0314636,-0.0828121
-0.0929897,-0.0668846
-0.0929897,-0.0668846
-0.0929897,-0.0668846
-0.0774431,-0.0533019
-0.061208,-0.0766928
-0.061208,-0.0766928
-0.0515354,-0.0662974
-0.0515354,-0.0662974
-0.0515354,-0.0662974
-0.0277797,-0.109248
-0.020955,-0.0712251
0.00243345,-0.0402396
-0.0197683,-0.115643
-0.0197683,-0.115643
-0.00914179,-0.0425504
-0.0179403,-0.0285758
-0.0667466,0.00608201
-0.0260751,0.00791171
-0.0393916,-0.00975156
-0.00614651,0.0143146
-0.0506467,0.00604101
-0.124034,-0.0187038
-0.124034,-0.0187038
-0.0682355,-0.00562263
-0.0950547,0.0091516
-0.0831207,0.047698
-0.0553581,-0.0308269
-0.0580854,-0.0834679
-0.0364355,-0.0684177
-0.0364355,-0.0684177
-0.0314614,-0.0917195
-0.0373339,-0.105107
-0.0181849,-0.0566134
-0.0800904,-0.0817669
-0.00965499,0.00968329
0.0258057,0.0227112
0.0148281,-0.0162306
0.0794543,0.0345356
-0.013952,-0.00352635
-0.026074,-0.0786164
-0.026074,-0.0786164
-0.017226,-0.0316997
-0.017226,-0.0316997
0.0366134,-0.116677
0.0617851,-0.118747
0.0243235,-0.116652
-0.0214249,-0.116784
-0.0214249,-0.116784
-0.0170759,-0.0612767
-0.0170759,-0.0612767
-0.0257656,-0.0248115
-0.0218376,-0.0384328
0.0173946,-0.0370431
0.0325741,0.00446424
-0.00986824,0.0151839
0.0679234,0.02832
0.0679234,0.02832
-0.0189249,-0.0287185
-0.0189249,-0.0287185
-0.000339985,0.00758627
-0.000339985,0.00758627
0.00735336,-0.0179638
0.0076415,-0.130716
0.0103069,-0.1208
-0.0432623,-0.11835
-0.0432623,-0.11835
-0.0515637,-0.132815
-0.0969936,-0.116396
-0.0969936,-0.116396
-0.0969936,-0.116396
-0.046487,-0.134472
-0.04301,-0.0711291
-0.0912089,-0.10905
-0.0912089,-0.10905
-0.0912089,-0.10905
-0.0354139,-0.0920806
-0.0354139,-0.0920806
-0.0364495,-0.124499
-0.016629,-0.13071
-0.00761001,-0.12434
-0.0747685,-0.109042
-0.0747685,-0.109042
-0.0718471,-0.10584
-0.025007,-0.139294
-0.025007,-0.139294
-0.025007,-0.139294
-0.0217941,-0.169541
-0.0738802,-0.206893
-0.0447199,-0.161616
-0.0447199,-0.161616
-0.0205715,-0.170156
0.00374389,-0.11507
0.0637764,-0.0708151
0.0463716,-0.098536
0.0552985,-0.100055
0.0684195,-0.160715
0.0729091,-0.0971626
0.133094,-0.114532
0.133094,-0.114532
0.133094,-0.114532
0.0395376,-0.171066
0.0160259,-0.11667
0.0160259,-0.11667
0.06987,-0.113675
-0.0104411,-0.0595046
-0.0104411,-0.0595046
-0.0565175,-0.0432012
-0.0661096,-0.0214351
-0.0661096,-0.0214351
-0.119698,-0.0818854
-0.074846,-0.0608209
-0.074846,-0.0608209
-0.074846,-0.0608209
-0.074846,-0.0608209
-0.0909573,-0.0222599
-0.106454,0.0273575
-0.0631299,-0.0348025
-0.0145366,0.0127854
-0.0277434,-0.0760875
-0.0434965,-0.0934845
0.00143321,-0.115032
-0.0407729,-0.100452
0.00504353,-0.139335
0.00504353,-0.139335
0.0400769,-0.163976
0.0400769,-0.163976
0.0512399,-0.0971611
0.107356,-0.0247184
0.107356,-0.0247184
0.107356,-0.0247184
0.0116198,-0.0404749
0.0277487,-0.0203102
0.0441605,-0.0579524
-0.00335546,-0.0799434
-0.00335546,-0.0799434
-0.00335546,-0.0799434
0.0345237,-0.0721781
0.059093,-0.0707965
0.116091,-0.00581626
0.116091,-0.00581626
0.147819,0.0117681
0.0914882,0.0204484
0.0491292,-0.0493479
-0.0393339,0.0143248
-0.0661435,0.0375121
-0.049202,0.0228612
-0.049202,0.0228612
-0.0675842,0.104413
-0.107479,0.00245066
-0.107479,0.00245066
-0.107479,0.00245066
-0.0429721,0.0289376
-0.0429721,0.0289376
0.0442282,0.0179442
0.00246162,-0.023121
0.00394295,0.0268196
-0.0163825,0.0324191
-0.0557224,0.00557003
-0.0557224,0.00557003
0.0125869,-0.0226126
-0.0892429,0.0299048
-0.114131,0.0578024
-0.102518,0.0462126
-0.102518,0.0462126
-0.102155,0.0293015
-0.102155,0.0293015
-0.102155,0.0293015
-0.231681,-0.0416028
-0.135928,-0.0177041
-0.154601,-0.033294
-0.154601,-0.033294
-0.154601,-0.033294
-0.154601,-0.033294
-0.0877398,-0.072897
0.00128435,-0.0979956
-0.00233408,-0.184457
0.118568,-0.162716
0.135724,-0.117335
0.135724,-0.117335
0.135724,-0.117335
0.159204,-0.144446
0.140706,-0.189246
0.204279,-0.112714
0.204279,-0.112714
0.167119,-0.112359
0.167119,-0.112359
0.167119,-0.112359
0.113048,-0.123827
0.0735039,-0.136294
0.0698814,-0.129747
0.0698814,-0.129747
0.119972,-0.167846
0.0891236,-0.097665
0.167671,-0.0166396
0.199969,-0.0516073
0.265223,-0.0483511
0.239411,-0.0497926
0.228818,-0.0416321
0.212334,0.0163016
0.1648,-0.0369644
0.161049,-0.011229
0.0953107,0.00528536
0.00659089,0.0655861
0.031004,0.0753515
0.0126156,0.0488965
0.0126156,0.0488965
0.0603604,0.0846146
0.0603604,0.0846146
0.00421074,0.0897946
0.0569016,0.0846051
0.0572514,0.0449715
0.0424321,-0.0111814
0.0424321,-0.0111814
0.0529561,0.0192679
0.0529561,0.0192679
0.0529561,0.0192679
-0.00243844,0.0492758
-0.00243844,0.0492758
0.0343131,0.0316315
0.0343131,0.0316315
0.0343131,0.0316315
0.0322532,-0.03769
0.00193658,-0.0715819
-0.0629635,-0.0820806
-0.0525996,-0.0679304
-0.0462589,-0.0447491
-0.0462589,-0.0447491
-0.0707599,-0.050916
-0.0707599,-0.050916
-0.0829282,-0.0947314
-0.0829282,-0.0947314
-0.0739125,-0.0850537
-0.101472,-0.0558726
-0.0541584,-0.0162306
-0.0585954,-0.00326808
-0.0585954,-0.00326808
-0.062571,0.0151121
-0.062571,0.0151121
-0.062149,-0.00239252
-0.064928,0.0349275
-0.064928,0.0349275
-0.0777741,0.0149696
0.00142914,0.00128551
0.0488959,0.0150205
0.0555831,0.044349
0.0131471,0.00729045
0.0131471,0.00729045
0.0457362,-0.049997
0.0529166,-0.0613446
0.118541,-0.0648108
0.118541,-0.0648108
0.130761,-0.0584385
0.11324,-0.0131756
0.186851,-0.0344874
0.131874,-0.0176171
0.0929601,0.00719361
0.040062,-0.0304176
0.0999098,-0.0434735
0.129743,-0.0788439
0.129743,-0.0788439
0.129743,-0.0788439
0.129743,-0.0788439
0.139111,-0.0306158
0.139111,-0.0306158
0.227458,0.0244491
0.227458,0.0244491
0.25744,0.0501433
0.197034,-0.0153019
0.186826,-0.00259296
0.149259,0.00766956
0.180248,-0.117417
0.20767,-0.0762026
0.20767,-0.0762026
0.115794,-0.0931002
0.115794,-0.0931002
0.0503492,-0.0692864
0.125745,-0.0102147
0.125745,-0.0102147
0.126897,0.0346977
0.126897,0.0346977
0.126897,0.0346977
0.200568,-0.0207354
0.164587,-0.0988629
0.159439,-0.0802734
0.159439,-0.0802734
0.113741,-0.0669854
0.124161,-0.113022
0.124161,-0.113022
0.124161,-0.113022
0.0904569,-0.0577811
0.0405117,-0.17146
0.0351359,-0.231701
0.0165912,-0.193549
0.057901,-0.217974
0.029677,-0.286538
0.029677,-0.286538
-0.01764,-0.286913
0.0595035,-0.18049
-0.105455,-0.165425
-0.105455,-0.165425
-0.0432613,-0.192096
-0.0432613,-0.192096
-0.0301886,-0.215133
-0.0301886,-0.215133
-0.0972163,-0.080754
0.0043544,-0.135825
0.0043544,-0.135825
-0.0572849,-0.0782019
-0.0572849,-0.0782019
-0.037997,-0.0727831
-0.037997,-0.0727831
-0.0599634,-0.111388
-0.0875485,-0.0715221
-0.0875485,-0.0715221
-0.0559334,-0.0746562
-0.10099,-0.0124484
-0.112768,0.0694321
-0.159049,-0.0512905
-0.151567,0.0485929
-0.141204,0.0278699
-0.058104,9.1402e-05
0.0304929,1.94399e-05
0.0482853,0.0291677
-0.00585959,0.0304359
-0.00585959,0.0304359
-0.00585959,0.0304359
0.0145619,0.094707
-0.00699872,0.163688
-0.00551336,0.137944
0.0304155,0.188626
0.0304155,0.188626
0.0791164,0.163744
0.0457914,0.130875
0.0457914,0.130875
0.157903,0.144341
0.157903,0.144341
0.157903,0.144341
0.176665,0.190364
0.176665,0.190364
0.176665,0.190364
0.127741,0.210888
0.0560302,0.177924
0.0437459,0.165898
0.104635,0.113396
0.0905914,0.125254
0.0761986,0.0866436
0.0453358,0.048055
0.134816,0.116219
0.0790245,0.140936
0.102486,0.11588
0.102486,0.11588
-0.0198058,0.0835789
-0.0198058,0.0835789
0.0297251,0.0838496
0.0116395,0.0921648
-0.0383109,0.122483
-0.0851015,0.120475
-0.0444931,0.147529
-0.00563475,0.0847929
-0.0137061,0.09117
0.026702,0.0425285
-0.00762882,0.0746486
-0.0815455,0.0393745
0.0669055,0.0336266
0.101102,0.021296
0.0557855,0.0603109
0.0557855,0.0603109
0.0182514,0.0658051
0.080422,0.0710289
0.080422,0.0710289
0.080422,0.0710289
0.0530734,0.0433902
0.0530734,0.0433902
0.035317,0.051929
0.0179511,-0.0178896
0.0179511,-0.0178896
0.0179511,-0.0178896
-0.0100533,0.0585466
0.0215141,0.0526278
-0.00506122,0.0375537
0.0100906,0.0151743
0.0456566,-0.0156692
0.0456566,-0.0156692
0.0698069,0.0260509
0.0786974,-0.0136049
0.14829,0.0250565
0.14829,0.0250565
0.14829,0.0250565
0.068128,0.0391818
-0.0209561,0.0110269
0.0264353,-0.0151621
0.0895745,0.0715873
0.100283,0.0852835
0.0534404,0.0425739
-0.00794715,0.0387851
-0.00794715,0.0387851
0.0521326,0.00164602
0.0872485,0.0184966
0.100085,0.0119688
0.114305,-0.0264924
0.158569,-0.00779096
0.123809,0.0265656
0.123809,0.0265656
0.131516,-0.0194384
0.133779,-0.0462129
0.133779,-0.0462129
0.143201,0.00516422
0.143201,0.00516422
0.0881914,-0.0209312
0.0881914,-0.0209312
0.0882562,-0.0350432
0.119117,-0.00789944
0.142857,-0.0335034
0.098172,-0.0207075
0.106582,0.0209196
0.158925,0.0155287
0.16618,0.0456465
0.187172,0.0503972
0.216298,0.0479046
0.206165,0.102297
0.188301,0.0932899
0.188301,0.0932899
0.188301,0.0932899
0.230614,0.0869429
0.230614,0.0869429
0.175234,0.131958
0.182743,0.00810724
0.182743,0.00810724
0.192309,0.0247376
0.155721,0.0276832
0.139945,-0.0304083
0.0611334,-0.00144995
0.0696974,0.0291635
0.0975458,0.0344576
0.0975458,0.0344576
0.0789067,0.00990695
0.118661,0.00182456
0.105172,0.142641
0.105172,0.142641
0.108763,0.153888
0.0613374,0.169471
0.0613374,0.169471
0.0900291,0.213834
0.0886258,0.166281
0.0919584,0.202085
0.020959,0.157392
0.020959,0.157392
0.010803,0.112905
0.0570299,0.0807191
0.0796415,0.0821169
0.0977028,0.0360253
0.0915091,0.0678269
0.0287995,0.0542729
0.0287995,0.0542729
0.0287995,0.0542729
0.0287995,0.0542729
0.0111234,0.00504203
-0.0230202,-0.0151114
0.0071261,-0.0099453
0.0703601,-0.0930057
0.0975761,-0.123194
0.119944,-0.0778792
0.119944,-0.0778792
0.11103,-0.145564
0.11103,-0.145564
0.0814209,-0.090121
0.00252999,-0.0724849
0.00252999,-0.0724849
-0.00480159,-0.171879
-0.00480159,-0.171879
-0.00480159,-0.171879
0.0712933,-0.189977
0.0993755,-0.189799
0.0993755,-0.189799
0.112202,-0.159883
-0.00291152,-0.146512
0.0237557,-0.0744929
0.0377663,-0.133749
-0.0168503,-0.0745141
-0.0168503,-0.0745141
-0.0727277,-0.0305822
-0.0963465,-0.0515974
-0.0963465,-0.0515974
-0.12664,-0.114156
-0.131005,-0.0338318
-0.150421,0.00765884
-0.148759,-0.0529581
-0.148759,-0.0529581
-0.117636,-0.0687169
-0.117636,-0.0687169
-0.121897,-0.0794036
-0.0817296,-0.0279954
0.00773188,-0.00658844
0.0202433,0.0357076
0.0413549,0.0341075
0.00588395,-0.0410604
0.0573675,-0.0137651
-0.0219176,-0.00497151
-0.0219176,-0.00497151
-0.0146896,-0.01567
-0.0146896,-0.01567
-0.0146896,-0.01567
0.0747261,0.0272666
0.116433,0.0413909
0.0309148,0.020604
-0.050238,-0.0106879
-0.0204726,-0.0180624
-0.0572375,-0.0841861
-0.0421951,-0.0732805
0.00626004,-0.0837192
0.0604941,-0.122524
-0.0112567,-0.0962849
-0.0374101,-0.195784
-0.0354566,-0.195259
-0.0767019,-0.0927836
-0.0351749,-0.0922409
0.00211463,-0.0826338
0.00211463,-0.0826338
0.0140109,-0.0613529
0.0300692,0.00238828
-0.0826156,0.0110568
-0.0494134,-0.032043
-0.0400739,-0.00295385
-0.0558804,0.0331241
-0.0722276,0.0428869
-0.0492511,0.074728
-0.0678852,0.0680145
-0.0678852,0.0680145
-0.0414181,0.0234876
-0.0423449,0.0228324
-0.0433611,0.00192689
-0.0506045,0.0363656
-0.0633082,0.0963496
-0.0297925,0.0759985
-0.00272106,0.0856816
0.0469924,0.0219224
-0.00219347,0.00133836
0.02443,0.0284429
-0.00512835,0.062873
-0.0102602,0.109482
-0.056299,0.106231
-0.0134755,0.11707
-0.0432104,0.0105525
-0.0200126,-0.037765
0.0843562,-0.0944699
0.00593611,-0.034386
-0.021155,-0.0086457
-0.00901094,-0.0237105
-0.00615975,-0.0511804
0.0506431,-0.0451505
-0.0084219,-0.163403
-0.0084219,-0.163403
0.0225025,-0.125055
0.0240069,-0.100339
0.0381326,-0.158889
0.0402036,-0.16658
0.0402036,-0.16658
0.0408936,-0.196054
0.0408936,-0.196054
0.0602598,-0.195441
0.0708934,-0.238173
0.120534,-0.182849
0.130197,-0.232437
0.10959,-0.210315
0.0845766,-0.263875
-0.0280931,-0.245608
0.0214137,-0.212743
0.055424,-0.231996
0.06573,-0.209127
0.0373677,-0.275051
0.0373677,-0.275051
0.0262834,-0.274204
0.0951012,-0.177271
0.0951012,-0.177271
0.0951012,-0.177271
0.0724686,-0.139983
0.0724686,-0.139983
0.100392,-0.184603
0.157895,-0.140237
0.19435,-0.138035
0.177999,-0.128796
0.177999,-0.128796
0.184947,-0.162977
0.159311,-0.205203
0.165845,-0.166656
0.223276,-0.133708
0.223276,-0.133708
0.23432,-0.214746
0.127435,-0.203314
0.0892164,-0.263631
-0.00675559,-0.224494
0.000490624,-0.201314
0.0171731,-0.228931
0.0592949,-0.133631
0.0592949,-0.133631
0.0592949,-0.133631
0.00160124,-0.11609
0.0213767,-0.146393
0.0233187,-0.140332
0.0223886,-0.12671
-0.0145771,-0.106863
-0.0145771,-0.106863
-0.0427556,-0.0737239
-0.0427556,-0.0737239
-0.0051846,-0.112088
-0.0051846,-0.112088
-0.0051846,-0.112088
-0.0419516,-0.202316
0.0240108,-0.225016
-0.0292886,-0.226422
-0.0499173,-0.157553
-0.120144,-0.144205
-0.0247067,-0.0966686
-0.0112807,-0.126631
-0.0112807,-0.126631
-0.0339291,-0.11416
0.0848213,-0.0825025
0.0194284,-0.180797
0.0750367,-0.0727894
0.0750367,-0.0727894
0.0187942,-0.0639834
-0.0241053,-0.0773934
-0.0135009,-0.0824398
0.0502859,-0.0718869
0.0502859,-0.0718869
0.0261936,-0.0691087
0.0148249,-0.0865414
0.0148249,-0.0865414
-0.0495989,-0.190081
-0.0495989,-0.190081
-0.00626004,-0.143412
-0.00626004,-0.143412
0.00527422,-0.125262
-0.0426832,-0.124898
-0.0510196,-0.146924
-0.0741691,-0.195441
-0.107896,-0.159096
-0.206522,-0.100068
-0.129656,-0.030476
-0.100818,-0.0583855
-0.0990016,0.0288345
-0.0366535,0.037988
-0.0876155,0.0565025
-0.0240359,0.0353323
-0.0693778,0.0587671
-0.126964,0.0881398
-0.0816116,0.0681021
-0.136705,0.096005
-0.128873,0.0893961
-0.218715,-0.0220471
-0.133467,0.0871742
-0.133467,0.0871742
-0.189667,0.0266249
-0.10939,-0.00865196
-0.113651,-0.0452888
-0.145242,-0.0231271
-0.123729,0.0972428
-0.0699908,0.0943463
-0.00402903,0.0600576
-0.0527909,0.175875
0.00541794,0.112257
-0.0305906,0.186271
-0.0778804,0.14449
-0.12958,0.0785109
-0.107835,0.284457
-0.193672,0.301044
-0.193672,0.301044
-0.147673,0.31591
-0.245317,0.273298
-0.277257,0.357824
-0.23553,0.236152
-0.128449,0.153076
-0.103138,0.100258
-0.103138,0.100258
-0.185546,0.0397018
-0.175064,0.054547
-0.204254,0.0992144
-0.204254,0.0992144
-0.204254,0.0992144
-0.150671,0.105903
-0.150671,0.105903
-0.136907,0.102249
-0.136907,0.102249
-0.0742976,0.0611639
-0.0742976,0.0611639
-0.13729,0.0024623
-0.0200076,0.0416289
0.0129764,0.0650721
0.0743546,0.0435707
0.0743546,0.0435707
0.0743546,0.0435707
0.0753009,0.0467274
0.13166,0.0306276
0.143198,0.0573834
0.0417879,0.0231275
0.00884062,0.085552
-0.0188291,0.105017
-0.0128103,0.0115154
0.0694717,-0.037384
0.0231671,-0.0337877
0.0231671,-0.0337877
-0.00886728,0.0491033
-0.0252269,-0.0247832
-0.00263606,-0.0170327
-0.00823441,-0.112963
-0.037413,-0.132511
-0.037413,-0.132511
-0.037413,-0.132511
-0.0450326,-0.142442
-0.0248799,-0.0406227
-0.111692,-0.0875114
-0.111692,-0.0875114
-0.0374095,-0.0897169
-0.037464,-0.0592968
-0.0874527,-0.112089
-0.0387209,-0.084074
-0.0359761,-0.116973
0.00629445,-0.178008
-0.0143509,-0.178224
-0.0143509,-0.178224
-0.14366,-0.234796
-0.14366,-0.234796
-0.14366,-0.234796
-0.120512,-0.17831
-0.208148,-0.146111
-0.196587,-0.162756
-0.165717,-0.207769
-0.128079,-0.242462
-0.0884407,-0.282212
-0.0313391,-0.308626
-0.0709974,-0.343659
-0.0994338,-0.348514
-0.0605554,-0.315437
-0.0390559,-0.231618
0.0288766,-0.251304
-0.0571352,-0.281598
-0.0322399,-0.305775
-0.00221047,-0.296176
-0.0221314,-0.247055
0.0375434,-0.196653
0.0250278,-0.27072
0.0431835,-0.18097
0.0372404,-0.188536
0.0372404,-0.188536
0.0372404,-0.188536
0.0464429,-0.261986
0.00555626,-0.29694
0.00555626,-0.29694
-0.00677985,-0.264705
0.0785234,-0.17163
0.0785234,-0.17163
0.0679127,-0.192331
0.057044,-0.176076
0.102349,-0.206113
0.102349,-0.206113
0.0171121,-0.154701
0.0805251,-0.12973
0.0536918,-0.070083
0.0536918,-0.070083
0.0735866,-0.0320435
0.0536421,-0.0445547
0.0536421,-0.0445547
0.0254745,-0.148069
0.0302479,-0.135027
0.0809332,-0.158832
0.105691,-0.111982
0.105691,-0.111982
-0.000919468,-0.0767437
0.0487305,-0.10987
0.070861,-0.13096
0.0949902,-0.101939
0.11091,-0.107367
0.0985863,-0.063788
0.106369,-0.0154357
0.11284,-0.027563
0.0734689,-0.0824366
0.127018,-0.052373
0.127018,-0.052373
0.134917,-0.075998
0.10329,-0.0718956
0.10329,-0.0718956
0.0468945,-0.159266
0.0957914,-0.0459024
0.0254609,-0.0915816
0.0254609,-0.0915816
0.0129695,-0.134169
-0.028784,-0.0821184
-0.0349674,-0.0619336
-0.0945599,-0.105014
-0.0945599,-0.105014
-0.0721861,-0.134244
-0.0721861,-0.134244
-0.0192933,-0.0151249
-0.0192933,-0.0151249
-0.0954226,-0.00715769
0.0524264,0.0264132
0.081377,0.0112155
0.081377,0.0112155
0.109174,-0.0778979
0.118817,0.000874054
0.108436,0.0465453
0.0813617,0.0157144
0.0903758,-0.0551712
0.17618,-0.0876929
0.125574,-0.0171074
0.15038,-0.0548063
0.163519,-0.048446
0.131939,-0.0071477
0.169708,-0.00371404
0.167141,-0.0302159
0.167141,-0.0302159
0.107148,-0.0169249
0.0713031,-0.0371018
0.0713031,-0.0371018
0.0727904,0.0458597
-0.0250891,0.0810817
0.025173,0.0279299
0.0212255,-0.0171645
0.0212255,-0.0171645
0.120343,-0.0476566
0.120343,-0.0476566
0.118728,-0.083626
0.164464,-0.0748875
0.164464,-0.0748875
0.1831,-0.106526
0.156417,-0.116025
0.116048,-0.143896
0.145576,-0.0808424
0.13514,-0.139136
0.0507156,-0.102094
0.115191,-0.113175
0.0903314,-0.148275
0.0903314,-0.148275
0.115622,-0.191238
0.0880756,-0.152686
0.0136554,-0.154589
0.00485736,-0.136898
0.0711943,-0.141391
0.0711943,-0.141391
0.0741964,-0.102793
0.086389,-0.0680214
0.0851384,-0.0229766
0.0188866,-0.0803414
0.0018931,-0.13501
0.00566479,-0.140225
0.00566479,-0.140225
-0.0226151,-0.182234
-0.019237,-0.127781
-0.0410225,-0.121995
-0.0410225,-0.121995
-0.0379726,-0.0856235
0.00955165,-0.107164
0.0226346,-0.0746643
0.0559098,-0.0443622
0.153152,-0.0140471
0.122345,-0.0118537
0.181661,-0.0485543
0.0846236,-0.0107663
0.0846236,-0.0107663
0.0338499,-0.0955109
0.0338499,-0.0955109
0.0540869,0.00369705
0.0460094,-0.0247754
0.0460094,-0.0247754
0.0460094,-0.0247754
0.0460094,-0.0247754
0.0545071,-0.0066258
0.0842097,-0.0225075
0.125506,-0.10171
0.101935,-0.084666
0.0498895,-0.119436
0.173792,-0.142923
0.108496,-0.155616
0.0664949,-0.0365001
0.0928186,-0.0384215
0.0799394,-0.000543851
0.000613611,-0.0846242
0.000613611,-0.0846242
-0.0221066,-0.071032
0.0603482,-0.050345
0.0449982,-0.0866423
0.0465656,-0.14434
-0.021341,-0.117664
-0.0316119,-0.0970422
-0.0316119,-0.0970422
-0.0580085,-0.0837086
-0.0188117,-0.157092
-0.0635149,-0.174586
-0.0740145,-0.180316
-0.0885185,-0.13843
-0.152053,-0.173542
-0.0868935,-0.279809
-0.062433,-0.249392
-0.0288851,-0.207931
-0.00829716,-0.26153
-0.0413251,-0.271203
-0.0124663,-0.2343
-0.0206463,-0.17486
0.0161962,-0.191374
0.0191158,-0.143931
-0.0930716,-0.196362
-0.102344,-0.107118
-0.102344,-0.107118
-0.102344,-0.107118
-0.102344,-0.107118
-0.0735684,-0.147345
-0.0909435,-0.181019
-0.0909435,-0.181019
-0.10856,-0.157982
-0.0486674,-0.123328
-0.0494321,-0.152548
0.0280465,-0.193428
-0.0660401,-0.253085
0.00791497,-0.204377
-0.0450432,-0.239861
-0.0413914,-0.262439
0.0325908,-0.227789
0.0102833,-0.212229
0.00733413,-0.207987
-0.0118546,-0.166018
-0.0118546,-0.166018
-0.0248865,-0.0976751
