MDTU,abs_delta_S
1,0.3196
2,0.2082
3,0.05895
4,0.02489
5,0.01375
6,0.00743
7,0.01403
8,0.0174
9,0.01686
10,0.01172
11,0.004703
12,0.01837
13,0.004228
14,0.03762
15,0.02988
16,0.005592
17,0.006763
18,0.009407
19,0.02376
20,0.008323
21,0.03495
22,0.04398
23,0.05953
24,0.02558
25,0.009443
26,0.05607
27,0.003804
28,0.01331
29,0.01167
30,0.02617
31,0.0787
32,0.1237
33,0.1415
34,0.002527
35,0.1091
36,0.08191
37,0.1786
38,0.1148
39,0.05052
40,0.1009
41,0.8738
42,0.361
43,0.3582
44,0.09871
45,0.2146
46,0.9726
47,0.5074
48,0.7543
49,1.219
50,1.457
51,0.5877
52,0.1434
53,0.8039
54,0.647
55,0.7049
56,0.01278
57,0.2057
58,1.37
59,1.077
60,0.02131
61,0.3115
62,2.433
63,3.766
64,1.878
65,2.334
66,1.703
67,2.773
68,1.032
69,2.002
70,1.687
71,2.574
72,0.428
73,0.7785
74,1.905
75,2.138
76,0.5037
77,1.156
78,0.7585
79,0.2038
80,0.2403
81,1.207
82,0.8205
83,1.495
84,1.59
85,1.188
86,1.029
87,1.881
88,0.3953
89,1.278
90,1.736
91,1.145
92,0.7613
93,0.3113
94,0.8016
95,2.27
96,1.023
97,0.2787
98,0.7386
99,0.8422
100,0.9747
101,0.1009
102,1.579
103,0.4254
104,0.03687
105,0.3407
106,1.213
107,2.76
108,1.292
109,1.081
110,0.9409
111,0.8333
112,0.8535
113,0.5333
114,0.1239
115,0.03171
116,0.616
117,1.088
118,0.5365
119,0.3705
120,0.1866
121,0.0486
122,1.405
123,0.3493
124,1.027
125,0.8278
126,1.476
127,0.2658
128,1.034
129,1.445
130,0.08153
131,0.5804
132,0.3092
133,0.3094
134,0.8548
135,0.9305
136,0.03505
137,0.1622
138,0.5085
139,0.7498
140,2.13
141,1.661
142,0.2194
143,0.514
144,1.69
145,0.2343
146,0.3822
147,1.126
148,0.3978
149,1.585
150,0.7141
151,0.3902
152,0.5398
153,1.845
154,1.081
155,0.07579
156,0.7675
157,0.599
158,0.2657
159,0.04062
160,0.122
161,0.5474
162,0.9108
163,1.818
164,0.111
165,1.35
166,1.793
167,0.6282
168,1.528
169,1.151
170,0.6056
171,0.4853
172,0.9848
173,0.6419
174,0.5011
175,0.01981
176,0.3333
177,0.09439
178,0.9857
179,0.6736
180,0.9542
181,0.1302
182,1.48
183,0.7827
184,1.134
185,0.001979
186,0.2869
187,0.1524
188,0.7683
189,1.131
190,2.04
191,0.5667
192,1.536
193,0.8696
194,0.3784
195,1.339
196,1.312
197,1.592
198,0.8998
199,2.108
200,1.016
201,0.4957
202,0.9928
203,1.248
204,1.287
205,0.02961
206,0.1652
207,0.989
208,0.8734
209,0.03709
210,1.01
211,1.213
212,0.5529
213,0.6689
214,1.712
215,0.544
216,0.1424
217,1.102
218,1.384
219,0.3101
220,0.0127
221,0.8404
222,2.464
223,1.073
224,0.8549
225,0.3352
226,1.187
227,0.4965
228,0.2895
229,0.06696
230,0.3062
231,0.5408
232,0.5757
233,1.085
234,0.02172
235,0.5208
236,0.7167
237,0.9689
238,2.274
239,2.157
240,0.01097
241,1.281
242,2.019
243,2.413
244,0.7678
245,0.3583
246,0.9147
247,0.5925
248,0.2193
249,2.239
250,0.504
251,0.1237
252,0.054
253,1.073
254,1.061
255,1.919
256,0.779
257,1.319
258,1.013
259,0.2477
260,0.4565
261,0.2703
262,0.1032
263,0.2348
264,0.5481
265,1.278
266,0.5662
267,1.604
268,0.2087
269,0.8795
270,0.7833
271,1.027
272,0.1614
273,0.6131
274,0.998
275,0.4246
276,0.06736
277,0.6656
278,0.4576
279,0.2916
280,0.07079
281,0.5453
282,0.8575
283,0.03418
284,1.407
285,0.1055
286,0.0391
287,1.206
288,1.805
289,0.9854
290,0.01719
291,0.5903
292,0.7167
293,0.293
294,0.4896
295,0.9264
296,1.034
297,0.7089
298,1.009
299,0.05018
300,0.08124
301,1.195
302,2.409
303,4.018
304,1.58
305,0.8637
306,0.09534
307,0.6096
308,0.3625
309,0.1062
310,0.5261
311,1.26
312,1.121
313,0.5517
314,0.1317
315,1.116
316,0.483
317,0.5085
318,0.691
319,0.4849
320,0.2593
321,0.9693
322,1.419
323,1.217
324,0.3787
325,0.2373
326,0.1682
327,0.3783
328,1.468
329,1.474
330,0.7557
331,0.6846
332,1.378
333,0.7259
334,1.337
335,2.43
336,1.235
337,1.112
338,1.455
339,1.222
340,1.24
341,0.5306
342,0.6524
343,0.4429
344,0.8565
345,1.581
346,2.03
347,0.02593
348,1.166
349,1.227
350,0.7572
351,0.7453
352,0.4583
353,0.6956
354,0.477
355,0.6875
356,0.8758
357,0.5752
358,0.6952
359,0.6758
360,0.9214
361,0.7494
362,1.511
363,0.394
364,0.3409
365,0.7899
366,1.185
367,0.7898
368,2.094
369,0.6572
370,0.2171
371,0.3704
372,0.06798
373,1.238
374,1.207
375,0.01758
376,1.274
377,0.8279
378,0.2175
379,0.09133
380,0.125
381,0.6063
382,0.4621
383,0.5987
384,1.235
385,2.309
386,0.9425
387,1.757
388,1.318
389,1.212
390,0.3703
391,1.227
392,0.9323
393,0.5328
394,0.7255
395,0.8385
396,0.3005
397,0.2427
398,0.8288
399,1.34
400,0.02881
401,0.7008
402,0.5787
403,0.1064
404,0.7952
405,0.5703
406,1.597
407,1.27
408,1.742
409,0.6514
410,2.269
411,1.447
412,1.467
413,0.7386
414,0.1616
415,0.2412
416,0.6602
417,0.399
418,0.1242
419,0.2794
420,0.07397
421,0.5709
422,0.2719
423,1.367
424,0.9374
425,1.908
426,1.886
427,1.937
428,0.3035
429,2.106
430,0.2221
431,0.5932
432,1.087
433,1.597
434,0.7956
435,0.2368
436,0.5487
437,1.337
438,0.08612
439,0.4728
440,0.1562
441,0.5984
442,3.525
443,0.6043
444,0.1057
445,1.438
446,2.725
447,0.2666
448,0.5809
449,0.5936
450,0.1824
451,0.4624
452,0.3597
453,0.3561
454,0.3779
455,0.7251
456,1.413
457,0.6277
458,0.4346
459,0.6381
460,0.08933
461,0.7849
462,0.5077
463,0.7323
464,0.6918
465,2.437
466,0.3324
467,0.3052
468,1.622
469,0.241
470,1.191
471,0.1121
472,0.6402
473,1.423
474,1.508
475,1.222
476,0.9993
477,0.1906
478,0.2383
479,1.959
480,1.342
481,0.519
482,0.7347
483,0.9441
484,0.8042
485,0.4908
486,2.107
487,0.5694
488,0.7209
489,2.679
490,1.816
491,1.42
492,0.8683
493,1.119
494,0.5275
495,0.1526
496,0.3893
497,0.2914
498,0.7933
499,1.637
500,1.197
501,2.159
502,1.073
503,1.197
504,1.249
505,1.8
506,1.657
507,1.509
508,0.2613
509,0.3047
510,3.145
511,0.9265
512,0.9637
513,1.182
514,2.045
515,0.765
516,1.866
517,1.39
518,0.444
519,0.2161
520,0.158
521,0.2409
522,0.6919
523,0.4098
524,0.6743
525,0.905
526,0.3263
527,2.371
528,1.535
529,1.712
530,0.6703
531,0.24
532,0.1908
533,0.1257
534,0.2926
535,1.423
536,0.4711
537,0.9677
538,0.4918
539,1.902
540,0.6997
541,0.3541
542,0.3809
543,0.1537
544,0.2703
545,0.9569
546,0.8151
547,0.6872
548,0.01112
549,2.315
550,2.139
551,2.301
552,1.567
553,1.755
554,1.607
555,2.547
556,1.958
557,0.9305
558,0.161
559,0.2726
560,0.494
561,0.07056
562,0.4223
563,0.01967
564,0.02142
565,0.01373
566,0.3588
567,1.606
568,0.5117
569,0.1635
570,0.8512
571,0.3975
572,0.02216
573,0.9871
574,1.177
575,0.7854
576,0.009558
577,0.7734
578,0.3006
579,1.98
580,0.2319
581,1.401
582,0.8716
583,1.163
584,0.198
585,0.3274
586,0.3392
587,1.268
588,0.6437
589,0.5613
590,1.63
591,0.3136
592,0.601
593,0.8441
594,0.8025
595,0.7667
596,1.451
597,1.762
598,1.028
599,1.139
600,0.5492
601,0.4467
602,0.9328
603,0.7454
604,0.4688
605,1.361
606,0.9243
607,0.03625
608,1.552
609,0.8535
610,1.936
611,0.0619
612,0.7079
613,0.06292
614,0.3508
615,0.7063
616,0.6427
617,0.2847
618,0.5843
619,1.213
620,0.2164
621,0.2421
622,0.223
623,1.343
624,0.9416
625,0.02583
626,0.107
627,2.482
628,0.9491
629,0.4848
630,1.348
631,1.404
632,0.5077
633,0.5202
634,1.757
635,0.6357
636,0.2359
637,0.4829
638,1.153
639,1.549
640,0.2763
641,1.562
642,1.575
643,1.585
644,0.1306
645,0.2724
646,2.58
647,1.223
648,0.687
649,0.2252
650,0.4583
651,1.717
652,0.6838
653,1.647
654,0.5167
655,1.116
656,1.269
657,1.747
658,2.077
659,0.7221
660,1.488
661,2.194
662,2.8
663,2.17
664,0.7433
665,0.1174
666,0.2552
667,0.2604
668,0.492
669,0.8503
670,1.711
671,1.264
672,0.6953
673,0.4566
674,0.3897
675,0.5144
676,0.8322
677,1.607
678,0.09158
679,0.6739
680,0.168
681,0.365
682,1.506
683,0.8586
684,0.8277
685,0.687
686,0.1368
687,1.137
688,0.1313
689,1.477
690,0.1279
691,0.3697
692,0.1561
693,0.2249
694,0.441
695,0.8912
696,0.4985
697,0.3476
698,1.435
699,0.986
700,1.288
701,1.995
702,1.616
703,1.72
704,0.924
705,1.437
706,2.088
707,1.936
708,2.457
709,2.556
710,2.054
711,1.935
712,1.337
713,1.05
714,2.126
715,0.7424
716,1.385
717,0.692
718,0.4574
719,0.5943
720,0.04315
721,2.24
722,1.711
723,1.343
724,0.9982
725,0.06076
726,0.9291
727,0.005243
728,0.8661
729,0.06323
730,0.3066
731,1.906
732,2.458
733,0.4178
734,1.663
735,2.766
736,2.328
737,1.557
738,0.3351
739,0.07094
740,0.1873
741,0.5385
742,0.05144
743,0.6484
744,0.2892
745,0.664
746,0.6196
747,0.4444
748,1.104
749,0.8017
750,0.8984
751,0.6028
752,0.7663
753,0.2255
754,0.8288
755,1.369
756,1.108
757,1.951
758,1.932
759,1.482
760,2.09
761,1.07
762,3.019
763,1.956
764,1.815
765,1.346
766,0.046
767,0.3594
768,0.3475
769,0.689
770,0.5746
771,1.35
772,0.03207
773,0.8767
774,0.01721
775,1.208
776,0.009227
777,1.522
778,0.06081
779,1.694
780,0.1999
781,1.379
782,0.0116
783,0.2729
784,0.9314
785,1.612
786,3.698
787,1.744
788,2.637
789,2.533
790,2.261
791,1.706
792,3.39
793,0.4991
794,2.351
795,3.125
796,3.177
797,2.427
798,0.6562
799,0.283
800,0.578
801,0.06937
802,1.239
803,0.4573
804,0.5539
805,1.092
806,1.849
807,1.447
808,0.3088
809,0.3991
810,1.968
811,1.227
812,1.516
813,1.268
814,0.6192
815,0.5284
816,0.7117
817,1.162
818,0.9779
819,1.066
820,0.1426
821,0.1785
822,0.9346
823,0.1878
824,1.05
825,0.5785
826,2.544
827,1.573
828,0.2773
829,0.2391
830,1.476
831,0.25
832,0.6026
833,0.4579
834,0.07128
835,0.6076
836,1.914
837,0.6424
838,0.2048
839,1.013
840,1.089
841,0.246
842,1.869
843,1.06
844,1.596
845,1.349
846,2.006
847,0.5024
848,0.07491
849,0.02202
850,0.471
851,0.02806
852,0.5782
853,1.813
854,0.1342
855,0.2564
856,0.08058
857,2.035
858,0.4626
859,0.7519
860,0.7693
861,0.7085
862,0.6597
863,0.5702
864,0.5348
865,0.1445
866,0.7632
867,0.2553
868,0.7502
869,0.241
870,0.3489
871,0.6855
872,0.5194
873,0.2543
874,0.1437
875,0.0513
876,0.3699
877,0.06245
878,0.689
879,0.03691
880,0.9209
881,0.01362
882,1.529
883,2.25
884,1.573
885,1.812
886,0.678
887,0.1062
888,0.4391
889,1.203
890,0.5093
891,0.3853
892,0.1388
893,0.3691
894,1.097
895,1.015
896,0.5699
897,1.494
898,0.8165
899,0.5474
900,0.8272
901,0.002511
902,1.62
903,0.7406
904,1.556
905,1.204
906,0.3823
907,0.8827
908,0.3761
909,1.387
910,1.811
911,1.796
912,0.49
913,0.3283
914,1.392
915,1.093
916,0.5541
917,0.01767
918,0.114
919,1.095
920,0.556
921,1.082
922,0.02162
923,0.5543
924,0.5505
925,1.567
926,0.3167
927,1.043
928,0.2576
929,0.935
930,0.004967
931,0.2503
932,1.82
933,1.652
934,0.6211
935,0.3259
936,0.3513
937,0.1111
938,0.9325
939,0.7178
940,0.8981
941,0.9958
942,0.9543
943,0.3606
944,2.071
945,0.3914
946,1.006
947,0.4909
948,1.261
949,1.65
950,0.6608
951,0.8681
952,0.8924
953,0.8391
954,0.5189
955,0.8783
956,0.01034
957,0.3245
958,0.3577
959,0.4311
960,0.896
961,0.3309
962,0.239
963,0.2617
964,0.4502
965,0.05122
966,0.5815
967,1.456
968,2.055
969,1.51
970,0.4337
971,0.5556
972,0.1186
973,0.1801
974,2.468
975,0.5562
976,0.2824
977,0.4247
978,1.111
979,0.6497
980,0.0175
981,0.7635
982,0.3857
983,0.1889
984,0.5739
985,0.08023
986,0.2552
987,0.3779
988,1.293
989,1.145
990,0.8976
991,0.8764
992,0.9421
993,1.391
994,1.514
995,0.1553
996,0.1567
997,0.5463
998,0.5892
999,1.002
1000,1.463
1001,0.04116
1002,0.5712
1003,0.4734
1004,2.262
1005,1.296
1006,1.946
1007,1.523
1008,0.3511
1009,0.01058
1010,1.151
1011,1.035
1012,1.206
1013,0.02085
1014,0.3547
1015,0.2674
1016,0.2576
1017,0.8931
1018,0.9114
1019,0.6518
1020,0.02044
1021,1.734
1022,0.1099
1023,0.8888
1024,0.519
1025,2.233
1026,0.7286
1027,1.67
1028,1.607
1029,0.4092
1030,0.8913
1031,0.5542
1032,0.4661
1033,0.4234
1034,1.778
1035,0.1678
1036,0.4817
1037,0.1396
1038,0.8489
1039,0.4994
1040,0.6062
1041,1.882
1042,0.3683
1043,0.4808
1044,0.5
1045,0.4363
1046,0.4346
1047,0.3037
1048,1.354
1049,2.18
1050,1.427
1051,0.1413
1052,0.5639
1053,0.1702
1054,0.5872
1055,0.06749
1056,0.0655
1057,1.212
1058,0.0449
1059,0.5339
1060,0.9217
1061,1.065
1062,1.463
1063,1.456
1064,1.276
1065,0.317
1066,0.2909
1067,0.001083
1068,0.1137
1069,1.279
1070,2.274
1071,0.1112
1072,0.1808
1073,1.056
1074,0.2886
1075,0.8366
1076,2.878
1077,1.974
1078,2.459
1079,0.8931
1080,0.6425
1081,1.082
1082,1.393
1083,0.4187
1084,0.2881
1085,1.573
1086,0.1367
1087,0.04392
1088,0.705
1089,0.7683
1090,0.2442
1091,0.4755
1092,0.04042
1093,0.2398
1094,0.8632
1095,0.3145
1096,0.8053
1097,1.154
1098,2.144
1099,0.05065
1100,1.099
1101,0.8009
1102,0.7749
1103,0.9363
1104,0.2305
1105,0.6218
1106,1.304
1107,1.222
1108,0.2781
1109,0.8956
1110,0.6585
1111,1.955
1112,0.6392
1113,0.4826
1114,1.504
1115,0.7091
1116,0.4377
1117,1.689
1118,1.219
1119,1.877
1120,2.721
1121,0.9585
1122,0.6795
1123,0.04659
1124,0.5804
1125,1.057
1126,0.5795
1127,0.4422
1128,0.8282
1129,0.8053
1130,0.5893
1131,1.872
1132,0.9184
1133,0.6273
1134,0.3362
1135,0.6705
1136,0.1138
1137,0.7979
1138,0.7627
1139,0.6679
1140,0.4865
1141,1.357
1142,1.149
1143,0.5868
1144,1.009
1145,0.5509
1146,0.2684
1147,0.07315
1148,0.9063
1149,0.9465
1150,2.22
1151,1.753
1152,1.663
1153,1.191
1154,1.261
1155,0.4298
1156,1.375
1157,0.06913
1158,0.7541
1159,0.3572
1160,0.4189
1161,0.01661
1162,2.263
1163,0.3517
1164,0.6857
1165,0.7973
1166,0.8401
1167,1.411
1168,1.907
1169,1.841
1170,0.9171
1171,0.6969
1172,0.2787
1173,0.744
1174,0.7933
1175,0.804
1176,1.02
1177,0.4286
1178,0.5656
1179,1.461
1180,1.655
1181,1.068
1182,0.5715
1183,1.987
1184,0.8675
1185,0.7107
1186,0.5642
1187,0.471
1188,0.7318
1189,0.3987
1190,0.4809
1191,0.6363
1192,0.7976
1193,0.6488
1194,1.246
1195,0.6682
1196,1.588
1197,2
1198,2.165
1199,2.428
1200,0.8012
1201,2.317
1202,1.729
1203,0.9755
1204,0.8078
1205,0.5623
1206,0.2321
1207,1.68
1208,1.927
1209,1.127
1210,1.845
1211,1.743
1212,2.112
1213,0.3392
1214,0.6944
1215,2.063
1216,0.4121
1217,2.143
1218,1.564
1219,1.085
1220,2.189
1221,1.3
1222,1.602
1223,2.553
1224,1.348
1225,1.502
1226,0.3883
1227,0.4499
1228,0.0303
1229,1.072
1230,0.1583
1231,1.557
1232,0.9245
1233,0.2874
1234,1.382
1235,0.1843
1236,0.1834
1237,0.04412
1238,0.1566
1239,1.098
1240,2.106
1241,1.222
1242,0.804
1243,1.243
1244,0.6921
1245,0.6462
1246,0.407
1247,0.8164
1248,1.217
1249,0.3507
1250,0.5336
1251,1.333
1252,0.6385
1253,0.01741
1254,0.5913
1255,0.2669
1256,0.3319
1257,0.8084
1258,0.6763
1259,1.002
1260,0.9195
1261,1.255
1262,1.916
1263,1.21
1264,0.5222
1265,0.017
1266,0.6632
1267,0.734
1268,0.9727
1269,0.7414
1270,0.5082
1271,0.2026
1272,0.8629
1273,0.3823
1274,0.3333
1275,1.093
1276,0.1941
1277,0.9557
1278,0.1065
1279,1.729
1280,0.7099
1281,1.539
1282,0.5056
1283,1.971
1284,0.3335
1285,0.4527
1286,0.8509
1287,0.7424
1288,0.5852
1289,0.02317
1290,0.6447
1291,0.623
1292,0.7299
1293,1.046
1294,0.04827
1295,1.616
1296,0.8226
1297,0.4068
1298,0.8899
1299,0.7935
1300,0.747
1301,0.3439
1302,0.2221
1303,0.6192
1304,0.8016
1305,1.287
1306,0.3658
1307,0.1163
1308,0.2645
1309,0.3431
1310,1.968
1311,0.8956
1312,1.634
1313,1.912
1314,0.1105
1315,3.039
1316,1.631
1317,2.144
1318,2.033
1319,1.77
1320,2.337
1321,0.1944
1322,0.008077
1323,2.034
1324,1.113
1325,3.154
1326,0.4012
1327,1.003
1328,0.1881
1329,0.0841
1330,1.75
1331,0.7213
1332,0.09042
1333,0.6712
1334,0.7468
1335,0.2117
1336,1.37
1337,0.2966
1338,0.7788
1339,0.1795
1340,0.5518
1341,0.7249
1342,1.188
1343,0.2154
1344,0.3652
1345,0.358
1346,0.1486
1347,0.1544
1348,0.03528
1349,1.181
1350,0.8923
1351,0.261
1352,0.7777
1353,1.021
1354,0.05995
1355,0.09363
1356,0.877
1357,0.9784
1358,1.516
1359,1.143
1360,0.3889
1361,0.2513
1362,0.8834
1363,1.404
1364,0.7737
1365,0.6492
1366,2.401
1367,0.8551
1368,0.7999
1369,0.7397
1370,1.486
1371,0.7797
1372,0.1123
1373,0.3703
1374,0.8675
1375,0.603
1376,0.3794
1377,0.1306
1378,1.203
1379,0.1084
1380,0.4296
1381,0.08529
1382,0.5901
1383,0.1593
1384,1.249
1385,0.7883
1386,0.1684
1387,0.1467
1388,0.1887
1389,1.302
1390,1.99
1391,0.763
1392,1.323
1393,0.45
1394,2.08
1395,0.1861
1396,0.242
1397,0.861
1398,1.853
1399,0.6991
1400,1.265
1401,0.8125
1402,0.6374
1403,1.919
1404,0.1742
1405,0.443
1406,0.9413
1407,1.832
1408,0.1161
1409,0.03764
1410,0.9819
1411,0.7135
1412,0.5452
1413,0.1914
1414,0.2085
1415,0.1088
1416,2.502
1417,1.062
1418,0.9795
1419,0.87
1420,0.7952
1421,0.2366
1422,1.448
1423,1.148
1424,1.481
1425,0.2999
1426,0.5418
1427,1.566
1428,0.7259
1429,0.9338
1430,0.03148
1431,0.909
1432,0.8437
1433,0.1157
1434,0.304
1435,0.677
1436,1.01
1437,0.5027
1438,2.505
1439,1.389
1440,1.169
1441,1.368
1442,1.228
1443,0.1949
1444,1.07
1445,0.2113
1446,0.4982
1447,1.11
1448,0.568
1449,0.5602
1450,0.02651
1451,0.3369
1452,1.513
1453,1.31
1454,0.828
1455,0.8572
1456,0.3127
1457,0.2978
1458,0.2342
1459,1.455
1460,0.2923
1461,0.3608
1462,2.187
1463,0.4097
1464,1.881
1465,1.443
1466,0.802
1467,0.4507
1468,0.2308
1469,0.01046
1470,0.8526
1471,1.076
1472,0.9638
1473,0.9233
1474,1.199
1475,0.5137
1476,0.8074
1477,1.019
1478,0.4463
1479,0.6007
1480,0.437
1481,0.07601
1482,2.078
1483,1.449
1484,0.4487
1485,1.23
1486,0.4348
1487,0.9792
1488,0.616
1489,0.5242
1490,0.297
1491,0.4799
1492,0.5645
1493,0.7265
1494,2.526
1495,1.295
1496,0.4674
1497,0.9737
1498,0.1904
1499,0.7434
1500,0.8714
1501,1.282
1502,0.01845
1503,2.346
1504,0.2236
1505,0.1599
1506,0.1746
1507,0.3833
1508,0.3014
1509,0.2164
1510,0.2756
1511,0.9777
1512,0.7322
1513,0.573
1514,0.9233
1515,0.2041
1516,0.4568
1517,1.399
1518,0.04993
1519,0.4398
1520,2.109
1521,0.7369
1522,0.1122
1523,0.5034
1524,0.4254
1525,1.037
1526,1.018
1527,1.896
1528,1.323
1529,1.473
1530,1.865
1531,0.7628
1532,0.1058
1533,1.36
1534,0.2329
1535,1.009
1536,1.379
1537,0.544
1538,1.186
1539,0.405
1540,0.418
1541,0.3409
1542,0.1829
1543,0.5557
1544,0.4469
1545,1.091
1546,0.6038
1547,0.3254
1548,2.132
1549,1.314
1550,0.382
1551,0.7319
1552,1.394
1553,0.8929
1554,0.05969
1555,0.01367
1556,0.7373
1557,0.4626
1558,0.1137
1559,0.5406
1560,1.366
1561,1.237
1562,0.1944
1563,1.069
1564,1.519
1565,1.64
1566,0.2777
1567,0.6161
1568,0.3842
1569,1.174
1570,2.092
1571,0.1214
1572,1.527
1573,0.2894
1574,0.3513
1575,0.7376
1576,1.427
1577,1.787
1578,2.34
1579,0.9794
1580,2.231
1581,1.25
1582,1.269
1583,1.024
1584,0.8374
1585,0.908
1586,0.7053
1587,0.5373
1588,0.2279
1589,2.267
1590,0.7271
1591,1.118
1592,1.11
1593,1.253
1594,0.9343
1595,0.6009
1596,2.054
1597,0.9152
1598,1.16
1599,0.6852
1600,1.114
1601,0.9469
1602,0.1864
1603,0.7805
1604,0.7796
1605,0.6131
1606,1.24
1607,0.1424
1608,0.2057
1609,0.8652
1610,1.52
1611,0.8744
1612,0.3503
1613,1.178
1614,0.5975
1615,0.2226
1616,0.3439
1617,1.621
1618,1.057
1619,0.1897
1620,1.187
1621,0.09941
1622,0.2419
1623,0.5168
1624,0.7874
1625,1.334
1626,1.34
1627,0.1239
1628,0.1077
1629,0.3555
1630,1.323
1631,1.186
1632,1.211
1633,0.2343
1634,1.19
1635,0.617
1636,1.364
1637,0.8792
1638,0.9883
1639,0.3429
1640,0.199
1641,0.7683
1642,2.066
1643,0.3871
1644,0.8545
1645,0.2542
1646,1.009
1647,0.7229
1648,0.4753
1649,0.8895
1650,0.2628
1651,1.067
1652,0.6666
1653,0.5177
1654,0.5952
1655,1.703
1656,2.536
1657,1.192
1658,0.4032
1659,1.584
1660,1.298
1661,0.04266
1662,2.118
1663,0.969
1664,0.2029
1665,0.8148
1666,0.2371
1667,1.144
1668,0.3924
1669,1.528
1670,0.3253
1671,1.777
1672,0.8182
1673,1.517
1674,1.33
1675,0.841
1676,0.8594
1677,0.1933
1678,0.5818
1679,0.744
1680,0.2416
1681,0.2407
1682,1.675
1683,0.6767
1684,0.3866
1685,1.26
1686,1.48
1687,0.5349
1688,2.638
1689,0.9816
1690,0.09345
1691,0.3267
1692,1.494
1693,0.889
1694,0.6451
1695,1.561
1696,0.8956
1697,0.8826
1698,0.7139
1699,0.01234
1700,0.1728
1701,0.8385
1702,0.8044
1703,0.12
1704,1.526
1705,0.3063
1706,0.05041
1707,0.3651
1708,0.4734
1709,0.5239
1710,0.1211
1711,1.284
1712,0.4663
1713,0.7209
1714,0.1489
1715,0.7193
1716,0.5473
1717,0.2542
1718,0.2939
1719,0.1902
1720,1.007
1721,1.126
1722,0.2788
1723,1.624
1724,2.293
1725,1.949
1726,0.02367
1727,0.09425
1728,0.4179
1729,1.707
1730,1.921
1731,0.504
1732,0.3022
1733,1.298
1734,0.5534
1735,1.413
1736,2.478
1737,0.1458
1738,0.9979
1739,0.9296
1740,0.2174
1741,0.4514
1742,0.9477
1743,1.81
1744,0.7583
1745,0.7986
1746,0.1591
1747,0.3384
1748,1.141
1749,1.151
1750,0.3299
1751,1.421
1752,0.419
1753,1.449
1754,1.4
1755,0.75
1756,1.212
1757,0.3678
1758,0.3634
1759,0.16
1760,1.356
1761,0.3431
1762,0.5393
1763,2.873
1764,1.161
1765,1.308
1766,1.445
1767,2.609
1768,0.9537
1769,0.9837
1770,2.519
1771,0.9663
1772,0.2662
1773,0.1104
1774,0.7481
1775,0.5911
1776,1.231
1777,0.07811
1778,2.221
1779,1.075
1780,0.6379
1781,0.2925
1782,0.2454
1783,1.612
1784,0.8759
1785,0.9694
1786,0.7358
1787,1.375
1788,1.389
1789,0.8623
1790,0.04261
1791,0.03393
1792,1.05
1793,1.585
1794,0.564
1795,0.063
1796,0.1772
1797,0.591
1798,0.02978
1799,0.6181
1800,0.3914
1801,0.5747
1802,0.3272
1803,1.333
1804,0.5585
1805,0.6802
1806,0.0002559
1807,1.084
1808,0.8933
1809,1.371
1810,1.589
1811,2.001
1812,0.3579
1813,0.2582
1814,1.57
1815,0.5028
1816,0.5019
1817,0.02292
1818,1.643
1819,0.1441
1820,1.956
1821,2.057
1822,0.1103
1823,0.1116
1824,0.2336
1825,1.642
1826,0.2228
1827,1.817
1828,0.2749
1829,0.9431
1830,0.5673
1831,0.6821
1832,1.868
1833,0.3501
1834,0.8845
1835,0.4507
1836,1.784
1837,1.805
1838,0.6285
1839,0.7425
1840,0.284
1841,2.23
1842,0.9133
1843,1.948
1844,2.139
1845,0.1853
1846,0.2293
1847,0.7939
1848,0.8432
1849,0.2706
1850,0.1024
1851,1.138
1852,0.8799
1853,0.6009
1854,0.4934
1855,0.2787
1856,0.8904
1857,1.411
1858,0.8916
1859,1.121
1860,0.7794
1861,1.191
1862,1.083
1863,1.749
1864,0.2485
1865,0.3434
1866,0.8991
1867,2.063
1868,1.026
1869,0.3478
1870,0.361
1871,2.342
1872,2.887
1873,3.223
1874,1.61
1875,1.083
1876,0.9307
1877,0.9307
1878,1.928
1879,1.344
1880,1.893
1881,1.433
1882,1.194
1883,0.97
1884,0.6151
1885,0.7053
1886,0.8771
1887,2.086
1888,1.519
1889,0.5695
1890,0.1291
1891,0.06967
1892,0.1376
1893,0.2198
1894,0.05325
1895,1.097
1896,1.064
1897,0.6205
1898,0.2383
1899,0.4555
1900,0.7028
1901,0.8134
1902,1.315
1903,1.028
1904,0.115
1905,1.54
1906,3.097
1907,0.4009
1908,0.2077
1909,1.152
1910,0.09461
1911,1.994
1912,1.207
1913,0.3825
1914,2.017
1915,1.635
1916,0.2685
1917,0.1516
1918,1.221
1919,0.5396
1920,1.037
1921,0.01004
1922,0.6948
1923,0.6802
1924,0.06735
1925,1.39
1926,0.5589
1927,1.378
1928,0.1442
1929,0.2969
1930,0.4071
1931,0.6774
1932,1.548
1933,0.08544
1934,0.5333
1935,0.4972
1936,1.377
1937,1.047
1938,2.851
1939,1.823
1940,1.456
1941,1.195
1942,1.552
1943,0.5778
1944,0.4162
1945,0.2062
1946,1.176
1947,1.403
1948,0.2261
1949,2.326
1950,1.291
1951,2.084
1952,1.589
1953,1.803
1954,1.033
1955,0.6354
1956,0.3933
1957,0.5489
1958,1.913
1959,2.863
1960,1.288
1961,1.082
1962,2.278
1963,1.77
1964,2.232
1965,0.548
1966,0.5396
1967,0.1222
1968,0.7048
1969,0.9685
1970,2.155
1971,0.3141
1972,0.7699
1973,0.2245
1974,0.186
1975,1.271
1976,0.445
1977,0.02444
1978,0.3198
1979,0.2103
1980,0.4527
1981,1.229
1982,1.127
1983,0.434
1984,0.3702
1985,1.077
1986,0.00997
1987,0.1516
1988,1.589
1989,0.6363
1990,0.1371
1991,0.8446
1992,0.9959
1993,0.9079
1994,0.7054
1995,0.1919
1996,1.51
1997,0.9125
1998,1.443
1999,2.149
2000,0.5749
