t,e^(-dS)
1,205.82
2,0.615697
3,1.38292
4,1.1402
5,0.639992
6,0.8462
7,0.768281
8,1.12131
9,0.777711
10,0.736313
11,0.909546
12,1.03683
13,0.952124
14,1.21058
15,0.906595
16,0.856672
17,1.07345
18,0.865109
19,0.854961
20,1.03235
21,1.11216
22,0.887719
23,0.972077
24,1.21507
25,1.06407
26,0.722238
27,1.2884
28,1.09872
29,1.04781
30,0.98337
31,0.835187
32,0.972097
33,1.12008
34,0.819304
35,0.756994
36,0.837361
37,1.11327
38,1.29473
39,1.0052
40,1.00072
41,1.16591
42,1.22802
43,0.798596
44,0.882232
45,0.951581
46,1.12682
47,1.0643
48,0.71634
49,1.09815
50,0.800435
51,0.923015
52,0.96964
53,0.895476
54,1.11082
55,1.01125
56,0.729424
57,1.06047
58,0.955701
59,1.2743
60,0.984816
61,0.991677
62,1.7203
63,0.944556
64,1.50576
65,0.968536
66,0.962954
67,0.752541
68,0.991833
69,1.45703
70,0.852059
71,0.930159
72,1.2084
73,0.694683
74,0.837528
75,1.0652
76,1.09438
77,1.31285
78,1.15512
79,0.702999
80,1.06514
81,0.82267
82,0.867274
83,0.923486
84,1.0912
85,0.60738
86,1.15004
87,1.26112
88,1.12356
89,1.00428
90,0.87136
91,1.05676
92,1.23208
93,0.776235
94,1.10738
95,1.16207
96,0.859074
97,0.669449
98,1.54342
99,0.844678
100,0.938296
101,0.784978
102,0.982741
103,0.99028
104,1.10938
105,0.855217
106,1.43778
107,0.923264
108,0.897897
109,1.31587
110,0.941143
111,1.06861
112,0.951134
113,0.796682
114,1.16871
115,0.772286
116,0.996993
117,0.885945
118,0.99586
119,1.07004
120,0.969941
121,1.33029
122,1.11818
123,1.05172
124,0.841222
125,1.02759
126,0.798836
127,1.33442
128,0.612565
129,1.20478
130,1.12727
131,1.02586
132,0.710135
133,0.841811
134,1.05502
135,1.00436
136,0.940005
137,1.20346
138,0.878095
139,0.977517
140,0.803482
141,1.50606
142,0.88391
143,1.2037
144,0.901766
145,1.25999
146,0.961183
147,0.865455
148,0.92527
149,1.32472
150,1.09608
151,0.883822
152,0.748788
153,1.38044
154,1.16265
155,1.02447
156,1.25032
157,0.896372
158,1.38819
159,0.917347
160,1.14694
161,1.02342
162,0.844087
163,1.00286
164,0.616621
165,0.877042
166,0.945596
167,0.982102
168,1.13417
169,0.999274
170,1.10308
171,1.22556
172,0.657573
173,0.978084
174,0.854875
175,1.04151
176,0.958304
177,1.07887
178,1.25082
179,0.912306
180,0.906005
181,1.01279
182,1.35446
183,0.898616
184,0.718636
185,1.21167
186,1.28917
187,1.04874
188,1.07242
189,1.06966
190,0.894939
191,1.39389
192,1.00747
193,1.03866
194,0.784664
195,1.10497
196,0.869532
197,0.851037
198,0.892883
199,0.941783
200,0.98395
201,0.921475
202,1.01585
203,1.13587
204,1.03495
205,0.98011
206,1.05623
207,0.947821
208,1.03487
209,1.26188
210,1.18282
211,1.09643
212,1.04585
213,1.26529
214,0.723612
215,1.17093
216,0.946656
217,1.17916
218,1.3283
219,1.02016
220,0.932515
221,1.35513
222,1.05831
223,1.03604
224,1.14259
225,0.952448
226,1.11138
227,0.800835
228,1.30513
229,0.839709
230,1.13292
231,1.03638
232,0.903572
233,0.976725
234,1.08002
235,0.847385
236,0.989674
237,0.84139
238,0.868142
239,0.859332
240,0.989021
241,0.838786
242,0.810665
243,1.0742
244,0.975368
245,0.76529
246,0.847724
247,1.04747
248,1.49377
249,0.782
250,0.975456
251,1.00386
252,0.702647
253,0.859074
254,0.928477
255,0.942565
256,1.15189
257,0.892169
258,0.807268
259,0.725568
260,0.977194
261,0.899964
262,0.988437
263,1.30057
264,0.816442
265,0.823246
266,0.876078
267,1.13553
268,1.032
269,1.10031
270,0.847046
271,0.78161
272,0.985388
273,1.06205
274,0.911832
275,1.0227
276,1.07644
277,1.03477
278,1.04631
279,0.898436
280,0.646876
281,0.956944
282,0.968313
283,0.85257
284,1.01459
285,1.04214
286,0.61281
287,0.864071
288,0.799635
289,0.92715
290,0.991159
291,0.691218
292,1.01541
293,0.830108
294,1.21982
295,0.93585
296,0.901045
297,0.851377
298,0.832352
299,0.868402
300,0.933551
301,0.897089
302,0.955376
303,0.985358
304,1.00986
305,1.10211
306,0.805091
307,1.08513
308,1.4987
309,1.05409
310,1.23011
311,0.585084
312,1.11918
313,1.13394
314,0.794057
315,0.897538
316,0.9357
317,1.01843
318,1.04505
319,1.11494
320,0.836524
321,0.955128
322,0.797399
323,0.976032
324,1.07554
325,1.06166
326,1.1014
327,0.907901
328,0.914864
329,0.887453
330,1.01977
331,0.994246
332,0.918815
333,0.957394
334,1.28943
335,0.965905
336,0.882409
337,0.998796
338,1.01497
339,1.31903
340,0.915514
341,1.05749
342,0.678141
343,1.34555
344,0.761778
345,0.89673
346,0.946012
347,0.858988
348,0.776856
349,1.12154
350,1.23072
351,1.04391
352,0.995594
353,1.23726
354,0.905199
355,1.2072
356,1.01405
357,0.79247
358,0.912771
359,1.17046
360,1.32724
361,0.884971
362,1.00374
363,1.27826
364,1.2482
365,1.11695
366,0.941134
367,1.03362
368,0.822999
369,0.804045
370,0.931555
371,1.3667
372,0.936964
373,1.32392
374,0.941256
375,1.17833
376,1.02695
377,0.764984
378,1.1106
379,0.979611
380,1.14522
381,0.716627
382,0.89467
383,0.836775
384,0.835103
385,1.19363
386,0.66312
387,0.846115
388,0.878974
389,0.981317
390,1.03523
391,1.05333
392,1.10794
393,1.08987
394,0.952657
395,1.16091
396,1.08756
397,0.915724
398,0.845438
399,1.33242
400,0.955921
401,0.762769
402,1.01949
403,0.998349
404,0.829693
405,0.96052
406,1.08755
407,1.13428
408,0.951011
409,0.843159
410,1.06881
411,1.22998
412,0.841727
413,1.24098
414,1.18069
415,1.2019
416,1.14947
417,0.959532
418,1.20358
419,0.73823
420,0.837864
421,0.98112
422,1.06189
423,0.840969
424,1.4972
425,0.854448
426,1.19865
427,0.903843
428,1.01994
429,0.788676
430,0.780204
431,0.846538
432,1.38763
433,1.07818
434,0.937292
435,0.971902
436,0.968642
437,0.990285
438,0.896372
439,0.788676
440,0.796522
441,1.4515
442,0.973536
443,0.942367
444,0.740226
445,1.26731
446,0.787257
447,0.923476
448,0.693018
449,0.918044
450,1.19065
451,1.1336
452,0.83887
453,0.887009
454,1.09701
455,1.26188
456,1.34259
457,0.933821
458,1.00845
459,1.04197
460,1.01904
461,1.08638
462,0.802599
463,0.954106
464,1.05907
465,1.27011
466,0.85257
467,1.21264
468,1.16801
469,1.29758
470,1.08176
471,0.707583
472,0.899515
473,0.849082
474,1.36957
475,0.9445
476,1.00072
477,1.03034
478,1.13428
479,1.29823
480,0.761473
481,1.20816
482,1.43864
483,0.975973
484,1.04016
485,1.14374
486,0.919275
487,1.04843
488,1.03041
489,0.861483
490,0.776235
491,1.32128
492,1.02649
493,0.927372
494,0.871012
495,0.893508
496,1.17515
497,0.974296
498,0.652398
499,1.21884
500,1.22067
501,0.709213
502,0.836691
503,0.762159
504,0.870141
505,0.739338
506,0.754953
507,0.924382
508,0.897358
509,0.988872
510,1.21604
511,0.987055
512,0.775304
513,0.711343
514,1.10561
515,1.49377
516,0.752767
517,0.795408
518,1.03675
519,1.12389
520,0.847978
521,0.968555
522,1.02501
523,0.884175
524,1.05643
525,0.906087
526,1.16859
527,0.964148
528,1.20659
529,1.00745
530,0.924382
531,1.0219
532,0.817177
533,0.780048
534,1.23368
535,1.34891
536,0.873366
537,0.971815
538,0.850101
539,0.993863
540,0.804286
541,0.966088
542,1.32896
543,0.934728
544,1.03752
545,0.928783
546,0.970979
547,0.753746
548,1.02951
549,0.963724
550,1.02642
551,0.726512
552,0.919128
553,1.12446
554,0.859934
555,0.80292
556,0.850186
557,0.974053
558,0.942744
559,1.09623
560,1.20695
561,0.734181
562,0.888163
563,0.963676
564,1.20539
565,0.688665
566,1.18341
567,0.915248
568,0.856158
569,0.759496
570,1.10495
571,1.18554
572,1.11171
573,0.784193
574,0.927846
575,1.25095
576,0.924974
577,1.08878
578,0.891455
579,1.49646
580,0.965528
581,1.4229
582,1.06224
583,1.25095
584,0.824977
585,0.843665
586,1.17892
587,1.25245
588,0.807914
589,0.889585
590,1.13122
591,0.996989
592,1.0678
593,1.40326
594,0.81734
595,1.06029
596,1.13917
597,0.675231
598,0.873978
599,0.942547
600,1.01546
601,1.05826
602,1.12277
603,0.937771
604,0.985802
605,0.920397
606,0.819222
607,0.776779
608,1.00318
609,1.0805
610,0.846877
611,0.903933
612,0.908855
613,1.03164
614,1.0293
615,0.781766
616,1.22593
617,1.26504
618,0.816197
619,1.03844
620,0.765137
621,0.918797
622,1.00132
623,1.06798
624,1.11416
625,1.15027
626,0.760636
627,0.600375
628,0.998464
629,1.06187
630,1.22863
631,1.10378
632,1.20828
633,0.915642
634,1.02568
635,1.13974
636,1.10012
637,0.884087
638,0.908918
639,0.954832
640,1.41016
641,1.15835
642,0.73993
643,0.649209
644,0.918549
645,0.955997
646,1.4127
647,0.818813
648,1.24658
649,0.932329
650,1.01962
651,0.985605
652,0.715124
653,0.770281
654,0.772132
655,0.813345
656,0.900325
657,0.920388
658,0.995824
659,0.920867
660,0.741189
661,0.927957
662,1.07111
663,1.0284
664,0.994414
665,1.18637
666,0.934765
667,1.41143
668,0.798995
669,0.714623
670,1.2141
671,0.784272
672,0.893508
673,1.21264
674,1.03649
675,1.07756
676,0.832685
677,0.922
678,1.262
679,0.962549
680,1.21738
681,1.40832
682,0.691564
683,1.44239
684,1.20141
685,0.911294
686,0.984088
687,0.718205
688,1.02776
689,1.2893
690,0.839037
691,1.3678
692,0.873279
693,1.07068
694,0.974053
695,0.93441
696,0.797878
697,0.830772
698,0.957911
699,0.669516
700,1.07812
701,0.942744
702,1.31811
703,0.904476
704,1.155
705,1.01298
706,1.03303
707,1.13134
708,1.12603
709,1.26327
710,1.45354
711,1.56487
712,0.994225
713,0.726076
714,0.899874
715,0.834769
716,0.822506
717,1.33083
718,0.837528
719,0.821766
720,1.05749
721,0.832102
722,1.02403
723,1.16883
724,0.876779
725,1.30044
726,0.900955
727,1.13304
728,0.931779
729,1.19447
730,1.00721
731,0.955854
732,1.01279
733,0.865282
734,0.943943
735,0.939066
736,0.849336
737,1.08774
738,1.00323
739,0.893776
740,1.14008
741,0.899695
742,0.976071
743,1.21288
744,0.773678
745,1.00802
746,1.25383
747,1.04552
748,0.823493
749,1.33296
750,0.713409
751,1.35175
752,0.676989
753,1.17951
754,1.00814
755,0.861914
756,0.985398
757,0.749312
758,1.33123
759,1.24408
760,1.08528
761,1.19148
762,0.982908
763,1.01803
764,1.155
765,1.06476
766,1.16953
767,1.14683
768,0.866148
769,1.04778
770,0.916329
771,1.04697
772,0.9249
773,0.889941
774,0.680315
775,1.2532
776,0.876604
777,0.987884
778,0.894223
779,1.26744
780,1.14294
781,0.764678
782,0.98398
783,1.02543
784,1.08642
785,0.873978
786,0.865282
787,1.02826
788,1.03057
789,0.858817
790,1.15662
791,1.09805
792,0.883115
793,1.35378
794,0.963031
795,0.930056
796,1.1535
797,0.985703
798,0.827787
799,1.06557
800,1.12592
801,0.842148
802,0.68154
803,1.09133
804,1.11918
805,0.975759
806,1.03893
807,0.783801
808,0.989505
809,1.07211
810,0.826215
811,0.820124
812,1.08674
813,0.835604
814,0.93747
815,0.755406
816,0.838953
817,1.08642
818,1.22802
819,1.18673
820,1.31508
821,0.686808
822,1.10365
823,0.857958
824,1.16672
825,0.572181
826,0.991585
827,0.839793
828,0.965847
829,0.746022
830,0.702858
831,1.38016
832,0.954641
833,0.925362
834,0.638458
835,0.829444
836,0.885768
837,0.946921
838,0.812045
839,1.05474
840,1.05103
841,1.16032
842,1.04214
843,0.925427
844,1.19411
845,0.819878
846,0.944471
847,0.860966
848,1.18199
849,0.846538
850,1.05688
851,0.863726
852,0.962415
853,1.04552
854,0.976169
855,0.872668
856,0.747964
857,0.857101
858,1.01377
859,1.16649
860,0.981857
861,1.69605
862,1.3637
863,1.0995
864,0.807187
865,1.08732
866,0.94483
867,0.993107
868,0.990271
869,0.860794
870,1.42419
871,1.23491
872,1.02317
873,0.921475
874,1.07721
875,1.02848
876,1.07956
877,0.715553
878,1.14374
879,0.831104
880,0.785842
881,1.16044
882,0.679363
883,0.967984
884,0.841474
885,0.919772
886,1.40018
887,0.918329
888,1.05916
889,1.00382
890,1.24595
891,0.867621
892,0.803884
893,0.797718
894,0.880469
895,0.746545
896,1.31023
897,0.938024
898,0.866581
899,1.04466
900,0.858216
901,0.770435
902,1.0281
903,0.970154
904,1.05626
905,0.807187
906,0.831769
907,1.09168
908,0.783488
909,1.22924
910,1.10528
911,1.04703
912,0.89467
913,0.826133
914,0.767743
915,1.17468
916,1.17751
917,0.507479
918,1.22863
919,0.859676
920,1.30096
921,1.18187
922,0.841474
923,1.08548
924,0.789307
925,1.03395
926,0.992794
927,0.782313
928,1.15673
929,0.933243
930,0.798596
931,1.03164
932,1.12648
933,0.743862
934,1.0783
935,1.23183
936,0.832602
937,1.09206
938,1.27558
939,0.939864
940,0.89673
941,1.04773
942,1.11896
943,1.08329
944,0.800595
945,0.804367
946,0.803241
947,0.797798
948,1.11974
949,0.76018
950,1.05108
951,0.956036
952,1.10255
953,0.960511
954,0.755406
955,0.957883
956,1.03129
957,0.998464
958,1.14878
959,1.20756
960,0.829444
961,1.16953
962,0.964409
963,0.989496
964,0.697397
965,0.987005
966,0.637373
967,1.21543
968,1.03667
969,0.967684
970,1.03914
971,0.878798
972,1.2639
973,1.12569
974,1.15142
975,1.45049
976,1.09354
977,0.850016
978,0.933289
979,1.20382
980,1.22802
981,0.852229
982,0.879326
983,0.960386
984,0.855474
985,1.44846
986,0.806864
987,1.08119
988,0.94432
989,0.706381
990,1.0556
991,1.03726
992,0.945218
993,0.922821
994,0.904385
995,0.732494
996,0.86875
997,1.15027
998,1.15361
999,0.921521
1000,1.09918
1001,1.37548
1002,0.745053
1003,0.873891
1004,1.09874
1005,0.748788
1006,0.877569
1007,1.12603
1008,0.789544
1009,0.802519
1010,1.30122
1011,1.00639
1012,0.808884
1013,0.847639
1014,1.15223
1015,0.740596
1016,1.08489
1017,1.21519
1018,0.930373
1019,0.91363
1020,0.687152
1021,1.15558
1022,0.970572
1023,1.20937
1024,0.835103
1025,0.77958
1026,0.871273
1027,1.1623
1028,0.671998
1029,0.897089
1030,0.898256
1031,1.32287
1032,1.06325
1033,0.817667
1034,1.11472
1035,0.841306
1036,1.43362
1037,0.831021
1038,0.876166
1039,0.798037
1040,0.921548
1041,0.902849
1042,0.763456
1043,0.972116
1044,0.980532
1045,0.712482
1046,1.17515
1047,0.978113
1048,1.08264
1049,1.52105
1050,0.934597
1051,0.722527
1052,1.08959
1053,1.06038
1054,1.08821
1055,1.05515
1056,0.871534
1057,1.01614
1058,1.00655
1059,1.0304
1060,1.41114
1061,1.10012
1062,0.830855
1063,1.17304
1064,0.938972
1065,0.82638
1066,1.01718
1067,1.0784
1068,1.0786
1069,0.910738
1070,0.892436
1071,1.02348
1072,1.1781
1073,0.912342
1074,1.06948
1075,0.954421
1076,1.13621
1077,0.830357
1078,0.896013
1079,0.97376
1080,1.06884
1081,0.757373
1082,1.63036
1083,0.727967
1084,1.21726
1085,0.935822
1086,1.13179
1087,1.00821
1088,0.946088
1089,0.793819
1090,0.927159
1091,1.01327
1092,1.16801
1093,1.01035
1094,0.920351
1095,1.06915
1096,0.972038
1097,1.14832
1098,0.793501
1099,0.75813
1100,0.971941
1101,0.883733
1102,0.830274
1103,0.925834
1104,1.10513
1105,1.30291
1106,1.18792
1107,0.876253
1108,1.10422
1109,1.28133
1110,1.21422
1111,0.788124
1112,0.9882
1113,1.12199
1114,0.883468
1115,1.0863
1116,0.763074
1117,0.808237
1118,1.35446
1119,0.964023
1120,1.13655
1121,0.821683
1122,0.865368
1123,1.18685
1124,1.06279
1125,0.948096
1126,1.22569
1127,1.05188
1128,0.987578
1129,1.12648
1130,1.12547
1131,0.979366
1132,0.965992
1133,0.806622
1134,0.969728
1135,0.99943
1136,1.05934
1137,0.921097
1138,1.25759
1139,0.838283
1140,0.872232
1141,0.920729
1142,1.15292
1143,1.46141
1144,0.891723
1145,0.891277
1146,1.2507
1147,1.14465
1148,0.705323
1149,0.9092
1150,1.03361
1151,1.03985
1152,0.755028
1153,0.976178
1154,1.11216
1155,0.7213
1156,0.975173
1157,1.27839
1158,1.0898
1159,1.14878
1160,1.01983
1161,0.912452
1162,0.994081
1163,1.18329
1164,0.987025
1165,0.99042
1166,0.852399
1167,0.904656
1168,0.896013
1169,1.07181
1170,1.2084
1171,1.14981
1172,0.7226
1173,1.28904
1174,1.01472
1175,1.01717
1176,0.829029
1177,0.955596
1178,0.797319
1179,0.687221
1180,1.07739
1181,0.974228
1182,1.22802
1183,1.07062
1184,1.18105
1185,0.92857
1186,1.06247
1187,0.848997
1188,1.13179
1189,0.743118
1190,0.919955
1191,1.06209
1192,1.21908
1193,0.612014
1194,0.954641
1195,1.12176
1196,0.886034
1197,0.762464
1198,1.2517
1199,0.821191
1200,0.959234
1201,0.973322
1202,1.26643
1203,0.62569
1204,1.05731
1205,0.812857
1206,1.29732
1207,0.789386
1208,0.794613
1209,1.00407
1210,0.871012
1211,1.35067
1212,0.939197
1213,0.888874
1214,0.670789
1215,0.873105
1216,0.951144
1217,1.13179
1218,0.89199
1219,1.23023
1220,1.07942
1221,1.1055
1222,0.854704
1223,1.11416
1224,0.910101
1225,1.02862
1226,0.916741
1227,0.800915
1228,1.1971
1229,1.06604
1230,0.665777
1231,0.865715
1232,1.32618
1233,0.867795
1234,0.942528
1235,1.07675
1236,0.761702
1237,0.925751
1238,0.99073
1239,1.03814
1240,0.687908
1241,0.873105
1242,1.45761
1243,0.818813
1244,0.757903
1245,1.19471
1246,0.689492
1247,0.932869
1248,1.02378
1249,0.949566
1250,0.867621
1251,0.905037
1252,1.36752
1253,1.08043
1254,0.775692
1255,1.1707
1256,1.15777
1257,0.782705
1258,1.32366
1259,0.74349
1260,0.7213
1261,1.0532
1262,1.22091
1263,0.631473
1264,1.04839
1265,1.20816
1266,1.03716
1267,0.960376
1268,1.20925
1269,0.930875
1270,0.929889
1271,0.760712
1272,1.04385
1273,0.884883
1274,1.06945
1275,0.947792
1276,0.907747
1277,1.20587
1278,0.925779
1279,0.952534
1280,0.960338
1281,1.06233
1282,1.08505
1283,0.801717
1284,0.955443
1285,1.14545
1286,1.17175
1287,1.07814
1288,0.787494
1289,1.10882
1290,0.813264
1291,1.24695
1292,1.06628
1293,0.851292
1294,0.915065
1295,0.638777
1296,0.844002
1297,1.3279
1298,0.857872
1299,1.1922
1300,1.15027
1301,0.770589
1302,0.816115
1303,0.883203
1304,0.81587
1305,1.16183
1306,1.09902
1307,1.11438
1308,1.08401
1309,0.873192
1310,0.933448
1311,1.29992
1312,0.92988
1313,1.06664
1314,0.885414
1315,0.945445
1316,0.822917
1317,1.06681
1318,1.06187
1319,0.82878
1320,1.19746
1321,0.896282
1322,1.04537
1323,1.07017
1324,0.851547
1325,0.933327
1326,1.07283
1327,1.21641
1328,0.891277
1329,1.21482
1330,1.06422
1331,0.718852
1332,1.12919
1333,1.37163
1334,0.767206
1335,0.729059
1336,0.959062
1337,0.780438
1338,0.907874
1339,1.32141
1340,0.881262
1341,0.745873
1342,0.942415
1343,0.924132
1344,0.925418
1345,0.920001
1346,1.01222
1347,0.943697
1348,1.08503
1349,0.842148
1350,0.973118
1351,1.05684
1352,1.1319
1353,0.85813
1354,1.25961
1355,1.19566
1356,0.903301
1357,0.628386
1358,1.16883
1359,1.03958
1360,0.71634
1361,1.27954
1362,0.814484
1363,0.7719
1364,0.91164
1365,1.05891
1366,0.765137
1367,1.29227
1368,1.11818
1369,0.816115
1370,0.80276
1371,1.10738
1372,1.01493
1373,1.12558
1374,1.33176
1375,1.18164
1376,1.00995
1377,0.891188
1378,1.4987
1379,0.797957
1380,1.06625
1381,0.884794
1382,1.56049
1383,0.735136
1384,0.929582
1385,0.972068
1386,1.11784
1387,1.03137
1388,1.02639
1389,0.671192
1390,1.01191
1391,1.26985
1392,1.26896
1393,1.67716
1394,0.894044
1395,0.968487
1396,0.791124
1397,1.07783
1398,1.01937
1399,0.809612
1400,0.911458
1401,1.0723
1402,0.728768
1403,0.978407
1404,1.2186
1405,0.851888
1406,1.41935
1407,0.840549
1408,1.02866
1409,0.818731
1410,1.0328
1411,0.792074
1412,1.01798
1413,0.826215
1414,1.22532
1415,1.34434
1416,0.737197
1417,1.08847
1418,0.812857
1419,0.839625
1420,1.0114
1421,0.822588
1422,0.920489
1423,1.01997
1424,1.08094
1425,0.977966
1426,0.802599
1427,0.963426
1428,1.12345
1429,0.734475
1430,1.18542
1431,1.38002
1432,1.01706
1433,1.05305
1434,0.790334
1435,0.829361
1436,1.02283
1437,0.679227
1438,1.21945
1439,1.34824
1440,0.943339
1441,1.00117
1442,1.10242
1443,0.872406
1444,1.37136
1445,1.09239
1446,0.923735
1447,1.05652
1448,0.688459
1449,1.05236
1450,1.41284
1451,0.697049
1452,1.24633
1453,1.28056
1454,1.13156
1455,1.10749
1456,1.04279
1457,0.751939
1458,0.872145
1459,0.736755
1460,0.815625
1461,1.00126
1462,1.03922
1463,1.10772
1464,0.935242
1465,0.792946
1466,0.650574
1467,0.856244
1468,0.797479
1469,0.89003
1470,1.18305
1471,0.890297
1472,1.41552
1473,0.936861
1474,1.30513
1475,1.02296
1476,0.993941
1477,1.06619
1478,0.731908
1479,0.915834
1480,1.23281
1481,0.958764
1482,0.662589
1483,1.14786
1484,1.1741
1485,0.853338
1486,1.25445
1487,1.06247
1488,0.841727
1489,0.913346
1490,0.845185
1491,1.04245
1492,0.972661
1493,0.983468
1494,1.17316
1495,1.25961
1496,0.831104
1497,1.00963
1498,0.899335
1499,1.3118
1500,0.95467
1501,1.02632
1502,0.926242
1503,1.18093
1504,1.12851
1505,1.13769
1506,1.00712
1507,0.788912
1508,0.974705
1509,0.855046
1510,0.915102
1511,1.14305
1512,0.887719
1513,0.857615
1514,0.959062
1515,0.912826
1516,1.36999
1517,0.975846
1518,0.937142
1519,0.954355
1520,0.810909
1521,1.16102
1522,1.28634
1523,1.08085
1524,0.761169
1525,0.872319
1526,1.18851
1527,0.802358
1528,0.798197
1529,0.756464
1530,1.04898
1531,1.21495
1532,1.07342
1533,1.01295
1534,1.01638
1535,0.845692
1536,1.00896
1537,0.966214
1538,0.988991
1539,1.07844
1540,0.915029
1541,1.30839
1542,0.942707
1543,1.04736
1544,0.762235
1545,1.10321
1546,0.845438
1547,0.99392
1548,0.832768
1549,1.02206
1550,0.921134
1551,0.940786
1552,0.786392
1553,1.22826
1554,1.35839
1555,1.14557
1556,0.762845
1557,1.26453
1558,0.900505
1559,1.32009
1560,0.930308
1561,1.10683
1562,1.13338
1563,0.747441
1564,1.21252
1565,1.08789
1566,1.19125
1567,0.843665
1568,1.36329
1569,0.796921
1570,1.1055
1571,0.915733
1572,1.20515
1573,0.941303
1574,1.04347
1575,0.712411
1576,1.16428
1577,0.872406
1578,0.835103
1579,1.62385
1580,0.905453
1581,1.02344
1582,1.00687
1583,1.20478
1584,0.872406
1585,0.905661
1586,1.05039
1587,1.02633
1588,0.975281
1589,0.841054
1590,1.26024
1591,0.879414
1592,1.22838
1593,0.751638
1594,0.880646
1595,1.07207
1596,0.660274
1597,0.841727
1598,1.25759
1599,0.924428
1600,0.680247
1601,0.875378
1602,0.873803
1603,0.933625
1604,1.4434
1605,1.11394
1606,1.00339
1607,1.20238
1608,1.1212
1609,1.15235
1610,0.74774
1611,1.06118
1612,1.30148
1613,0.936449
1614,0.927577
1615,0.732128
1616,0.924955
1617,0.973975
1618,0.982073
1619,1.06404
1620,1.09764
1621,1.14958
1622,0.961808
1623,0.879677
1624,1.34986
1625,0.892704
1626,1.03627
1627,1.48186
1628,0.80501
1629,0.972427
1630,1.03396
1631,0.973936
1632,1.17692
1633,1.19925
1634,1.01479
1635,0.954861
1636,0.865282
1637,0.928189
1638,0.912142
1639,1.06194
1640,0.779034
1641,1.06893
1642,0.82961
1643,1.17857
1644,0.827621
1645,1.10727
1646,1.05046
1647,0.792629
1648,0.786077
1649,1.00274
1650,1.10166
1651,1.18046
1652,0.685985
1653,0.958247
1654,1.01365
1655,1.05186
1656,0.890921
1657,1.27685
1658,0.997835
1659,1.16067
1660,1.17023
1661,1.3442
1662,0.887275
1663,1.29305
1664,0.868663
1665,0.869967
1666,0.962222
1667,0.958764
1668,0.832019
1669,0.871447
1670,1.22299
1671,1.10069
1672,1.06554
1673,0.904204
1674,0.919486
1675,0.883645
1676,0.834602
1677,0.936056
1678,1.283
1679,1.14248
1680,0.765214
1681,0.94712
1682,0.924484
1683,1.09228
1684,1.22765
1685,0.898885
1686,0.887453
1687,0.795408
1688,1.1284
1689,1.11684
1690,1.01226
1691,1.16451
1692,0.935092
1693,1.03485
1694,1.15905
1695,0.963917
1696,0.971708
1697,0.959954
1698,1.0405
1699,1.12367
1700,0.852144
1701,0.831853
1702,1.17975
1703,0.878974
1704,0.820862
1705,1.03074
1706,1.03223
1707,0.981474
1708,0.828366
1709,1.01466
1710,0.817994
1711,1.10075
1712,1.16731
1713,1.04256
1714,1.25533
1715,1.03838
1716,0.852911
1717,1.02609
1718,0.792074
1719,1.26706
1720,1.01632
1721,1.18994
1722,1.23257
1723,1.1353
1724,1.1014
1725,1.11874
1726,1.06391
1727,0.847978
1728,1.14419
1729,1.28031
1730,1.02134
1731,0.655406
1732,0.916191
1733,0.950108
1734,1.13417
1735,1.23516
1736,1.20865
1737,1.00579
1738,1.23232
1739,0.902127
1740,0.817749
1741,0.946921
1742,0.808075
1743,0.999664
1744,1.08575
1745,0.931648
1746,0.756086
1747,0.773678
1748,0.922563
1749,0.871012
1750,1.19889
1751,0.865022
1752,1.13145
1753,0.710703
1754,1.0043
1755,1.10339
1756,0.930047
1757,1.28403
1758,0.865801
1759,0.949149
1760,0.978328
1761,1.04283
1762,1.23467
1763,1.00576
1764,1.09359
1765,0.997571
1766,0.815544
1767,0.827787
1768,0.971455
1769,1.25734
1770,1.24608
1771,0.956715
1772,0.921125
1773,0.89324
1774,0.90312
1775,0.96358
1776,0.737418
1777,1.31023
1778,0.954574
1779,1.033
1780,1.10096
1781,1.11918
1782,0.827373
1783,0.943282
1784,0.958304
1785,1.11795
1786,0.847724
1787,0.932189
1788,0.911102
1789,1.06512
1790,0.913986
1791,1.23615
1792,1.11027
1793,1.07738
1794,1.00196
1795,1.03319
1796,1.18376
1797,0.847046
1798,0.996728
1799,1.2517
1800,0.931136
1801,1.08813
1802,1.19375
1803,1.45688
1804,0.85916
1805,0.879765
1806,0.943593
1807,1.39612
1808,0.929815
1809,1.12333
1810,1.1971
1811,0.957892
1812,0.977878
1813,0.898166
1814,1.03481
1815,1.24172
1816,1.05652
1817,1.15408
1818,1.17928
1819,0.799875
1820,0.7736
1821,1.0983
1822,1.07709
1823,0.715553
1824,1.14752
1825,0.939535
1826,0.665511
1827,1.20539
1828,0.757751
1829,0.916265
1830,1.11851
1831,1.50893
1832,0.941454
1833,1.11605
1834,0.822588
1835,1.03414
1836,1.01588
1837,0.880646
1838,1.07707
1839,1.08057
1840,0.805413
1841,0.846115
1842,1.04298
1843,0.943499
1844,1.22691
1845,0.835187
1846,1.08205
1847,0.828863
1848,1.33736
1849,1.041
1850,1.14603
1851,0.824894
1852,1.25936
1853,0.620456
1854,0.734621
1855,0.912771
1856,1.15558
1857,0.800195
1858,1.09825
1859,0.936946
1860,0.960415
1861,1.29875
1862,0.781453
1863,1.07105
1864,1.15408
1865,1.18294
1866,0.675772
1867,0.738304
1868,1.14993
1869,1.38986
1870,0.586079
1871,1.19578
1872,0.7172
1873,1.19363
1874,0.572811
1875,0.955577
1876,1.13963
1877,1.05345
1878,0.907057
1879,1.20527
1880,1.08318
1881,1.06431
1882,1.19806
1883,1.11394
1884,0.7333
1885,0.730373
1886,1.0302
1887,1.04415
1888,0.683588
1889,0.92083
1890,1.1146
1891,0.908891
1892,1.1505
1893,1.11427
1894,0.877481
1895,1.09532
1896,0.620456
1897,0.802118
1898,0.889585
1899,0.679771
1900,0.986127
1901,1.21982
1902,0.969543
1903,0.98338
1904,0.825885
1905,0.995181
1906,1.16172
1907,0.895745
1908,0.841474
1909,1.0156
1910,1.05397
1911,0.949348
1912,1.05008
1913,0.848572
1914,1.30252
1915,0.785606
1916,0.945634
1917,0.859418
1918,1.15246
1919,0.608779
1920,1.13803
1921,1.19842
1922,1.34232
1923,0.842232
1924,1.13462
1925,1.16964
1926,0.810584
1927,0.805171
1928,1.02243
1929,0.83887
1930,0.922553
1931,0.99373
1932,0.795965
1933,0.822506
1934,1.36615
1935,1.08909
1936,0.939714
1937,0.996871
1938,1.19554
1939,0.673478
1940,1.01623
1941,1.06364
1942,0.906096
1943,0.850186
1944,1.2084
1945,1.11494
1946,1.02476
1947,1.02116
1948,0.904023
1949,0.918632
1950,0.955204
1951,0.792233
1952,0.820698
1953,1.02256
1954,0.747217
1955,1.35189
1956,0.76399
1957,1.12378
1958,1.1327
1959,0.929592
1960,0.915816
1961,1.17433
1962,0.771052
1963,0.773523
1964,1.00365
1965,0.648301
1966,1.25095
1967,0.762007
1968,1.20587
1969,1.08963
1970,0.782783
1971,0.960972
1972,1.08654
1973,1.12975
1974,1.17551
1975,0.895207
1976,1.03596
1977,0.791916
1978,1.09672
1979,1.06073
1980,1.06742
1981,0.773678
1982,0.949984
1983,0.756691
1984,0.909764
1985,1.16032
1986,1.09547
1987,1.04051
1988,1.05213
1989,0.988932
1990,0.860106
1991,1.23047
1992,1.03773
1993,0.903752
1994,1.05445
1995,0.914846
1996,0.870315
1997,0.998279
1998,0.995348
1999,0.865888
2000,1.33282
2001,0.734401
2002,1.16719
2003,0.872232
2004,0.930503
2005,0.727239
2006,1.09355
2007,0.835688
2008,0.975632
2009,0.943754
2010,1.15766
2011,1.03937
2012,0.965123
2013,1.01271
2014,0.948816
2015,0.916146
2016,0.755859
2017,0.898795
2018,1.17869
2019,0.972204
2020,1.21969
2021,1.0019
2022,1.06222
2023,0.821437
2024,0.685779
2025,0.968332
2026,0.775925
2027,1.24745
2028,1.00143
2029,1.10203
2030,0.937705
2031,0.820206
2032,0.937686
2033,1.09484
2034,1.06499
2035,1.12479
2036,0.995467
2037,0.774839
2038,0.964438
2039,0.984354
2040,1.11327
2041,0.987953
2042,0.606227
2043,1.04774
2044,1.02153
2045,1.1474
2046,0.880117
2047,1.22679
2048,0.848572
2049,1.04668
2050,1.13508
2051,1.00278
2052,1.27685
2053,0.925908
2054,0.863294
2055,0.694058
2056,0.905453
2057,1.14878
2058,1.02258
2059,0.869358
2060,1.00344
2061,1.03425
2062,0.915312
2063,1.0963
2064,1.16871
2065,0.955185
2066,0.83044
2067,1.13213
2068,0.799715
2069,0.810584
2070,0.957471
2071,1.38044
2072,0.976745
2073,1.11316
2074,1.05236
2075,0.945757
2076,0.696979
2077,1.37314
2078,0.96278
2079,0.853679
2080,1.28236
2081,0.738895
2082,0.999875
2083,0.87197
2084,0.940927
2085,0.894044
2086,0.720579
2087,1.02846
2088,1.131
2089,1.2487
2090,1.2019
2091,0.970649
2092,0.884883
2093,0.889941
2094,0.859762
2095,1.11706
2096,0.844171
2097,0.859762
2098,1.48349
2099,0.990809
2100,0.884529
2101,0.818731
2102,1.4434
2103,1.10617
2104,1.1741
2105,0.978485
2106,0.881968
2107,0.900054
2108,0.977595
2109,0.857701
2110,0.825802
2111,1.16988
2112,0.795488
2113,1.02488
2114,1.00367
2115,0.775304
2116,0.849251
2117,1.30278
2118,0.988062
2119,0.754726
2120,0.830606
2121,0.919477
2122,1.15789
2123,1.08384
2124,1.02487
2125,1.08428
2126,1.26036
2127,0.92844
2128,0.980689
2129,1.00696
2130,1.40692
2131,0.864763
2132,1.08143
2133,1.08695
2134,1.09678
2135,0.947129
2136,0.688803
2137,1.21896
2138,0.665445
2139,1.35948
2140,0.899065
2141,1.31154
2142,0.698514
2143,0.937124
2144,1.2766
2145,0.65129
2146,1.53465
2147,1.81303
2148,0.919146
2149,0.96633
2150,0.92165
2151,1.13951
2152,0.558668
2153,1.35283
2154,1.13349
2155,1.04615
2156,1.10141
2157,1.16416
2158,1.17821
2159,0.86459
2160,0.95863
2161,0.889318
2162,0.888607
2163,0.763151
2164,1.22961
2165,0.79724
2166,0.977644
2167,1.1136
2168,1.0872
2169,0.867361
2170,1.04863
2171,1.01655
2172,0.833518
2173,1.14122
2174,0.872406
2175,0.547387
2176,0.816686
2177,0.943141
2178,0.987163
2179,1.14145
2180,1.00714
2181,0.891634
2182,0.79509
2183,0.86338
2184,0.94348
2185,0.815136
2186,1.3971
2187,0.890119
2188,0.939967
2189,0.827538
2190,0.970484
2191,0.896013
2192,1.04482
2193,1.25571
2194,0.890386
2195,1.15581
2196,1.03735
2197,1.10432
2198,0.760941
2199,1.22569
2200,0.555659
2201,0.63356
2202,1.49765
2203,0.755633
2204,0.901496
2205,0.72673
2206,0.766592
2207,0.996698
2208,1.14077
2209,0.958323
2210,0.989753
2211,1.02644
2212,1.36356
2213,1.02821
2214,0.925075
2215,0.799555
2216,1.29175
2217,1.00165
2218,0.83644
2219,0.876779
2220,0.945709
2221,0.916695
2222,1.1788
2223,0.847894
2224,1.19006
2225,0.620084
2226,1.11293
2227,0.697955
2228,1.1378
2229,0.821766
2230,0.840297
2231,0.867188
2232,1.09687
2233,1.33776
2234,1.20587
2235,1.20166
2236,1.07646
2237,0.914242
2238,0.918531
2239,1.11394
2240,1.10749
2241,1.13883
2242,1.308
2243,0.651746
2244,0.786864
2245,0.935551
2246,0.95615
2247,0.99007
2248,0.846707
2249,1.37575
2250,0.841222
2251,1.09604
2252,0.955911
2253,0.847724
2254,0.984304
2255,0.703561
2256,0.933485
2257,1.18223
2258,0.925547
2259,1.14191
2260,1.28338
2261,0.853508
2262,0.855987
2263,1.07695
2264,0.702226
2265,1.44268
2266,1.0392
2267,0.836859
2268,1.0559
2269,0.75224
2270,0.904656
2271,1.47669
2272,1.19997
2273,0.662059
2274,0.779502
2275,1.11093
2276,0.989941
2277,0.92856
2278,1.00303
2279,0.811963
2280,0.840213
2281,0.801476
2282,1.18851
2283,0.905942
2284,1.00541
2285,1.24907
2286,0.982446
2287,0.841054
2288,0.989783
2289,0.733814
2290,1.32313
2291,1.17657
2292,0.532272
2293,0.929712
2294,1.52669
2295,0.767897
2296,1.03301
2297,1.07144
2298,0.840969
2299,1.44528
2300,0.82267
2301,1.28763
2302,1.26947
2303,0.787887
2304,1.00557
2305,1.15385
2306,1.00436
2307,1.1221
2308,1.25759
2309,0.975593
2310,0.6967
2311,0.978671
2312,0.906459
2313,1.08892
2314,1.12446
2315,1.19065
2316,1.1458
2317,1.03409
2318,0.899964
2319,0.77919
2320,0.670722
2321,0.989664
2322,0.675704
2323,0.783096
2324,0.813426
2325,0.97268
2326,1.00892
2327,0.923458
2328,1.24247
2329,0.897807
2330,0.907964
2331,0.898885
2332,0.855645
2333,1.35907
2334,0.872406
2335,1.13349
2336,0.843834
2337,0.861828
2338,0.833101
2339,0.890921
2340,1.96895
2341,0.818813
2342,1.0901
2343,0.860278
2344,0.721805
2345,0.984324
2346,1.09214
2347,1.09286
2348,1.19089
2349,1.19125
2350,0.847639
2351,0.899695
2352,0.954154
2353,1.34286
2354,1.05041
2355,0.898526
2356,0.94588
2357,0.997941
2358,1.10504
2359,0.922157
2360,1.18982
2361,0.957873
2362,1.31324
2363,0.73764
2364,0.833351
2365,0.817831
2366,1.43218
2367,0.71234
2368,1.20418
2369,0.808237
2370,0.933831
2371,0.899155
2372,0.756389
2373,0.992659
2374,1.29111
2375,0.807429
2376,0.9678
2377,1.03893
2378,0.925242
2379,0.911822
2380,0.933093
2381,0.679703
2382,1.01526
2383,1.21155
2384,1.03032
2385,1.18519
2386,1.00284
2387,1.01906
2388,0.735871
2389,1.03155
2390,1.23726
2391,0.884352
2392,1.09013
2393,0.862776
2394,0.905697
2395,1.00374
2396,1.04226
2397,0.793501
2398,0.888341
2399,1.10502
2400,0.96841
2401,1.0616
2402,1.41864
2403,0.751413
2404,0.858216
2405,0.976286
2406,0.908282
2407,1.13564
2408,1.27036
2409,0.808075
2410,0.787415
2411,1.15004
2412,1.21507
2413,0.876341
2414,0.916054
2415,0.743044
2416,1.01557
2417,1.36084
2418,0.906876
2419,0.903572
2420,0.9226
2421,1.04594
2422,1.02506
2423,1.40987
2424,0.835772
2425,0.771746
2426,0.878359
2427,1.07145
2428,1.59983
2429,1.47565
2430,0.748862
2431,0.984964
2432,0.952915
2433,0.900234
2434,0.779034
2435,1.28917
2436,1.16091
2437,0.910392
2438,0.850526
2439,1.03891
2440,1.19351
2441,0.932739
2442,1.22618
2443,1.13032
2444,1.31719
2445,1.10561
2446,1.30369
2447,0.794295
2448,1.02082
2449,1.00677
2450,1.35405
2451,0.811233
2452,0.871273
2453,0.922904
2454,0.928597
2455,1.0623
2456,1.10683
2457,0.798277
2458,1.14134
2459,0.937105
2460,0.837277
2461,0.698165
2462,0.949234
2463,1.10572
2464,1.52166
2465,0.80493
2466,1.02629
2467,0.960761
2468,0.62058
2469,0.947565
2470,1.02706
2471,0.647524
2472,1.02554
2473,1.03798
2474,0.845946
2475,0.902398
2476,1.11093
2477,0.854191
2478,0.906676
2479,1.20792
2480,1.08794
2481,0.924077
2482,0.907674
2483,1.03521
2484,0.945426
2485,0.791362
2486,1.11862
2487,0.678684
2488,1.20081
2489,1.18898
2490,0.872319
2491,1.03118
2492,1.52684
2493,1.06361
2494,1.22189
2495,0.90752
2496,1.011
2497,0.95341
2498,1.10007
2499,1.14145
2500,1.04295
2501,0.886566
2502,0.794772
2503,0.974559
2504,1.25182
2505,0.800995
2506,0.914361
2507,1.39808
2508,0.789149
2509,0.845354
2510,0.793105
2511,1.02551
2512,0.680995
2513,0.860966
2514,0.901135
2515,1.44918
2516,0.934746
2517,0.825389
2518,1.15754
2519,1.17375
2520,0.863553
2521,0.802118
2522,0.863898
2523,0.881527
2524,1.07888
2525,0.76805
2526,0.923966
2527,0.969311
2528,1.08571
2529,0.963975
2530,0.936234
2531,1.11182
2532,1.30317
2533,0.98593
2534,1.01898
2535,0.937189
2536,1.24732
2537,1.16323
2538,0.92908
2539,1.1535
2540,0.77919
2541,0.673882
2542,1.32194
2543,1.08624
2544,0.952924
2545,0.765597
2546,1.24123
2547,1.08257
2548,0.8863
2549,1.27443
2550,0.825967
2551,1.28082
2552,0.826876
2553,1.1916
2554,0.955109
2555,0.895386
2556,1.01124
2557,1.15696
2558,1.29784
2559,0.876604
2560,1.16894
2561,0.610547
2562,0.724408
2563,0.975954
2564,0.925344
2565,0.820534
2566,1.22642
2567,0.986088
2568,0.94501
2569,1.43778
2570,0.756994
2571,1.33549
2572,1.1897
2573,0.937892
2574,0.902668
2575,0.852314
2576,0.970853
2577,1.33109
2578,1.11249
2579,1.29162
2580,0.814647
2581,1.05728
2582,0.986778
2583,0.969669
2584,1.23776
2585,1.02027
2586,0.741411
2587,0.587311
2588,0.924234
2589,0.71448
2590,0.768819
2591,1.16626
2592,1.10125
2593,1.24297
2594,0.696143
2595,1.01897
2596,1.3752
2597,0.914589
2598,1.12716
2599,1.22961
2600,0.748713
2601,1.23887
2602,1.10716
2603,1.24334
2604,0.798197
2605,1.04077
2606,0.891544
2607,1.32313
2608,1.278
2609,0.910702
2610,1.13462
2611,1.12457
2612,1.3473
2613,0.719571
2614,1.0684
2615,1.09117
2616,1.12829
2617,0.776546
2618,1.12998
2619,1.00356
2620,1.2322
2621,0.854961
2622,0.728549
2623,1.32459
2624,0.944509
2625,0.916182
2626,0.962877
2627,1.27201
2628,0.924733
2629,1.19854
2630,1.19375
2631,0.845692
2632,0.947451
2633,0.988605
2634,0.794454
2635,0.702788
2636,1.0625
2637,1.33629
2638,0.857443
2639,0.782
2640,1.20202
2641,0.958362
2642,1.2141
2643,0.887364
2644,1.03371
2645,1.36465
2646,0.910337
2647,0.935476
2648,0.738821
2649,1.35189
2650,0.705323
2651,0.759117
2652,0.859848
2653,0.853935
2654,1.14008
2655,0.80501
2656,1.22777
2657,0.8863
2658,1.17798
2659,0.960886
2660,1.06302
2661,0.90732
2662,1.4705
2663,0.619898
2664,1.03142
2665,0.744681
2666,0.919257
2667,1.03563
2668,1.26807
2669,0.998997
2670,1.27252
2671,0.732055
2672,1.0163
2673,1.02469
2674,0.814484
2675,1.10827
2676,0.799555
2677,1.0983
2678,1.15488
2679,1.4636
2680,0.993676
2681,1.01037
2682,0.876253
2683,0.729935
2684,1.12908
2685,1.38833
2686,1.61915
2687,0.671259
2688,0.94874
2689,0.941096
2690,0.902759
2691,1.07733
2692,0.740004
2693,1.07433
2694,1.19901
2695,0.656915
2696,0.952934
2697,1.00827
2698,1.19077
2699,0.886654
2700,1.47787
2701,1.02679
2702,1.11349
2703,1.26592
2704,0.926084
2705,0.650184
2706,1.10193
2707,0.619217
2708,0.949614
2709,0.799715
2710,1.13451
2711,1.36725
2712,1.01559
2713,0.775459
2714,0.884175
2715,0.935195
2716,0.646488
2717,1.35391
2718,0.965499
2719,1.14374
2720,0.730154
2721,1.22544
2722,0.922766
2723,0.759496
2724,0.838953
2725,1.16183
2726,1.08268
2727,1.02404
2728,1.06802
2729,0.795169
2730,1.32075
2731,1.06037
2732,0.677599
2733,0.998564
2734,0.857701
2735,1.131
2736,0.822423
2737,0.985201
2738,0.922037
2739,0.92037
2740,1.5445
2741,0.814566
2742,0.864071
2743,0.91945
2744,0.751187
2745,1.16381
2746,1.42632
2747,1.14614
2748,1.52196
2749,0.838702
2750,1.18827
2751,1.03461
2752,1.53634
2753,0.890208
2754,0.85274
2755,0.90321
2756,1.2037
2757,0.942028
2758,1.14855
2759,1.12176
2760,1.17023
2761,1.06009
2762,0.957806
2763,0.877481
2764,1.3868
2765,1.00414
2766,0.769434
2767,1.05762
2768,0.716985
2769,1.02528
2770,1.02962
2771,1.15235
2772,1.12851
2773,0.979601
2774,1.05355
2775,1.04949
2776,1.21216
2777,1.12953
2778,1.12524
2779,1.12502
2780,0.744085
2781,0.902398
2782,0.784585
2783,0.955959
2784,1.27571
2785,1.16486
2786,0.809207
2787,1.42049
2788,0.800275
2789,1.46243
2790,1.00843
2791,0.788676
2792,1.52837
2793,0.938793
2794,0.934625
2795,1.02742
2796,0.84747
2797,0.840801
2798,0.887897
2799,1.10539
2800,1.08181
2801,0.91405
2802,0.956323
2803,0.891901
2804,1.11695
2805,1.20214
2806,1.10496
2807,0.805171
2808,1.26617
2809,0.953305
2810,0.734695
2811,0.975886
2812,1.21034
2813,0.928616
2814,0.939751
2815,1.16416
2816,1.22299
2817,1.06313
2818,0.839205
2819,0.951448
2820,0.978788
2821,0.822588
2822,0.931741
2823,1.40382
2824,1.05818
2825,1.02435
2826,0.894581
2827,1.0386
2828,0.893508
2829,1.23294
2830,1.26985
2831,0.893687
2832,1.262
2833,1.10504
2834,0.903662
2835,1.3295
2836,0.99943
2837,0.968226
2838,1.49765
2839,0.911376
2840,0.922747
2841,1.04864
2842,1.26909
2843,0.831686
2844,1.35975
2845,1.28184
2846,0.889852
2847,1.04652
2848,0.754047
2849,0.802599
2850,0.959445
2851,1.11349
2852,0.931257
2853,0.962694
2854,1.02582
2855,1.07338
2856,1.21495
2857,0.904566
2858,1.02596
2859,0.950459
2860,1.27201
2861,1.18258
2862,0.924992
2863,1.01672
2864,0.98824
2865,1.05407
2866,0.769665
2867,1.51755
2868,0.803081
2869,1.28544
2870,1.19256
2871,1.11249
2872,1.08666
2873,0.880117
2874,1.09216
2875,0.941576
2876,0.884441
2877,0.783174
2878,0.952886
2879,1.11016
2880,1.1587
2881,0.955453
2882,0.693572
2883,1.22593
2884,0.74349
2885,1.0195
2886,0.812451
2887,1.38958
2888,0.744978
2889,0.764984
2890,1.02561
2891,0.95361
2892,0.703843
2893,0.943641
2894,0.913794
2895,1.14419
2896,0.790413
2897,0.692256
2898,0.981611
2899,1.28095
2900,1.0308
2901,0.712482
2902,0.819058
2903,0.929536
2904,1.12075
2905,0.982957
2906,1.21446
2907,1.3097
2908,0.940391
2909,1.29214
2910,1.10927
2911,1.1165
2912,1.19137
2913,1.30996
2914,1.37988
2915,0.996753
2916,1.0351
2917,0.687495
2918,0.8451
2919,0.854021
2920,1.08919
2921,1.09778
2922,0.954374
2923,0.789386
2924,0.677192
2925,0.787257
2926,0.697886
2927,0.942339
2928,0.77082
2929,1.03845
2930,0.842737
2931,0.731982
2932,0.815625
2933,0.829527
2934,1.05787
2935,0.780672
2936,1.24907
2937,0.749237
2938,0.969127
2939,1.71172
2940,0.99
2941,1.0852
2942,0.929164
2943,1.04465
2944,1.03326
2945,1.07016
2946,0.84299
2947,0.732274
2948,0.973527
2949,0.728695
2950,1.26125
2951,1.31377
2952,1.64083
2953,0.831021
2954,0.990125
2955,1.23912
2956,1.16439
2957,0.832019
2958,0.853167
2959,0.895028
2960,1.11751
2961,1.16253
2962,0.995935
2963,1.05199
2964,0.895834
2965,1.06732
2966,1.37259
2967,0.904476
2968,0.961328
2969,1.01768
2970,0.952
2971,0.796522
2972,1.49691
2973,0.678752
2974,0.940297
2975,0.912643
2976,0.947281
2977,1.08566
2978,0.872057
2979,0.787572
2980,0.878798
2981,1.316
2982,1.05525
2983,1.08298
2984,1.30278
2985,0.719068
2986,1.19722
2987,1.16346
2988,0.816605
2989,1.09888
2990,0.792391
2991,0.848912
2992,1.24782
2993,0.947925
2994,1.11941
2995,1.24061
2996,1.11818
2997,0.940739
2998,0.941774
2999,0.904656
3000,1.2364
3001,1.03196
3002,0.967684
3003,1.03071
3004,0.889229
3005,0.850186
3006,1.21179
3007,1.08166
3008,0.976422
3009,0.778411
3010,0.856158
3011,1.19506
3012,1.30213
3013,0.887453
3014,0.901135
3015,0.899065
3016,1.07834
3017,1.13985
3018,0.83502
3019,0.724988
3020,0.95425
3021,0.698374
3022,1.14214
3023,0.898436
3024,0.800035
3025,1.02205
3026,1.51922
3027,0.747516
3028,1.40579
3029,0.979581
3030,1.11717
3031,1.20033
3032,0.913648
3033,0.891723
3034,1.35513
3035,1.14465
3036,0.875815
3037,0.976647
3038,0.94381
3039,1.21058
3040,0.964216
3041,0.869011
3042,0.915798
3043,1.18057
3044,1.04541
3045,0.868489
3046,0.972904
3047,1.30369
3048,0.943131
3049,1.12581
3050,1.09549
3051,1.33003
3052,0.996495
3053,1.0211
3054,0.903301
3055,0.702156
3056,0.996444
3057,1.39892
3058,1.11227
3059,1.09061
3060,0.923864
3061,0.717344
3062,1.27749
3063,1.1707
3064,1.07064
3065,1.05396
3066,1.08972
3067,0.99701
3068,1.16696
3069,1.03099
3070,1.03121
3071,1.38736
3072,0.825885
3073,0.91588
3074,1.30695
3075,0.746171
3076,1.2343
3077,1.55504
3078,0.658428
3079,0.758358
3080,0.989951
3081,1.10849
3082,1.08765
3083,1.30866
3084,1.14522
3085,0.964602
3086,0.994612
3087,1.27839
3088,1.17998
3089,0.893329
3090,1.14511
3091,1.2994
3092,1.10849
3093,0.885325
3094,0.809046
3095,1.18317
3096,1.09552
3097,1.08534
3098,0.88338
3099,1.30983
3100,0.979826
3101,1.31403
3102,0.859418
3103,1.11561
3104,1.02635
3105,0.775537
3106,1.06468
3107,1.36766
3108,0.846792
3109,1.07924
3110,0.905073
3111,0.982996
3112,1.11082
3113,1.15604
3114,1.02331
3115,1.2507
3116,0.945114
3117,0.973274
3118,0.694752
3119,1.058
3120,0.880822
3121,1.15315
3122,0.728112
3123,1.07582
3124,0.74789
3125,0.946504
3126,1.12614
3127,0.922092
3128,1.21677
3129,0.906758
3130,1.03553
3131,1.01136
3132,1.16813
3133,0.881879
3134,0.861138
3135,1.18424
3136,1.13338
3137,1.06735
3138,0.804608
3139,1.32512
3140,0.97694
3141,1.2274
3142,0.798916
3143,0.797718
3144,1.18164
3145,0.721156
3146,0.847809
3147,1.17422
3148,0.925186
3149,0.927883
3150,0.908846
3151,1.04341
3152,0.998306
3153,1.15327
3154,0.875903
3155,0.853167
3156,1.03812
3157,1.25747
3158,1.26972
3159,1.02776
3160,1.19125
3161,0.812126
3162,0.719211
3163,1.23035
3164,1.01193
3165,0.994525
3166,1.00835
3167,0.979993
3168,1.01529
3169,0.795169
3170,0.918384
3171,0.983154
3172,1.09387
3173,0.911385
3174,1.1106
3175,1.03267
3176,0.768819
3177,1.02271
3178,1.19387
3179,1.18305
3180,0.889052
3181,0.98334
3182,0.811963
3183,0.897269
3184,0.775614
3185,0.854704
3186,0.876692
3187,0.979464
3188,1.10091
3189,0.689699
3190,0.874415
3191,0.894581
3192,1.03841
3193,1.00134
3194,1.1402
3195,0.960741
3196,0.945322
3197,0.820862
3198,1.05447
3199,0.942094
3200,1.02945
3201,1.00931
3202,0.938371
3203,0.870141
3204,0.952333
3205,0.854362
3206,1.37906
3207,1.38099
3208,1.11216
3209,0.805171
3210,0.983744
3211,0.990755
3212,1.40495
3213,0.983753
3214,0.93978
3215,1.1827
3216,1.73499
3217,0.740596
3218,1.11695
3219,0.941407
3220,0.99053
3221,0.761245
3222,0.958736
3223,0.98742
3224,1.23072
3225,0.707017
3226,1.03869
3227,1.45397
3228,1.2158
3229,1.43147
3230,0.910611
3231,1.10517
3232,0.844593
3233,0.790571
3234,0.929368
3235,1.15616
3236,0.799875
3237,0.765826
3238,1.21397
3239,0.994016
3240,0.899245
3241,0.832102
3242,1.1623
3243,0.884264
3244,0.817667
3245,1.06751
3246,0.893329
3247,0.840129
3248,1.0867
3249,1.01985
3250,1.12345
3251,1.05234
3252,0.872668
3253,0.985674
3254,0.932683
3255,1.02831
3256,1.01599
3257,0.968468
3258,0.968884
3259,0.840633
3260,1.11874
3261,0.898616
3262,0.968168
3263,0.752691
3264,0.914535
3265,0.898526
3266,1.12693
3267,0.973215
3268,1.27711
3269,0.935261
3270,0.927892
3271,1.11829
3272,0.962684
3273,1.28853
3274,0.928644
3275,0.929508
3276,0.865888
3277,1.10285
3278,0.848233
3279,0.988813
3280,0.741782
3281,0.856158
3282,1.30552
3283,1.00286
3284,0.696422
3285,1.00409
3286,0.757524
3287,0.874765
3288,0.896193
3289,0.953
3290,1.04552
3291,1.14993
3292,1.28943
3293,0.861569
3294,1.17199
3295,1.0522
3296,1.03002
3297,0.98594
3298,0.930587
3299,0.868142
3300,0.899335
3301,1.17821
3302,1.07826
3303,0.732641
3304,1.05834
3305,1.11115
3306,1.02461
3307,1.04127
3308,1.02566
3309,0.870054
3310,0.978592
3311,0.964939
3312,0.844509
3313,1.09331
3314,0.818485
3315,0.66965
3316,0.880646
3317,1.69147
3318,1.0426
3319,1.17986
3320,0.844931
3321,1.06381
3322,0.863898
3323,0.898166
3324,1.19268
3325,1.02965
3326,1.06693
3327,0.992405
3328,1.23738
3329,0.727166
3330,1.26188
3331,0.821683
3332,0.882938
3333,1.07731
3334,1.03598
3335,1.09512
3336,0.971669
3337,1.02067
3338,1.25445
3339,1.05017
3340,0.917824
3341,0.71291
3342,0.929619
3343,1.15986
3344,1.16265
3345,1.04804
3346,1.01558
3347,0.983213
3348,0.868663
3349,1.09412
3350,0.959743
3351,0.869793
3352,1.13587
3353,0.981189
3354,1.26478
3355,0.992485
3356,1.2072
3357,0.582049
3358,0.991238
3359,0.989891
3360,0.883203
3361,1.04781
3362,0.864936
3363,0.88763
3364,0.883203
3365,1.05996
3366,0.817667
3367,0.914059
3368,1.07254
3369,0.879765
3370,0.7719
3371,1.1275
3372,1.00215
3373,1.38555
3374,1.31693
3375,1.06008
3376,1.0468
3377,0.861311
3378,1.07586
3379,1.37671
3380,0.996514
3381,1.02409
3382,0.789228
3383,1.04625
3384,0.799715
3385,1.35459
3386,0.801877
3387,0.993752
3388,1.15859
3389,0.98061
3390,0.884971
3391,0.984787
3392,0.803884
3393,1.26453
3394,0.992622
3395,0.975973
3396,0.685847
3397,0.807026
3398,0.956887
3399,0.960232
3400,0.825967
3401,1.0896
3402,0.820534
3403,0.957011
3404,0.798357
3405,1.07249
3406,1.05597
3407,1.05062
3408,0.87792
3409,1.1336
3410,1.21203
3411,0.834602
3412,1.13803
3413,0.921502
3414,0.961183
3415,0.821355
3416,0.806541
3417,1.0874
3418,1.18199
3419,0.905851
3420,0.713124
3421,1.13134
3422,0.702577
3423,0.971339
3424,0.808884
3425,1.13224
3426,1.04388
3427,0.905009
3428,0.966658
3429,1.21969
3430,0.794613
3431,1.01023
3432,0.963541
3433,0.897089
3434,1.11216
3435,0.805735
3436,1.15569
3437,0.914809
3438,1.12581
3439,0.980699
3440,0.965325
3441,0.816932
3442,0.877744
3443,1.18863
3444,0.980669
3445,0.822752
3446,1.33924
3447,1.02789
3448,1.14843
3449,1.14042
3450,0.876692
3451,0.779346
3452,1.00154
3453,0.965007
3454,0.909373
3455,1.27112
3456,0.869184
3457,0.898795
3458,0.703632
3459,1.11227
3460,1.31337
3461,1.55893
3462,1.18994
3463,0.865974
3464,0.819714
3465,0.880646
3466,0.895207
3467,1.11818
3468,0.656915
3469,0.776313
3470,1.29758
3471,1.33536
3472,0.657178
3473,1.00971
3474,1.31838
3475,0.701454
3476,1.22128
3477,0.88285
3478,0.841979
3479,1.40931
3480,0.941143
3481,0.85385
3482,0.731104
3483,1.04547
3484,1.3652
3485,0.953687
3486,1.02212
3487,0.676583
3488,0.84358
3489,0.848403
3490,1.07469
3491,0.812938
3492,1.04572
3493,1.17105
3494,1.21313
3495,0.913748
3496,1.07764
3497,1.00257
3498,1.01723
3499,1.12705
3500,1.32618
3501,0.877042
3502,0.705746
3503,0.959772
3504,0.870837
3505,1.12964
3506,0.862086
3507,1.47816
3508,0.853082
3509,1.22422
3510,1.02553
3511,0.794295
3512,0.834769
3513,1.08543
3514,0.848572
3515,1.03613
3516,1.0683
3517,0.814077
3518,0.718421
3519,1.10683
3520,1.1977
3521,0.792074
3522,0.932786
3523,1.15304
3524,0.627256
3525,0.963676
3526,1.17292
3527,0.731177
3528,0.942678
3529,0.893597
3530,1.14752
3531,1.04093
3532,0.980375
3533,1.18982
3534,0.939629
3535,1.4636
3536,0.984649
3537,1.12727
3538,0.684751
3539,0.831936
3540,1.25345
3541,1.13009
3542,1.01351
3543,0.778645
3544,1.22348
3545,0.860708
3546,1.20166
3547,1.23627
3548,1.3693
3549,0.911294
3550,1.20069
3551,1.27698
3552,1.12401
3553,1.11483
3554,0.705675
3555,1.23961
3556,1.15269
3557,0.899515
3558,1.06974
3559,0.769819
3560,1.07168
3561,1.00915
3562,1.0184
3563,0.939122
3564,1.13247
3565,1.22924
3566,0.76552
3567,1.0479
3568,0.889052
3569,0.942792
3570,1.40368
3571,1.34878
3572,0.780906
3573,0.934279
3574,1.3964
3575,0.929368
3576,0.997651
3577,0.941369
3578,0.825802
3579,1.01665
3580,0.803322
3581,1.03738
3582,1.152
3583,0.873803
3584,0.937827
3585,0.759648
3586,0.956724
3587,1.30826
3588,0.763074
3589,1.23442
3590,1.06523
3591,0.790413
3592,0.735136
3593,1.0633
3594,1.32803
3595,0.738156
3596,0.954307
3597,0.988704
3598,1.16894
3599,1.22519
3600,1.1293
3601,1.06643
3602,0.745649
3603,1.03479
3604,0.649924
3605,1.17117
3606,0.761626
3607,1.13021
3608,0.938052
3609,0.899784
3610,1.07662
3611,1.18424
3612,0.894044
3613,1.19554
3614,1.09174
3615,0.980964
3616,0.990632
3617,0.982947
3618,1.09303
3619,0.893419
3620,0.823905
3621,1.01078
3622,0.838786
3623,0.895745
3624,1.18412
3625,0.791441
3626,1.00025
3627,1.14419
3628,1.05569
3629,1.09861
3630,0.773446
3631,1.06503
3632,1.02622
3633,1.0203
3634,0.972875
3635,0.954059
3636,0.932571
3637,0.898077
3638,1.02866
3639,1.09925
3640,0.964505
3641,1.00373
3642,1.25257
3643,0.883822
3644,0.934298
3645,0.983714
3646,0.998957
3647,1.00189
3648,0.861483
3649,0.769357
3650,1.15292
3651,0.879941
3652,1.23072
3653,1.08666
3654,0.744159
3655,0.865628
3656,1.12626
3657,1.18887
3658,0.90991
3659,0.830606
3660,1.3792
3661,0.937667
3662,0.755633
3663,1.00805
3664,0.944632
3665,0.638649
3666,0.999193
3667,0.88568
3668,0.919817
3669,1.11016
3670,1.28377
3671,1.09253
3672,1.31311
3673,0.948086
3674,0.81099
3675,0.862345
3676,0.769819
3677,0.990334
3678,0.960338
3679,0.713267
3680,0.98818
3681,1.04895
3682,0.939159
3683,1.21313
3684,0.984964
3685,0.991297
3686,0.85385
3687,1.15905
3688,0.972204
3689,1.13224
3690,1.229
3691,0.841306
3692,0.769357
3693,0.998127
3694,1.01807
3695,1.00067
3696,1.278
3697,0.929136
3698,0.773136
3699,0.872755
3700,0.8462
3701,0.867448
3702,0.986009
3703,1.42732
3704,0.760788
3705,0.823164
3706,1.10295
3707,0.732055
3708,0.803884
3709,0.95956
3710,0.789149
3711,1.29149
3712,0.992307
3713,1.16265
3714,1.15523
3715,0.891634
3716,0.979973
3717,0.9131
3718,0.61866
3719,0.952457
3720,0.957461
3721,1.06191
3722,0.77005
3723,1.11885
3724,0.865455
3725,1.11628
3726,0.991061
3727,0.951981
3728,1.30213
3729,1.01851
3730,0.954393
3731,1.08343
3732,1.03324
3733,0.803563
3734,1.12412
3735,1.04345
3736,1.03455
3737,0.85479
3738,1.11216
3739,1.24359
3740,1.00569
3741,0.712767
3742,0.846369
3743,1.14706
3744,1.09579
3745,1.03682
3746,0.950459
3747,0.873803
3748,1.05014
3749,0.757221
3750,0.94588
3751,1.23627
3752,1.01227
3753,1.27673
3754,0.930159
3755,1.01214
3756,0.98013
3757,0.904656
3758,1.0374
3759,1.11672
3760,1.03974
3761,0.629519
3762,1.29046
3763,1.03051
3764,0.669985
3765,1.24147
3766,1.31719
3767,1.09771
3768,1.30161
3769,0.749837
3770,0.972544
3771,0.814566
3772,1.02335
3773,1.14419
3774,1.24658
3775,0.823905
3776,0.623379
3777,0.874765
3778,0.822588
3779,1.11974
3780,0.698235
3781,0.954078
3782,1.30356
3783,1.01666
3784,1.31614
3785,0.913922
3786,0.786471
3787,1.01138
3788,0.924668
3789,1.25986
3790,0.992297
3791,0.770589
3792,0.682154
3793,0.832518
3794,0.736019
3795,1.23306
3796,0.777167
3797,0.948238
3798,0.949234
3799,1.07506
3800,0.843412
3801,0.7172
3802,1.00287
3803,0.955319
3804,0.994797
3805,0.963464
3806,0.888074
3807,1.34487
3808,0.669048
3809,1.27354
3810,0.918191
3811,0.937714
3812,0.794295
3813,1.33376
3814,1.0498
3815,1.34232
3816,0.81367
3817,0.804367
3818,1.05842
3819,0.922369
3820,0.762922
3821,0.895924
3822,1.12255
3823,0.899515
3824,1.28763
3825,1.10295
3826,0.761169
3827,1.15488
3828,1.03076
3829,0.883115
3830,0.845185
3831,0.967442
3832,0.915504
3833,0.807671
3834,1.00978
3835,1.21288
3836,1.2517
3837,1.24895
3838,1.09703
3839,1.01528
3840,1.14236
3841,0.93399
3842,0.914718
3843,1.18116
3844,0.767897
3845,1.13021
3846,0.817994
3847,0.986877
3848,0.905761
3849,0.846284
3850,0.916063
3851,1.03683
3852,1.13055
3853,1.21143
3854,1.24945
3855,1.10307
3856,0.91154
3857,0.958956
3858,0.849421
3859,0.956801
3860,0.819468
3861,0.685025
3862,1.13111
3863,0.710703
3864,0.92036
3865,1.05905
3866,1.06005
3867,0.993803
3868,0.923384
3869,1.07774
3870,0.865022
3871,1.18839
3872,0.775459
3873,0.8244
3874,1.03707
3875,1.44499
3876,0.830357
3877,0.630274
3878,1.15177
3879,0.753444
3880,0.907883
3881,0.851462
3882,0.911695
3883,1.15142
3884,1.1165
3885,0.833601
3886,1.04286
3887,0.942603
3888,1.09179
3889,0.911695
3890,0.964853
3891,0.841474
3892,1.28879
3893,1.18412
3894,0.97918
3895,0.87871
3896,0.969243
3897,0.801637
3898,0.904566
3899,0.788755
3900,0.844593
3901,1.0613
3902,1.00465
3903,1.26884
3904,0.934223
3905,0.902398
3906,0.628198
3907,1.1361
3908,0.860278
3909,1.15385
3910,1.06209
3911,1.17339
3912,1.3387
3913,0.714766
3914,1.31193
3915,0.794931
3916,1.05012
3917,1.08858
3918,0.793978
3919,1.15315
3920,0.967819
3921,1.30317
3922,0.805896
3923,0.883468
3924,0.927029
3925,1.00241
3926,0.9172
3927,0.978681
3928,0.774607
3929,0.955854
3930,0.960837
3931,0.844256
3932,1.07994
3933,1.27622
3934,0.996241
3935,1.42504
3936,1.24048
3937,1.39403
3938,1.16871
3939,0.997386
3940,0.789307
3941,0.995587
3942,0.97695
3943,0.916411
3944,1.13258
3945,0.917163
3946,0.659351
3947,0.822423
3948,1.0885
3949,1.08134
3950,0.781922
3951,1.21616
3952,0.796921
3953,0.695726
3954,1.08138
3955,1.08214
3956,1.23986
3957,0.822999
3958,0.8424
3959,1.34986
3960,1.18353
3961,1.13406
3962,1.0381
3963,1.04144
3964,1.10282
3965,0.832935
3966,1.08283
3967,1.16918
3968,1.17551
3969,1.0475
3970,0.998257
3971,0.863553
3972,1.10672
3973,1.0637
3974,0.997809
3975,0.937217
3976,0.855816
3977,1.16242
3978,1.2517
3979,1.00378
3980,0.920876
3981,1.13394
3982,0.868837
3983,1.12042
3984,0.973371
3985,0.819714
3986,1.21787
3987,0.899245
3988,0.933644
3989,1.02228
3990,0.851037
3991,0.909537
3992,0.887985
3993,0.81824
3994,1.04162
3995,1.02121
3996,1.20418
3997,1.22581
3998,0.906178
3999,0.896372
4000,0.654293
4001,0.930168
4002,1.14179
4003,1.15812
4004,0.942028
4005,0.989654
4006,0.871186
4007,0.963137
4008,0.998472
4009,1.1721
4010,1.2037
