ReTr(L),ImTr(L)
1.4828,-0.0593105
1.6353,-0.450583
1.98411,-0.536627
1.51784,-0.653159
1.64319,-0.994445
1.64319,-0.994445
1.59088,-0.6497
1.98045,-0.813945
1.86138,-1.11636
1.41448,-1.00215
1.40293,-0.455833
1.65982,-0.338728
1.30213,0.210199
1.47932,-0.276285
1.64863,-0.603366
1.3757,-0.0916363
1.37073,-0.230234
1.40152,-0.0193225
1.30426,-0.0376695
1.50224,-0.216022
1.16042,-0.663428
1.19114,-0.468934
1.124,-1.11372
0.901342,-0.730586
1.0756,-0.386757
0.765118,-0.78503
0.540784,-1.10345
0.422927,-1.28843
0.447526,-0.65251
0.772272,-0.622763
0.709257,-0.32599
0.618679,-0.0670071
0.63571,-0.146961
0.63571,-0.146961
0.663482,-0.129753
0.682567,-0.139171
0.522586,0.294434
0.349206,0.468046
0.480979,0.243861
0.31812,0.481254
0.156156,0.475915
0.0762009,0.471142
0.0842681,0.487198
0.73166,0.592288
0.949168,0.128291
1.04805,0.233002
1.07394,0.0825564
1.19735,0.137493
1.20587,-0.0355449
1.27195,-0.15186
1.21459,-0.225472
0.99521,-0.0955647
1.19921,-0.0701932
1.43547,-0.446018
1.68634,-0.544944
1.47219,-0.369308
1.12312,-0.703866
1.15434,-0.62406
1.31883,-0.459214
1.31883,-0.459214
1.15952,-0.446795
1.18904,-0.401994
1.15366,-0.263871
0.979289,-0.225627
1.38234,-0.244375
1.5238,-0.489583
1.5238,-0.489583
1.4512,-0.457621
1.36836,-0.320242
1.44427,0.180324
1.7397,0.221333
1.61609,0.162199
1.44045,0.0321062
1.63583,0.216586
1.13654,-0.278504
0.664977,-0.421588
0.315405,-0.879488
0.239357,-1.05448
0.239357,-1.05448
0.608287,-1.17725
0.72546,-1.41652
0.638945,-1.47167
1.35774,-1.53631
1.23462,-1.71291
1.41074,-0.912945
1.59607,-0.756364
1.56057,-0.547366
1.71385,-0.746121
1.59516,-0.466551
1.23102,-0.602954
1.20521,-0.736622
1.19758,-1.12125
0.733944,-1.8094
0.966373,-1.3436
0.860485,-1.82991
0.841419,-1.59186
1.01682,-2.01993
0.337579,-2.00614
-0.185008,-2.0023
0.557948,-2.40504
-1.16239,-2.71481
-0.660057,-1.82259
-0.0983622,-2.24205
-0.790653,-2.66643
-0.623943,-2.85398
-0.810419,-2.63827
-0.314244,-2.5669
-0.314244,-2.5669
-0.654081,-2.37232
-0.514815,-2.24681
-0.868651,-2.36532
-0.346567,-2.22033
-0.71573,-2.43847
0.237041,-2.52123
0.0195682,-2.88398
0.406405,-2.48015
0.520764,-2.07974
1.17219,-2.45998
1.04411,-2.75088
-0.93814,-3.58506
-0.607696,-2.7144
0.0400675,-2.39131
-0.343789,-3.04311
-0.0113147,-2.87872
1.19549,-3.00393
0.313008,-3.08362
0.710124,-1.82029
0.799777,-1.53382
0.494171,-0.750073
0.694017,-0.832052
0.931911,-0.576317
0.931911,-0.576317
1.22968,-0.831456
1.18867,-0.923896
1.26958,-0.967589
0.694798,-0.904755
0.782994,-0.849566
0.716716,-0.731408
0.399899,-0.913454
0.737366,-1.03085
0.230947,-0.877566
0.438406,-0.825381
0.452534,-0.376547
0.615424,-0.551152
0.529297,-0.376237
0.698948,-0.475677
0.361311,-0.362387
0.543141,-0.306173
0.435358,-0.402481
0.524887,-0.530221
0.818141,-0.397419
0.760353,-0.557995
0.720693,-0.68857
0.870798,-0.89524
1.23937,-0.742606
1.026,-0.659313
1.026,-0.659313
0.840355,-0.726865
1.05668,-1.06471
2.1617,-1.00568
1.73312,-0.686111
1.73312,-0.686111
1.54657,-0.573735
1.73048,-0.0221523
1.51366,-0.126182
1.14986,-0.315008
1.24618,-0.373761
1.23967,-0.601785
1.38043,-0.266126
1.4979,-0.371903
1.21131,-0.872527
1.73403,-0.778107
2.28526,-0.701201
1.88163,-1.2243
1.76975,-1.22546
1.68729,-0.744512
1.68245,-1.11429
1.49346,-0.756487
1.30573,-1.15702
1.18046,-1.36224
1.31477,-1.58208
0.768687,-1.01692
0.698371,-0.648351
0.386231,-0.755648
0.509711,-0.950478
0.5984,-0.734834
0.705171,-1.12787
0.366799,-0.820868
0.485556,-0.943804
0.753356,-0.823383
0.562301,-0.841796
0.380404,-1.05407
0.323145,-1.20366
0.058779,-0.92116
0.121787,-0.816346
0.0363881,-1.19345
0.166862,-1.11663
0.216938,-0.961455
0.00869081,-1.2589
0.281959,-1.05413
0.431234,-0.999489
0.28245,-0.803029
0.503151,-0.735084
0.405027,-0.884454
0.49994,-1.13234
0.263495,-1.51424
0.744486,-1.33831
0.790548,-1.05024
0.961644,-0.807762
0.84841,-0.513341
0.869751,-0.758077
0.935255,-0.637001
1.05102,-0.848452
0.943706,-0.857341
0.71168,-0.759342
0.448519,-0.910675
0.559561,-1.0609
0.582185,-1.17622
0.540017,-1.13493
0.835982,-1.00767
1.05379,-1.14713
1.03301,-1.03428
1.05034,-1.05318
0.921871,-0.981214
0.968898,-1.18177
0.773014,-1.19324
0.561826,-1.2287
1.03879,-1.28145
0.832582,-1.25831
0.917389,-1.27744
0.811289,-1.3774
1.03487,-1.20324
0.700503,-1.32104
0.815535,-1.13193
0.853772,-1.07037
0.945407,-1.2663
0.945407,-1.2663
1.10703,-1.39784
1.10703,-1.39784
1.19449,-1.54001
1.19449,-1.54001
0.701687,-1.38481
0.839907,-1.24128
0.832793,-0.947346
1.26934,-0.961294
1.3359,-1.2727
1.35923,-1.81804
1.76775,-1.51706
1.69655,-0.922074
2.45738,-0.639208
2.55666,-0.410763
2.37178,-0.946815
2.20837,-0.988557
2.04347,-0.607995
1.724,-0.521116
1.58789,-1.20416
1.72389,-1.28168
1.62432,-1.79441
1.58668,-2.2013
1.482,-1.98928
1.77752,-1.78144
2.02177,-1.19964
2.54724,-1.29783
2.92829,-1.02939
3.82994,-1.01302
3.75239,-0.298275
3.72675,-0.878518
3.85381,-0.432571
3.57535,-1.32262
3.57535,-1.32262
3.57535,-1.32262
4.29388,-0.95647
3.16171,-1.73027
2.63255,-0.722523
1.9137,-0.61028
1.95549,-0.538871
2.41434,-0.332014
2.14887,-0.0754187
2.37907,-0.650255
2.37907,-0.650255
2.01876,-0.299098
1.68206,-0.552036
1.62516,-0.0419214
1.83375,0.75368
1.60345,0.667317
1.60345,0.667317
1.52598,0.117134
1.68674,-0.0218456
1.34295,-0.202014
1.13122,-0.562178
1.45487,-0.911767
1.49339,-1.09465
1.43795,-1.33584
1.45678,-1.07137
1.43733,-1.46274
1.39756,-1.10208
1.46798,-1.02011
1.46798,-1.02011
1.46798,-1.02011
1.72946,-1.14208
1.65647,-0.509098
1.93637,-0.361724
1.97832,-0.317864
2.18504,-0.0263999
2.0562,-0.00191081
2.14619,-0.192103
1.90672,0.595134
1.71407,0.905573
1.77549,1.0793
1.54356,1.06293
1.25681,1.0554
0.991708,1.2126
0.646698,1.12702
0.646698,1.12702
0.895747,1.17954
0.32206,1.16851
0.286335,1.35496
0.132231,0.967741
-0.546832,0.538337
-0.433943,0.653721
-0.151851,0.795472
-0.574385,0.670847
-0.29359,0.870707
-0.23621,0.624986
-0.115021,0.621654
0.369708,0.8318
0.42182,1.0649
0.259218,0.858492
0.635294,0.571668
0.373341,0.390109
0.65532,0.062788
0.0499203,0.339025
0.273646,0.0653727
-0.153937,0.322367
-0.167163,0.139764
-0.162814,0.223245
0.192349,0.461086
0.194368,0.294972
0.0399661,0.271331
0.197804,0.474667
0.385484,0.618923
1.1245,0.666622
0.953616,1.11401
0.711052,0.948496
0.85455,1.12141
0.820261,0.821792
0.820261,0.821792
0.820261,0.821792
0.733162,0.829371
1.41431,0.332812
1.21242,0.13222
1.17568,0.28536
0.998989,0.422849
1.20132,0.135776
1.38016,0.154934
1.30094,-0.0845341
1.30094,-0.0845341
1.35002,-0.292714
1.25776,0.0112316
1.12631,-0.183886
0.97255,-0.137369
1.14533,-0.458722
1.28221,-0.876629
1.38918,-0.881397
1.60454,-0.90119
1.6309,-0.656454
1.71634,-0.717544
1.71634,-0.717544
1.8432,-0.734961
1.35261,-0.823893
1.17744,-0.852723
1.3742,-0.849585
1.24516,-0.61566
1.21829,-1.02809
1.43914,-0.95247
1.28686,-1.04795
1.2482,-0.856186
1.05164,-0.671503
0.903853,-0.706175
1.04804,-0.603508
1.04804,-0.603508
1.15394,-0.370513
0.599833,-0.465604
0.675863,-0.833657
0.654635,-0.41056
0.673175,-0.636073
0.461317,-0.647645
0.461317,-0.647645
0.376054,-0.50598
0.187531,-0.548473
0.27553,-0.348023
0.38417,-0.416647
0.465404,-0.357137
0.517182,-0.160894
0.687019,-0.193526
0.817175,-0.351283
0.953004,-0.307641
0.870021,-0.136136
0.970541,-0.31015
0.994446,-0.298841
1.06047,-0.160846
0.854285,-0.00451916
0.945797,-0.225338
1.1534,-0.286482
1.1534,-0.286482
1.22217,-0.233991
1.22381,-0.182186
0.668674,-0.23823
0.668674,-0.23823
0.685226,-0.279263
0.77486,-0.236108
0.785453,-0.412667
0.834855,-0.581077
0.708489,-0.467581
0.756357,-0.628028
0.564329,-0.636688
0.354811,-0.77023
0.707211,-0.745655
0.669958,-0.726387
0.788214,-0.642627
0.771739,-0.64267
0.645545,-0.822431
0.616831,-0.958067
0.916853,-1.10195
0.845118,-1.08202
0.826544,-0.96542
0.512613,-0.69805
0.710221,-0.803354
0.604854,-0.993789
0.779512,-0.926816
0.458657,-1.25377
0.394647,-1.21577
0.65214,-1.00685
0.544626,-1.22904
0.445769,-1.02545
0.509773,-1.28238
0.461931,-1.58792
0.313393,-1.83249
-0.144062,-2.29899
0.371648,-2.65759
0.06379,-2.47272
0.0654226,-2.01493
-0.541159,-2.13409
-0.541159,-2.13409
0.187444,-2.17198
0.187444,-2.17198
0.460877,-1.84667
0.93071,-2.27793
0.612363,-1.96603
0.706899,-1.98803
0.615725,-1.78899
0.60062,-1.96348
0.343768,-1.89176
0.543426,-1.48528
0.43905,-1.46795
0.737245,-1.32351
0.677867,-1.56049
0.0877387,-2.03814
-0.817755,-2.09523
-0.299946,-1.61527
-0.296379,-1.60089
0.136521,-1.38448
-0.294832,-1.76612
-0.439313,-1.48257
-0.473186,-1.27335
-0.987464,-1.20588
-0.649535,-1.09037
-0.167523,-0.977866
0.105091,-0.862035
-0.241403,-0.588758
0.00650607,-0.586674
0.210471,-0.995224
0.300561,-0.936251
0.0476951,-1.0229
-0.411251,-1.07181
-0.379636,-0.840458
-0.26289,-0.569656
-0.10118,-0.114283
-0.171407,-0.223557
-0.34016,0.229882
-0.331962,-0.0161062
-0.626285,0.116882
-0.633732,-0.0904618
-0.796819,-0.107197
-0.698455,0.154911
-1.1737,0.575473
-1.04768,0.322101
-1.01409,0.439633
-0.763871,0.361545
-0.532438,0.478356
-0.820285,0.851797
-0.898952,0.806677
-0.837541,0.729598
-0.866012,0.840686
-0.472593,1.03476
-0.951113,1.35542
-0.84677,0.913288
-0.84677,0.913288
-1.02081,1.98951
-0.86343,1.54317
-0.86343,1.54317
-1.03002,1.1723
-0.6614,1.01552
-0.599667,0.864429
-0.576837,0.792396
-0.561681,0.907139
-0.561681,0.907139
-0.48717,0.91411
-0.705377,0.909264
-0.833433,0.623199
-0.688487,0.626292
-0.688487,0.626292
-0.555417,0.630177
-0.784397,0.575139
-0.931785,0.502301
-0.927414,0.395159
-0.465205,0.632603
-0.548504,0.842595
-0.751812,0.76858
-0.883752,0.660267
-1.42727,0.53925
-1.61947,0.19341
-1.61947,0.19341
-1.48353,0.288264
-1.67571,0.0823633
-1.52922,-0.0244472
-1.85251,0.33452
-2.75558,0.0264439
-2.17728,0.572827
-2.08733,1.65919
-2.06334,1.93668
-2.19891,1.93906
-2.6758,1.83521
-2.22355,1.73725
-1.71172,1.21554
-1.60361,0.868177
-1.76138,0.982126
-2.21606,1.09807
-1.55479,0.604714
-2.03836,-0.0793303
-1.93797,0.52528
-1.2763,0.777888
-1.12457,0.914525
-0.858473,1.00698
-0.858473,1.00698
-0.958553,0.819266
-1.10404,1.06561
-0.732163,1.1778
-0.76548,1.52625
-0.685168,1.20312
-0.685168,1.20312
-1.28017,0.965145
-1.11672,0.782637
-0.630508,0.927693
-0.630497,1.07869
-0.438707,1.01909
0.0878332,1.21679
0.107014,0.766828
-0.0611026,1.02944
0.117392,1.09485
0.145297,1.28504
-0.169746,1.0414
0.0507005,1.14533
0.0802394,1.02281
0.103063,1.16877
-0.00954136,1.57389
0.170063,1.55063
0.414775,1.46957
-0.558292,1.21622
-0.544066,1.33391
-0.575357,1.32488
-0.505348,1.60367
-0.589269,1.57622
-0.589269,1.57622
0.160926,1.89943
0.443558,2.07937
0.631054,2.26125
0.809221,1.89332
0.51512,1.95105
0.325132,1.65298
0.501084,1.74002
0.575946,2.02673
0.565852,1.65145
0.763832,1.45796
0.841099,1.68667
0.846806,1.33488
0.639394,1.27445
0.950966,0.971489
0.772568,1.04763
1.08873,1.2952
0.432297,1.16442
0.599901,0.987027
0.352164,0.618815
0.541533,0.608944
0.281421,0.365676
0.468073,0.296495
0.622448,0.34598
0.706189,0.262801
0.819839,0.219619
0.94597,0.159339
0.516583,-0.0316562
0.241624,0.173922
0.533771,0.442735
0.480064,0.845133
0.43295,0.830489
0.762729,0.864763
0.447227,0.622126
0.397442,0.62386
0.346919,0.753474
0.486104,1.09532
0.563442,1.25925
1.38611,0.957406
1.55549,1.13294
1.44793,0.659775
1.27741,0.835961
0.958001,0.94043
0.667159,0.523812
0.415298,0.737006
0.349131,0.782219
0.0951457,1.22883
1.09413,2.05816
0.904889,1.03037
0.781234,1.0071
0.887046,0.887893
1.13021,0.37722
0.868069,0.14915
0.868069,0.14915
1.35532,0.033068
1.15332,-0.137406
0.727081,-0.179657
0.693759,-0.424506
0.492281,-0.426501
0.463199,-0.109076
0.733908,-0.13659
0.570385,0.223849
0.431207,0.0632791
0.431207,0.0632791
0.370599,0.209018
0.616439,-0.100348
0.476662,-0.197511
0.714639,0.0865526
0.714639,0.0865526
0.714639,0.0865526
0.694619,0.327572
0.49003,0.604764
0.57863,0.528807
0.743502,0.510172
0.573014,0.392883
0.411132,0.749835
0.320409,0.825787
0.698084,1.05227
0.682827,1.0917
0.709191,1.32036
0.756992,1.63558
0.41321,1.76728
0.710997,2.17828
0.9088,2.26007
1.60267,2.57313
-0.105761,2.5184
-0.105761,2.5184
0.142706,2.05471
0.144405,1.86998
0.31076,1.80006
0.0890433,1.50645
-0.0566419,1.52588
-0.0663924,1.58246
0.0276094,1.23808
0.0276094,1.23808
-0.101317,1.23812
-0.0885002,1.22718
-0.298139,1.09369
-0.0266749,1.45286
0.268288,1.38994
0.0243108,1.14452
0.180737,1.5509
0.0238182,1.28158
-0.11549,1.4745
-0.169621,1.441
-0.0936314,1.52721
0.167335,2.10604
0.0467123,2.04361
-0.722887,1.95879
-0.560189,1.47952
-0.758528,1.7191
-0.758528,1.7191
-1.3196,1.48613
-1.47915,1.40653
-1.0524,0.959128
-0.832156,1.03445
-0.616594,1.21994
-0.791585,1.13285
-0.791585,1.13285
-0.77228,1.0525
-0.940889,1.2739
-0.844114,1.48759
-0.410966,1.51959
-0.48031,1.42123
-0.434144,1.72117
-0.514616,1.40101
-0.271991,1.5574
-0.0308231,1.33009
0.150209,1.40492
0.315207,1.30306
0.193332,1.57849
0.0972756,1.39613
0.601833,1.42708
0.302031,1.13018
-0.165365,1.09902
-0.111861,1.0451
0.00259205,0.970547
-0.162107,0.94091
0.0393031,0.883819
0.243405,1.05245
0.278373,0.845444
0.103238,0.810346
0.291309,0.796497
0.27023,0.779257
0.27023,0.779257
0.202647,0.756741
0.100298,0.923217
0.0595476,1.16963
0.0592075,1.07549
0.137419,1.12636
0.137419,1.12636
0.0340751,1.13234
0.00159038,1.19927
0.342323,1.25887
0.363336,0.977527
0.63867,0.907558
0.681733,0.763247
0.635565,1.00856
0.68976,0.961609
0.915757,0.543274
1.06204,0.303608
0.500734,0.169374
0.655322,0.148057
0.382999,0.33005
0.437364,0.418818
0.113145,0.398404
0.0854255,0.782728
0.238351,0.634635
0.422596,0.707598
0.572329,0.542284
0.572329,0.542284
0.621762,0.687228
0.521915,0.54231
0.4483,0.560726
0.659172,1.0266
0.658323,1.13569
0.718478,1.12174
1.06933,1.36945
0.808263,1.58054
1.02717,1.42315
0.833505,1.43448
0.851716,1.30346
0.567123,1.45633
0.759552,1.41822
1.13573,1.66003
1.27497,1.95523
0.253679,2.11968
0.596823,2.09279
0.887419,2.0717
1.00894,2.21866
1.36482,1.77052
0.6751,1.82449
0.34351,2.3782
0.615237,2.07232
0.702618,1.47086
0.539106,1.57418
0.350193,1.36302
0.527626,1.26665
0.667476,1.11168
0.742218,1.21199
0.742218,1.21199
0.559487,1.58006
0.329991,1.4492
0.55791,1.61125
0.7769,1.56793
0.696174,1.71822
1.34073,2.20548
1.48501,1.78272
1.328,1.89103
1.06819,1.61294
0.615437,1.52325
0.780699,1.57684
0.584317,1.74409
0.556909,1.74084
0.77267,1.79677
0.900266,1.48893
1.01115,1.67509
1.00768,1.09098
1.05163,1.2119
1.10258,1.01318
0.716227,1.3189
0.720824,1.64717
0.20461,1.93187
0.801089,2.02417
0.39578,2.61802
0.397289,2.44645
0.669688,2.31306
0.115532,2.33065
0.228999,2.01155
0.341485,2.3703
0.334283,2.2693
-0.436862,2.37721
-0.547034,2.28881
-1.00072,2.6375
-0.93855,2.1212
-1.16073,2.13047
-1.04682,1.90668
-2.21677,2.00166
-2.95824,2.61987
-1.8501,4.25475
-1.54999,4.46559
-2.03467,5.10053
-2.80226,5.33169
-2.34655,3.89425
-3.18873,4.10754
-1.77918,3.88024
-0.576111,3.00302
-1.62405,3.4412
-2.52484,3.74589
-1.54355,3.95249
-1.77403,3.27049
-1.39173,2.80915
-1.68364,2.06715
-2.34274,1.68064
-2.22622,1.70018
-1.66844,2.4843
-2.03543,1.8689
-2.54078,2.43536
-2.9497,2.6443
-2.05471,2.61868
-2.05471,2.61868
-3.75305,1.7948
-3.75305,1.7948
-2.64807,1.56351
-2.8969,1.674
-1.95085,1.39188
-2.1509,1.41137
-1.43952,1.66414
-1.38108,2.01992
-1.58169,1.94432
-1.8438,1.6166
-1.84575,1.61951
-1.54679,1.34676
-1.88931,1.2546
-2.40284,0.736445
-2.40284,0.736445
-2.05577,0.970932
-2.08038,1.29778
-1.91412,1.62511
-1.98242,1.90727
-3.94565,1.36632
-3.60112,0.811944
-3.54795,1.63118
-4.65417,2.05157
-2.68039,1.35635
-2.74094,1.62675
-3.30694,1.27982
-2.7601,1.11681
-2.37526,1.1478
-1.95639,1.02274
-2.66009,0.742105
-3.10791,1.13027
-3.61961,0.551861
-3.68374,0.810827
-2.70274,0.265775
-2.53828,0.555124
-2.17772,0.0868604
-1.70349,-0.315332
-1.14012,-0.157024
-1.35463,-0.525891
-1.39389,-0.717567
-1.40382,-0.625492
-1.09554,-0.905152
-1.03537,-0.664646
-1.0189,-0.488898
-1.0189,-0.488898
-0.925191,-0.216929
-0.884331,-0.357467
-0.984622,-0.452687
-0.800904,-0.545811
-0.800904,-0.545811
-0.85332,-0.522599
-0.721844,-0.500315
-0.630928,-0.439058
-0.485095,-0.287797
-0.520823,-0.248481
-0.516367,-0.177848
-0.516367,-0.177848
-0.805857,0.0592657
-0.692963,0.217612
-0.57966,0.415098
-0.601171,0.19967
-0.748746,0.0367178
-0.914343,-0.109501
-0.918035,-0.206146
-0.888014,-0.225802
-0.891303,-0.369339
-0.891303,-0.369339
-0.917184,-0.28416
-1.0724,-0.268875
-1.02868,-0.306787
-1.02277,-0.287883
-1.02277,-0.287883
-1.0469,-0.476405
-1.26383,-0.208645
-1.13449,-0.42781
-0.987772,-0.63497
-0.88942,-0.538656
-0.854939,-0.514417
-1.04358,-0.403199
-0.916886,-0.276422
-1.00313,0.045574
-0.944282,0.0993532
-0.866507,0.264767
-0.844283,0.210069
-0.782498,0.44121
-0.590426,0.589107
-0.699862,0.655487
-0.649102,0.590677
-0.684887,0.627661
-0.775536,0.758792
-0.640423,0.684607
-0.640957,0.572491
-0.640957,0.572491
-0.587298,0.433861
-0.527605,0.653795
-0.569026,0.714612
-0.537288,1.02603
-0.393415,0.985712
-0.393415,0.985712
-0.73327,1.05002
-1.02792,1.06809
-0.682387,1.04646
-0.663053,0.906335
-0.825017,0.795155
-0.809848,0.683371
-0.809848,0.683371
-1.093,0.467764
-1.15031,0.357368
-1.11193,0.0671701
-1.11193,0.0671701
-1.04452,0.441822
-0.925855,0.499017
-0.860453,0.54461
-0.75296,0.581476
-1.22638,0.663102
-1.30678,0.361785
-1.17049,0.587345
-0.976945,0.384836
-1.10649,0.340938
-1.13713,0.192708
-1.22895,0.399966
-1.42421,0.521037
-1.45061,0.423345
-1.43969,0.594188
-1.47368,0.617936
-1.52368,0.195331
-1.40227,0.838944
-1.40227,0.838944
-1.81731,0.608973
-1.97602,1.11943
-1.57355,1.56785
-1.57355,1.56785
-1.57803,1.60313
-1.45054,1.38802
-1.18878,1.33511
-1.02383,1.51188
-0.869708,1.43236
-0.767304,1.45821
-0.924326,1.48241
-0.820462,1.20653
-0.855025,0.841249
-0.686228,0.839106
-0.487909,0.624251
-0.205091,0.764999
-0.256152,0.711285
-0.24891,0.749357
-0.119109,0.885647
-0.118993,0.655577
-0.137592,0.804384
-0.0861579,0.846243
-0.0504839,0.789761
0.161166,0.859931
0.198639,0.934868
0.324475,0.941038
-0.0751297,1.37736
-0.0028983,1.07287
0.264293,0.57455
0.585833,0.500209
0.292774,0.528471
0.305393,0.64923
0.409877,0.731152
0.150004,0.743908
0.240377,0.683579
0.317296,0.552013
0.383264,0.454147
0.498545,0.283639
0.662713,0.204049
0.662713,0.204049
0.577962,0.248662
0.67926,0.0139618
0.67926,0.0139618
0.717121,0.18667
0.660399,0.223697
0.856448,0.377988
0.78482,0.468522
0.847178,0.399286
0.821789,0.508958
0.845749,0.600687
1.39781,0.588105
1.16626,0.327917
0.903934,0.279237
1.106,0.135947
1.16816,0.252698
1.31928,0.0326753
1.09645,-0.403976
1.45472,-0.850302
1.39321,-0.730351
1.38309,-0.906439
1.21144,-0.239936
1.51287,-0.161125
1.51287,-0.161125
1.48378,-0.21676
1.62491,0.0625548
1.76722,0.472583
1.41859,0.100288
1.59747,0.0930656
1.44022,0.350511
1.47948,0.478109
1.60143,0.108165
1.46963,-0.394389
1.62828,-0.321494
1.45562,-0.172123
1.45562,-0.172123
1.59326,-0.606094
1.38882,-0.328395
1.40883,-0.0448875
1.29137,-0.143624
1.29137,-0.143624
1.36759,-0.197992
0.984355,-0.306858
0.984355,-0.306858
1.00369,-0.184878
0.964312,-0.432376
0.733088,-0.206871
0.878285,-0.235174
1.15287,-0.210362
1.12399,-0.0718792
1.18301,-0.045706
1.58047,-0.286503
1.70323,-0.0580919
1.30546,-0.510645
1.81511,-0.388679
1.82013,-0.516906
2.10417,-0.101581
1.537,-0.121321
1.79093,0.309458
1.46966,0.0653804
1.4116,-0.18896
1.5366,-0.30294
1.38415,-0.169234
1.20232,-0.187549
1.23678,0.292703
1.0706,0.314446
0.999211,0.230176
1.00101,0.23007
1.14795,0.504453
1.31618,0.399398
1.2293,0.597743
1.39034,0.202684
1.68668,0.478263
1.68668,0.478263
1.60108,0.46674
2.22352,0.174212
1.96535,0.26664
1.84114,0.711401
1.91949,0.486924
1.86822,0.0713311
1.11413,0.0578209
0.98846,0.30899
1.04102,0.109179
1.16274,0.119498
1.23056,0.0189901
1.27244,-0.167583
1.27244,-0.167583
1.41552,-0.235191
1.41764,-0.292826
1.64748,-0.23256
1.51218,-0.505391
1.48527,-0.40645
1.48527,-0.40645
1.53503,-0.308861
1.54908,-0.419138
1.31014,-0.119803
1.31014,-0.119803
1.24731,-0.11725
1.23563,-0.0990099
1.23563,-0.0990099
1.25485,-0.10289
1.58789,-0.386154
1.56078,-0.212932
1.54209,-0.51508
1.4087,-0.217905
1.56861,-0.376349
1.52392,-0.690916
1.43171,-0.701682
1.32951,-1.0469
1.10829,-1.31984
1.09722,-1.52332
1.2141,-1.67145
1.11657,-1.67625
0.998244,-2.01305
1.51192,-1.89479
2.15493,-1.2834
1.73379,-1.39466
1.67602,-1.6005
1.48053,-1.25523
1.6089,-1.09435
1.58165,-1.61931
1.679,-1.81809
1.64222,-1.71829
1.43459,-1.89218
0.673977,-1.79037
0.949867,-1.88356
0.274091,-1.36303
0.373854,-1.43348
0.106491,-1.2029
0.296698,-0.993783
0.217082,-0.749586
0.134891,-0.756135
0.295252,-0.722908
0.37095,-0.578285
0.388411,-0.652605
0.514966,-0.668233
0.572507,-0.506834
0.467984,-0.602964
0.620855,-0.639002
0.787459,-0.606708
0.711142,-0.536351
0.884321,-0.545752
0.861719,-0.605488
1.10418,-0.617834
1.21334,-0.696397
0.993073,-0.733359
0.992363,-0.707398
1.13608,-0.530431
1.01039,-0.556928
1.11232,-0.597875
1.11232,-0.597875
1.1766,-0.342696
1.24876,-0.455259
1.24876,-0.455259
1.35039,-0.50112
1.38248,-0.319576
1.25859,-0.211856
1.20092,-0.0960078
1.67646,0.072187
1.61016,0.00505783
1.70628,0.31553
2.28434,0.0602411
2.36553,-0.505657
1.96765,-0.366312
1.84338,-0.637963
1.61738,0.0290361
1.81475,0.452379
2.01918,0.830486
1.68881,0.518713
1.59422,0.266088
1.73277,-0.0678657
2.10437,-0.212253
1.83813,0.00867858
1.8496,0.176205
1.8496,0.176205
1.57144,0.241967
1.57144,0.241967
1.36198,0.407229
1.20206,0.215879
1.36374,0.584096
1.14545,0.265931
0.986897,0.42867
0.902478,0.409646
1.14283,0.419685
1.07992,0.1312
1.07992,0.1312
1.00246,0.0783233
0.939459,0.557931
0.887556,0.735619
0.611634,0.97136
0.570784,1.08649
0.570784,1.08649
0.740779,1.29567
0.693792,1.10701
0.923534,0.932651
0.923534,0.932651
0.924392,0.789713
0.800702,0.405498
0.882727,0.723339
0.724076,0.379078
0.660571,0.396566
0.660571,0.396566
0.488736,0.299087
0.374793,0.150179
0.319778,0.306986
0.319778,0.306986
0.26605,0.313768
0.326718,0.161996
0.344125,0.252139
0.280656,0.11181
0.32182,0.352763
0.274521,0.57084
0.295351,0.268283
-0.0235745,0.330133
0.166233,0.311067
0.652392,0.528583
0.664266,0.600595
0.693425,0.475255
1.13683,0.204986
1.01631,0.264035
1.01631,0.264035
0.853068,0.0837985
0.941571,0.0755899
0.879859,-0.0920127
0.809523,-0.110064
1.06458,-0.0764645
1.08761,0.12073
1.58702,-0.00525169
1.4234,0.3108
1.26678,0.545674
1.17172,0.501301
1.17172,0.501301
1.20125,0.608699
1.14482,0.546853
1.20985,0.62483
1.20985,0.62483
1.18016,0.355445
1.1422,0.455648
1.34958,0.575606
1.5538,0.52312
1.1343,0.507279
1.22377,0.563776
0.985995,-0.0279197
1.04258,0.0768523
1.04258,0.0768523
1.18274,-0.0134415
1.1237,-0.0777063
1.38265,-0.442165
1.73361,0.0933565
1.62906,0.377517
1.82536,0.609673
1.88222,0.50906
2.38865,0.699721
2.15821,1.09436
1.97227,1.12873
1.97227,1.12873
1.91703,1.08312
1.44162,1.18565
1.40261,1.35795
0.959635,1.03091
1.04013,1.01355
0.83599,0.980836
1.17768,1.13013
1.16226,0.892488
1.039,0.665955
1.09682,0.620827
1.00545,0.560658
0.934124,0.670142
0.88689,0.508598
0.88689,0.508598
0.955617,0.352865
1.29148,0.243863
1.29767,0.499821
1.40751,0.336866
1.30878,0.436748
1.12446,0.383661
1.31342,0.444007
0.839035,0.222716
0.781933,0.398909
0.860859,0.402876
0.692106,0.450157
0.964122,0.813396
1.02862,0.858015
1.30784,0.948052
1.017,0.661643
1.07842,0.518736
1.07842,0.518736
1.3723,0.369652
1.57697,0.24171
1.7779,0.23606
1.70489,0.0444663
1.67878,0.261534
1.67878,0.261534
1.34384,0.583571
0.919314,0.70252
0.604135,0.891425
0.322339,1.26726
0.612157,1.09257
0.69153,1.08374
0.781369,0.990383
0.697711,0.683069
0.819935,0.767171
1.11695,0.441265
1.23269,0.429012
1.14181,0.342174
1.84414,0.0207273
1.47386,0.54818
1.55199,1.09858
1.24007,1.07006
1.80003,0.709619
1.85777,0.654336
1.64579,0.300875
1.61261,0.0168251
1.33482,-0.0731003
1.38367,-0.489955
1.11194,-0.506628
1.16253,-0.744323
1.23697,-0.556024
1.34918,-0.201791
1.62603,0.0983739
1.52598,-0.163526
1.60732,-0.315883
2.07033,-0.526113
2.01986,-0.969555
1.94631,-1.21346
2.09736,-0.849277
1.77614,-1.0454
1.59902,-1.03503
1.02458,-0.81534
1.02458,-0.81534
0.9219,-0.521864
0.855922,-0.625231
1.08209,-0.360563
1.23407,-0.429299
1.28765,-0.215582
0.968203,-0.238722
0.826594,-0.238418
0.598311,-0.357823
0.670412,-0.347741
0.774846,-0.332865
0.517158,-0.274655
0.270373,-0.127565
0.646393,-0.395744
0.864687,-0.381343
0.79311,-0.434381
0.411905,-0.445924
0.700855,-0.302144
0.606536,-0.471846
0.963221,-0.778214
0.96968,-0.406874
0.922148,-0.422286
0.529333,-0.43219
0.394353,-0.411952
0.381995,-0.178123
0.0411844,-0.393806
0.111309,-0.375771
0.392509,-0.621744
0.153769,-0.816442
0.129242,-0.553247
0.16971,-0.851799
0.16971,-0.851799
0.0182163,-0.790604
0.20354,-0.565181
-0.0170383,-0.782625
-0.0170383,-0.782625
-0.592442,-0.282124
-0.541503,-0.117725
-0.690632,-0.409116
-0.541032,-0.0711849
-0.140808,-0.108139
-0.186694,-0.135688
0.335143,-0.392594
1.068,-0.536718
0.733224,-0.0293869
1.27254,0.292472
1.32499,0.232536
0.957989,0.917388
0.590781,0.844407
0.465385,0.947558
0.465385,0.947558
0.495776,0.875284
0.366288,0.754705
0.952531,1.02219
0.573428,1.37347
0.0607447,0.684852
0.249788,0.994093
0.558558,1.09007
0.558558,1.09007
0.413381,0.960448
0.395071,0.772401
0.53725,0.89064
0.167944,0.831981
0.228544,0.915936
0.240698,0.870595
0.210689,1.23034
0.257069,0.881214
0.193548,1.15214
0.277419,1.27645
0.0604567,1.91794
0.375743,1.39307
0.718934,1.57761
1.09414,1.62515
1.21981,1.23485
1.21981,1.23485
0.986566,1.26974
0.852198,1.18889
0.571571,0.958347
0.571571,0.958347
0.545669,1.16418
0.616545,1.4529
0.570061,1.4275
0.776752,1.74027
0.836263,1.81096
0.746198,1.68911
0.526994,1.69904
0.94589,1.7414
0.964939,1.27347
1.55898,1.49705
1.17623,1.56329
1.24902,1.73957
1.33823,2.40347
1.23118,2.36411
0.798612,2.1075
0.118145,2.20641
0.720997,2.15187
0.956663,2.2217
0.151847,2.61208
0.324054,2.29374
0.350035,2.03895
-0.406682,2.09619
-0.00754075,2.30626
-0.695265,2.435
-0.918168,2.58515
0.045256,2.78541
-0.367902,3.49869
-1.08418,3.52432
-0.630132,3.72438
0.427334,3.96119
0.0545533,3.8395
0.386569,3.3577
0.0836839,4.72853
0.285583,3.82668
0.387082,3.88188
0.770889,3.24233
0.734616,2.48963
1.26826,2.75563
1.0022,2.51425
0.310637,2.55587
0.165703,2.54465
0.504427,2.49282
0.377334,1.82311
1.24175,1.60387
1.30524,1.61128
1.56336,2.11605
1.7528,2.11733
1.7528,2.11733
1.90463,1.82748
1.75173,1.80531
1.25287,1.91387
1.78804,2.04608
1.31699,2.29563
2.05835,1.75209
2.09872,1.20896
1.64194,0.965535
1.62843,0.841457
2.55159,0.384932
2.35734,0.900048
1.94667,0.485589
1.58799,0.053701
1.70335,0.610698
1.01548,0.894783
1.03098,0.616137
0.847678,0.982944
1.08583,1.38005
0.652791,1.23546
0.474999,2.01092
0.449187,2.5089
-0.174228,2.3687
-0.12786,1.71543
0.190279,1.45523
0.190279,1.45523
0.403428,1.74531
0.652799,1.65203
1.06794,1.40019
0.918136,1.00082
1.10877,0.893436
1.23525,0.637169
1.35461,0.744059
1.58039,1.0101
1.18516,0.77763
1.11239,0.700568
1.07566,0.635017
1.09614,0.526672
1.50836,0.948975
1.69891,1.20762
1.99735,0.783552
2.09697,0.67752
1.71454,0.41134
2.22211,0.279649
2.08716,0.0770482
2.32256,0.223052
2.26866,0.504158
2.08428,0.635378
1.71786,0.171296
1.69061,0.346419
1.58674,0.539595
1.39433,0.387321
1.13851,0.213848
1.01343,0.382174
0.775883,0.525728
0.450185,0.74616
0.612898,0.816893
0.567833,1.14702
0.567833,1.14702
0.466261,0.776142
0.541979,0.471848
0.673203,0.573042
0.829975,0.553019
0.807135,0.627156
0.657681,0.506259
0.69208,0.395114
0.722083,0.254172
0.50744,0.261287
0.496802,0.00638037
0.570216,-0.372627
0.570216,-0.372627
0.418215,-0.138982
-0.0195601,-0.400881
0.269729,-0.691759
0.759845,-0.540327
0.770071,-0.759748
1.04558,-0.536566
0.524684,-0.703416
0.311895,-0.715514
-0.31614,-1.04011
-0.702335,-0.813077
-0.918885,-0.521186
-1.69858,-0.846131
-1.5371,-0.687691
-1.28868,-1.02682
-1.10819,-0.70074
-1.08056,-0.550919
-1.38832,-0.941422
-1.53136,-0.462041
-1.21319,0.276814
-1.14337,0.36382
-1.06369,0.972381
-0.884995,0.675515
-0.6541,0.40501
-0.727425,0.322556
-0.851316,0.153506
-0.712209,0.00202819
-0.648065,0.162308
-0.225497,0.0452597
-0.291893,0.0197934
-0.615021,0.158141
-0.486056,0.0322519
-0.292327,0.145354
-0.2882,0.143688
-0.0626881,0.262015
0.0200939,0.0141877
0.100067,0.560088
0.0672578,0.556925
-0.107921,0.42756
-0.383735,0.554796
-0.365216,0.515019
-0.201841,0.410242
-0.296321,0.291087
-0.119211,0.0445166
-0.32879,-0.344743
-0.146305,-0.45433
-0.146305,-0.45433
-0.00430003,-0.540666
0.317906,-0.399867
0.00694545,0.183983
-0.64478,0.215675
-0.828514,0.111786
-1.6625,0.197709
-1.27417,-0.811892
-0.775951,-0.409312
-0.977525,-0.231693
-0.588375,-0.170518
-0.451431,0.515333
-0.268748,0.601482
-0.157101,0.600942
-0.350012,0.397817
-0.529127,0.617661
-0.422365,0.843777
-0.13839,0.921156
-0.271809,0.969848
-0.0682638,0.924261
-0.331884,1.15163
-0.260109,1.05756
-0.561554,0.761102
-0.436105,0.933201
-0.209526,0.485277
-0.122292,0.343304
0.292818,0.0938093
0.292818,0.0938093
0.384375,-0.437606
0.351145,-0.404195
0.69877,-0.407374
0.617688,-0.798036
0.541605,-0.790077
0.231069,-1.07439
0.496862,-1.0249
0.278973,-1.06063
0.143646,-0.882663
0.120819,-0.869589
-0.323784,-0.695825
-0.142749,-0.577628
-0.108472,-0.813125
0.0898416,-0.745764
-0.169601,-0.479357
-0.117077,-1.01281
0.364718,-1.04267
0.13123,-1.04149
0.269586,-0.963271
-0.152153,-0.763288
0.183266,-0.407108
0.280247,0.263458
0.493357,0.342202
0.237654,0.323074
0.475082,0.467318
0.420747,0.0335888
0.660828,0.0120024
1.16835,0.262012
1.06735,0.294494
0.738781,0.17242
0.47507,0.345268
0.0480856,0.4514
0.0355857,0.66838
0.0640804,0.63996
-0.129195,0.637426
-0.129195,0.637426
0.270114,0.766156
0.162692,0.82878
-0.0315771,0.27971
0.257694,0.250967
0.434157,0.346158
0.257507,0.495597
0.321534,0.366575
0.286053,0.210842
0.120099,0.0914776
0.259404,0.243452
0.259404,0.243452
0.484486,0.231858
0.793831,0.191428
0.836298,0.190046
0.878622,0.290911
0.769564,0.229302
0.226826,0.151209
0.636381,0.213148
0.308615,-0.190844
0.716762,-0.153002
0.976008,-0.0866468
0.997542,0.263936
0.88303,0.349479
1.23059,0.351963
0.700184,0.594189
1.08404,1.26504
1.27734,1.25124
1.27734,1.25124
0.833107,1.91422
1.10962,1.63487
1.5046,2.08503
1.04448,1.65419
1.39837,1.28711
1.25484,1.28737
0.838095,0.846722
0.380045,1.23454
0.380045,1.23454
0.426073,0.946431
1.06749,0.815315
1.48476,0.405053
1.53011,0.740925
1.10439,0.210377
1.19952,-0.155637
1.05574,-0.285775
0.851991,0.0123806
1.15762,-0.0758543
1.47662,-0.150432
1.35763,0.0151567
1.27944,-0.0152451
1.4007,-0.178125
1.48088,-0.134217
1.79652,-0.0818398
1.78302,-0.240339
1.55456,-0.325712
1.56249,-0.410804
1.44867,-0.370499
1.10336,-0.683256
1.05802,-0.703677
0.992237,-0.638436
1.03248,-1.1156
1.74081,-0.633775
1.80256,-0.591255
1.39309,-1.0559
1.78262,-0.634118
1.73016,-0.519521
1.86749,-0.217693
1.85407,-0.0302499
1.66874,0.339426
1.90449,0.103475
1.72831,0.327646
1.70969,0.171881
1.96151,-0.19311
2.36153,-0.435068
2.36153,-0.435068
1.78315,-0.192219
2.10924,0.175845
2.03375,0.359355
2.0996,0.717181
1.82641,0.560363
2.27509,0.498686
2.08283,1.52039
2.08283,1.52039
2.03028,1.52418
2.0456,1.31059
2.22914,2.17833
2.67844,1.61354
1.68087,1.28474
2.19571,0.821831
1.15352,0.450084
1.06814,0.570277
1.23467,0.484115
1.12841,0.611259
1.29246,0.0416188
1.65263,0.380724
1.74817,0.16374
1.81626,-0.158976
1.91046,-0.066847
1.45199,-0.384721
0.937503,-0.852954
0.943429,-1.14389
0.651497,-1.06559
0.585731,-1.29009
0.547635,-0.852341
0.406835,-0.920691
0.791522,-1.27092
0.432102,-1.03793
0.308231,-1.0478
0.227497,-0.945603
0.4092,-0.934788
0.416136,-0.743674
0.416136,-0.743674
0.785518,-0.770888
0.82209,-0.819147
0.532312,-0.838436
0.536541,-0.916645
0.601142,-0.908492
0.601142,-0.908492
0.559523,-1.06544
0.547016,-1.02294
0.680664,-0.952342
0.643026,-0.761787
0.826667,-0.934624
0.583409,-1.27747
0.470042,-1.07779
0.536803,-0.702628
0.131662,-0.8393
0.208013,-0.965597
0.443351,-0.938428
0.38562,-0.821301
0.552665,-0.863174
0.768749,-0.984214
0.570598,-0.835862
0.892583,-0.917931
0.81855,-0.9636
0.782126,-1.3511
0.476546,-1.21337
0.296395,-1.44862
0.557707,-1.55158
0.438362,-1.65887
0.0904797,-1.44832
0.183619,-1.36317
0.281684,-1.1291
0.142015,-1.01368
0.504455,-1.02922
0.771749,-1.14112
1.11916,-1.22037
0.7477,-1.39328
0.708097,-1.15711
0.602289,-0.960577
0.414118,-1.02267
0.446658,-0.878908
0.446658,-0.878908
0.614034,-0.953952
0.941865,-0.57517
1.03702,-0.617525
0.891332,-1.06183
0.889189,-0.875505
0.645423,-0.798661
0.591526,-0.680571
0.681289,-0.347806
0.787391,-0.365959
0.727871,-0.451757
0.844115,-0.432447
0.720334,-0.673127
0.741531,-0.719214
0.742836,-0.890376
0.549072,-0.841418
0.565787,-1.36279
0.643866,-1.33825
0.862252,-1.34694
0.886869,-1.37386
0.649415,-1.55578
0.165321,-1.21497
-0.289452,-1.31009
-0.384265,-1.28959
-0.365349,-1.38635
-0.000442336,-1.33109
0.00949889,-1.85572
0.44896,-1.87298
0.686083,-1.50422
0.874345,-1.38241
1.19468,-1.54369
1.48549,-1.20637
1.52518,-0.859008
1.4098,-0.817634
1.69208,-0.501802
2.08592,-0.754555
2.20285,-1.01657
2.20285,-1.01657
1.35024,-1.58494
1.44702,-1.96392
1.61973,-1.11915
1.82836,-1.01236
1.89018,-1.18641
2.28725,-0.781504
1.99495,-1.26399
1.81601,-1.05456
1.97694,-1.64545
1.84962,-2.14264
2.28253,-1.99953
1.758,-1.98384
1.77558,-1.96476
1.8129,-2.23314
1.8129,-2.23314
1.98168,-1.96088
1.28881,-1.58837
1.32162,-1.46552
0.943688,-1.67835
0.943688,-1.67835
0.941287,-1.32417
0.90208,-1.0817
1.05407,-1.12909
0.509163,-0.988033
0.176624,-0.97089
0.176624,-0.97089
0.514654,-1.14786
0.514654,-1.14786
0.613374,-1.52854
0.663194,-1.80027
0.75992,-1.8744
0.016572,-2.06066
0.581294,-1.62173
0.988916,-2.49931
2.20427,-2.2511
2.04989,-2.35853
1.46222,-1.97656
1.75116,-2.18738
0.95283,-2.44007
1.00079,-2.086
0.453369,-1.86115
0.188759,-1.78867
0.256146,-2.04892
0.26073,-1.76954
0.507539,-1.36649
0.384265,-1.47622
0.384265,-1.47622
0.264232,-1.79374
0.264232,-1.79374
0.230949,-1.91298
0.314295,-1.6576
0.127274,-2.10999
0.725373,-1.94468
1.13261,-1.60835
0.434207,-1.28237
0.398071,-1.11431
0.433868,-0.85471
0.270794,-0.85701
0.270794,-0.85701
0.572603,-0.666259
0.482575,-0.444389
0.382606,-0.311234
0.419914,-0.423189
0.419914,-0.423189
0.567909,-0.199804
0.419201,-0.877838
0.570168,-1.02612
0.317428,-1.05884
0.424041,-0.73424
0.525038,-1.10569
0.525038,-1.10569
0.404732,-1.40906
0.404732,-1.40906
0.377667,-1.30622
0.328475,-0.955899
0.564151,-0.925526
0.624215,-0.97929
0.619698,-1.23072
0.619698,-1.23072
0.197503,-1.28637
0.508437,-1.30383
0.919116,-1.20057
1.47643,-1.14059
0.701291,-2.02939
1.06821,-1.68303
1.17651,-1.35071
1.36659,-1.49504
1.56421,-1.07726
2.01881,-0.828693
1.33242,-1.3943
2.00399,-1.68117
1.49772,-2.10286
1.67577,-1.75671
2.13902,-2.49123
1.73518,-2.39982
1.42424,-2.39856
0.89412,-2.57193
0.89412,-2.57193
1.01855,-2.41931
1.1211,-3.06021
1.43819,-3.09876
1.71221,-2.52216
2.08163,-2.8515
2.08163,-2.8515
0.796664,-2.73375
0.461055,-2.70519
1.24633,-1.99467
0.81742,-2.39146
0.665041,-2.1603
0.709966,-2.04937
0.640188,-1.65579
0.636361,-1.78365
0.505456,-1.66062
0.505456,-1.66062
1.09511,-1.79658
1.21828,-1.31733
1.25032,-1.61029
0.657382,-1.92783
0.778687,-2.00603
0.880403,-1.99187
0.365863,-1.69415
0.69501,-1.55333
0.238262,-1.37704
0.264299,-1.63565
0.414674,-1.49711
0.236807,-1.409
0.236807,-1.409
0.0441385,-1.58348
-0.0196091,-1.64709
-0.55054,-1.78616
-0.415059,-1.51967
0.128843,-2.04958
0.302947,-1.83581
0.187446,-1.81015
0.417595,-1.77807
0.791086,-1.54086
0.768085,-1.7075
0.47062,-1.90532
0.245176,-2.01382
0.228343,-1.80608
0.520982,-1.55291
1.11715,-1.85514
0.980324,-1.54568
1.02517,-1.39587
1.02517,-1.39587
0.95584,-1.29667
0.823148,-1.06675
1.17858,-1.26921
1.54776,-1.3921
1.7106,-1.21131
1.49424,-0.720006
1.43593,-0.524834
1.66417,-0.236657
1.56864,0.0515116
1.79821,0.240412
1.79821,0.240412
1.06724,0.206355
1.06724,0.206355
1.11258,-0.137953
1.40395,-0.104171
1.41521,-0.231745
1.14631,-0.0248277
1.39098,0.0103283
1.69156,-0.194804
1.62619,-0.377998
1.52321,-0.290269
1.57688,-0.654679
1.40975,-0.682807
1.43902,-0.562534
1.39388,-0.991977
1.13538,-1.09432
0.986264,-0.957169
1.13327,-0.88283
1.17307,-0.762286
1.12271,-0.797645
1.02291,-0.879862
0.909731,-0.752423
0.533667,-0.633508
0.659664,-0.875775
0.775936,-0.924234
0.795932,-0.98278
0.795932,-0.98278
0.585756,-1.33741
0.602111,-1.26395
0.578818,-1.60964
0.346923,-1.2085
0.346923,-1.2085
0.684748,-1.37804
0.465766,-1.21872
0.476684,-1.01241
0.794365,-1.41919
0.809711,-1.48216
0.301777,-1.19504
0.383593,-1.03739
0.310397,-0.962441
0.044314,-1.11561
0.120039,-1.5085
0.350777,-1.52245
0.519168,-1.47216
-0.230328,-1.57512
-0.572884,-1.71241
-0.71312,-1.41629
-0.833646,-1.49304
-0.85606,-1.58758
-0.980029,-1.80391
-1.02883,-2.26306
-1.38492,-2.59104
-1.22933,-2.0829
-1.51875,-2.2692
-1.48503,-1.35613
-1.59402,-1.55061
-1.50369,-1.83555
-1.61704,-1.26431
-1.47573,-1.08439
-1.40964,-0.552599
-0.970401,-0.979225
-0.970401,-0.979225
-0.539661,-1.17517
-0.388269,-1.21505
-0.670277,-1.1472
-0.824751,-0.852348
-0.624584,-0.96137
-0.913142,-0.72421
-0.863994,-0.988361
-0.850306,-0.651489
-0.743861,-0.933791
-0.792847,-1.0198
-0.792847,-1.0198
-0.707059,-1.14527
-0.973707,-1.1366
-1.20574,-1.09932
-1.09836,-1.04044
-1.40201,-1.17061
-1.40201,-1.17061
-1.46549,-1.20305
-1.67197,-1.24838
-1.93654,-0.675006
-2.1692,-0.772325
-2.55252,-0.872128
-2.74577,-0.974164
-2.46793,-1.33025
-2.62546,-0.510218
-2.62546,-0.510218
-3.18699,-0.281351
-2.9948,0.195473
-2.83752,-0.331202
-2.36008,0.216526
-1.71901,0.254908
-1.73735,-0.205667
-1.94424,-0.204101
-2.00775,0.058199
-1.69904,-0.151691
-1.72328,-0.625603
-2.1072,-0.333717
-1.68862,-0.0665756
-1.36413,-0.126755
-1.39146,-0.108657
-1.47656,0.199527
-1.5655,0.336333
-1.50127,0.870213
-1.50127,0.870213
-1.47843,1.01112
-1.87629,0.168163
-1.66967,0.30351
-1.48218,-0.380678
-1.68883,-0.42096
-1.68883,-0.42096
-1.42163,-0.31734
-1.19633,0.171351
-1.22745,0.447945
-1.29442,0.657517
-1.21076,1.13073
-1.16706,1.02995
-1.4359,0.96334
-0.971281,1.55576
-1.07327,1.26179
-1.06385,1.36903
-1.12814,1.35036
-0.638804,1.25856
-1.05328,1.50773
-1.04114,1.4813
-1.54647,1.67153
-2.36829,1.19857
-2.4273,1.60557
-2.54194,2.55655
-1.86583,2.52087
-1.26303,2.75979
-1.57754,2.25751
-1.3137,3.33245
-0.217426,4.02414
-1.03174,4.04677
-0.496888,3.16083
-0.392176,3.31721
-0.153389,3.33806
-0.331393,2.99519
-0.428923,3.54606
0.398899,4.1303
0.369792,3.70906
0.608283,3.94372
0.323725,5.17781
0.982543,5.01217
0.353561,5.69343
1.13941,4.47671
0.396442,3.34407
0.369852,3.2757
0.929033,4.18946
0.956523,3.85698
-0.317441,3.67662
-0.644787,3.50894
-0.946357,3.30225
-0.805374,3.57392
0.172296,3.31756
-0.261257,3.13471
-0.426863,2.66994
-0.637335,2.96302
-0.507843,2.7696
-1.44648,2.74277
-1.5459,2.84204
-1.89327,2.73452
-2.24105,3.04554
-1.34074,2.98149
-1.43866,3.80773
-1.43866,3.80773
0.0768609,3.46091
0.0768609,3.46091
0.458102,2.82824
0.214433,2.38568
0.237521,2.15474
0.655052,2.18802
-0.192825,1.9172
0.102539,1.98558
-0.276072,2.16358
0.253049,1.25345
0.253049,1.25345
0.399909,1.05166
1.48646,1.28652
1.48646,1.28652
1.57985,0.898951
1.22066,1.01354
1.22066,1.01354
0.957158,0.714354
0.786686,0.927769
0.775706,0.687054
0.775706,0.687054
0.529244,0.777099
0.914971,1.06772
0.914971,1.06772
0.9038,1.14398
1.16024,1.04897
1.16024,1.04897
1.00562,1.20891
1.18265,0.689092
1.32251,0.438729
1.2146,0.2316
1.43315,0.11981
1.43315,0.11981
1.06508,0.191425
0.796307,0.202566
0.796307,0.202566
0.635066,0.259348
0.267296,0.406081
0.121431,0.251795
0.0534438,0.587885
0.202753,0.932369
0.744951,1.26934
0.780716,0.439776
0.871335,0.502873
0.945959,0.466469
0.945959,0.466469
0.450716,-0.0139709
0.387587,-0.170236
-0.0251564,-0.589562
-0.163862,-0.740296
-0.268742,-1.14087
-0.268742,-1.14087
-0.330817,-0.802466
-0.968613,-0.836716
-0.968613,-0.836716
-0.468502,-1.10224
-0.468502,-1.10224
-0.138832,-1.2288
-0.303118,-0.70086
-0.645179,-0.41736
-0.48415,-0.704087
-0.235489,-1.34788
-0.271546,-0.753136
-0.116454,-0.875451
0.315951,-0.810737
0.842197,-1.2646
0.520637,-1.20911
0.540959,-1.47639
0.756024,-1.21109
1.36195,-1.43119
1.36195,-1.43119
1.332,-0.686901
0.419939,-1.00753
-0.536444,-1.25569
-0.641151,-0.747039
-0.894471,-1.46086
-0.894471,-1.46086
-0.341622,-1.66345
-0.0835129,-1.99149
-0.6824,-1.69616
-0.670021,-1.17764
-0.433466,-0.831079
-1.17872,-0.155132
-1.37449,-0.19381
-0.459729,-0.394666
-0.830936,-0.729397
-0.243723,-1.2655
0.263103,-1.00734
0.263103,-1.00734
0.0943459,-1.30635
0.246855,-1.00245
0.470584,-1.22041
0.258769,-1.36642
-0.0890456,-1.57488
-0.0890456,-1.57488
-0.868309,-1.4562
-0.569251,-2.04798
-1.21165,-1.90475
-1.10493,-1.86025
-1.29594,-1.58956
-0.940717,-2.37944
-1.33302,-3.34654
-1.16636,-2.56796
-2.10711,-2.18026
-1.81621,-2.13677
-0.768691,-2.07228
-0.872006,-2.52472
-0.398402,-2.23231
-0.236712,-2.65446
-0.68731,-2.60853
-0.574837,-2.40688
0.0650442,-2.43989
-0.538129,-2.23922
0.0999578,-2.12079
0.247901,-2.28511
0.547828,-2.01412
0.726861,-2.24811
0.83102,-2.59484
0.83102,-2.59484
0.722279,-2.60465
0.897685,-1.95524
0.897685,-1.95524
1.43761,-2.33767
1.49154,-1.55386
1.46267,-1.39884
1.66224,-1.10447
1.76544,-0.676964
1.58602,-0.872252
1.37833,-0.490833
1.34041,-0.496178
1.61189,-0.598858
2.07706,-1.04906
2.85324,-1.53482
2.13141,-1.68362
2.13141,-1.68362
2.96378,-2.38658
1.99751,-1.9899
2.81521,-2.18072
1.9824,-1.08461
2.03377,-0.896848
1.34331,-1.09428
2.23138,-1.26841
1.92453,-1.76494
1.45942,-1.31927
0.712197,-1.82473
0.697998,-1.70232
0.697998,-1.70232
0.794906,-1.73087
1.35196,-1.66842
1.35966,-1.48571
1.41056,-1.02032
1.11599,-1.55655
1.11087,-1.32475
1.10937,-1.42699
1.22704,-1.4906
1.04487,-1.40292
1.35446,-1.32308
0.844807,-1.40063
0.636599,-1.7736
0.893263,-1.05595
0.767514,-1.30934
0.67011,-1.32991
0.943537,-1.07792
1.34513,-1.01253
1.83771,-1.16988
1.66261,-0.732347
1.91606,0.0938186
1.64375,-0.59585
1.22969,-1.20706
0.802311,-0.631896
0.92281,-1.09009
0.92281,-1.09009
0.522636,-1.09215
1.09235,-1.03415
1.09235,-1.03415
1.33974,-0.965195
1.48067,-0.951657
1.07606,-0.996048
1.49847,-0.794203
2.01843,-0.9864
1.50643,-1.15586
1.68962,-0.964037
1.82646,-0.669155
2.1734,-0.127406
2.34705,-0.255112
1.86867,-0.910728
1.35489,-1.36911
1.00875,-1.83903
1.71986,-1.1277
1.71986,-1.1277
1.71986,-1.1277
1.34939,-0.640662
1.08317,-1.15694
1.08028,-0.7135
1.65063,-1.0032
1.57417,-0.9794
1.26257,-0.834357
1.26337,-0.775188
1.30304,-0.865593
1.66146,-0.560115
1.25063,-0.732548
1.37343,-0.4555
1.21503,-0.810156
1.35393,-0.683056
1.30938,-0.584414
1.19133,-0.699693
1.33296,-0.897696
1.39564,-0.64494
1.52524,-0.694626
1.38218,-0.721238
1.67763,-0.695546
1.87069,-0.723655
1.6682,-1.01786
1.82376,-0.972897
1.87804,-1.16764
1.72161,-0.680054
1.92459,-0.347772
1.99712,-0.745912
1.99712,-0.745912
1.81376,-0.949168
2.23693,-0.591682
1.9125,-1.33806
1.50168,-0.728413
1.34346,-0.577443
0.82731,0.164757
1.09343,0.582401
1.00254,1.12587
0.982531,0.763686
1.60173,1.17235
1.28721,0.540933
1.33752,-0.169744
1.48894,-0.560986
1.33521,-0.67303
1.58279,-0.660462
1.12248,-0.857251
0.973433,-0.59399
0.942396,-0.443256
1.47911,-0.347061
1.58135,-0.570313
1.44233,-0.836316
0.937171,-0.811727
0.865662,-0.89444
1.25176,-0.964131
1.11507,-1.17215
1.11507,-1.17215
0.876459,-1.39462
0.974556,-0.915317
1.58629,-1.35866
1.58629,-1.35866
1.58629,-1.35866
1.62915,-1.63391
2.0341,-1.76973
2.39024,-1.75416
1.88425,-1.6159
1.71318,-1.3404
1.2474,-1.03073
1.34783,-0.727224
1.2526,-0.989081
1.05135,-0.654356
1.50571,0.274809
1.64366,0.877917
1.39235,0.816531
1.10733,0.857042
1.04632,0.927476
1.03422,0.405871
0.745076,-0.17083
0.771484,0.0381741
0.952364,-0.595591
1.3266,-0.0594258
1.73152,-0.188347
2.15017,-0.134243
2.49941,-0.0243246
2.38352,0.379934
3.82202,-0.274477
3.17024,-0.479521
2.94195,-0.886087
1.79437,-1.16682
1.71232,-1.88249
1.68845,-1.12354
2.66973,-1.153
3.30013,-0.798006
3.30013,-0.798006
2.78714,-1.21544
1.80281,-1.23559
1.78486,-0.800046
1.59348,-1.54932
2.06978,-1.27193
2.40585,-1.14402
2.15882,-0.990654
2.24834,-1.54763
2.73552,-1.51289
3.05172,-0.915205
3.05172,-0.915205
2.63275,-1.00377
2.72795,-0.768201
2.82211,-0.674224
2.32684,-1.11542
1.11947,-2.02024
-0.285825,-1.7595
0.237954,-1.17264
-1.17686,-1.41661
-0.341033,-0.62877
-0.341034,-0.62877
0.496453,-1.76071
0.496453,-1.76071
-0.551544,-0.773636
-0.531686,-1.83616
-1.17002,-1.7568
-1.17002,-1.7568
-0.643439,-1.35162
-2.27732,-2.89432
-2.27732,-2.89432
-2.27732,-2.89432
-2.23953,-2.12345
-1.52119,-2.00442
-0.719923,-1.99978
-0.764349,-1.92719
-0.52849,-2.10693
-0.29485,-1.76619
-0.761706,-1.21418
-0.438251,-0.128213
-0.239459,-0.090123
0.0336689,0.235509
-0.795855,-0.0850235
-1.33552,-0.0911071
-1.33552,-0.0911071
-1.80878,-0.753615
-1.557,-1.37887
-2.25595,-1.12126
-3.5293,-0.486864
-1.51125,-0.472925
-0.727869,-0.369366
-0.710726,-0.836812
-0.626832,-0.617874
-0.891225,-0.927431
-1.04051,-1.34984
-1.91129,-1.42858
-2.35058,-0.248779
-2.13282,-0.0628589
-2.88465,-0.474361
-2.51268,-1.64331
-1.57298,-2.36389
-0.365148,-1.98876
-1.16181,-2.27704
-1.77107,-1.26489
-2.00597,-0.984677
-1.93291,-0.818757
-1.89801,-0.81386
-1.89801,-0.81386
-1.2148,-1.06712
-2.46289,-0.231171
-3.02504,0.262913
-2.68656,0.205415
-1.89108,-0.401922
-2.96214,-1.26688
-1.91453,0.0638603
-1.86814,-0.433694
-0.937885,0.240433
-1.98464,0.130065
-1.98464,0.130065
-1.08635,0.622982
-1.03051,1.07231
-0.306256,0.324302
-0.306256,0.324302
-0.306256,0.324302
-0.207913,-0.16945
-0.555108,0.807072
0.615466,0.188903
0.862433,0.18344
0.283007,0.180369
0.371219,0.100808
-0.0914411,0.00441366
-0.42486,0.627012
-0.236697,0.0405664
0.220534,0.390776
0.422359,-0.907898
1.26963,-2.42653
0.385945,-2.09852
-0.994852,-3.65963
0.298019,-3.2977
0.0583052,-3.81287
0.114205,-3.36359
1.93837,-2.55371
1.14115,-1.30828
3.24157,-2.39389
3.3045,-0.2469
2.13223,-1.5751
0.71492,-1.53963
0.113965,-2.49293
-0.299195,-2.51498
0.539507,-2.5894
0.776439,-2.37161
1.74222,-1.69374
-0.124822,-1.58033
0.25432,-0.976451
0.249719,-0.410912
1.55391,-0.432481
0.455426,-0.862118
-0.945847,-0.981399
-0.898633,-1.79516
-0.80546,-2.41661
-0.305829,-0.113424
0.388579,0.210676
0.897617,0.180239
1.13491,-0.732925
1.10791,-0.306767
1.57269,-0.279686
1.09398,-1.31761
0.731708,-1.84328
1.7157,-2.30283
1.9354,-2.17365
2.80491,-1.35427
2.45378,-1.8927
1.79059,-1.23065
1.83253,1.62322
2.11008,1.4557
1.98732,0.276156
0.810155,0.515466
1.62717,0.296479
2.98119,-0.0415385
2.21483,-0.396817
2.85003,-0.406393
3.23722,0.292389
2.25037,1.0433
1.88566,0.147162
0.994507,0.0665762
0.692198,-0.00487017
0.977473,-0.24179
0.903413,-0.232988
0.408383,0.0982341
-0.584152,-1.08027
-0.584152,-1.08027
-0.11517,-1.06759
0.36461,-1.62976
0.316365,-2.06012
0.0716012,-1.37611
-0.126604,-1.71477
-0.126604,-1.71477
0.176804,-1.47038
0.681775,-0.53389
0.486832,-0.891026
0.486832,-0.891026
0.280963,-2.30598
0.794579,-1.74771
0.167475,-2.55795
-0.0565399,-1.59407
-0.512586,-0.95754
-0.226195,-0.654236
-0.314521,-1.07229
-0.0577998,-0.848073
0.249216,-0.78999
-0.744003,-0.0393726
-1.79751,0.142203
-0.864224,-0.438083
-0.0945972,-0.795502
-1.82019,0.0244982
-1.25006,-0.0211458
-1.25006,-0.0211458
-1.10007,-0.0622566
-1.80507,-0.0679352
-1.46395,0.73553
-1.39911,0.346041
-1.79833,-0.0842789
-1.92948,0.0826209
-1.82448,-0.191932
-1.32193,-0.0920725
-1.28314,0.587883
-0.83752,1.13495
-1.81257,1.31499
-2.09244,2.30144
-1.73167,2.5199
-2.12745,1.19225
-2.60998,1.68847
-2.46698,2.24832
-1.61665,2.16777
-1.39478,2.78846
-1.10719,2.445
-1.02482,2.0922
-1.46069,1.5104
-1.16433,2.10181
-1.43969,1.4067
-1.2083,1.19023
-2.07619,0.396138
-1.58644,1.15807
-0.814482,0.564257
-0.814482,0.564257
-0.667286,0.685648
-0.676078,1.06374
-1.65872,1.08464
-1.1146,0.602134
-0.924911,0.0206766
-0.731281,0.136142
-0.930752,0.0814775
-0.181915,-0.313217
-0.181915,-0.313217
0.13391,-0.472554
0.526555,-0.748968
0.968688,-1.32939
1.01789,-1.88978
1.01789,-1.88978
0.282481,-2.06931
0.282481,-2.06931
0.282481,-2.06931
-0.485708,-1.84596
0.159925,-2.69692
-0.107805,-2.67654
-0.107805,-2.67654
0.117389,-3.12058
-0.0113758,-3.24744
-0.0124484,-2.84293
-1.25192,-2.65769
-0.798012,-2.2553
-0.705793,-2.33423
-0.184316,-2.0438
-0.184316,-2.0438
-0.740254,-2.61211
-0.621267,-2.99635
0.442792,-2.51801
-0.225536,-3.30073
-0.981157,-2.30244
-2.13274,-2.12837
-1.64567,-1.9246
-1.64567,-1.9246
-1.93329,-1.6786
-2.22555,-1.49315
-2.53258,-1.55687
-1.26833,-2.09455
-1.81258,-1.44345
-1.55459,-1.21818
0.199663,-1.56701
0.434749,-1.39798
-1.76988,-3.1106
-1.12279,-1.66419
-1.59728,-0.427
-1.50248,-0.15832
-1.21956,-0.594976
-1.70286,-0.161472
-1.64448,0.215546
-1.7474,-0.154632
-1.71834,-0.195768
-2.06561,0.716182
-1.77574,0.183462
-1.97371,-0.492118
-2.43329,-1.23696
-2.45544,-1.74609
-2.09269,-1.18682
-1.10228,-1.80176
-1.6373,-1.37321
-2.05694,-0.827808
-2.41233,-1.42272
-1.08928,-1.08546
-1.1072,-1.51037
-0.632886,-2.00876
-0.0725003,-2.07285
-0.167434,-0.967501
-0.37083,-0.816471
-0.864747,-0.454192
-1.49499,-0.400029
-1.49499,-0.400029
-2.14074,-0.151046
-2.14074,-0.151046
-0.899487,-0.0565787
-1.10054,-0.228782
-0.818361,-0.00627198
-0.565326,-0.747644
-0.252161,-0.614423
-0.0702018,-0.636
0.162414,-0.603525
-0.490618,-0.65549
-0.210419,-0.913659
-0.951514,-0.641694
-0.739001,-1.20177
-0.752678,-0.820578
0.130365,-1.41412
0.130365,-1.41412
0.822917,-1.53228
0.674462,-2.45537
0.38269,-1.74738
-0.977673,-1.19932
-0.715792,-0.51895
-0.521061,0.095574
-0.312694,0.00582352
0.0513381,0.185523
-0.386492,0.153015
-0.0345574,-0.151115
1.02442,-0.5618
0.947713,-0.8771
0.947713,-0.8771
0.523381,-1.12281
0.523381,-1.12281
0.322128,-0.968002
-0.135637,-0.840785
-0.291446,-0.453599
-0.471365,-0.320082
0.016538,-0.694186
-0.135929,-0.985646
-0.0999072,-1.19781
0.018225,-1.80311
0.282403,-1.27141
0.175837,-1.33478
0.380126,-0.906058
0.502206,-0.981931
-0.166184,-1.38975
-0.492364,-1.72615
-0.492364,-1.72615
-0.65491,-1.96367
-0.340718,-1.97488
-1.03787,-1.68824
-0.705277,-1.47766
-0.568323,-1.41432
-0.569442,-1.21073
-0.862757,-1.04067
-1.02645,-0.86019
-0.700806,-1.32524
-0.664666,-1.50509
-0.127332,-1.67392
-0.775906,-1.64767
-0.491088,-1.26612
0.0147677,-1.29056
-0.192733,-1.3937
-0.378452,-1.59128
0.303981,-1.42282
-0.00805029,-1.26396
0.409616,-1.27604
0.675753,-1.59202
0.322575,-1.85538
0.121647,-2.3315
0.30898,-2.20259
0.0139469,-2.03043
0.0840625,-2.24787
-0.322669,-2.75639
-0.322669,-2.75639
-0.984328,-1.61599
-0.798294,-1.75442
-0.750979,-2.41035
-0.0145101,-2.39358
-0.34147,-1.68684
-0.75056,-1.93696
-0.448783,-1.21014
-0.763189,-1.43255
-0.118914,-1.63286
-0.497092,-2.02584
-0.688179,-2.65356
-0.804425,-2.07015
-0.861985,-1.77835
-0.918635,-1.95531
-0.507683,-1.86557
-0.375498,-1.92454
-0.47968,-1.73066
-1.26515,-1.42572
-0.966422,-1.39142
-1.14734,-1.35172
-1.14734,-1.35172
-1.35887,-1.18242
-1.61496,-0.755395
-1.75745,-0.151082
-1.64721,-0.264158
-1.38919,-0.215502
-1.34753,0.00305383
-1.21314,0.20279
-1.44069,-0.127004
-1.6024,-0.0707411
-1.2601,0.233309
-1.28177,-0.00400052
-1.02416,-0.0542191
-1.09633,-0.214246
-1.09196,-0.378191
-0.793389,-0.363669
-0.879304,-0.0726229
-0.440521,-0.357921
-0.917747,-0.499644
-0.911888,-0.766571
-1.24368,-0.49814
-1.1762,-0.381757
-1.45717,-0.0323254
-1.26993,0.0511055
-1.11947,0.22739
-1.20019,0.0226873
-1.65687,0.136738
-1.85788,0.120624
-1.29846,0.309748
-1.16959,0.346442
-1.40631,0.548168
-1.63388,0.619703
-1.93977,0.254918
-1.49089,0.159041
-1.45584,0.492448
-1.5177,0.078896
-2.04527,-0.116184
-1.60762,-0.278638
-1.79266,-0.0699869
-1.89247,-0.505623
-2.27173,-0.507244
-1.93796,-0.160722
-1.94139,0.253427
-1.52806,0.0794933
-1.52894,-0.129437
-1.42344,-0.0726576
-1.23795,-0.0744631
-1.1673,-0.186163
-1.02034,-0.261245
-1.20164,-0.177001
-1.04104,-0.0117365
-1.04104,-0.0117365
-1.0613,-0.26229
-1.0944,-0.0533716
-1.30498,-0.149992
-1.13361,-0.319621
-1.13361,-0.319621
-1.39925,0.0351133
-1.43066,-0.198934
-1.39814,-0.0980129
-1.32087,-0.0687939
-0.990836,0.110948
-1.22763,0.453962
-1.52788,0.361011
-1.47121,0.449958
-1.37291,0.424574
-1.60056,0.797572
-1.55339,0.361835
-1.66163,0.450674
-2.16792,0.747354
-2.04556,1.4643
-1.50659,1.57699
-1.02395,1.39199
-0.947117,1.57088
-0.292307,1.81499
0.0873594,1.79034
-0.168689,1.92762
-0.20178,1.65459
0.0229849,1.51688
0.235621,0.86413
0.31443,0.9954
0.131174,0.722167
-0.112264,0.99864
-0.468039,1.14588
-0.993114,1.3273
-0.470308,1.02615
-0.928455,0.854306
-0.767262,0.672779
-0.767262,0.672779
-0.682254,0.479486
-0.474779,0.175081
-0.474779,0.175081
-0.904893,0.414997
-1.08046,0.390007
-0.801802,0.658734
-0.985991,0.115442
-1.08317,0.0431515
-1.61691,0.0884106
-1.80114,0.274936
-1.72003,-0.303199
-1.45478,-0.295408
-1.42051,-0.0612841
-1.41829,-0.278006
-1.65824,0.0356879
-1.65824,0.0356879
-1.56726,0.554548
-1.25904,1.03064
-1.3833,0.972193
-1.57877,1.00748
-1.80435,0.694164
-1.78782,0.442493
-1.7851,-0.124168
-1.24586,0.111089
-0.861758,-0.417401
-0.95434,-0.193154
-0.976342,-0.327188
-0.809697,-0.537543
-0.813633,-0.898649
-0.618865,-1.11777
-0.359153,-0.786198
-0.495843,-0.66013
0.492482,-1.16206
0.492482,-1.16206
0.492482,-1.16206
0.492482,-1.16206
-0.10763,-1.24198
-0.190526,-1.18409
-0.410595,-0.799057
-0.920427,-0.67695
-0.59241,-1.05643
-0.59241,-1.05643
-0.898122,-0.811167
-0.898122,-0.811167
-0.878665,-0.730638
-0.878665,-0.730638
-0.764288,-0.823509
-0.937031,-1.14046
-0.494022,-2.09723
-0.597131,-2.77995
-1.76669,-2.3477
-2.25157,-2.03003
-1.59934,-1.49822
-1.91115,-1.21086
-1.59004,-1.01085
-1.46908,-1.21115
-1.24539,-1.35118
-1.22658,-1.4102
-1.35367,-1.61719
-1.28211,-1.55566
-0.706922,-1.86983
-0.448205,-2.43229
-0.68515,-2.62512
-0.682864,-2.84314
-0.6251,-2.55179
-1.40606,-2.12723
-0.5548,-2.93609
-0.734517,-2.82437
-0.734517,-2.82437
-0.612103,-2.68811
-0.538303,-3.01161
-0.0574379,-2.67355
0.518773,-2.93799
0.278793,-2.8414
-0.415393,-3.15038
0.467167,-3.02064
-0.114116,-2.08122
0.145115,-2.29175
0.234864,-2.59758
0.0485106,-2.69595
0.733848,-3.04024
0.733848,-3.04024
0.958277,-2.24923
0.958277,-2.24923
0.958277,-2.24923
1.57095,-2.67657
1.72136,-2.63612
1.48865,-2.2819
1.48865,-2.2819
0.838044,-2.23377
1.17688,-3.0142
0.956826,-2.46361
1.36495,-1.7541
1.54672,-1.56074
1.20033,-1.2366
1.51459,-1.57682
1.21934,-1.25007
1.23072,-1.71996
1.23072,-1.71996
1.60718,-1.55112
0.905519,-1.90073
1.15695,-1.72754
0.40336,-1.80738
0.434868,-2.06603
0.66098,-1.80573
0.633059,-1.40216
0.549963,-1.66066
0.682761,-1.75168
0.101355,-2.18818
0.90271,-2.18682
0.432701,-1.89552
0.948748,-1.89957
1.55868,-2.44822
1.76882,-2.05219
2.19043,-0.84075
1.89897,-1.22459
1.06514,-1.33802
1.86368,-1.11685
1.80751,-0.73243
1.2833,-0.812248
1.85178,-1.10908
1.98549,-1.0205
2.12657,-0.42669
2.65288,-0.761885
2.99823,-0.214715
3.59052,-0.211183
3.3028,-0.499362
1.97975,-0.0935008
1.86525,-0.278649
2.10193,0.0794969
2.43618,0.619004
2.43618,0.619004
2.46922,0.376095
2.36465,-0.0397495
3.17086,-0.494486
3.32915,0.393113
2.44251,-0.133912
2.04473,-0.20859
1.97954,-0.515232
1.84562,-0.746645
2.01235,-0.626103
2.27303,-0.693141
2.32323,-0.0051016
2.97522,0.139605
3.0993,-0.148786
2.29149,-0.364401
1.70262,-0.78525
1.73266,-0.307381
1.56646,0.188662
1.11117,0.1269
0.97379,0.127421
1.04448,0.183126
1.01991,0.172444
1.08876,0.359881
1.14113,0.275602
1.32591,0.248568
1.1656,0.250674
1.29573,0.404681
1.69848,0.50747
1.90308,0.70998
1.92489,1.09273
1.31758,0.962368
1.88024,0.6477
2.22296,0.198868
2.59966,0.658359
2.19725,0.423097
2.03311,0.367716
1.41789,0.293256
1.59787,0.0493183
1.47621,-0.239058
1.47621,-0.239058
1.68728,0.176986
1.39728,0.0455344
1.35389,-0.0792158
1.35188,-0.317316
1.11119,-0.273398
1.33243,-0.545986
1.48773,-0.671563
1.18129,-0.363929
1.39702,-0.266725
1.02279,-0.38701
1.36924,-0.66512
0.905806,0.0345258
0.905806,0.0345258
0.683444,-0.0393443
0.665595,-0.141504
0.77289,-0.158813
0.615251,-0.42109
0.806772,-0.384672
0.891948,-0.529774
1.06789,-0.368233
1.0928,-0.427948
0.595915,-0.626302
0.292476,-0.741627
0.336772,-0.618521
0.24289,-0.756331
0.348177,-0.855788
0.768358,-0.753067
0.516242,-0.982776
0.572166,-1.0677
0.541977,-1.26162
0.115005,-1.2792
0.207976,-1.50326
0.200758,-1.19672
0.283855,-1.20989
0.414165,-0.913833
0.473906,-1.02257
0.485822,-0.813642
0.564097,-0.672689
0.591837,-0.670571
0.406785,-0.421668
0.480063,-0.497147
0.559557,-0.449079
0.480219,-0.684695
0.398863,-0.664807
0.35705,-0.847109
0.388125,-0.887644
0.20886,-1.06092
0.317617,-0.918479
0.235541,-0.971457
0.191541,-0.940696
0.0168096,-1.01651
-0.034757,-0.95031
-0.124439,-0.78716
0.0325178,-0.768305
0.023699,-0.808646
0.0731054,-0.72909
0.170556,-0.784241
0.170556,-0.784241
0.187532,-0.92271
0.0649104,-0.865699
0.286416,-1.06131
0.174119,-1.08453
0.339355,-1.07286
0.321839,-0.918011
0.257784,-0.930075
0.369122,-1.08853
0.70523,-0.880876
0.419498,-0.9743
0.682114,-1.02765
0.930618,-0.976773
1.10919,-0.873103
0.949482,-1.00963
0.904046,-1.187
0.811809,-1.26402
0.70266,-1.01343
0.837724,-1.48273
0.742716,-1.03479
0.81656,-1.02116
0.81337,-1.19204
0.801659,-1.59406
0.713521,-1.24043
0.442496,-1.29013
0.381357,-1.09496
0.703833,-0.984769
0.953274,-0.867494
0.679144,-0.962688
1.02045,-1.005
1.13484,-1.8724
1.20955,-1.9722
1.59356,-1.61617
1.2165,-1.6265
1.19922,-1.48952
1.25407,-1.18873
1.25882,-1.29658
0.592899,-1.58399
0.758735,-1.21688
0.785336,-1.43893
0.846232,-1.27461
1.00617,-1.23717
1.15556,-0.782459
1.15556,-0.782459
1.60221,-1.08814
1.54242,-0.577455
1.55286,-0.470198
1.75956,-0.298715
2.02321,0.0994677
1.8523,0.445101
1.90761,0.444855
2.05911,0.340351
2.17407,-0.109505
2.09064,0.235119
1.64463,0.833034
1.36563,0.947692
0.842932,1.31463
0.775102,1.2749
0.74085,1.19552
0.670569,1.20776
0.66693,1.33553
0.718853,1.35883
0.591688,1.18403
0.887718,1.23969
0.702357,1.48592
0.615385,1.58703
0.539907,1.1369
0.343992,1.59564
0.380978,1.22767
0.285551,1.13611
0.462473,1.01065
1.10699,1.09195
1.58649,0.990052
1.53737,0.799131
2.07487,0.747607
1.65471,0.258137
1.70877,0.384005
1.82783,0.44901
1.37976,0.854192
1.37976,0.854192
1.20071,1.45359
1.16846,1.65048
1.40518,1.61883
1.34886,1.86897
1.64281,1.24079
1.64281,1.24079
1.07347,1.46791
0.896464,1.17557
0.466487,1.30651
0.590782,1.26436
0.535785,1.36658
0.535785,1.36658
0.6066,1.17209
0.712979,1.40426
0.376126,1.60494
0.425778,1.25619
0.426731,1.06605
0.455236,1.16272
0.676786,1.20694
0.420756,1.36549
0.365487,1.3947
0.388052,1.2441
0.472246,0.847652
0.652063,0.919417
0.843816,1.14343
0.783502,1.19634
0.836995,1.16169
0.670495,1.81171
1.15518,2.08955
1.2149,1.84914
1.34077,1.63509
1.30162,1.38425
1.28755,1.0959
1.64067,0.884479
1.52213,1.36056
1.21067,2.12847
1.34636,1.96734
1.64101,1.84149
1.71723,2.2955
1.53344,2.36759
1.71102,2.26235
1.95476,2.71768
1.59887,2.96747
1.59887,2.96747
1.85851,1.87716
2.05116,1.81582
1.47373,1.79688
1.23688,1.44347
0.723398,1.5667
0.945714,2.179
0.669351,2.30995
0.519096,2.12264
0.230841,1.93625
-0.244001,1.49984
0.215311,1.40331
0.394373,1.0249
0.136891,0.921831
-0.0129694,0.922262
-0.025599,0.914517
-0.529564,1.3256
-0.468585,1.40986
-0.283553,1.25936
-0.266071,1.21342
0.115349,0.985385
0.371011,1.08797
0.396325,1.223
0.374947,1.44205
0.290562,1.23804
0.474743,1.46165
0.356018,1.78503
0.357622,1.71568
0.357622,1.71568
0.0679435,1.6231
-0.14215,1.72977
-0.300978,1.52801
0.0283289,1.84271
0.254048,2.12181
0.424189,2.68607
0.588392,2.90353
1.007,3.09024
0.447287,2.19861
0.164544,1.80088
0.164544,1.80088
0.534215,2.01498
0.513814,1.67447
0.0704598,1.47481
0.0704598,1.47481
-0.0242175,1.36559
-0.0242175,1.36559
-0.0242175,1.36559
0.0669574,1.75734
0.602862,1.10481
0.858325,1.29421
0.636032,1.13641
0.459356,1.3596
0.838542,1.2844
0.670234,1.06627
1.02528,1.04445
0.745571,1.09117
0.672051,0.867474
0.935273,1.09217
0.699257,1.28354
1.01964,1.26116
1.17029,1.26851
1.27668,1.17327
1.44713,1.29414
1.61531,1.39495
1.41162,1.38583
1.13854,1.275
1.31053,0.908483
1.21793,0.807518
1.34566,0.818616
1.76851,1.19762
2.02067,0.929719
1.87776,1.12846
2.0125,1.56188
2.05265,2.06134
2.05265,2.06134
2.18884,2.12278
1.09358,2.58924
1.19756,3.09032
1.67736,2.60113
0.901476,2.68409
0.286296,2.57562
0.94979,3.67953
0.029352,3.43076
0.230724,2.908
0.0274266,2.84578
-0.381135,2.99723
-0.916029,2.47142
-0.860576,2.59807
-1.10204,2.27739
-1.20557,2.84885
-1.15324,2.38968
-1.35865,1.99772
-0.974424,2.4258
-1.05392,2.49651
-1.5196,2.27847
-1.11443,2.47506
-0.840509,2.13853
-0.603423,1.97534
-0.663848,1.92407
-0.357882,1.7765
-0.314134,1.73725
-0.939955,1.53726
-1.37117,1.82907
-1.05671,2.33549
-1.22857,1.51823
-1.19732,1.38997
-1.207,1.73342
-1.57493,1.5978
-1.49267,1.28558
-1.44986,1.28471
-1.49373,1.23625
-1.52762,1.14069
-1.57742,0.817571
-1.80836,0.479289
-1.68911,0.0583165
-1.74243,0.252268
-1.74243,0.252268
-1.42356,0.416565
-1.8487,0.232918
-2.28997,0.483503
-2.43816,1.02467
-2.02726,0.410011
-1.68643,0.605922
-1.68643,0.605922
-1.45467,0.958396
-1.39646,1.08813
-1.2278,0.667121
-1.08285,1.10298
-1.4865,1.57999
-2.21385,1.73479
-1.49213,1.92285
-0.97227,1.92428
-1.37109,1.94262
-1.34296,1.19607
-1.56021,1.33075
-1.39165,1.28269
-1.03483,1.63026
-0.900698,1.517
-0.766918,1.58636
-0.308822,1.68529
-0.0237692,1.37614
-0.373559,0.960365
-0.377058,0.866439
-0.486955,1.07437
-0.481078,1.04373
-0.517981,0.952178
-0.392507,1.03894
-0.453728,1.10832
-0.4834,1.59638
-0.724925,1.43625
-1.07789,1.41594
-1.12645,1.46284
-1.23476,1.28548
-1.09337,1.68771
-1.09107,1.76816
-1.09107,1.76816
-1.09107,1.76816
-0.809815,1.71373
-0.399906,1.40921
-0.605288,1.15585
-0.593137,1.60258
-0.565317,2.01534
-0.698069,1.74284
-0.698069,1.74284
-1.37818,2.09879
-1.29171,2.36861
-1.32089,1.7025
-1.71254,1.97498
-1.52778,2.10597
-1.58452,2.25542
-1.30263,2.00521
-1.09234,1.83794
-1.2998,1.8102
-1.06747,1.68859
-0.834167,1.55082
-0.834167,1.55082
-0.978405,1.71534
-0.586457,2.1743
-0.362066,2.18264
-0.556997,2.21384
-0.0752711,1.90927
-0.0752711,1.90927
-0.141962,1.42227
-0.141962,1.42227
-0.657888,2.10134
-0.342034,2.26863
-0.453589,1.84112
-0.782046,1.77765
-0.542333,2.37355
-0.843527,2.39833
-1.22891,2.14515
-1.25016,1.32846
-1.33874,1.34277
-1.51409,1.2676
-1.68705,0.935805
-1.65264,1.08519
-1.51321,1.1397
-1.56801,1.2135
-1.28792,1.96685
-1.08169,2.56299
-1.08169,2.56299
-1.08169,2.56299
-1.47985,2.47886
-1.90394,1.67324
-1.66426,1.6424
-1.56362,1.49906
-1.60538,1.45278
-1.62691,1.63081
-1.88016,1.99269
-1.60147,2.30012
-1.60147,2.30012
-1.97328,1.97142
-1.32668,1.50912
-1.39383,1.28155
-1.56804,1.01985
-1.56804,1.01985
-1.02181,1.37562
-1.24756,1.77263
-0.922201,1.87537
-0.3998,2.18143
-0.24965,1.81996
-0.677453,2.10835
-0.196126,2.10418
-0.544615,2.54045
-0.627925,2.9239
0.009909,2.33667
-0.287326,2.48498
0.0910006,2.39884
0.36822,2.00624
0.908689,1.85696
0.0814143,1.70406
0.0814143,1.70406
0.686073,1.41383
0.685535,1.11448
0.702262,1.3637
0.858099,1.66293
0.807198,1.78643
1.14774,1.73361
0.830041,2.1632
0.650759,2.15494
0.650759,2.15494
1.18176,1.78986
1.4592,2.16786
1.12765,1.5762
0.934026,1.69423
0.740918,2.02767
0.740918,2.02767
0.925681,1.63829
0.0600086,1.31284
-0.379227,1.01464
-0.0302936,0.981918
-0.123928,0.974077
-0.161485,0.905247
-0.181072,0.837003
-0.108243,0.572109
-0.0383244,0.563682
0.127699,0.774867
0.0234251,0.906764
-0.191074,0.555344
0.0310798,0.419186
-0.164093,0.458442
-0.348377,0.462281
0.163417,0.386013
0.163417,0.386013
0.0373886,0.457314
0.344154,0.586443
0.00432844,0.528415
0.105619,0.427026
-0.330428,0.372504
-0.334078,0.494271
-0.229681,0.662116
-0.229681,0.662116
-0.156213,0.385403
0.166667,0.458339
0.0500823,0.565684
-0.047283,0.743382
0.0615529,0.523845
0.185968,0.881851
0.173414,0.614354
-0.250745,0.729864
-0.250745,0.729864
-0.244503,0.963755
-0.164567,0.789839
-0.164567,0.789839
-0.119162,0.773512
0.184601,0.976438
-0.241629,1.02312
-0.538724,0.984308
-0.357039,0.850476
-0.424259,0.828794
-0.505948,0.589014
-0.337808,0.762581
-0.45141,0.688406
-0.432988,0.644745
-0.588721,0.639249
-0.392703,0.73325
-0.523472,0.604324
-0.710367,0.614912
-0.624521,0.711147
-0.799658,0.475451
-0.601312,0.668265
-0.776764,0.555719
-0.999398,0.724826
-0.931948,0.838898
-0.907218,0.877439
-0.9974,0.742314
-0.885973,0.737352
-0.875177,0.693303
-1.02273,0.919832
-0.907147,0.638041
-0.947049,0.762179
-0.838764,1.20082
-0.846122,1.09606
-0.743154,1.06884
-0.825984,1.76616
-1.30575,1.44294
-1.16709,1.53281
-1.19899,1.84103
-1.10885,1.89098
-1.16197,1.63118
-0.678204,2.21516
-0.863426,2.15556
-1.08817,1.97471
-0.55027,2.36432
0.0620038,2.55513
0.201741,2.49917
0.393262,2.35502
0.393262,2.35502
0.791298,2.20891
0.457703,2.0244
0.895474,2.14914
1.15845,1.55011
0.970166,1.19891
0.866015,0.835879
0.985303,1.07672
1.03817,0.963097
1.375,0.658409
1.20363,0.716871
1.26537,0.973327
1.26537,0.973327
1.3634,0.975013
1.1307,0.915462
1.158,1.09018
1.55097,0.765159
1.75644,0.75871
1.75644,0.75871
1.80057,1.0118
2.01681,1.34012
1.87806,2.14725
1.81767,1.62215
1.72335,1.35687
1.72335,1.35687
2.2174,1.96398
1.80161,1.88099
1.4742,1.92359
1.39909,1.87564
1.72355,1.87248
1.09998,1.46791
0.401491,1.8971
0.374444,1.77393
0.503427,1.51238
0.503427,1.51238
0.51188,1.49903
0.130261,1.84989
0.143651,1.57916
0.139267,1.65608
-0.401589,1.58221
0.187862,1.30037
-0.0759702,1.21618
0.126476,0.985073
-0.15951,0.864611
-0.0661192,1.1423
-0.283113,1.22452
-0.528478,1.18181
-0.40007,1.04759
-0.127569,1.25543
-0.337195,1.3039
-0.281362,1.21977
-0.289132,0.687628
-0.179367,1.09219
0.00938079,1.14601
-0.157824,0.831041
-0.054976,0.798839
0.11097,1.03654
0.11097,1.03654
-0.0390599,1.27107
0.203171,1.54921
-0.0251604,1.33622
0.276626,1.38286
0.129901,1.25196
-0.388046,1.5337
-0.116727,1.41466
-0.409174,0.983166
-0.556604,1.07472
-0.62857,1.11957
-0.730439,0.897548
-0.730439,0.897548
-0.720075,0.937748
-0.757387,0.845065
-0.750427,1.369
-0.497636,1.24314
-0.354213,0.999082
-0.318303,1.00502
-0.0699117,1.07772
0.0541792,1.00891
0.48044,1.5137
0.338252,1.44783
0.245816,1.34782
0.116636,1.69469
0.179965,1.25592
0.186191,1.36532
0.187529,2.13561
-0.186136,1.95786
-0.186136,1.95786
-0.186136,1.95786
0.0950714,1.99944
-0.0355385,1.95779
-0.181489,1.96812
-0.257373,1.79997
0.372771,1.52473
0.291338,1.68247
0.188191,1.55758
0.37372,1.95765
0.132764,2.38631
-0.0629196,2.02141
-0.481205,2.22698
-0.489773,1.90311
-0.565509,2.04241
-0.482259,1.71919
-0.634912,1.7314
-0.484961,1.86631
-0.660739,1.62205
-0.660739,1.62205
-0.660739,1.62205
-0.660739,1.62205
-0.331448,1.49315
-0.283027,1.61387
-0.0332156,1.59721
0.043793,2.0764
0.52929,1.90388
0.095224,1.7818
-0.261066,1.69322
0.0228933,1.7603
-0.148235,1.39769
0.166457,1.46699
-0.0974784,1.54964
-0.791477,1.60231
-0.655897,1.52738
-0.775188,1.69424
-0.954857,1.55136
-1.03499,1.79065
-0.941501,1.74885
-0.985989,1.68991
-0.560857,1.6212
-0.36723,2.24624
-0.504728,1.88227
-0.162492,1.83991
-0.12613,1.89706
0.0544522,1.80204
0.0544522,1.80204
-0.359922,1.86334
-0.444401,1.50231
-0.315734,1.42272
-0.448723,1.35768
-0.448723,1.35768
-0.590759,1.53244
-0.707104,1.86535
-0.595596,1.60854
-0.616278,1.4267
-0.616278,1.4267
-0.516124,1.27254
-0.612489,0.985449
-0.237748,1.28318
-0.182882,1.28958
-0.568014,1.21619
-0.158121,1.24959
0.0993683,1.5377
0.171371,1.5472
0.159734,1.27286
0.29638,1.26912
0.405282,0.86395
0.4218,1.009
0.450508,1.04427
0.694677,1.10312
0.38404,1.04584
0.552138,0.913324
0.442444,1.04251
0.623948,0.753505
0.640349,0.726718
0.640349,0.726718
0.656878,0.903836
0.534058,0.688828
0.220694,0.602606
0.677536,0.625709
0.96344,0.868707
1.05312,1.08087
0.64878,0.789154
0.742729,0.749568
0.469092,0.661912
0.461048,0.807113
0.474896,0.876134
0.474896,0.876134
0.624638,0.730128
0.540266,0.519538
0.442386,0.529615
0.340835,0.500853
0.155949,0.500514
-0.114498,0.56778
-0.0268353,0.470215
-0.203925,0.439047
-0.442869,0.822366
-0.437652,0.677861
-0.404991,0.527221
-0.326862,0.810067
-0.570939,0.744584
-0.300248,0.653861
-0.0521636,0.625571
-0.155135,0.639163
-0.0605174,0.510197
-0.157498,0.391898
-0.157498,0.391898
-0.0556095,0.39515
0.00920284,0.303037
0.00920284,0.303037
-0.156948,0.543556
-0.0408147,0.639153
-0.139557,0.684662
0.024547,0.715079
-0.0910916,0.777064
-0.171444,0.629841
-0.156805,0.579796
-0.0556489,0.705965
0.411171,0.614446
0.507354,0.342189
0.507164,0.30817
0.507164,0.30817
0.900651,0.291409
0.900651,0.291409
0.548741,0.291204
0.676478,0.229827
0.786916,0.116486
0.519469,0.246786
0.638684,0.0781477
0.907489,-0.217372
0.723341,-0.2661
0.582492,-0.378758
0.60491,-0.308915
0.6144,-0.478156
0.438651,-0.384765
0.474074,-0.524012
0.732139,-0.645576
0.732139,-0.645576
0.584111,-0.578361
0.384904,-0.665785
0.376659,-0.606815
0.537433,-0.705109
0.193121,-1.09354
0.120443,-1.18715
-0.28329,-1.29767
-0.134478,-1.6297
-0.239373,-1.60382
-0.151086,-1.52255
-0.149719,-1.38155
-0.347963,-0.997082
-0.210789,-1.02277
-0.238199,-0.897155
-0.383988,-0.775333
-0.383988,-0.775333
-0.279381,-0.799975
-0.290495,-0.956434
-0.310829,-0.98437
0.0736774,-1.15369
0.118795,-1.12646
0.00860805,-1.08408
0.194578,-1.19877
0.550885,-1.62032
0.550885,-1.62032
0.822688,-1.33449
0.822688,-1.33449
0.942295,-1.13086
0.987346,-1.28711
0.73571,-1.05694
0.675634,-1.5613
0.601582,-1.86875
1.15351,-1.82396
1.15351,-1.82396
1.11558,-1.94606
0.507876,-1.81296
0.518921,-1.53292
0.727197,-1.43478
0.727197,-1.43478
0.962009,-1.32977
1.32358,-1.37715
1.07175,-1.80931
1.28894,-1.16695
1.09385,-1.34181
1.07203,-1.33933
1.04779,-1.08729
1.57983,-1.32064
1.3364,-1.32419
1.88519,-1.32708
1.06623,-1.2949
1.28112,-1.37737
1.21101,-1.39812
0.910817,-1.63978
0.981939,-1.76061
1.0618,-1.29683
1.26149,-1.46318
1.33293,-1.61262
1.11136,-1.80849
0.725203,-1.70461
0.660662,-1.62823
0.648614,-1.7919
0.368152,-1.65997
0.479878,-1.59123
0.827222,-1.92972
1.03625,-1.98237
1.03625,-1.98237
1.26639,-1.76845
1.62235,-1.93103
1.50575,-1.55817
1.05418,-1.20383
0.977226,-0.711642
0.842554,-0.830857
0.91403,-1.14605
1.10902,-1.3338
0.910877,-1.30174
1.31367,-1.36414
0.888064,-0.800292
0.740131,-0.885602
1.07954,-0.993682
1.27306,-1.10203
1.57296,-1.03629
1.80287,-0.953442
1.49453,-0.778037
1.49453,-0.778037
1.24349,-0.68997
1.52607,-0.679763
1.2782,-0.958175
1.026,-1.08686
1.37596,-1.03726
1.1771,-0.918568
0.856012,-1.27751
1.03884,-1.35445
1.35812,-1.11776
0.977895,-1.2516
1.07669,-0.92176
1.31864,-1.16962
1.28149,-0.719029
1.51803,-0.0391053
1.46252,-0.249996
1.64216,-0.59809
1.36602,-0.575809
1.27755,-0.615565
1.29286,-0.690102
1.15367,-0.686484
0.995912,-0.654189
1.39089,-1.04538
1.57253,-0.861162
1.70155,-0.839413
1.36185,-0.850795
1.62675,-0.866991
1.44662,-0.544424
1.55097,-0.622361
1.24658,-1.07711
1.43964,-1.07062
1.10764,-1.08661
1.10764,-1.08661
1.16331,-0.691403
1.65255,-0.718102
1.50174,-0.682805
1.71877,-1.18936
1.4043,-0.858943
1.00689,-0.882538
1.14114,-1.13622
0.827103,-1.02142
0.548079,-1.02899
0.629515,-0.802018
0.475172,-0.746291
0.332324,-0.933593
0.202409,-1.1449
0.170996,-1.23989
0.451574,-1.07104
0.363832,-1.14275
0.31742,-1.20757
0.403485,-1.43225
0.890654,-1.8689
0.542088,-1.69378
1.01627,-2.21086
1.33389,-1.91842
0.919997,-1.59336
1.33546,-1.24338
0.993319,-1.07619
1.12196,-1.40005
1.10655,-0.950889
1.29617,-1.69581
1.70632,-0.889145
1.3381,-0.806127
1.16496,-0.564236
1.46059,-0.0680912
1.17746,0.28786
1.54293,-0.0242563
1.50926,0.574359
0.771758,-0.0492045
0.707686,0.734502
0.386963,0.667519
0.386963,0.667519
1.02489,0.279197
1.01603,0.0244695
1.01603,0.0244695
1.39343,0.128223
0.858938,-0.43427
0.858938,-0.43427
0.680684,-1.16564
0.825216,-1.69506
0.987193,-1.12838
0.763031,-1.3999
0.751054,-1.12868
0.821767,-1.12422
0.589925,-1.4195
0.556492,-1.53163
0.700968,-1.52342
0.370928,-1.68627
0.245816,-1.3629
0.7473,-1.17158
0.500116,-1.13892
0.926675,-1.16865
0.903057,-1.49456
0.669683,-1.14461
0.591719,-1.07227
0.321762,-1.09043
-0.195807,-1.18702
-0.408251,-1.58765
-0.544528,-1.57801
-0.727005,-1.59971
-0.965408,-1.36646
-1.02344,-0.87801
-0.475187,-0.787649
-0.460254,-0.783799
-0.626361,-0.612105
-0.470673,-0.760423
-0.430666,-0.817023
-0.207926,-0.757983
-0.0749883,-0.98429
-0.367495,-0.964566
-0.265944,-0.789228
-0.0113125,-1.08792
0.00263974,-0.986859
0.139434,-1.16631
0.161488,-1.1138
0.491055,-1.34129
0.918047,-1.05918
1.0723,-0.830565
0.794269,-0.788505
0.949994,-0.612816
0.325026,-0.821021
0.428716,-0.517686
0.428716,-0.517686
0.428716,-0.517686
0.629028,-0.442013
0.455667,-0.414893
0.990212,-0.603495
1.13306,-0.36354
0.85964,-0.417535
1.08277,-0.604186
0.527213,-1.08679
0.569609,-1.47702
0.831709,-1.06449
1.20915,-0.610222
0.929813,-0.554866
