-0.0802455,0.00633594
0.0140599,0.00888048
0.030428,0.0756218
-0.0029017,0.0931901
0.0480786,0.190851
-0.0610816,0.22542
0.0656534,0.217736
0.0518971,0.0959427
0.0262651,0.0665055
0.0541146,0.129409
0.0970885,0.0894324
0.0694345,0.11683
0.0984928,0.0300319
0.0984928,0.0300319
0.171425,0.0102602
0.171425,0.0102602
0.133048,-0.0330831
0.0968283,-0.0138274
0.050044,-0.0317223
0.0323278,-0.0299599
0.0131811,-0.0149284
0.0432944,0.0111479
-0.0128291,0.0201894
0.0194139,-0.0716792
0.0313105,0.00253415
-0.032079,-0.0361588
-0.0820471,-0.0408273
-0.162137,-0.0624884
-0.078476,-0.0724837
-0.0309431,-0.0590124
-0.0998924,-0.0664824
0.0184829,-0.062111
-0.0189659,-0.0470961
-0.013609,-0.0386405
-0.00868469,-0.0153016
-0.00626164,-0.0638733
-0.00626164,-0.0638733
-0.0116276,-0.0570281
0.0162519,-0.0168789
-0.0303561,-0.0347641
-0.0217965,-0.0737785
0.0427538,0.00744819
0.0463833,-0.0471639
0.0463833,-0.0471639
-0.0149261,-0.0556943
0.0283596,-0.0822226
0.0674054,-0.000963365
0.0379845,0.0294799
0.0349641,0.0871907
-0.0342535,0.0626959
6.84153e-05,0.043297
6.84153e-05,0.043297
0.040578,0.0213984
0.0309024,-0.00766498
0.0321608,0.0179412
0.0309051,0.035257
0.00501184,0.00659216
0.0473819,0.0091726
0.0473819,0.0091726
0.0473819,0.0091726
-0.0879676,-0.021669
-0.0879676,-0.021669
-0.0879676,-0.021669
0.00491841,-0.00791314
-0.0113435,-0.0391265
0.0925862,-0.104427
0.12366,-0.0596008
0.0798451,-0.0768934
0.0721825,-0.0633051
0.0490921,-0.00845352
0.0550969,-0.0626095
0.0825549,-0.079508
0.0839898,-0.0809034
0.090915,-0.0172726
0.165343,-0.0332592
0.127177,0.0432796
0.11402,0.043671
0.0778728,0.0281726
0.101418,0.068397
0.146735,0.0316544
0.136281,0.0381652
0.0723871,0.0562761
0.0723871,0.0562761
0.0723871,0.0562761
0.0723871,0.0562761
0.0829729,0.0432008
0.0863447,0.0186613
0.0546779,0.0328647
0.0200259,0.0020117
0.0231596,0.0159353
0.0471079,0.021488
0.0471079,0.021488
0.00178011,-0.0104651
-0.0555025,-0.0403679
-0.0555025,-0.0403679
-0.054669,-0.00777403
-0.116869,-0.0092273
-0.116869,-0.0092273
-0.0361892,-0.0231324
-0.0765634,-0.0514488
-0.0499902,-0.0478507
-0.0390869,-0.0266004
-0.00472335,0.00226514
0.0276946,-0.0931788
0.0283531,-0.0705035
-0.0204815,-0.0618166
-0.0204815,-0.0618166
-0.0204815,-0.0618166
-0.0135249,-0.076962
-0.0179884,-0.081208
-0.0267064,-0.0414643
-0.0267064,-0.0414643
-0.028036,0.0188766
-0.00201025,0.0265841
-0.0596284,0.110296
-0.123781,0.128481
-0.0430186,0.109929
-0.111635,0.0702469
-0.12581,0.138254
-0.179869,0.0482221
-0.124181,0.0774762
-0.124181,0.0774762
-0.0832141,0.0437095
-0.136336,0.0422366
-0.0689623,0.0525678
-0.12747,0.0729544
-0.13144,0.0926164
-0.0925514,0.0294826
-0.0925514,0.0294826
-0.16963,0.0375374
-0.100326,0.062896
-0.0698272,-0.0219771
-0.0452369,0.00364805
-0.0102453,-0.0460736
-0.0467599,-0.0014921
-0.0371295,-0.00404856
-0.0389619,-0.0132853
-0.060408,-0.0880207
-0.0995189,-0.118339
-0.155445,-0.122392
-0.171799,-0.0907974
-0.11754,-0.0996161
-0.152292,-0.0581024
-0.152292,-0.0581024
-0.108598,-0.0269761
-0.089838,-0.00977434
-0.0620695,0.01582
-0.118415,-0.0834528
-0.00646724,-0.0395575
-0.0464056,0.0375406
-0.0108185,-0.0135131
-0.0588876,-0.0596019
-0.0588876,-0.0596019
-0.0272411,-0.0244543
-0.0272411,-0.0244543
-0.0272242,0.0340061
-0.0431288,0.022536
-0.0539268,-0.0196342
-0.073493,-0.0559171
-0.055908,-0.0542578
-0.0623761,-0.0114538
-0.0335432,-0.0412932
-0.0763015,-0.0555761
-0.0887434,-0.126884
-0.0758853,-0.0292512
-0.134972,-0.0737521
-0.0670348,-0.0420102
-0.0670348,-0.0420102
-0.0340128,-0.0370611
-0.0455924,-0.0834957
-0.0415219,-0.0862996
-0.0415219,-0.0862996
-0.0239373,-0.100849
-0.0405472,-0.0769719
-0.0472228,-0.0193175
-0.0374463,-0.0433202
-0.0347712,-0.0144136
-0.0347712,-0.0144136
-0.0220709,-0.0352676
0.000923694,0.0359918
0.0179789,-0.0152126
0.0278906,-0.0638096
0.0729875,-0.0137651
0.0458805,0.00664011
0.0518296,0.0637178
0.13451,0.0324849
0.120374,0.0625495
0.0604782,0.0498286
0.0396449,-0.0241908
0.00206787,0.040928
0.00206787,0.040928
0.00206787,0.040928
0.0146055,-0.00481047
0.0165565,0.0602589
0.0542754,0.0270741
0.0285346,-0.02203
0.0239943,-0.110851
0.0878781,-0.0178232
0.0288916,0.0124163
0.0232374,-0.0338053
-0.0015427,-0.066777
0.0178905,-0.0417454
-0.0403354,-0.105279
-0.0403354,-0.105279
-0.030008,-0.0509407
0.00711504,-0.0359872
0.0338912,-0.0274396
0.0338912,-0.0274396
0.0634054,-0.0361143
0.0727205,-0.0598311
0.0727205,-0.0598311
0.0178795,-0.0635054
0.0112,-0.0312306
-0.000908692,-0.040174
0.0127303,-0.00642025
0.00320898,0.0240421
-0.0880844,-0.0294256
-0.0408705,0.0275883
-0.00615469,0.00517387
-0.00615469,0.00517387
0.0361544,-0.019593
-0.00285335,-0.0115374
0.0599989,-0.0091815
0.0599989,-0.0091815
0.00756695,0.00932156
0.0463296,-0.0232469
0.0463296,-0.0232469
0.00414714,3.40864e-05
0.00414714,3.40864e-05
0.0414766,0.0140859
0.0146812,0.0313199
-0.0447147,-0.000677189
-0.0447147,-0.000677189
-0.0447147,-0.000677189
-0.0358645,-0.0218864
-0.0358645,-0.0218864
-0.0358645,-0.0218864
-0.0358645,-0.0218864
-0.025555,-0.035456
-0.0293161,-0.0555814
0.0346199,-0.000945455
0.0595501,-0.0028457
0.0264644,0.00638205
-0.0314766,-0.0166245
-0.0961104,0.0607985
-0.0359594,0.0129805
-0.0465579,-0.058607
-0.0285021,0.00173298
0.0167302,-0.0240165
0.0268265,0.05474
0.0268265,0.05474
-0.0486905,0.0201643
-0.0504293,0.013169
0.0214336,-0.003915
0.0214336,-0.003915
0.0813505,-0.0356441
0.133628,-0.0314049
0.086249,-0.0973079
0.0377944,-0.0194211
0.0391022,-0.0936872
0.00672353,-0.054711
-0.0674549,-0.0319909
0.00168768,0.021064
0.0290565,0.00707461
-0.00375464,0.0026541
-0.0240916,0.045724
-0.0138416,-0.0473961
-0.0373175,-0.0072985
-0.0573596,0.0204185
-0.0749843,-0.0063708
-0.0971068,0.018082
-0.0745894,0.0322964
-0.0544027,-0.0116526
-0.023694,0.000430997
-0.064037,-0.0465566
-0.064037,-0.0465566
-0.0120006,0.00293998
-0.0601368,-0.0955955
-0.008316,-0.101861
-0.028622,-0.097548
0.00507288,-0.0818014
0.00507288,-0.0818014
0.00507288,-0.0818014
-0.0134786,-0.0683595
-0.0134786,-0.0683595
-0.0134786,-0.0683595
0.0319774,0.0182763
0.0319774,0.0182763
-0.032376,0.0211605
-0.02109,0.0052759
-0.100075,0.0169084
-0.0605404,0.0119229
-0.106773,0.018448
-0.0793409,0.0113826
-0.0287095,0.0294487
-0.0803491,-0.019156
-0.119058,-0.0380135
-0.108952,-0.0334532
-0.0107858,0.0146283
-0.0369703,0.0102474
-0.0425021,-0.00367667
-0.0419964,0.00578724
0.0122665,0.0297276
0.0468484,-0.00565355
0.0468165,0.0130489
0.0224665,0.0444321
0.0515567,0.0672128
0.0192655,0.115705
0.0829884,-0.0189398
0.0481259,-0.0130135
0.0272796,0.00366414
0.0272796,0.00366414
0.0105504,-0.0815755
-0.0375019,-0.0655829
0.0455212,0.0216359
-0.043893,0.083319
-0.045441,0.0402049
-0.0417718,-0.0373252
-0.0623234,-0.00255915
-0.0503282,0.00093004
-0.0503282,0.00093004
-0.0916431,0.0466801
-0.02733,0.0402643
0.0200371,0.0713816
0.0158155,0.042684
0.0158155,0.042684
0.0158155,0.042684
-0.0340546,0.0649709
-0.0121777,0.075869
-0.0095629,0.055611
-0.0299679,0.0394651
-0.000130891,0.0546362
-0.000130891,0.0546362
-0.000130891,0.0546362
0.047366,0.0846649
0.00892336,0.115117
0.00892336,0.115117
0.00674086,0.0803548
-0.00436598,0.089578
-0.00436598,0.089578
-0.00436598,0.089578
-0.0129263,0.0890477
0.0270437,0.0467721
0.0614866,-0.0262318
0.0493606,0.0269708
0.0265272,0.0317296
0.0161922,0.0429413
0.0404661,0.0703953
-0.0142831,0.0947365
-0.0453855,0.0921779
-0.0031933,0.060121
-0.0674531,0.067622
-0.0214105,0.0356443
-0.0214105,0.0356443
-0.0278121,0.0614371
-0.0278121,0.0614371
-0.0278121,0.0614371
-0.0395605,0.0305581
-0.0395605,0.0305581
-0.0575046,-0.0333608
-0.0575046,-0.0333608
-0.0513982,-0.014654
-0.0113108,-0.0260568
-0.0113108,-0.0260568
-0.0486085,-0.0359139
-0.0349574,-0.0996626
-0.00267298,-0.234852
-0.00267298,-0.234852
0.0745881,-0.128486
0.0745881,-0.128486
0.0328364,-0.0834817
0.0281293,-0.0939617
0.0371396,-0.0212167
-0.0132026,-0.119528
-0.0275176,0.0116575
-0.103264,0.0742879
-0.112189,0.0495514
-0.0783293,0.0157636
-0.0580569,-0.0224596
-0.123069,-0.0327361
-0.00386958,0.0385059
-0.00386958,0.0385059
-0.00386958,0.0385059
0.0055879,0.00939302
-0.0453131,-0.0627015
-0.0453131,-0.0627015
-0.0453131,-0.0627015
-0.0102531,-0.0366015
0.0137245,-0.0753734
0.0137245,-0.0753734
0.0557269,-0.0940299
0.0126792,-0.0239886
0.044626,-0.0147858
0.0220972,-0.057996
0.0354255,0.00110602
0.0354255,0.00110602
0.0655117,-0.0504515
0.038059,-0.0576144
0.0142261,-0.0365022
0.000934311,-0.00422239
0.0144101,0.0359864
0.0184829,0.0122658
0.00200435,0.0180634
0.00200435,0.0180634
0.00200435,0.0180634
-0.00216554,0.0255009
-0.0415774,0.0649245
-0.0155235,0.0674916
-0.0506824,0.0596522
-0.0506824,0.0596522
-0.00303017,0.0624601
-0.00303017,0.0624601
-0.0214229,0.108153
-0.0509096,0.0788131
-0.0509096,0.0788131
0.00692105,0.091653
-0.0598784,0.0710779
-0.0189956,0.0266776
-0.0189956,0.0266776
-0.0730405,0.0401759
0.0429746,0.023177
-0.033598,0.0503572
-0.00335101,0.131513
0.0367451,0.0746523
0.0393734,0.0435846
0.0820069,-0.0286414
0.0535336,0.00937413
0.009576,0.0512405
0.059302,0.0381992
0.059302,0.0381992
0.00854591,0.0462964
-0.012317,-0.00952415
-0.0340059,-0.0151014
-0.0340059,-0.0151014
-0.0555475,0.0374113
-0.0365741,-0.0644205
-0.00897475,-0.032788
0.0238099,-0.0517037
-0.00177331,-0.0265354
-0.00177331,-0.0265354
-0.0272465,0.0906924
0.0353025,0.0554334
-0.00892617,0.0598591
-0.0278658,0.0243312
-0.0611693,-0.040561
0.0023554,-0.032325
-0.0760398,-0.0490485
-0.0760398,-0.0490485
-0.0760398,-0.0490485
0.0495689,0.0783705
0.0495689,0.0783705
0.0133869,-0.00458762
0.0534554,-0.048207
0.0534554,-0.048207
0.0793345,-0.0483074
0.0539054,-0.0411036
0.0539054,-0.0411036
0.0539054,-0.0411036
-0.0375034,-0.0209025
-0.0375034,-0.0209025
-0.0139905,0.0453344
-0.025533,-0.000248827
-0.0207234,-0.0103606
-0.00404092,0.0448731
0.00823294,0.0600619
0.00823294,0.0600619
-0.0107987,0.0153044
-0.120124,-0.00782311
-0.116876,-0.0222181
-0.0650681,0.031223
0.00684275,-0.00289528
0.0478854,0.0552244
0.0289269,0.00510537
0.0161284,0.0225463
0.0161284,0.0225463
0.0161284,0.0225463
0.0161284,0.0225463
0.0382214,0.0112203
-0.0598845,0.0224248
-0.0519819,-0.0392754
0.0423284,-0.0574593
0.0423284,-0.0574593
-0.0411169,-0.0133039
-0.0432963,0.0188686
-0.0432963,0.0188686
-0.0755471,-0.0930332
-0.0659569,-0.0791801
-0.0398035,-0.0388153
-0.0564616,-0.0633195
-0.048963,-0.0874165
-0.048963,-0.0874165
-0.048963,-0.0874165
-0.048963,-0.0874165
-0.11968,-0.099527
-0.0444768,-0.0827497
-0.00444314,-0.0205238
-0.00444314,-0.0205238
-0.00721669,0.034578
-0.0848565,0.00368441
-0.0466917,-0.0855028
-0.0466917,-0.0855028
-0.0466917,-0.0855028
-0.064428,-0.069629
-0.0735239,-0.0870265
-0.0735239,-0.0870265
-0.0288363,-0.0748247
0.0457346,-0.151361
-0.017534,-0.0611401
-0.0390047,-0.0303675
-0.106277,-0.0459764
-0.106277,-0.0459764
-0.0224804,-0.0351467
-0.0733109,-0.00211015
-0.0365691,-0.0236225
-0.089547,-0.00116661
-0.0474007,-0.0196561
-0.0312745,-0.0141834
-0.0252606,0.063053
-0.0525835,0.0573113
0.0343863,0.135256
-0.00438622,0.117429
-0.0453975,0.0811988
-0.0544253,0.0419899
-0.103003,0.0567519
-0.0252621,0.0455827
-0.0324641,0.0466198
0.00641441,0.0489649
0.0550164,0.0623965
-0.0571275,0.0402275
-0.0197241,0.0462711
-0.0540124,0.0660628
-0.0540124,0.0660628
-0.0401598,0.106769
-0.0401598,0.106769
-0.0670468,0.0824911
-0.0966208,0.0642845
-0.0966208,0.0642845
-0.0527134,0.111714
0.0805976,0.121151
0.0561302,0.0837821
0.0561302,0.0837821
0.0398278,0.0445173
0.0398278,0.0445173
0.0209369,0.00548929
0.0486959,0.0699313
0.0476038,-0.00991336
0.000738755,0.049039
0.0476208,0.00233052
0.075016,-0.0203821
0.0834336,0.0118136
0.0495833,-0.00223498
0.0525755,-0.0136431
0.0569884,0.0153871
0.0997595,0.0253185
0.0353005,0.00438499
0.0331751,-0.0240616
0.0545793,-0.000725481
0.027424,-0.031835
0.0709164,-0.011073
0.0709164,-0.011073
0.0709164,-0.011073
0.0709164,-0.011073
0.051119,0.101673
0.037536,0.0737074
0.0854356,0.00471125
0.0499428,0.0818062
0.0499428,0.0818062
-0.03202,0.0178036
-0.0313672,0.0197631
0.0134381,-0.0201722
-0.076541,0.0337839
-0.0713575,-0.0192203
-0.0713575,-0.0192203
-0.0287045,0.043411
0.0188156,0.0450941
-0.0856904,0.0145865
-0.0377674,0.0679589
-0.0101141,0.0472827
-0.0443396,0.0354008
-0.0245144,0.0294266
-0.0384982,0.0561189
-0.0384982,0.0561189
-0.0777956,0.0254999
-0.0777956,0.0254999
0.00921895,0.0305156
0.0277815,-0.000106209
0.0277815,-0.000106209
0.0277815,-0.000106209
0.0358841,-0.0326786
0.0358841,-0.0326786
0.0157866,-0.0143904
-0.0334864,-0.00528704
-0.0444136,-0.026144
-0.112616,-0.011506
-0.0861969,0.0123318
-0.0042689,0.034611
0.0138438,0.100251
0.0266269,0.0245961
-0.00764484,0.027851
-0.024173,0.0555324
-0.0241731,0.0555324
-0.0241731,0.0555324
-0.067581,0.0612629
-0.0342401,0.0438394
-0.0342401,0.0438394
-0.0482815,0.0600764
0.00194152,0.0909251
0.00194152,0.0909251
0.00542385,0.0304601
-0.0104941,0.0647186
-0.0676091,0.0652326
-0.0676091,0.0652326
0.00652264,0.0280151
0.000236941,0.0357956
0.000236941,0.0357956
-0.025023,0.00320821
-0.025023,0.00320821
-0.033096,0.0483689
-0.0250982,0.0553823
0.00932701,0.0857634
0.0438835,0.0600663
0.0438835,0.0600663
0.0716954,0.0629269
0.0716954,0.0629269
0.1018,0.0846178
0.011318,0.125939
0.028622,0.115838
0.047866,0.0682389
0.0106064,0.0543301
0.0468512,0.0327159
0.0165449,0.0964871
0.0165449,0.0964871
-0.0125487,0.0818891
0.00547451,0.0779559
0.0379099,0.0533125
0.0379099,0.0533125
0.00246299,-0.00865782
-0.0125688,-0.0142174
-0.00637575,-0.0487951
-0.00637575,-0.0487951
-0.00637575,-0.0487951
-0.0538645,-0.0465054
-0.035424,-0.066454
-0.0744273,-0.00585784
-0.0986386,0.0351486
-0.0243491,0.0259796
-0.0311355,-0.0114075
-0.0123503,-0.00828655
0.0269765,-0.0230795
0.0269765,-0.0230795
0.0406461,-0.0258992
0.0222887,0.00688474
-0.0106967,0.010961
-0.00441816,-0.0208691
0.0131322,-0.0411861
0.0167248,-0.0552285
0.00346269,-0.0186002
0.0173634,0.0328975
0.0168198,0.00170209
0.0395751,-0.0247121
0.0314685,0.0151866
0.0515832,0.0107506
0.0501445,0.0270425
0.0312184,0.00221582
0.018938,-0.00138131
-0.0387125,0.0224689
0.001786,0.0665078
-0.0694479,0.0732265
-0.0949361,0.0138262
-0.00620979,0.023358
-0.036517,0.0109895
-0.050053,0.0201787
-0.066359,-0.055931
-0.0585745,-0.019367
-0.00704324,0.000567395
-0.0721008,-0.0242902
-0.0761019,0.0194589
-0.0527151,-0.0334718
-0.0677761,0.0271794
0.00253516,-0.0232946
0.0134081,-0.0200064
-0.000191565,-0.0327175
0.0148421,-0.0521729
0.00328396,-0.0639315
-0.00794638,-0.0336378
0.024492,-0.0189132
-0.00192029,-0.0169246
-0.0650556,-0.0026501
-0.0266277,-0.0541176
0.0243655,-0.0191431
0.0243655,-0.0191431
0.015471,-0.0471626
-0.0397484,0.0202993
-0.0336535,0.0104207
-0.0491576,0.0166466
-0.0491576,0.0166466
-0.049194,-0.00346949
-0.0153176,-0.00832887
-0.00481289,0.0214201
0.0257759,-0.00315406
0.0257759,-0.00315406
-0.0355507,-0.0302357
0.00793431,0.0163252
0.00971404,-0.0202748
0.00112064,-0.0296201
-0.0043228,0.00947762
-0.013372,-0.00656999
-0.0327376,-0.0024767
-0.0271966,-0.000718026
-0.0102018,0.0505478
0.00210591,0.00344413
0.00210591,0.00344413
-0.0569679,0.00256271
-0.0212179,-0.0255222
-0.0486671,-0.00445524
0.0311811,0.0109313
0.024461,-0.00494171
0.024461,-0.00494171
0.0934983,-0.0249263
0.0348714,-0.00499257
0.0348714,-0.00499257
0.0348714,-0.00499257
0.0141786,-0.000762826
0.0141786,-0.000762826
0.0141786,-0.000762826
0.0189805,0.00618871
-0.0121895,0.0499846
-0.0121895,0.0499846
0.00337638,0.0448641
0.00337638,0.0448641
0.00337638,0.0448641
0.04636,0.0489529
0.0316795,0.0424211
0.0316795,0.0424211
0.0547786,-0.0027235
0.0547786,-0.0027235
0.0148651,0.00355431
0.0528137,0.00373605
0.0528137,0.00373605
0.0528137,0.00373605
0.0401048,0.0133756
0.047967,0.045272
0.0304482,0.00435739
-0.021416,0.0163374
0.000914751,0.00325346
0.0246541,0.00938178
0.0471275,0.0149884
0.0235708,0.0179447
0.081638,0.018937
0.0344535,0.0162744
0.00369312,0.00434201
0.00369312,0.00434201
0.02385,-0.0719402
0.0729944,-0.0723947
0.0277626,-0.0620709
0.0193928,-0.0142562
0.0193928,-0.0142562
0.0193928,-0.0142562
0.056873,-0.0361411
0.056873,-0.0361411
-0.016053,-0.158405
-0.00278812,-0.156993
-0.00278812,-0.156993
-0.0122406,-0.0556454
0.0407376,-0.0699274
0.0593434,-0.086156
0.0593434,-0.086156
0.0593434,-0.086156
0.0593434,-0.086156
0.079285,-0.0286406
0.041247,-0.0867022
0.0876838,-0.0879704
0.117776,-0.0306621
0.117776,-0.0306621
0.0767119,-0.0794326
0.00786622,-0.025352
-0.0196932,-0.0331441
0.0710922,-0.0218369
-0.0298906,-0.0312274
-0.00665244,-0.0808019
0.00919552,-0.0769056
-0.00860979,-0.099516
-0.00860979,-0.099516
0.0354807,-0.0679534
-0.0144788,-0.0958404
-0.0118876,-0.0491098
-0.0876979,-0.0402523
-0.0285542,-0.0326294
-0.0028989,-0.0396531
-0.0553574,-0.114583
-0.0553574,-0.114583
-0.0226788,-0.102086
-0.0775083,-0.151779
-0.0842824,-0.174126
-0.0906836,-0.121976
0.0447986,-0.122566
0.0666304,-0.072383
0.00529995,-0.113341
0.0311334,-0.0125095
-0.00600556,-0.0270416
0.0251712,-0.0715301
0.0607384,-0.0794699
0.0611586,-0.0167471
0.0433879,-0.00459055
0.0847844,0.00809861
0.118233,-0.0270761
0.0886089,0.00923465
0.090935,0.0766211
0.0890298,0.107041
0.0890298,0.107041
0.08518,0.0593675
0.0218845,0.032941
0.0365616,0.0297187
-0.0414481,-0.088848
-0.0233696,-0.0503286
-0.0157186,-0.0379179
-0.0157186,-0.0379179
-0.0157186,-0.0379179
-0.0337585,-0.0395093
-0.0337585,-0.0395093
0.0126131,-0.033299
-0.015115,-0.120788
-0.0120911,-0.123542
-0.093307,-0.0717806
0.0302841,-0.132435
-0.0623881,-0.0891954
-0.0623881,-0.0891954
0.0213302,-0.0213862
-0.0398301,0.0342036
-0.0999119,0.0261597
-0.0719246,-0.0351899
-0.0950493,-0.0198688
-0.0950493,-0.0198688
-0.217449,-0.015979
-0.113715,-0.00900606
-0.113715,-0.00900606
-0.155979,-0.00559384
-0.0325086,-0.0414574
0.00715956,-0.00515725
-0.102657,0.0257793
-0.102657,0.0257793
-0.102657,0.0257793
-0.102657,0.0257793
-0.102657,0.0257793
-0.0578226,-0.0569034
-0.00846189,-0.0612795
0.0145245,-0.0971815
-0.0626847,-0.110942
-0.0565936,-0.0284544
-0.0565936,-0.0284544
0.00499281,0.00132416
0.022169,-0.0402875
0.022169,-0.0402875
0.0705545,-0.0267026
0.11831,0.0400316
0.11831,0.0400316
0.11831,0.0400316
0.10175,-0.0523804
0.0528008,-0.00728509
0.0957693,-0.0896291
-0.013334,-0.0901584
-0.060304,-0.0475649
-0.0251929,-0.0169077
-0.0251929,-0.0169077
-0.0064818,-0.0573379
-0.00534412,-0.0407939
0.0239448,-0.00522169
0.0641596,0.0427804
-0.054249,0.044506
-0.0119214,0.0202099
0.0108448,0.0367733
-0.00154532,0.0392142
-0.00154532,0.0392142
-0.0329336,0.055753
-0.0816775,-0.00490144
-0.0622099,0.013472
-0.126175,0.0122008
-0.108981,-0.116669
-0.108981,-0.116669
-0.0364941,-0.0204546
-0.159271,-0.0345856
-0.0805336,0.0155803
-0.13119,-0.00421946
-0.146131,0.0233656
-0.0765625,-0.0257071
-0.0817685,-0.018371
-0.0910703,-0.0126497
-0.0464658,-0.0360225
-0.0885654,0.0688581
-0.0850921,0.0656853
-0.0850921,0.0656853
-0.0850921,0.0656853
-0.142873,0.137102
-0.117557,0.158351
0.00663827,0.201795
0.100606,0.0852629
0.0996232,0.0811621
-0.042142,0.09752
-0.0284745,0.150402
-0.0284745,0.150402
0.0465604,0.0907088
0.0494151,0.12772
0.0494151,0.12772
0.0913952,0.19941
0.0091319,0.14788
0.149256,0.106737
-0.00581346,0.15612
-0.00581346,0.15612
-0.0381403,0.129119
-0.0220825,0.101089
-0.0220825,0.101089
-0.0516289,-0.00555356
-0.0586285,0.0613211
0.0522751,0.0222964
-0.0557456,0.066252
-0.0557456,0.066252
0.048489,0.0524881
0.0255246,-0.037057
-0.0226644,0.00707386
0.0580495,0.0451957
0.0287795,-0.0165291
0.0287795,-0.0165291
0.04196,-0.0216518
0.028261,0.0450113
0.0246514,0.0510196
-0.00627726,0.0468942
-0.00627726,0.0468942
-0.00627726,0.0468942
0.0159588,0.033654
0.0441539,-0.00956916
0.0126672,-0.0118695
-0.0388812,0.0453272
-0.000601965,0.0584564
-0.000601965,0.0584564
-0.00314641,0.0727157
0.0419057,0.0760305
0.054924,0.0426905
0.0450813,-0.0226484
-0.0372311,-0.031527
0.0190269,0.0211055
0.0190269,0.0211055
-0.0532376,0.0572154
-0.0325138,0.0337006
-0.0325138,0.0337006
-0.0547122,-0.0136627
-0.0193064,-0.0527157
-0.0477988,-0.106508
0.0244005,-0.138215
0.0118983,-0.000487135
-0.00499494,-0.0292115
0.0240184,-0.0441156
0.0641186,-0.059113
0.0745342,-0.0599879
0.0497833,-0.0194579
0.030284,-0.00956084
0.0458326,0.0233756
-0.018489,0.00683303
-0.0277902,-0.00077496
-0.016184,-0.0452251
-0.0865439,-0.0786319
-0.0176076,-0.0807672
-0.0244371,-0.0565281
0.0325654,-0.0423905
0.0325654,-0.0423905
0.0325654,-0.0423905
-0.00936637,-0.0316845
0.0139068,-0.0533771
0.0397586,-0.0961556
0.010106,-0.0372924
0.0127365,-0.0240804
0.0108276,-0.0534791
0.0628506,-0.0472276
0.0628506,-0.0472276
0.0628506,-0.0472276
0.0125161,-0.0894604
0.0940577,-0.130741
0.043784,0.0302469
0.0733596,-0.0459486
0.0458806,-0.0217531
0.0353759,-0.0292881
-0.00328014,-0.0162942
-0.0306891,0.00551899
-0.0215233,-0.0167022
0.00546434,-0.0135561
0.03736,0.0519274
0.0230169,0.0437707
-0.00957584,-0.0265006
-0.00767928,-0.044204
0.0235056,-0.0139527
0.0297763,-0.0299293
0.0609963,-0.00911651
0.0245406,-0.00380123
0.0559012,-0.037233
0.0290203,-0.0273562
0.020694,-0.0183496
0.020694,-0.0183496
0.0114303,-0.0494245
0.0114303,-0.0494245
0.0184209,-0.0147319
0.0420073,-0.0371176
0.0278265,-0.0224701
0.0211049,-0.0489649
0.0325537,-0.00775119
0.0353331,0.00270565
0.0108355,-0.0251561
0.0220329,-0.0067559
0.0426564,0.00106462
0.0121266,-0.0284784
0.0199077,-0.0323978
0.0049218,0.00455189
0.0388734,0.0123299
0.0130458,-0.00778445
0.020642,-0.0237046
0.020642,-0.0237046
0.0491318,0.0233229
0.0631074,-0.0086518
0.0320708,-0.0273265
0.00931163,-0.0319475
-0.0240821,-0.0272014
0.0282409,-0.0172747
0.0245531,0.0465153
-0.00402451,0.0145861
-0.00402451,0.0145861
-0.00396789,0.00130796
-0.0198604,0.0276876
-0.0198604,0.0276876
-0.078649,0.00695241
-0.0797937,0.00781017
-0.0797937,0.00781017
-0.00555991,0.0352344
-0.00668844,0.000159611
0.0320353,0.00956685
-0.0123641,0.000235266
-0.0144646,-0.0140158
-0.0144646,-0.0140158
0.00543406,0.074613
0.00543406,0.074613
-0.0471939,0.00964839
0.00206962,-0.00528038
0.030852,0.0505056
0.0312745,-0.0328026
0.0312745,-0.0328026
0.0312745,-0.0328026
0.0443284,-0.00204585
0.0569664,0.0612219
0.105821,-0.0109235
0.0618828,-0.0496724
0.0708781,-0.0865058
0.0413041,0.0204064
0.0276369,0.0049494
0.021838,-0.0612746
0.0393913,-0.0755715
0.0393913,-0.0755715
0.0393913,-0.0755715
0.0393913,-0.0755715
0.0393913,-0.0755715
0.0388116,-0.0350479
-0.0314743,-0.0660199
-0.011791,-0.0600692
-0.0393535,-0.0464712
-0.143369,0.0105428
-0.120189,0.0320018
-0.176756,0.0553291
-0.0823721,0.0618322
-0.107189,-0.00161349
-0.0594451,0.00214477
-0.0732253,0.020362
-0.102204,0.0278119
-0.0564057,-0.0441749
-0.0635623,-0.058331
-0.0488647,-0.0663862
-0.0488647,-0.0663862
-0.0798004,-0.0453871
-0.0798004,-0.0453871
-0.0676285,-0.0671835
-0.0676285,-0.0671835
-0.032866,-0.10561
-0.0583986,-0.0251437
-0.0876901,-0.0749328
-0.0171355,-0.0459225
0.00414682,0.0218477
-0.0187384,-0.039803
-0.0852055,0.0265701
-0.105437,-0.0271275
-0.105437,-0.0271275
-0.088017,0.00459135
-0.0228407,-0.0140418
-0.0394637,-0.0324238
-0.0487346,-0.0346393
-0.027314,0.0257091
-0.027314,0.0257091
-0.0213722,0.0424325
-0.000904614,0.0618186
-0.00717136,0.103797
0.0214614,0.107287
0.0261966,0.0284066
0.00448826,0.0220385
0.0108404,0.063888
0.0108404,0.063888
-0.0251807,0.0727374
0.00686072,0.0476297
0.00686072,0.0476297
-0.0710009,0.0310841
-0.0710009,0.0310841
-0.025037,0.0419839
-0.0651478,-0.0403526
-0.0463441,-0.0158736
-0.0753122,0.0241399
-0.0702992,0.0372898
-0.0332052,0.0331207
-0.0332052,0.0331207
-0.0332052,0.0331207
-0.00626777,0.0598344
-0.00626777,0.0598344
0.0431196,0.0385016
0.0431196,0.0385016
0.0534165,-0.0494816
0.0254265,-0.026344
0.0252266,-0.0453037
0.0252266,-0.0453037
0.0461041,-0.0420999
0.006081,-0.0339163
0.00803939,-0.00331676
0.0644175,-0.00727748
0.0644175,-0.00727748
0.0644175,-0.00727748
0.0298512,-0.0126859
-0.0313119,-0.0427175
-0.0568284,-0.0625909
-0.109271,-0.0196673
-0.0367203,-0.0324739
-0.0291173,-0.0541661
-0.0575903,-0.0614077
-0.0261534,-0.0522758
-0.0048261,-0.0485226
-0.0321549,-0.0029969
-0.0485952,-0.0279052
-0.0384976,-0.0353261
-0.0622755,0.00950469
-0.0470725,-0.0100699
-0.0470725,-0.0100698
-0.0470725,-0.0100698
-0.0167325,0.00305107
0.000667577,-0.0403046
0.000667577,-0.0403046
-0.00745096,-0.0268205
0.048028,-0.0514854
0.048028,-0.0514854
0.048028,-0.0514854
-0.0169834,0.0200125
0.038031,0.028736
-0.0387184,-0.0441726
-0.0387184,-0.0441726
-0.0387184,-0.0441726
-0.0387184,-0.0441726
0.0110605,0.0233872
0.03815,0.0558359
0.039946,0.0877211
0.053386,0.0902437
0.0560843,0.093373
0.0377884,-0.0263027
0.0454111,0.0088264
-0.00768683,-0.0357035
-0.0318574,-0.0274485
-0.0704201,-0.0314695
-0.0704201,-0.0314695
-0.0284998,-0.0642137
-0.033535,-0.0224
-0.033535,-0.0224
-0.040489,-0.0317694
-0.0291413,0.0424875
-0.035396,0.0408898
-0.035396,0.0408898
-0.035396,0.0408898
0.017262,0.00986375
0.017262,0.00986375
0.00340327,0.0135131
0.00340327,0.0135131
-0.0221012,0.0250965
-0.0308423,0.0303475
-0.0211278,0.0300966
-0.0088409,-0.0247836
-0.00196105,0.00219138
0.0323613,-0.0276155
0.0703941,-0.0687993
0.146355,-0.0345799
0.180694,0.00129474
0.178984,-0.00308276
0.138086,0.0452552
0.0604465,0.0665146
0.0604465,0.0665146
0.0845121,0.0307378
0.0747446,0.0178041
0.0747446,0.0178041
0.0861136,0.0366052
0.0289044,0.0648324
0.0289044,0.0648324
0.0711168,0.129899
0.0414159,0.0448849
0.00785301,0.0348752
-0.0059765,0.0271399
-0.00420865,0.0157524
-0.00420865,0.0157524
-0.00420865,0.0157524
-0.00420865,0.0157524
-0.024369,0.0204849
-0.024369,0.0204849
-0.024369,0.0204849
-0.0017708,0.0705391
0.0350092,0.0271029
0.0350092,0.0271029
0.0381921,0.036873
0.0132025,-0.00137808
-0.00203429,0.00798574
0.00437421,0.0949471
0.057935,0.037263
0.0138202,0.00241271
0.0138202,0.00241271
0.0138202,0.00241271
-0.0020631,-0.0127257
-0.0020631,-0.0127257
0.0093483,-0.00287409
0.00682285,-0.0112136
-0.0433879,-0.0313439
-0.0819103,0.0298353
-0.0819103,0.0298353
-0.0660371,0.00401205
-0.0667715,-0.00434219
-0.0483345,-0.0313734
-0.0483345,-0.0313734
-0.0483345,-0.0313734
-0.0483345,-0.0313734
-0.046518,0.00233019
-0.046518,0.00233019
-0.046518,0.00233019
-0.046518,0.00233019
0.00941544,-0.00061025
0.00566438,0.0182824
0.00901591,0.0717368
0.00901591,0.0717368
-0.0271811,0.0629238
-0.0291969,-0.000541827
0.0239436,-0.0228633
0.0221203,0.00777349
0.0123938,-3.62262e-05
0.014697,0.0136364
0.014697,0.0136364
0.014697,0.0136364
-0.00082974,-0.0289659
-0.028484,0.017578
-0.052419,-0.00348471
-0.00648629,-0.0776017
-0.00648629,-0.0776017
-0.00648629,-0.0776017
-0.0120455,-0.0383284
-0.0120455,-0.0383284
-0.0120455,-0.0383284
0.0336909,0.0293455
0.0336909,0.0293455
0.00170689,0.0103818
0.0329827,-0.0577708
0.039711,-0.0146791
0.039711,-0.0146791
0.0169317,0.0082508
-0.0178504,0.0119155
0.00474635,0.014431
0.00474635,0.014431
-0.0102779,0.05573
-0.0169934,0.0398396
-0.0284006,0.0367285
0.0351225,0.0375674
0.0351225,0.0375674
0.0709326,0.0706855
0.0996386,0.0670348
0.0602022,0.0690229
0.0602022,0.0690229
0.0192349,0.0250406
0.0134429,0.0785285
0.0168056,0.0775745
0.0239854,0.0298566
0.00558723,0.0476461
-0.00340014,0.0199456
-0.0298224,0.0401179
0.0157341,0.0123227
0.0278365,-0.0198194
0.0278365,-0.0198194
0.00754524,-0.000304246
0.00754524,-0.000304246
0.00754524,-0.000304246
0.0013783,0.0186781
0.0013783,0.0186781
-0.00761251,0.00660342
-0.0146663,-0.00533166
-0.0338269,0.0246896
-0.0130691,-0.0388491
-0.0140844,-0.0655406
-0.0140844,-0.0655406
-0.0168641,-0.0646616
-0.0615066,-0.0276289
-0.0343891,-0.0274117
-0.0488425,-0.046314
-0.00374966,-0.035365
-0.0114472,-0.037143
-0.0519631,-0.015611
-0.023705,-0.00943964
-0.000358351,-0.0478596
-0.000358351,-0.0478596
0.00942139,-0.024833
-0.00937074,-0.0234871
-0.00806844,-0.00363966
-0.00806844,-0.00363966
-0.0043706,-0.0186977
-0.0043706,-0.0186977
0.00317124,-0.03319
0.00681069,-0.0270234
0.0221125,-0.0254999
0.0168344,-0.00145471
0.0314306,-0.00466104
0.00956113,-0.0314191
-0.016025,-0.0225991
-0.00264041,-0.0423174
-0.0270592,-0.0214543
0.00915255,-0.0281675
0.00915255,-0.0281675
0.0484946,-0.00196109
0.0484946,-0.00196109
0.0484946,-0.00196109
0.0484946,-0.00196109
0.0484946,-0.00196109
0.0546418,-0.0543503
0.0297996,-0.0139536
0.0297996,-0.0139536
0.0297996,-0.0139536
0.026402,-0.0236242
0.0264239,-0.0218874
0.0175387,-0.0381978
-0.00385215,-0.0038368
-0.0773941,0.0107419
-0.00960801,-0.0047723
0.0118108,0.0325291
-0.0117547,0.034638
-0.0117547,0.034638
-0.0406087,0.0194606
-0.0148055,0.0194689
-0.0156267,0.0164119
-0.0196743,0.0408455
-0.0215535,-0.0490166
-0.0215535,-0.0490166
-0.0178668,-0.012519
0.00594869,-0.0698612
-0.0438946,-0.0417661
-0.0193084,-0.0327125
0.0285275,-0.0195821
0.0285275,-0.0195821
0.0401525,0.0133159
0.0331389,-0.0507278
0.0331389,-0.0507278
0.0388944,-0.0832455
0.0639896,-0.106977
0.0639896,-0.106977
0.108646,-0.147225
0.185713,-0.106779
0.213177,-0.0590004
0.145466,-0.0780551
0.200277,-0.0838261
0.210336,-0.11484
0.14275,-0.170069
0.162425,-0.180555
0.12343,-0.1561
0.12343,-0.1561
0.0722665,-0.128905
-0.00235404,-0.112909
0.017972,-0.104353
0.0677994,-0.102579
0.056494,-0.0566885
0.0349681,-0.0984664
-0.0234641,-0.0633266
-0.0179237,-0.0522314
-0.047153,-0.0685414
-0.08325,-0.0905731
-0.0453078,-0.101352
-0.0383929,-0.0916429
-0.0331409,-0.127189
0.0200076,-0.0883343
0.0501327,-0.0920949
0.0279184,-0.0810972
0.0826549,-0.0689177
0.0686216,0.0131575
0.0609686,-0.0314333
0.0354269,-0.00646805
0.0354269,-0.00646805
0.0440975,-0.0208638
0.0221627,-0.0481015
0.0533964,-0.0201218
0.0136956,-0.0121882
0.0404894,0.0134722
0.0404894,0.0134722
0.0256069,0.0248517
0.0311416,-0.0379516
-0.00364559,0.0167265
-0.00364559,0.0167265
0.012407,-0.0261144
0.0228168,-0.00127097
-0.0149585,0.000973935
-0.057756,0.0323541
-0.0215724,0.0541076
-0.0209935,0.0151822
-0.0292044,0.00325245
-0.0265263,-0.0253309
0.0130085,0.0147625
0.0130085,0.0147625
0.0228794,-0.0213271
-0.0307271,0.0165396
-0.0307271,0.0165396
-0.0307271,0.0165396
-0.0134774,-0.0209378
0.0178105,-0.0353801
-0.00442859,0.00370517
-0.00442859,0.00370517
0.0170451,0.00334892
0.0380295,-0.0140244
0.0383952,0.0110599
0.0164931,-0.00222839
0.0195825,-0.0339751
-0.00756371,0.03478
0.00480464,-0.00528568
-0.0144397,-0.0383726
-0.0144397,-0.0383726
-0.0267316,-0.0215182
-0.0353256,0.043491
-0.051224,0.0200222
-0.0351897,0.00869673
-0.0315944,-0.00980444
0.0317659,-0.0185282
0.0317659,-0.0185282
0.0317659,-0.0185282
0.0453549,0.018698
0.0351117,-0.0142824
-0.0223915,0.0241905
-0.0313591,-1.52668e-05
-0.0447565,-0.000230038
-0.0845539,-0.00726876
-0.0837826,-0.00216609
-0.0723701,-0.0412623
-0.0773196,-0.0193702
-0.109156,-0.029699
-0.0652926,-0.0197941
-0.0341014,-0.00451148
-0.0108697,-0.0259639
-0.0565346,-0.0190717
-0.0565346,-0.0190717
-0.017181,-0.0256744
0.0202314,-0.0445949
0.0202314,-0.0445949
0.0202314,-0.0445949
0.0507296,-0.0333775
-0.0105832,-0.0357411
0.0126364,-0.051717
0.00125741,-0.0212979
0.0272898,-0.0305569
0.0242223,-0.0367777
0.0242223,-0.0367777
0.00397831,-0.0261845
0.00397831,-0.0261845
-0.0323734,-0.0144895
0.0156683,0.0121206
-0.02189,0.00729384
-0.0394206,-0.000569263
-0.0372386,0.00333732
-0.0145736,0.0359616
-0.0119849,0.00742514
-0.00888885,-0.00532095
-0.0410257,0.0231599
-0.0184888,0.0103725
-0.0184888,0.0103725
-0.0201692,-0.0126523
-0.0201692,-0.0126523
0.000860666,-0.0154079
-0.00188014,0.018286
-0.00188014,0.018286
0.0114393,-0.00581251
0.0114393,-0.00581251
-0.0187693,-0.00351145
-0.0101557,-0.00555655
-0.0233929,0.0346369
-0.0233929,0.0346369
-0.0233929,0.0346369
-0.0233929,0.0346369
-0.046172,0.0318584
-0.0247564,0.0118756
-0.00799866,0.0283954
-0.0185016,0.0154239
-0.0185016,0.0154239
-0.0460561,0.00402346
-0.0460561,0.00402346
-0.02313,0.046812
-0.0490105,0.0459979
-0.0490105,0.0459979
-0.0984159,0.0379666
-0.01628,-0.0255172
