MDTU,min_min,min_max,max_min,max_max5
1,-0.723968,0.207234,-0.164152,0.433788
2,-0.920801,0.209919,-0.225483,0.440471
3,-1.12904,0.234603,-0.292551,0.464503
4,-1.11672,0.23169,-0.241122,0.490434
5,-1.31223,0.253555,-0.277244,0.48092
6,-1.60297,0.232027,-0.37112,0.525864
7,-1.08217,0.316171,-0.252811,0.546269
8,-2.17282,0.293289,-0.292625,0.501719
9,-1.25838,0.229171,-0.228666,0.497233
10,-1.3495,0.271201,-0.348904,0.520681
11,-1.3066,0.280512,-0.308171,0.521075
12,-2.392,0.249407,-0.276057,0.502796
13,-1.25149,0.258882,-0.288533,0.498449
14,-1.68923,0.228098,-0.317904,0.568481
15,-1.32625,0.256278,-0.385181,0.485766
16,-1.28366,0.253689,-0.334898,0.491502
17,-1.85567,0.222515,-0.297181,0.47762
18,-1.23728,0.249799,-0.28174,0.527874
19,-1.63554,0.283238,-0.349649,0.515524
20,-1.41792,0.237828,-0.274446,0.477191
21,-1.77797,0.311117,-0.336664,0.467726
22,-1.54861,0.263697,-0.283203,0.49042
23,-1.32395,0.255458,-0.392433,0.51734
24,-1.37934,0.242542,-0.315106,0.495636
25,-1.33802,0.252138,-0.296902,0.540669
26,-1.34048,0.270846,-0.349246,0.492272
27,-1.34048,0.270846,-0.349246,0.492272
28,-1.47057,0.267851,-0.301342,0.518893
29,-1.39065,0.220964,-0.37423,0.503984
30,-1.21387,0.28192,-0.304379,0.523046
31,-1.51941,0.225608,-0.285615,0.515541
32,-1.19795,0.250436,-0.246258,0.497957
33,-1.2591,0.281448,-0.353336,0.491282
34,-1.20909,0.243193,-0.29999,0.485152
35,-1.48822,0.224098,-0.352203,0.497652
36,-1.30403,0.228447,-0.277479,0.531566
37,-1.32613,0.270064,-0.309459,0.514192
38,-1.41269,0.286526,-0.280545,0.541349
39,-1.17968,0.293894,-0.26552,0.506167
40,-1.80077,0.280099,-0.314579,0.513826
41,-1.55262,0.23571,-0.279669,0.466606
42,-1.63953,0.263244,-0.287669,0.503625
43,-1.69717,0.275505,-0.394462,0.518767
44,-1.69372,0.236464,-0.323494,0.506286
45,-1.13354,0.25893,-0.25205,0.556649
46,-1.53734,0.275966,-0.234765,0.505974
47,-1.12712,0.245939,-0.271502,0.491584
48,-1.53612,0.257492,-0.297879,0.508109
49,-1.76564,0.289513,-0.259212,0.490542
50,-1.12975,0.266449,-0.338371,0.506079
51,-1.38268,0.277537,-0.299463,0.522854
52,-1.18604,0.277883,-0.283147,0.521707
53,-1.42177,0.318218,-0.329453,0.498538
54,-2.27771,0.261452,-0.241528,0.532527
55,-1.9566,0.303955,-0.311842,0.512989
56,-1.49655,0.267895,-0.28959,0.488861
57,-1.31817,0.290935,-0.303703,0.498443
58,-1.69153,0.268222,-0.287878,0.532495
59,-1.47075,0.255553,-0.390296,0.543035
60,-1.21244,0.262713,-0.451661,0.521278
61,-1.37483,0.227754,-0.344181,0.51263
62,-1.70026,0.23927,-0.271054,0.532914
63,-1.48905,0.267155,-0.452542,0.517101
64,-1.42655,0.263571,-0.270759,0.481955
65,-1.52175,0.25702,-0.30693,0.498431
66,-1.24963,0.32976,-0.274414,0.525421
67,-1.95596,0.288874,-0.231791,0.522929
68,-1.60846,0.297271,-0.339795,0.495794
69,-1.46243,0.311091,-0.290808,0.49649
70,-1.32465,0.252305,-0.380018,0.486416
71,-1.12814,0.278898,-0.323522,0.493036
72,-2.3905,0.230699,-0.30514,0.524496
73,-1.32614,0.263952,-0.290876,0.498875
74,-1.48313,0.27314,-0.309043,0.513514
75,-1.50726,0.211702,-0.285579,0.533829
76,-1.14137,0.221499,-0.245385,0.572089
77,-1.28832,0.296006,-0.303887,0.529062
78,-1.35929,0.285999,-0.365214,0.484931
79,-1.55842,0.275743,-0.430441,0.501355
80,-1.40676,0.302674,-0.459656,0.52917
81,-1.36136,0.259031,-0.266502,0.494179
82,-1.26405,0.27242,-0.344239,0.502962
83,-1.70533,0.262957,-0.261328,0.474777
84,-1.24412,0.275422,-0.340267,0.491074
85,-1.21696,0.266899,-0.324529,0.493817
86,-1.53691,0.248482,-0.287367,0.510531
87,-1.45789,0.296632,-0.33538,0.484829
88,-1.35548,0.286871,-0.305433,0.489678
89,-1.32855,0.245328,-0.322834,0.493616
90,-1.30221,0.226334,-0.256348,0.566535
91,-1.30221,0.226334,-0.256348,0.566535
92,-1.29776,0.235671,-0.270404,0.51188
93,-1.93268,0.236596,-0.314609,0.549256
94,-1.14251,0.29934,-0.297622,0.496595
95,-1.62795,0.266076,-0.26962,0.533034
96,-1.70675,0.283945,-0.242367,0.516534
97,-1.48582,0.28373,-0.319001,0.487508
98,-1.5809,0.299154,-0.337663,0.53574
99,-1.23018,0.279248,-0.354543,0.511594
100,-1.47532,0.261138,-0.283805,0.516362
101,-1.47532,0.261138,-0.283805,0.516362
102,-1.37275,0.267145,-0.344737,0.514419
103,-1.3762,0.235052,-0.295328,0.491926
104,-1.69017,0.253823,-0.301316,0.50299
105,-1.3935,0.257208,-0.453067,0.516668
106,-1.5806,0.256139,-0.327412,0.497757
107,-1.30466,0.271866,-0.358272,0.519839
108,-1.27181,0.350058,-0.282563,0.52678
109,-1.27959,0.267705,-0.341598,0.523376
110,-1.34588,0.251792,-0.356492,0.558495
111,-1.13815,0.265352,-0.371509,0.553358
112,-1.58932,0.271332,-0.268861,0.554823
113,-1.27319,0.263717,-0.315352,0.518796
114,-1.2136,0.275193,-0.390054,0.48943
115,-1.35968,0.292113,-0.310245,0.503326
116,-1.91391,0.28065,-0.305961,0.468842
117,-1.28899,0.247579,-0.311339,0.512621
118,-1.32007,0.241103,-0.280256,0.484869
119,-1.12869,0.239046,-0.289317,0.521684
120,-1.16562,0.259757,-0.443499,0.498673
121,-1.4641,0.244028,-0.418396,0.496911
122,-1.37494,0.252592,-0.308726,0.537404
123,-1.20986,0.285662,-0.312303,0.504622
124,-1.66958,0.272444,-0.436507,0.516367
125,-1.7703,0.233933,-0.313529,0.500994
126,-1.5278,0.268716,-0.279688,0.491748
127,-3.21405,0.252515,-0.341122,0.516039
128,-1.24165,0.277461,-0.374764,0.514995
129,-2.20948,0.2527,-0.240843,0.55508
130,-1.38281,0.246704,-0.298856,0.526765
131,-1.38372,0.300073,-0.3037,0.498455
132,-1.28553,0.253105,-0.29155,0.522186
133,-1.46731,0.253089,-0.272151,0.518095
134,-1.13367,0.268755,-0.331117,0.510308
135,-1.29179,0.266918,-0.263947,0.490978
136,-1.44946,0.244929,-0.322832,0.501697
137,-1.22385,0.271069,-0.254921,0.500037
138,-1.21957,0.259499,-0.265613,0.518936
139,-1.31226,0.231548,-0.491417,0.573177
140,-1.25904,0.23614,-0.318248,0.529842
141,-1.2378,0.237499,-0.268349,0.507135
142,-1.23532,0.263096,-0.388021,0.514188
143,-1.38456,0.23336,-0.293311,0.476404
144,-1.22259,0.297325,-0.299006,0.493605
145,-1.87744,0.245181,-0.352446,0.520262
146,-1.5155,0.266198,-0.284911,0.490896
147,-1.44647,0.270271,-0.292769,0.503208
148,-1.70977,0.232609,-0.295566,0.522525
149,-2.08462,0.235236,-0.251063,0.539452
150,-1.14369,0.26462,-0.343306,0.52742
151,-1.76926,0.281328,-0.282828,0.520134
152,-1.48111,0.300851,-0.285011,0.508966
153,-1.28757,0.261688,-0.359312,0.507087
154,-1.48755,0.28598,-0.34322,0.507829
155,-1.72049,0.284597,-0.234196,0.527144
156,-1.63969,0.294276,-0.260032,0.472532
157,-1.20619,0.242726,-0.387856,0.522221
158,-1.17798,0.236647,-0.317387,0.509721
159,-1.43847,0.262114,-0.238926,0.500521
160,-1.33534,0.265527,-0.398775,0.496247
161,-1.41349,0.220565,-0.308645,0.495882
162,-1.53827,0.279538,-0.357893,0.486707
163,-1.69245,0.217637,-0.348123,0.52062
164,-1.55245,0.253182,-0.244333,0.509991
165,-1.76272,0.246664,-0.287612,0.505563
166,-1.24924,0.23761,-0.33705,0.492701
167,-1.48161,0.255803,-0.330756,0.501974
168,-1.62721,0.306228,-0.226835,0.507893
169,-1.335,0.283044,-0.334162,0.525254
170,-1.85553,0.270066,-0.410061,0.513384
171,-1.31889,0.268573,-0.306963,0.50442
172,-1.19151,0.266994,-0.311066,0.519633
173,-1.6506,0.232026,-0.359997,0.51554
174,-1.35429,0.230631,-0.386376,0.489122
175,-1.28434,0.28004,-0.351138,0.495046
176,-1.54148,0.277646,-0.440184,0.519782
177,-1.33479,0.266081,-0.433957,0.490961
178,-1.31557,0.256585,-0.312177,0.499743
179,-2.41518,0.249522,-0.286267,0.527294
180,-1.4684,0.238871,-0.352891,0.506246
181,-1.77316,0.29759,-0.299714,0.534094
182,-1.71174,0.275192,-0.369089,0.528517
183,-1.37477,0.271111,-0.435646,0.506521
184,-1.56539,0.26561,-0.387213,0.485626
185,-1.55652,0.30193,-0.332659,0.543778
186,-2.00621,0.29677,-0.254816,0.510527
187,-1.46664,0.273456,-0.367842,0.529196
188,-2.08257,0.257233,-0.333004,0.523795
189,-2.06589,0.297255,-0.275175,0.496788
190,-1.48657,0.301181,-0.322497,0.542535
191,-1.48657,0.301181,-0.322497,0.542535
192,-2.38689,0.239504,-0.379038,0.554282
193,-2.26705,0.286968,-0.376752,0.499647
194,-1.51724,0.263788,-0.403654,0.516294
195,-1.25604,0.237286,-0.26787,0.494326
196,-1.56065,0.353496,-0.331485,0.521961
197,-1.12427,0.259159,-0.353149,0.531149
198,-1.21569,0.286666,-0.327497,0.492166
199,-1.45201,0.25439,-0.282462,0.504695
200,-1.56567,0.25177,-0.272913,0.520279
201,-1.4115,0.266182,-0.245806,0.47918
202,-1.19417,0.238931,-0.308837,0.496378
203,-2.33365,0.225635,-0.324976,0.513604
204,-1.99255,0.24844,-0.259966,0.558877
205,-1.53015,0.240237,-0.350107,0.561745
206,-1.08258,0.241573,-0.28163,0.521156
207,-1.33139,0.234706,-0.275367,0.503335
208,-1.27208,0.275894,-0.247399,0.510619
209,-1.4765,0.266108,-0.363073,0.528539
210,-2.1574,0.266083,-0.401947,0.51766
211,-1.57145,0.243288,-0.291982,0.51662
212,-2.0724,0.229103,-0.234097,0.488687
213,-1.51042,0.287866,-0.260268,0.55007
214,-1.36808,0.238589,-0.324876,0.510554
215,-1.6749,0.316175,-0.388203,0.517942
216,-1.60062,0.236015,-0.294175,0.49345
217,-1.16741,0.281299,-0.315923,0.518829
218,-1.23179,0.236989,-0.318017,0.507692
219,-1.45764,0.223918,-0.308047,0.50553
220,-1.78875,0.257956,-0.261125,0.514285
221,-1.04956,0.251415,-0.283641,0.554896
222,-1.47547,0.264001,-0.28252,0.479896
223,-1.35631,0.266331,-0.290654,0.501507
224,-1.36429,0.239083,-0.347206,0.508321
225,-1.29327,0.229552,-0.29369,0.525562
226,-1.62803,0.325389,-0.304029,0.508606
227,-1.62803,0.325389,-0.304029,0.508606
228,-1.58795,0.274373,-0.314405,0.526931
229,-1.40132,0.308222,-0.346945,0.516783
230,-1.06123,0.264763,-0.276764,0.490186
231,-1.48009,0.295245,-0.332921,0.492492
232,-1.24188,0.268628,-0.266108,0.526427
233,-1.31236,0.266044,-0.327375,0.528135
234,-1.21935,0.300633,-0.403678,0.534496
235,-1.60452,0.25104,-0.271419,0.494814
236,-1.45643,0.24932,-0.344351,0.477278
237,-1.56904,0.281278,-0.289828,0.542435
238,-1.88503,0.300554,-0.278693,0.542723
239,-1.19289,0.249303,-0.242662,0.524608
240,-1.24798,0.233786,-0.308099,0.546119
241,-1.24798,0.233786,-0.308099,0.546119
242,-1.57565,0.276982,-0.291695,0.505988
243,-1.341,0.23929,-0.28923,0.535175
244,-1.341,0.23929,-0.28923,0.535175
245,-1.42674,0.294811,-0.265185,0.520659
246,-1.23071,0.253997,-0.273835,0.53316
247,-1.25487,0.2482,-0.408264,0.497897
248,-1.41391,0.238615,-0.428074,0.538331
249,-1.46196,0.226932,-0.28233,0.508017
250,-1.3382,0.269901,-0.236228,0.54073
251,-1.19972,0.261456,-0.254129,0.482215
252,-1.31852,0.24535,-0.398832,0.497406
253,-1.39043,0.284703,-0.27358,0.500294
254,-1.08301,0.250643,-0.366921,0.516689
255,-1.1697,0.253846,-0.349946,0.479555
256,-1.15044,0.274361,-0.278658,0.487817
257,-1.3548,0.265392,-0.332427,0.498483
258,-1.82844,0.288644,-0.317101,0.530535
259,-1.30966,0.260682,-0.3114,0.48624
260,-1.30626,0.303747,-0.243979,0.480553
261,-1.24399,0.264862,-0.450687,0.500169
262,-1.42316,0.244034,-0.354993,0.512637
263,-1.42316,0.244034,-0.354993,0.512637
264,-1.25672,0.266829,-0.249992,0.492855
265,-1.23884,0.281284,-0.273868,0.51846
266,-1.60873,0.248329,-0.314973,0.518841
267,-1.57012,0.272887,-0.257792,0.505281
268,-1.38493,0.304511,-0.303708,0.535825
269,-1.25472,0.267363,-0.313423,0.503429
270,-1.22856,0.229728,-0.299231,0.509815
271,-1.32233,0.252622,-0.30937,0.496966
272,-1.36334,0.274748,-0.265515,0.505933
273,-1.15046,0.25839,-0.390938,0.497963
274,-1.39929,0.253206,-0.294912,0.513491
275,-1.44183,0.262376,-0.289284,0.521124
276,-1.39983,0.264629,-0.3087,0.584931
277,-1.06316,0.299746,-0.335245,0.514535
278,-1.31405,0.253346,-0.289716,0.496939
279,-1.26053,0.260927,-0.301486,0.510344
280,-1.42586,0.274854,-0.256444,0.503125
281,-1.40595,0.287374,-0.294129,0.496442
282,-1.28055,0.276014,-0.245878,0.490126
283,-1.07872,0.267142,-0.386433,0.497427
284,-1.25424,0.260478,-0.378599,0.515219
285,-1.22562,0.260546,-0.334645,0.507019
286,-1.31578,0.276938,-0.321632,0.488984
287,-1.2719,0.23948,-0.374429,0.487104
288,-1.43186,0.262857,-0.326847,0.525583
289,-1.43186,0.262857,-0.326847,0.525583
290,-1.83731,0.272011,-0.337635,0.479676
291,-1.19366,0.258417,-0.32544,0.525365
292,-1.45194,0.279877,-0.241154,0.491626
293,-1.45208,0.271677,-0.25758,0.533117
294,-1.18293,0.27289,-0.287237,0.510569
295,-1.44916,0.240717,-0.324682,0.49707
296,-1.8818,0.249389,-0.258542,0.489614
297,-1.21907,0.303727,-0.276903,0.508767
298,-1.78558,0.274504,-0.403998,0.504415
299,-1.31896,0.244332,-0.348233,0.499962
300,-1.33549,0.2478,-0.326689,0.513282
301,-1.33549,0.2478,-0.326689,0.513282
302,-1.85429,0.238653,-0.321629,0.499195
303,-2.36885,0.235686,-0.368019,0.492352
304,-1.42288,0.338965,-0.342317,0.516955
305,-1.21666,0.306881,-0.298885,0.497314
306,-1.31888,0.29074,-0.313373,0.482248
307,-1.83583,0.238809,-0.316802,0.495944
308,-1.42484,0.203201,-0.36903,0.516036
309,-1.64183,0.217409,-0.245969,0.51172
310,-1.3509,0.326473,-0.260414,0.501182
311,-1.7739,0.341751,-0.272268,0.500062
312,-1.51138,0.275468,-0.192887,0.510744
313,-2.05816,0.246905,-0.279641,0.504053
314,-1.3891,0.293955,-0.236162,0.572795
315,-1.18303,0.264796,-0.264654,0.502769
316,-1.18303,0.264796,-0.264654,0.502769
317,-1.64468,0.247502,-0.349282,0.533313
318,-1.14355,0.269097,-0.368454,0.558545
319,-1.14355,0.269097,-0.368454,0.558545
320,-1.60444,0.241041,-0.310256,0.502013
321,-1.2657,0.241684,-0.321327,0.482601
322,-3.30673,0.246657,-0.312761,0.503846
323,-1.4029,0.230178,-0.3545,0.498009
324,-1.52444,0.286262,-0.320906,0.532362
325,-2.07669,0.277998,-0.345967,0.500562
326,-1.21438,0.250672,-0.437211,0.500349
327,-1.66028,0.233964,-0.35366,0.48302
328,-1.56852,0.297601,-0.333265,0.477118
329,-1.23598,0.257514,-0.259554,0.489102
330,-1.14728,0.269988,-0.308398,0.48845
331,-1.40375,0.255585,-0.421812,0.568224
332,-1.44978,0.265433,-0.291689,0.47651
333,-1.72327,0.27207,-0.352228,0.494507
334,-1.32039,0.232378,-0.279919,0.510983
335,-1.27361,0.259257,-0.350998,0.502623
336,-1.32585,0.281248,-0.289727,0.536564
337,-1.65576,0.285323,-0.22615,0.512964
338,-1.99748,0.349881,-0.280379,0.504635
339,-1.20144,0.264956,-0.350132,0.509614
340,-1.43765,0.277486,-0.368481,0.495615
341,-1.48667,0.251473,-0.362585,0.522307
342,-1.29812,0.23531,-0.34683,0.480526
343,-1.46498,0.264644,-0.25728,0.504776
344,-1.26817,0.258024,-0.295732,0.467083
345,-1.16237,0.226272,-0.340574,0.518803
346,-1.45226,0.235009,-0.385824,0.509981
347,-1.25816,0.2791,-0.297841,0.527457
348,-1.33258,0.242507,-0.309034,0.52426
349,-1.48108,0.260942,-0.362808,0.505213
350,-1.43593,0.301511,-0.340464,0.495584
351,-1.63599,0.249044,-0.284246,0.508383
352,-1.44458,0.268571,-0.282967,0.500855
353,-1.82983,0.356703,-0.320589,0.494111
354,-1.47057,0.226328,-0.321314,0.531812
355,-1.39982,0.234379,-0.281836,0.535048
356,-1.72599,0.240843,-0.286363,0.522273
357,-1.47178,0.245561,-0.26753,0.505797
358,-1.41345,0.259953,-0.362334,0.496525
359,-1.31531,0.288127,-0.309279,0.516826
360,-1.52127,0.25747,-0.302334,0.502912
361,-1.4006,0.255295,-0.242505,0.49518
362,-1.21069,0.231861,-0.248199,0.489467
363,-2.1315,0.289306,-0.317274,0.494408
364,-1.16648,0.304968,-0.245664,0.496253
365,-1.21202,0.248691,-0.326426,0.523465
366,-1.27366,0.237035,-0.29714,0.490813
367,-1.29457,0.210635,-0.328209,0.510702
368,-1.13777,0.232514,-0.306091,0.510425
369,-1.13587,0.287708,-0.272041,0.555094
370,-1.17586,0.253575,-0.322376,0.503071
371,-1.39017,0.244867,-0.300281,0.568342
372,-1.63605,0.277507,-0.354489,0.495265
373,-1.4301,0.255006,-0.325407,0.51745
374,-1.20547,0.272044,-0.330103,0.50216
375,-1.34142,0.23144,-0.335015,0.516377
376,-1.16741,0.250036,-0.312739,0.501886
377,-1.16999,0.236434,-0.321607,0.513217
378,-1.93894,0.232246,-0.411243,0.508906
379,-1.24715,0.254292,-0.325325,0.47982
380,-1.33491,0.251932,-0.316554,0.499736
381,-1.40326,0.271536,-0.380001,0.482938
382,-1.20275,0.276916,-0.312311,0.532344
383,-1.47267,0.257017,-0.410243,0.539412
384,-1.5577,0.255293,-0.324686,0.515932
385,-2.2803,0.266783,-0.479709,0.497579
386,-1.47142,0.247241,-0.392925,0.525025
387,-1.47142,0.247241,-0.392925,0.525025
388,-1.35815,0.296059,-0.283034,0.495505
389,-1.70403,0.246434,-0.286119,0.514197
390,-1.33772,0.265811,-0.245445,0.554422
391,-1.59586,0.28053,-0.363315,0.573105
392,-1.61714,0.236662,-0.351742,0.514891
393,-1.37402,0.251136,-0.435929,0.496214
394,-1.40577,0.244348,-0.410018,0.49752
395,-1.25971,0.248611,-0.339084,0.527643
396,-1.77078,0.255973,-0.329799,0.507078
397,-1.5011,0.237102,-0.413352,0.518309
398,-1.07978,0.231958,-0.279953,0.527309
399,-1.29291,0.237109,-0.294744,0.526724
400,-1.40135,0.259421,-0.297294,0.484981
401,-1.47988,0.279427,-0.270033,0.512751
402,-1.41193,0.2523,-0.265094,0.477923
403,-1.39219,0.340223,-0.366499,0.476768
404,-1.35035,0.332457,-0.299316,0.557631
405,-1.47571,0.324016,-0.259752,0.512634
406,-1.27154,0.22483,-0.306248,0.499135
407,-1.27154,0.22483,-0.306248,0.499135
408,-1.57468,0.256418,-0.295298,0.511829
409,-1.21255,0.256098,-0.366879,0.485494
410,-1.2583,0.274458,-0.273483,0.551959
411,-1.67337,0.264924,-0.378939,0.536243
412,-1.29135,0.259249,-0.31807,0.547936
413,-1.50172,0.256852,-0.314055,0.484867
414,-1.22879,0.247532,-0.234534,0.536562
415,-1.2619,0.272312,-0.330737,0.517791
416,-1.47365,0.291439,-0.343227,0.498651
417,-3.12747,0.252116,-0.27082,0.525884
418,-1.60369,0.262967,-0.249231,0.544796
419,-1.28886,0.218512,-0.332354,0.491244
420,-1.33015,0.306945,-0.351229,0.505917
421,-1.55763,0.274656,-0.321583,0.478123
422,-1.48283,0.246012,-0.255436,0.496757
423,-1.14087,0.227405,-0.325602,0.522099
424,-1.33756,0.285347,-0.284459,0.500448
425,-1.37623,0.310629,-0.416334,0.505394
426,-1.29399,0.248017,-0.325519,0.535697
427,-1.24248,0.299468,-0.337745,0.470505
428,-1.3252,0.24289,-0.225795,0.502253
429,-1.36521,0.254942,-0.291191,0.508311
430,-1.26873,0.285277,-0.319057,0.530173
431,-1.30999,0.266306,-0.361579,0.518338
432,-1.62946,0.279922,-0.266394,0.546774
433,-2.34137,0.243487,-0.352677,0.521623
434,-1.43799,0.264621,-0.285228,0.544068
435,-4.71167,0.23523,-0.285804,0.501433
436,-4.71167,0.23523,-0.285804,0.501433
437,-1.35047,0.304175,-0.287503,0.574541
438,-1.32094,0.236581,-0.402515,0.472935
439,-1.32264,0.246087,-0.305586,0.472755
440,-1.64497,0.274832,-0.373975,0.515372
441,-1.63339,0.248438,-0.384661,0.537199
442,-1.30822,0.252764,-0.304707,0.525675
443,-1.30822,0.252764,-0.304707,0.525675
444,-1.39694,0.230006,-0.306274,0.492327
445,-1.34166,0.261482,-0.369252,0.502226
446,-1.33083,0.236863,-0.338215,0.477928
447,-1.10718,0.292694,-0.360299,0.499682
448,-1.51529,0.246218,-0.27183,0.51443
449,-1.14078,0.229763,-0.310681,0.498621
450,-1.59777,0.247939,-0.2494,0.483983
451,-1.42733,0.266059,-0.285323,0.494562
452,-1.57029,0.230892,-0.253466,0.488124
453,-1.21087,0.268356,-0.262244,0.530152
454,-1.17678,0.277507,-0.367213,0.541866
455,-1.61202,0.227961,-0.27566,0.482767
456,-1.82038,0.269944,-0.359423,0.502898
457,-1.82038,0.269944,-0.359423,0.502898
458,-1.32662,0.253501,-0.350846,0.500784
459,-1.32497,0.236715,-0.327457,0.484737
460,-2.19189,0.307114,-0.295158,0.515382
461,-1.51965,0.237438,-0.373559,0.512972
462,-1.16556,0.263547,-0.346175,0.496521
463,-1.24158,0.245545,-0.286968,0.506368
464,-1.27834,0.226169,-0.29496,0.541062
465,-1.12011,0.266599,-0.318395,0.502003
466,-1.32444,0.277978,-0.289068,0.48463
467,-1.15508,0.272884,-0.219479,0.526628
468,-1.24763,0.217182,-0.325551,0.498245
469,-1.30766,0.264596,-0.243612,0.593216
470,-1.51478,0.22028,-0.317389,0.49087
471,-1.46043,0.259219,-0.301901,0.502937
472,-1.32731,0.244486,-0.369542,0.566577
473,-1.16194,0.261063,-0.307977,0.495764
474,-1.61592,0.271793,-0.269686,0.511294
475,-1.48099,0.251555,-0.241206,0.499678
476,-1.09406,0.273908,-0.31487,0.561433
477,-1.73942,0.240689,-0.275328,0.499391
478,-1.28114,0.251782,-0.275548,0.501114
479,-1.37068,0.286461,-0.337371,0.515429
480,-1.38867,0.267089,-0.35355,0.522448
481,-1.38867,0.267089,-0.35355,0.522448
482,-2.02237,0.274669,-0.243276,0.485853
483,-2.35392,0.245933,-0.356471,0.510246
484,-1.615,0.245165,-0.297129,0.559633
485,-1.615,0.245165,-0.297129,0.559633
486,-1.26613,0.242503,-0.354518,0.539921
487,-1.40661,0.26662,-0.331367,0.503717
488,-1.29372,0.283796,-0.304188,0.517175
489,-1.69285,0.249217,-0.455601,0.524694
490,-1.55504,0.324386,-0.305433,0.502401
491,-1.82215,0.278974,-0.372327,0.482611
492,-1.56328,0.256393,-0.316616,0.494278
493,-1.35344,0.259031,-0.379182,0.519676
494,-2.08679,0.23171,-0.335872,0.512861
495,-1.65428,0.274554,-0.234613,0.524543
496,-1.25445,0.320694,-0.360322,0.523081
497,-1.25471,0.29131,-0.310341,0.525174
498,-1.37555,0.272337,-0.305316,0.527197
499,-1.23622,0.272674,-0.318367,0.477075
500,-1.44299,0.273806,-0.326831,0.493023
501,-1.17238,0.259886,-0.298382,0.496208
502,-1.84934,0.224105,-0.359172,0.518128
503,-1.0874,0.267816,-0.435844,0.502829
504,-1.33867,0.279217,-0.359262,0.513538
505,-1.11528,0.223053,-0.324538,0.531818
506,-1.34439,0.26297,-0.369493,0.507007
507,-1.22853,0.25322,-0.278882,0.524408
508,-1.34219,0.239245,-0.25057,0.541667
509,-1.2937,0.302368,-0.298453,0.499875
510,-1.2937,0.302368,-0.298453,0.499875
511,-1.15651,0.287594,-0.361151,0.538184
512,-1.47529,0.263462,-0.319387,0.543635
513,-1.30127,0.255528,-0.254942,0.488374
514,-1.26687,0.279873,-0.267991,0.551412
515,-1.2377,0.273025,-0.367269,0.458459
516,-1.48285,0.251608,-0.375812,0.508555
517,-1.70273,0.29741,-0.246162,0.527687
518,-1.20895,0.279511,-0.460982,0.508831
519,-1.47742,0.250552,-0.298673,0.540665
520,-1.19557,0.253037,-0.315447,0.553641
521,-1.1002,0.259705,-0.347552,0.525317
522,-1.9547,0.244679,-0.412785,0.532965
523,-1.9547,0.244679,-0.412785,0.532965
524,-1.9547,0.244679,-0.412785,0.532965
525,-1.50813,0.267439,-0.297635,0.510006
526,-1.21633,0.330952,-0.350426,0.504662
527,-1.47481,0.262219,-0.312364,0.497002
528,-1.79944,0.238569,-0.541455,0.514952
529,-1.45062,0.293249,-0.311269,0.545721
530,-1.45062,0.293249,-0.311269,0.545721
531,-1.12864,0.26935,-0.332425,0.547957
532,-1.23425,0.213325,-0.286568,0.528414
533,-1.43262,0.286499,-0.337802,0.501114
534,-1.76417,0.252923,-0.308012,0.519377
535,-1.54636,0.268961,-0.302926,0.530346
536,-2.04132,0.247408,-0.353423,0.520806
537,-1.38607,0.224688,-0.314231,0.490985
538,-2.26749,0.24416,-0.356848,0.509952
539,-1.41076,0.314034,-0.29368,0.524519
540,-1.70712,0.266125,-0.332287,0.514508
541,-1.49326,0.248009,-0.274736,0.501458
542,-1.30172,0.276129,-0.365216,0.501375
543,-1.22253,0.236754,-0.324618,0.534352
544,-1.42316,0.254009,-0.274958,0.499721
545,-1.54029,0.238933,-0.299951,0.490444
546,-1.22963,0.22801,-0.355101,0.50061
547,-1.36774,0.311263,-0.349528,0.494139
548,-1.47871,0.279177,-0.341263,0.526261
549,-1.71783,0.246922,-0.375071,0.512583
550,-1.71783,0.246922,-0.375071,0.512583
551,-1.19386,0.266068,-0.503436,0.521752
552,-1.30151,0.270871,-0.28398,0.540625
553,-1.47926,0.286193,-0.424418,0.478159
554,-1.30058,0.294765,-0.289742,0.496544
555,-1.22847,0.283555,-0.322179,0.504858
556,-1.36372,0.274856,-0.371326,0.520035
557,-1.18663,0.249777,-0.328729,0.549779
558,-1.15034,0.235354,-0.24743,0.518863
559,-1.21579,0.22414,-0.287263,0.518942
560,-1.50362,0.260099,-0.318784,0.487599
561,-1.27777,0.314783,-0.262773,0.51265
562,-1.55732,0.288926,-0.287699,0.495251
563,-1.42985,0.275346,-0.306846,0.481493
564,-1.54325,0.266434,-0.246036,0.498237
565,-1.5463,0.232734,-0.334024,0.511417
566,-1.26203,0.282014,-0.265826,0.516209
567,-1.41404,0.241261,-0.359032,0.553429
568,-1.20091,0.254886,-0.437442,0.536297
569,-1.31525,0.259283,-0.237811,0.526454
570,-1.1887,0.296991,-0.327603,0.491505
571,-1.38701,0.252147,-0.329709,0.515491
572,-1.34861,0.241273,-0.359439,0.484833
573,-1.28865,0.261978,-0.342334,0.514393
574,-1.71478,0.323706,-0.283423,0.488518
575,-1.71478,0.323706,-0.283423,0.488518
576,-1.44426,0.238413,-0.418847,0.498536
577,-1.18678,0.2696,-0.346569,0.506771
578,-1.22681,0.261272,-0.327354,0.55746
579,-1.69542,0.23923,-0.309385,0.510245
580,-1.54865,0.244145,-0.354827,0.538179
581,-1.19797,0.270132,-0.267575,0.484266
582,-1.00847,0.240502,-0.300148,0.506236
583,-1.03336,0.273661,-0.230232,0.500738
584,-1.53998,0.254805,-0.305497,0.515935
585,-1.39031,0.229376,-0.271836,0.525554
586,-1.44985,0.23773,-0.348814,0.507336
587,-1.70642,0.250166,-0.353866,0.512428
588,-1.55505,0.243546,-0.290603,0.502176
589,-1.29341,0.283703,-0.244911,0.479252
590,-1.32031,0.237452,-0.288801,0.504767
591,-1.47214,0.261978,-0.21205,0.531325
592,-1.32237,0.287856,-0.280108,0.508551
593,-1.65683,0.250197,-0.27525,0.554606
594,-1.15545,0.245449,-0.266825,0.52278
595,-1.28782,0.263279,-0.310844,0.557149
596,-1.34975,0.261019,-0.366974,0.506095
597,-2.3304,0.242309,-0.284477,0.49718
598,-1.62091,0.283664,-0.313652,0.491916
599,-1.65984,0.303701,-0.319115,0.493696
600,-1.46784,0.258168,-0.405637,0.556353
601,-1.3832,0.29753,-0.261807,0.518999
602,-1.18432,0.254451,-0.356006,0.537133
603,-1.21561,0.235721,-0.314658,0.58213
604,-1.58859,0.237747,-0.35988,0.495066
605,-1.54367,0.316656,-0.329386,0.486253
606,-1.27811,0.242858,-0.288685,0.49909
607,-1.25085,0.234588,-0.288204,0.506974
608,-1.1516,0.269687,-0.312109,0.564866
609,-1.3097,0.224468,-0.334782,0.509477
610,-1.58136,0.323425,-0.436231,0.506019
611,-1.33295,0.275154,-0.311805,0.503186
612,-1.50567,0.256651,-0.281416,0.50061
613,-1.45319,0.279,-0.302825,0.530728
614,-1.1364,0.275968,-0.285285,0.511756
615,-1.48753,0.252585,-0.306472,0.517413
616,-1.50614,0.275287,-0.268322,0.504717
617,-1.24542,0.245464,-0.254461,0.469781
618,-1.34903,0.263896,-0.447326,0.514261
619,-1.48751,0.282152,-0.341429,0.558964
620,-1.58432,0.241955,-0.316433,0.481274
621,-1.31829,0.319107,-0.336976,0.516069
622,-1.7466,0.258534,-0.339465,0.49057
623,-1.24928,0.32493,-0.302692,0.524202
624,-1.20063,0.252054,-0.367038,0.510175
625,-1.51583,0.293703,-0.336103,0.523405
626,-1.51583,0.293703,-0.336103,0.523405
627,-1.76083,0.252415,-0.436769,0.518857
628,-1.32383,0.240426,-0.360422,0.523766
629,-1.71301,0.239838,-0.360593,0.533937
630,-1.52964,0.270778,-0.335182,0.510153
631,-1.55446,0.280595,-0.37395,0.476645
632,-1.5665,0.239782,-0.464847,0.507696
633,-1.30677,0.341033,-0.279814,0.510913
634,-1.28679,0.321148,-0.358294,0.477841
635,-1.21584,0.232762,-0.290257,0.504982
636,-1.27284,0.241271,-0.43351,0.53513
637,-1.72569,0.242987,-0.399717,0.505938
638,-1.46702,0.244376,-0.349729,0.510408
639,-1.30379,0.297227,-0.315743,0.491242
640,-1.49682,0.251865,-0.40476,0.515942
641,-1.6021,0.251048,-0.512991,0.480992
642,-2.01574,0.239522,-0.384645,0.494838
643,-1.21558,0.257396,-0.394149,0.530543
644,-1.60481,0.261888,-0.364407,0.523945
645,-1.35853,0.28188,-0.315891,0.534961
646,-1.43873,0.256465,-0.363646,0.481856
647,-1.36624,0.262338,-0.404864,0.504473
648,-1.34178,0.267231,-0.384005,0.493289
649,-1.77198,0.245625,-0.434567,0.498755
650,-1.5663,0.256371,-0.319808,0.533749
651,-1.281,0.266014,-0.313158,0.512224
652,-1.29804,0.252921,-0.344798,0.504947
653,-1.17594,0.261218,-0.260447,0.532734
654,-1.33391,0.253121,-0.301786,0.490919
655,-1.65169,0.255794,-0.313876,0.498304
656,-1.27443,0.263315,-0.312239,0.498088
657,-1.75856,0.229661,-0.272271,0.518249
658,-1.47842,0.301841,-0.397653,0.499434
659,-1.48613,0.261331,-0.489813,0.493992
660,-1.45533,0.278742,-0.355595,0.478844
661,-1.35003,0.227183,-0.377752,0.504765
662,-1.29138,0.261128,-0.337512,0.497467
663,-1.18098,0.242884,-0.328887,0.523337
664,-1.45503,0.26483,-0.331245,0.519184
665,-1.41134,0.252468,-0.361673,0.520282
666,-1.2322,0.251703,-0.348992,0.587588
667,-1.2002,0.268073,-0.25556,0.515092
668,-1.2002,0.268073,-0.25556,0.515092
669,-1.74359,0.250498,-0.247615,0.514238
670,-1.3557,0.279257,-0.370397,0.535927
671,-1.33585,0.272519,-0.242687,0.61651
672,-1.48108,0.280845,-0.351311,0.500751
673,-1.15636,0.26069,-0.314081,0.485457
674,-1.50475,0.252599,-0.269648,0.507145
675,-1.13959,0.261643,-0.341949,0.506338
676,-1.14424,0.268843,-0.322586,0.547626
677,-1.18634,0.246265,-0.298729,0.486487
678,-1.18634,0.246265,-0.298729,0.486487
679,-1.23217,0.272147,-0.448629,0.51123
680,-1.11117,0.266935,-0.300143,0.498395
681,-1.10836,0.295089,-0.513602,0.541323
682,-1.37805,0.240293,-0.39464,0.518312
683,-1.79141,0.310198,-0.305936,0.528294
684,-1.25863,0.284754,-0.333302,0.506068
685,-1.28184,0.261061,-0.356347,0.524015
686,-1.45601,0.27215,-0.460809,0.533226
687,-1.45601,0.27215,-0.460809,0.533226
688,-1.54659,0.29278,-0.365929,0.514162
689,-1.43832,0.241766,-0.430134,0.514032
690,-1.7488,0.225287,-0.342394,0.550347
691,-1.7488,0.225287,-0.342394,0.550347
692,-1.17551,0.300166,-0.267038,0.542131
693,-1.31765,0.235121,-0.298639,0.499433
694,-1.39797,0.260409,-0.265857,0.513792
695,-1.58665,0.261411,-0.394506,0.511729
696,-1.4579,0.242606,-0.315634,0.514341
697,-1.95622,0.243584,-0.281967,0.501849
698,-1.18116,0.240054,-0.338761,0.499585
699,-1.24756,0.25126,-0.402699,0.505281
700,-1.24196,0.266281,-0.397836,0.537865
701,-1.06789,0.24101,-0.359653,0.528251
702,-1.22522,0.254849,-0.28616,0.503689
703,-1.52011,0.273503,-0.444364,0.526614
704,-1.45367,0.238498,-0.318066,0.53456
705,-1.5971,0.250891,-0.293838,0.486142
706,-1.37429,0.266964,-0.368316,0.504932
707,-1.60965,0.226999,-0.291339,0.524154
708,-1.38018,0.269873,-0.322182,0.494484
709,-1.43845,0.327963,-0.308929,0.522789
710,-1.78006,0.289157,-0.333278,0.525545
711,-1.23019,0.241102,-0.245057,0.510242
712,-1.51141,0.283032,-0.371752,0.522511
713,-1.24738,0.361719,-0.274429,0.501463
714,-1.39526,0.260288,-0.365225,0.483537
715,-1.3255,0.258359,-0.292233,0.520869
716,-1.31798,0.230455,-0.292123,0.47627
717,-1.63283,0.247289,-0.277259,0.578198
718,-1.47521,0.272987,-0.303047,0.505557
719,-1.36941,0.279075,-0.315457,0.509829
720,-1.35767,0.290273,-0.275959,0.495613
721,-1.32246,0.282109,-0.301868,0.478034
722,-2.10393,0.252971,-0.358213,0.512352
723,-1.4514,0.243984,-0.342865,0.520146
724,-1.16022,0.245172,-0.308111,0.488666
725,-1.16979,0.245228,-0.235878,0.499178
726,-1.47505,0.304017,-0.381496,0.502761
727,-1.18501,0.283354,-0.322948,0.507078
728,-1.57334,0.295019,-0.363018,0.510907
729,-1.48696,0.243753,-0.304256,0.494027
730,-1.23909,0.24457,-0.359963,0.524646
731,-1.12905,0.289054,-0.299981,0.493705
732,-1.49403,0.232,-0.302215,0.508532
733,-1.77165,0.275395,-0.376129,0.499766
734,-1.50507,0.259077,-0.30959,0.523405
735,-1.40891,0.232576,-0.246973,0.495548
736,-1.31158,0.277731,-0.335563,0.538743
737,-1.66216,0.314139,-0.298782,0.512887
738,-1.40592,0.209871,-0.329187,0.49347
739,-1.96544,0.256974,-0.346103,0.518146
740,-1.46344,0.224246,-0.318254,0.520771
741,-1.43611,0.251609,-0.300921,0.53278
742,-1.19404,0.233984,-0.371319,0.540441
743,-1.30053,0.253109,-0.306297,0.483247
744,-1.07843,0.230458,-0.260881,0.490603
745,-1.21738,0.258826,-0.298819,0.489746
746,-1.35739,0.224518,-0.354666,0.515503
747,-1.26417,0.249206,-0.320304,0.515692
748,-2.94329,0.32135,-0.273553,0.508936
749,-1.73128,0.263993,-0.311672,0.510093
750,-1.68615,0.291484,-0.440884,0.522037
751,-1.26273,0.256881,-0.26469,0.507023
752,-1.48929,0.254278,-0.332902,0.500256
753,-1.26529,0.256016,-0.305133,0.548263
754,-2.4504,0.23102,-0.320173,0.502619
755,-2.33041,0.268146,-0.253784,0.507185
756,-1.34905,0.275769,-0.386414,0.501465
757,-1.22331,0.262663,-0.382984,0.518903
758,-1.07944,0.245231,-0.333749,0.507725
759,-1.07944,0.245231,-0.333749,0.507725
760,-1.1504,0.274234,-0.332544,0.483938
761,-1.32303,0.284794,-0.286606,0.500609
762,-1.2293,0.249669,-0.308348,0.507046
763,-1.24373,0.295905,-0.290868,0.488951
764,-1.18617,0.255626,-0.281528,0.511325
765,-1.06851,0.273713,-0.303607,0.479297
766,-1.63792,0.256098,-0.25905,0.532515
767,-1.4847,0.29418,-0.303096,0.518953
768,-1.82206,0.299166,-0.238594,0.521233
769,-1.35182,0.264282,-0.345318,0.560177
770,-1.26174,0.290061,-0.311015,0.54422
771,-1.76032,0.263735,-0.403569,0.501107
772,-1.76032,0.263735,-0.403569,0.501107
773,-1.37797,0.281549,-0.316092,0.540074
774,-1.29693,0.241247,-0.242583,0.498357
775,-1.14378,0.232946,-0.318478,0.505002
776,-1.3339,0.261876,-0.261228,0.484314
777,-1.40701,0.245725,-0.249094,0.500284
778,-1.52916,0.257149,-0.336194,0.46814
779,-1.20298,0.230941,-0.280452,0.491529
780,-1.059,0.312396,-0.232412,0.476125
781,-1.02155,0.222969,-0.272145,0.48833
782,-1.32629,0.246535,-0.243678,0.524011
783,-1.17034,0.267379,-0.329182,0.514281
784,-1.32882,0.288789,-0.348226,0.498474
785,-1.0885,0.229424,-0.40949,0.544035
786,-1.0885,0.229424,-0.40949,0.544035
787,-1.06697,0.236826,-0.271033,0.495181
788,-1.56766,0.234937,-0.296429,0.479758
789,-1.56666,0.246026,-0.368042,0.484934
790,-1.89284,0.243958,-0.328163,0.514624
791,-1.24905,0.261427,-0.356614,0.49269
792,-1.10018,0.256729,-0.337698,0.500609
793,-1.84544,0.23633,-0.257769,0.493196
794,-1.84544,0.23633,-0.257769,0.493196
795,-1.84544,0.23633,-0.257769,0.493196
796,-1.65259,0.243573,-0.264433,0.487771
797,-1.2412,0.249978,-0.364889,0.529212
798,-1.17456,0.240604,-0.35024,0.489347
799,-1.22039,0.25433,-0.243581,0.526549
800,-1.22167,0.255485,-0.30483,0.505066
801,-1.49132,0.238653,-0.284951,0.538322
802,-1.20959,0.243332,-0.274068,0.539464
803,-1.23762,0.235982,-0.316236,0.491609
804,-1.48349,0.311254,-0.37226,0.493566
805,-1.30351,0.266181,-0.335619,0.502172
806,-1.91227,0.306391,-0.263331,0.495577
807,-1.51166,0.258532,-0.270266,0.514241
808,-1.64249,0.250397,-0.235292,0.510838
809,-1.32687,0.264375,-0.36326,0.509519
810,-1.33949,0.236968,-0.286328,0.527827
811,-1.59498,0.270538,-0.312085,0.486761
812,-1.92877,0.223597,-0.384138,0.494387
813,-1.41572,0.28514,-0.3465,0.489667
814,-1.57719,0.255389,-0.30174,0.466682
815,-1.18961,0.296918,-0.347969,0.529726
816,-1.54977,0.246591,-0.314092,0.49253
817,-1.35057,0.232979,-0.382087,0.515335
818,-1.22199,0.234131,-0.378748,0.534795
819,-2.04436,0.227057,-0.255234,0.492184
820,-1.31004,0.254707,-0.398505,0.520455
821,-1.13946,0.238148,-0.438797,0.469144
822,-1.46308,0.260397,-0.20316,0.496381
823,-1.32047,0.244537,-0.290326,0.508501
824,-1.44284,0.254469,-0.532113,0.505453
825,-1.43689,0.248534,-0.324976,0.595951
826,-1.77166,0.287285,-0.267435,0.549121
827,-1.32875,0.26,-0.330461,0.484078
828,-1.4768,0.237394,-0.364536,0.529179
829,-1.32403,0.265249,-0.301635,0.478089
830,-1.59428,0.283647,-0.297286,0.477414
831,-1.35373,0.258204,-0.354388,0.526269
832,-1.2767,0.243863,-0.263143,0.505105
833,-1.50446,0.264163,-0.287722,0.504202
834,-1.37349,0.317809,-0.30945,0.493536
835,-1.19123,0.27535,-0.386213,0.490412
836,-1.19123,0.27535,-0.386213,0.490412
837,-1.40813,0.29379,-0.370639,0.50538
838,-1.37547,0.250087,-0.363512,0.490621
839,-2.07193,0.256862,-0.357472,0.485007
840,-1.31298,0.317911,-0.347648,0.537688
841,-1.3681,0.257737,-0.330189,0.526299
842,-1.11438,0.232445,-0.291834,0.5621
843,-1.50745,0.267219,-0.341164,0.49016
844,-1.6708,0.273301,-0.347609,0.492653
845,-1.56258,0.27055,-0.303312,0.506163
846,-1.39145,0.286718,-0.33006,0.534223
847,-1.29386,0.276348,-0.304542,0.480354
848,-1.29797,0.358467,-0.287311,0.493199
849,-1.09905,0.246011,-0.377734,0.514807
850,-1.50261,0.25159,-0.428246,0.489368
851,-1.66381,0.232362,-0.281155,0.534707
852,-1.37794,0.266551,-0.300331,0.504896
853,-1.35793,0.225399,-0.31461,0.498608
854,-1.54736,0.223079,-0.344055,0.475871
855,-1.98416,0.27228,-0.288424,0.516602
856,-1.27857,0.288989,-0.387845,0.513584
857,-1.33291,0.301567,-0.382388,0.507316
858,-1.33998,0.228513,-0.376655,0.49512
859,-1.18539,0.257577,-0.220153,0.525787
860,-1.49091,0.228781,-0.320857,0.544264
861,-1.34466,0.251254,-0.262492,0.497723
862,-1.20157,0.295274,-0.359819,0.521497
863,-1.37763,0.228622,-0.268159,0.491589
864,-1.19293,0.242984,-0.328237,0.496916
865,-1.2586,0.252918,-0.252105,0.504558
866,-1.21236,0.25448,-0.29229,0.521939
867,-1.40365,0.274696,-0.286953,0.481747
868,-1.47253,0.302577,-0.34067,0.53639
869,-1.23335,0.216095,-0.274482,0.528818
870,-1.30084,0.306174,-0.29095,0.521737
871,-1.30084,0.306174,-0.29095,0.521737
872,-1.41069,0.230193,-0.287981,0.494882
873,-1.3779,0.246742,-0.294234,0.488323
874,-1.26666,0.26352,-0.259272,0.478773
875,-1.24438,0.236667,-0.302733,0.503155
876,-1.44449,0.245483,-0.328928,0.558614
877,-2.16893,0.305753,-0.332953,0.524426
878,-1.45744,0.257382,-0.246399,0.500436
879,-1.36983,0.296339,-0.314037,0.514615
880,-2.11849,0.24868,-0.317391,0.492957
881,-1.5226,0.280782,-0.384362,0.519459
882,-1.29018,0.247726,-0.309777,0.54497
883,-1.18891,0.305821,-0.428068,0.506717
884,-1.53046,0.225599,-0.285719,0.531408
885,-1.53046,0.225599,-0.285719,0.531408
886,-1.18638,0.240832,-0.275736,0.473759
887,-1.40812,0.257125,-0.305433,0.483806
888,-1.39267,0.258932,-0.345358,0.541141
889,-1.40096,0.245695,-0.266787,0.518176
890,-1.87153,0.275716,-0.350314,0.504707
891,-1.87153,0.275716,-0.350314,0.504707
892,-1.11195,0.300084,-0.342719,0.546271
893,-1.39154,0.278899,-0.372334,0.506537
894,-1.35036,0.234637,-0.335592,0.510035
895,-1.34482,0.259491,-0.285992,0.479442
896,-1.34482,0.259491,-0.285992,0.479442
897,-1.42108,0.258175,-0.299915,0.508933
898,-2.34798,0.291414,-0.459518,0.491998
899,-1.26473,0.231875,-0.346285,0.519617
900,-1.19765,0.277,-0.246415,0.54952
901,-1.65485,0.269334,-0.418485,0.506645
902,-1.30638,0.283195,-0.27815,0.520297
903,-1.24063,0.229231,-0.272394,0.486395
904,-1.53858,0.316835,-0.324429,0.50142
905,-1.15964,0.298817,-0.358271,0.507139
906,-1.30454,0.255158,-0.289592,0.546093
907,-1.37432,0.29913,-0.376931,0.502563
908,-1.1388,0.310419,-0.360119,0.503675
909,-1.65212,0.216371,-0.266705,0.518992
910,-1.09587,0.26388,-0.310821,0.485724
911,-1.22199,0.248993,-0.311199,0.502075
912,-1.28916,0.246556,-0.333449,0.512663
913,-1.49175,0.291679,-0.295405,0.515602
914,-1.45202,0.245109,-0.366093,0.483254
915,-1.37771,0.282824,-0.304006,0.563215
916,-1.29463,0.243228,-0.351102,0.510006
917,-1.34563,0.253516,-0.26128,0.49004
918,-1.42902,0.241158,-0.281202,0.490692
919,-1.66608,0.270632,-0.265303,0.514917
920,-1.7607,0.253116,-0.317863,0.490828
921,-1.42859,0.296223,-0.282364,0.492917
922,-1.47114,0.240709,-0.335457,0.484468
923,-1.571,0.280405,-0.298839,0.496878
924,-1.57289,0.212772,-0.325993,0.560711
925,-1.4788,0.272796,-0.342766,0.500741
926,-1.56885,0.221905,-0.280369,0.529828
927,-1.20377,0.269352,-0.319923,0.50657
928,-1.28428,0.249376,-0.301186,0.491505
929,-1.43251,0.230107,-0.317305,0.56265
930,-1.35455,0.253071,-0.356787,0.506404
931,-1.59051,0.27914,-0.299836,0.50862
932,-1.15243,0.254485,-0.307796,0.47306
933,-2.15777,0.287306,-0.299524,0.525781
934,-1.41338,0.26556,-0.359084,0.49149
935,-1.42204,0.257679,-0.516325,0.546349
936,-1.36195,0.244686,-0.320492,0.49628
937,-1.60959,0.219091,-0.341939,0.518311
938,-1.24547,0.274998,-0.304291,0.496126
939,-1.34803,0.318627,-0.310266,0.518686
940,-1.52162,0.264778,-0.29929,0.507604
941,-1.18215,0.248793,-0.357592,0.507139
942,-1.57056,0.284396,-0.322099,0.500336
943,-1.33481,0.261751,-0.312669,0.528741
944,-1.41164,0.228134,-0.323093,0.511259
945,-1.57505,0.24148,-0.314875,0.497748
946,-1.19832,0.246063,-0.426752,0.517111
947,-1.71594,0.279274,-0.360329,0.507393
948,-1.45257,0.292866,-0.283524,0.517817
949,-1.30921,0.22628,-0.315229,0.505728
950,-1.68665,0.255731,-0.297919,0.478928
951,-1.11649,0.242086,-0.318825,0.504859
952,-1.22614,0.259891,-0.259047,0.544301
953,-1.11287,0.241278,-0.522292,0.494113
954,-2.15856,0.245746,-0.361413,0.514191
955,-1.10754,0.263335,-0.302736,0.532204
956,-1.39905,0.267674,-0.272837,0.5506
957,-1.52389,0.272274,-0.32099,0.522312
958,-1.20065,0.269615,-0.296184,0.539757
959,-1.14167,0.255143,-0.330389,0.486944
960,-1.30421,0.254722,-0.249706,0.527733
961,-2.21571,0.240687,-0.341269,0.498258
962,-1.26416,0.272198,-0.235903,0.495602
963,-1.26916,0.261015,-0.350267,0.504172
964,-1.80594,0.26586,-0.37971,0.515062
965,-1.24822,0.247077,-0.370125,0.522798
966,-1.59066,0.235506,-0.352038,0.514788
967,-1.23156,0.250461,-0.307391,0.500583
968,-1.61712,0.250448,-0.417438,0.530139
969,-1.30346,0.258086,-0.321394,0.487836
970,-1.2501,0.280391,-0.256475,0.492645
971,-1.45734,0.279809,-0.303613,0.532017
972,-1.17198,0.289216,-0.282039,0.491087
973,-1.26917,0.385403,-0.325239,0.497229
974,-1.33235,0.228574,-0.308285,0.514659
975,-1.39207,0.273691,-0.353608,0.508118
976,-1.4815,0.266017,-0.336504,0.515746
977,-1.44721,0.24964,-0.584324,0.509982
978,-1.34514,0.295272,-0.274957,0.530546
979,-1.34024,0.249144,-0.312115,0.524886
980,-1.88552,0.286551,-0.265642,0.516921
981,-1.67676,0.265032,-0.364585,0.543797
982,-1.14701,0.251596,-0.346448,0.532884
983,-1.1916,0.229156,-0.408015,0.485746
984,-1.38515,0.260733,-0.318849,0.501392
985,-1.98941,0.276592,-0.3207,0.530829
986,-1.5085,0.255871,-0.354859,0.514945
987,-1.18464,0.247549,-0.287053,0.502565
988,-1.48622,0.250447,-0.412425,0.481808
989,-1.32096,0.259927,-0.343728,0.497887
990,-1.44539,0.239835,-0.288679,0.488013
991,-1.65703,0.212212,-0.346847,0.5358
992,-1.22897,0.232073,-0.384837,0.476706
993,-1.12912,0.233397,-0.355378,0.489762
994,-1.75126,0.276318,-0.374076,0.502792
995,-1.36178,0.224271,-0.405304,0.589929
996,-1.36178,0.224271,-0.405304,0.589929
997,-1.31772,0.276058,-0.258125,0.558732
998,-1.71369,0.228118,-0.41584,0.509227
999,-1.77282,0.264298,-0.299722,0.519026
1000,-1.77282,0.264298,-0.299722,0.519026
1001,-1.68588,0.256141,-0.522714,0.51872
1002,-1.19577,0.251088,-0.307563,0.549704
1003,-1.34276,0.261611,-0.271553,0.498457
1004,-1.28147,0.27178,-0.26208,0.529759
1005,-1.2479,0.278105,-0.282376,0.479625
1006,-1.32547,0.296644,-0.327788,0.541792
1007,-1.22191,0.237167,-0.248748,0.485228
1008,-1.82813,0.257876,-0.293156,0.520073
1009,-1.28124,0.26723,-0.255665,0.550292
1010,-1.42744,0.239279,-0.323759,0.53732
1011,-1.48283,0.263428,-0.315613,0.510428
1012,-1.5319,0.256871,-0.358184,0.534231
1013,-1.5319,0.256871,-0.358184,0.534231
1014,-1.45381,0.237397,-0.499949,0.488322
1015,-1.3572,0.26542,-0.307499,0.556652
1016,-1.47201,0.266659,-0.402031,0.499704
1017,-1.25075,0.293725,-0.341399,0.50534
1018,-1.24516,0.219438,-0.305928,0.504839
1019,-1.25332,0.247473,-0.300055,0.505489
1020,-1.63112,0.257365,-0.289524,0.521848
1021,-1.32852,0.243192,-0.27602,0.532324
1022,-1.60374,0.280964,-0.284947,0.507145
1023,-1.99186,0.261164,-0.262467,0.51972
1024,-1.18558,0.219472,-0.339002,0.524549
1025,-1.40375,0.298219,-0.363299,0.54223
1026,-1.22007,0.266627,-0.25551,0.531529
1027,-1.26879,0.238082,-0.33176,0.537611
1028,-1.43323,0.244595,-0.241228,0.569308
1029,-1.6068,0.284229,-0.297593,0.481851
1030,-1.5935,0.243448,-0.361971,0.541581
1031,-1.4871,0.238791,-0.302124,0.516407
1032,-1.19975,0.270735,-0.276088,0.512921
1033,-1.19975,0.270735,-0.276088,0.512921
1034,-1.25184,0.281616,-0.236423,0.524954
1035,-1.24571,0.280284,-0.344446,0.541136
1036,-1.72911,0.239006,-0.27364,0.526854
1037,-1.14102,0.290996,-0.345393,0.484757
1038,-1.3139,0.236833,-0.286387,0.508239
1039,-2.45181,0.239447,-0.325298,0.492936
1040,-1.25262,0.300246,-0.452768,0.523868
1041,-1.34723,0.272133,-0.319758,0.499615
1042,-1.23012,0.263767,-0.336908,0.482116
1043,-1.73337,0.266697,-0.348969,0.528472
1044,-1.41083,0.272555,-0.307422,0.471256
1045,-1.2622,0.269047,-0.357306,0.509285
1046,-1.63157,0.22865,-0.341764,0.470218
1047,-1.07418,0.258209,-0.262189,0.488679
1048,-1.26082,0.27573,-0.3859,0.482788
1049,-1.21554,0.261742,-0.269418,0.50297
1050,-1.47608,0.259621,-0.420073,0.499109
1051,-1.38992,0.258029,-0.332848,0.481455
1052,-1.26774,0.320339,-0.328077,0.504812
1053,-1.24308,0.238942,-0.301007,0.480478
1054,-1.53977,0.228275,-0.30512,0.540517
1055,-1.69705,0.266654,-0.307912,0.550888
1056,-1.54495,0.286495,-0.395634,0.512542
1057,-1.62575,0.290373,-0.283531,0.519206
1058,-1.22729,0.296942,-0.327843,0.48377
1059,-1.55455,0.277099,-0.444614,0.51583
1060,-1.10625,0.298911,-0.2984,0.525988
1061,-1.17375,0.272334,-0.284052,0.487915
1062,-1.34378,0.273002,-0.282005,0.499701
1063,-1.28008,0.278307,-0.249763,0.518334
1064,-1.59923,0.252508,-0.371309,0.484706
1065,-1.0648,0.230183,-0.279864,0.511193
1066,-1.44052,0.249784,-0.25262,0.533979
1067,-1.25275,0.251223,-0.342903,0.510473
1068,-1.3879,0.293725,-0.293519,0.551838
1069,-1.26779,0.275024,-0.306425,0.498018
1070,-1.54455,0.264505,-0.344138,0.487184
1071,-1.6573,0.245802,-0.283899,0.539495
1072,-1.35149,0.242336,-0.27488,0.514805
1073,-1.40014,0.266185,-0.295976,0.498041
1074,-1.69007,0.236907,-0.354291,0.51294
1075,-1.65008,0.30855,-0.304523,0.517218
1076,-1.19408,0.22212,-0.23537,0.546279
1077,-1.28805,0.275043,-0.306061,0.510285
1078,-1.44636,0.234255,-0.253633,0.532827
1079,-1.09172,0.259968,-0.30186,0.53184
1080,-1.54322,0.249569,-0.278784,0.533997
1081,-1.71331,0.233934,-0.345269,0.490368
1082,-2.73177,0.243312,-0.258468,0.513859
1083,-1.22208,0.328617,-0.398235,0.516099
1084,-1.41172,0.253751,-0.326707,0.535718
1085,-1.29078,0.281903,-0.239423,0.491854
1086,-1.35814,0.2352,-0.275372,0.546223
1087,-1.66682,0.296617,-0.452642,0.572542
1088,-1.85727,0.259966,-0.339902,0.519856
1089,-1.3993,0.24794,-0.267861,0.506297
1090,-1.31787,0.225382,-0.321354,0.532713
1091,-1.21178,0.319172,-0.239042,0.520133
1092,-1.22525,0.231055,-0.279666,0.486659
1093,-1.2498,0.258852,-0.297,0.519597
1094,-1.57784,0.235007,-0.334888,0.518575
1095,-1.25141,0.246967,-0.467277,0.503693
1096,-1.08897,0.289665,-0.397907,0.479959
1097,-1.60232,0.340781,-0.287223,0.546055
1098,-1.43311,0.281148,-0.290913,0.517882
1099,-1.77938,0.241861,-0.408149,0.516854
1100,-1.21708,0.248015,-0.304908,0.52342
1101,-1.38187,0.263576,-0.358742,0.501288
1102,-1.10885,0.277478,-0.318481,0.494629
1103,-1.42495,0.267338,-0.302165,0.551845
1104,-1.53179,0.261938,-0.42363,0.509795
1105,-1.84372,0.282491,-0.286353,0.50662
1106,-1.38774,0.257735,-0.290568,0.484921
1107,-2.1294,0.288003,-0.259133,0.51437
1108,-1.23701,0.253181,-0.280133,0.499002
1109,-1.83073,0.243577,-0.310485,0.53639
1110,-1.62073,0.243249,-0.290839,0.506983
1111,-1.4867,0.239983,-0.337406,0.494976
1112,-1.6199,0.253698,-0.324833,0.519198
1113,-1.57765,0.230918,-0.30748,0.518142
1114,-1.31289,0.288788,-0.342365,0.520851
1115,-1.41354,0.268204,-0.281736,0.503996
1116,-1.56778,0.301135,-0.348578,0.513257
1117,-1.34167,0.266648,-0.412718,0.532015
1118,-1.45089,0.225822,-0.402687,0.52594
1119,-1.17412,0.273117,-0.295698,0.532816
1120,-1.36121,0.312001,-0.299607,0.51998
1121,-1.42449,0.261715,-0.32595,0.534107
1122,-1.70615,0.326309,-0.410532,0.511881
1123,-1.95319,0.287159,-0.355566,0.489029
1124,-1.14758,0.283992,-0.30258,0.501381
1125,-1.55815,0.249124,-0.436555,0.508515
1126,-1.50603,0.272931,-0.311692,0.510784
1127,-1.5509,0.24735,-0.254487,0.537767
1128,-1.29756,0.241028,-0.3741,0.542522
1129,-1.21987,0.270432,-0.316389,0.547887
1130,-1.34765,0.291918,-0.294561,0.480128
1131,-1.29008,0.293148,-0.425454,0.50275
1132,-1.72679,0.247296,-0.336963,0.515746
1133,-1.45897,0.230295,-0.328256,0.492666
1134,-1.52334,0.285728,-0.374774,0.546664
1135,-1.22956,0.243484,-0.368672,0.550327
1136,-1.3498,0.2535,-0.319192,0.54308
1137,-1.36098,0.23248,-0.323622,0.512715
1138,-1.39365,0.269374,-0.314779,0.508572
1139,-1.36936,0.237872,-0.256742,0.486152
1140,-1.36936,0.237872,-0.256742,0.486152
1141,-1.36936,0.237872,-0.256742,0.486152
1142,-1.17253,0.282511,-0.283331,0.502132
1143,-1.40668,0.271948,-0.356671,0.510507
1144,-1.71977,0.248627,-0.37589,0.504681
1145,-1.57485,0.275502,-0.270827,0.511658
1146,-1.17459,0.27483,-0.257021,0.517857
1147,-1.86897,0.256165,-0.250225,0.561548
1148,-1.51486,0.296115,-0.282035,0.499552
1149,-1.68084,0.259264,-0.309854,0.520037
1150,-1.50186,0.234218,-0.292059,0.493371
1151,-1.24412,0.256951,-0.325407,0.504107
1152,-1.3817,0.253482,-0.230341,0.501407
1153,-1.5003,0.26467,-0.288014,0.501874
1154,-1.63767,0.234449,-0.419392,0.52559
1155,-1.72997,0.264878,-0.312869,0.510829
1156,-1.28175,0.264852,-0.316815,0.504927
1157,-1.23052,0.243508,-0.356699,0.514377
1158,-1.70015,0.247491,-0.273768,0.528358
1159,-1.37888,0.257461,-0.303684,0.504261
1160,-1.36137,0.275967,-0.341853,0.474992
1161,-1.3593,0.270374,-0.319262,0.520179
1162,-1.3794,0.270207,-0.326656,0.507361
1163,-1.26164,0.259255,-0.265792,0.499206
1164,-1.82551,0.272714,-0.480841,0.489224
1165,-1.0965,0.252305,-0.264762,0.512133
1166,-1.39236,0.222871,-0.33731,0.508145
1167,-2.30959,0.236029,-0.35073,0.505981
1168,-2.30959,0.236029,-0.35073,0.505981
1169,-1.4693,0.257354,-0.270521,0.527337
1170,-1.44268,0.225989,-0.277475,0.516128
1171,-1.54558,0.254016,-0.316028,0.495021
1172,-1.30501,0.270471,-0.279511,0.51574
1173,-1.15793,0.267323,-0.347794,0.483657
1174,-1.27473,0.236023,-0.442847,0.520732
1175,-1.7089,0.264469,-0.295762,0.485588
1176,-1.7089,0.264469,-0.295762,0.485588
1177,-1.82848,0.266891,-0.34841,0.552013
1178,-1.32299,0.230375,-0.260617,0.511765
1179,-1.30767,0.221853,-0.345286,0.492503
1180,-1.08812,0.278911,-0.340598,0.546474
1181,-1.45079,0.225863,-0.349705,0.495922
1182,-1.30955,0.254822,-0.331722,0.481
1183,-1.40802,0.295475,-0.304347,0.503243
1184,-1.47505,0.245003,-0.34967,0.521658
1185,-1.80593,0.296998,-0.309376,0.497023
1186,-1.15869,0.269736,-0.440094,0.547538
1187,-1.28499,0.263593,-0.320073,0.485507
1188,-1.98459,0.251806,-0.264806,0.510292
1189,-1.60418,0.234993,-0.33175,0.533191
1190,-1.34204,0.24593,-0.25737,0.478803
1191,-1.26603,0.225479,-0.326426,0.514513
1192,-1.23025,0.264509,-0.233789,0.487533
1193,-1.43937,0.250597,-0.2808,0.490463
1194,-1.16545,0.239323,-0.365682,0.510426
1195,-1.40559,0.241601,-0.409251,0.506898
1196,-1.26601,0.231235,-0.335092,0.549799
1197,-1.64138,0.254071,-0.47383,0.505368
1198,-2.51241,0.256182,-0.266139,0.527525
1199,-1.36042,0.235893,-0.283589,0.514004
1200,-1.36042,0.235893,-0.283589,0.514004
1201,-1.4426,0.254719,-0.364906,0.479218
1202,-1.42775,0.234867,-0.59031,0.511321
1203,-1.62241,0.313859,-0.374235,0.498004
1204,-1.20366,0.239186,-0.292283,0.5158
1205,-1.69792,0.267398,-0.260647,0.546391
1206,-1.69792,0.267398,-0.260647,0.546391
1207,-1.16943,0.236304,-0.230981,0.507229
1208,-1.33758,0.261827,-0.402274,0.502651
1209,-1.39776,0.256724,-0.365684,0.517267
1210,-1.2022,0.252596,-0.282988,0.519578
1211,-1.32959,0.259299,-0.3009,0.517324
1212,-1.41648,0.278068,-0.325148,0.495363
1213,-2.72418,0.258608,-0.403409,0.513418
1214,-2.20378,0.238078,-0.283883,0.499674
1215,-2.20378,0.238078,-0.283883,0.499674
1216,-1.52636,0.278556,-0.364877,0.493652
1217,-1.36153,0.28423,-0.302025,0.479526
1218,-1.60083,0.266472,-0.340593,0.510369
1219,-1.58469,0.285205,-0.381235,0.478928
1220,-1.76612,0.263519,-0.312045,0.480421
1221,-1.24187,0.244815,-0.358981,0.516824
1222,-1.54232,0.286717,-0.316241,0.487804
1223,-1.36139,0.240057,-0.337854,0.484516
1224,-1.44696,0.293917,-0.310996,0.52268
1225,-1.35668,0.275978,-0.359147,0.490125
1226,-1.28178,0.230431,-0.325064,0.495506
1227,-1.69944,0.214095,-0.32158,0.502821
1228,-1.85204,0.229496,-0.348288,0.49683
1229,-1.19169,0.244569,-0.331961,0.462779
1230,-1.36788,0.261261,-0.310023,0.510435
1231,-1.3705,0.242966,-0.525084,0.501861
1232,-1.25309,0.241164,-0.266067,0.494218
1233,-1.3765,0.242286,-0.252979,0.502705
1234,-1.24523,0.257907,-0.29431,0.519097
1235,-1.38657,0.288904,-0.233251,0.484759
1236,-1.30182,0.263384,-0.369877,0.522197
1237,-1.20135,0.284153,-0.33891,0.553949
1238,-1.73807,0.254975,-0.294565,0.512131
1239,-1.36176,0.262174,-0.283761,0.500345
1240,-1.59396,0.280316,-0.226707,0.549208
1241,-1.46763,0.255403,-0.336609,0.484952
1242,-1.61004,0.244342,-0.248458,0.497473
1243,-1.62539,0.252812,-0.275573,0.486209
1244,-1.37438,0.235905,-0.292368,0.493914
1245,-1.45908,0.23001,-0.277603,0.513156
1246,-1.26608,0.251175,-0.299572,0.515667
1247,-1.68479,0.295426,-0.337668,0.488828
1248,-1.75569,0.289827,-0.306861,0.527132
1249,-1.11785,0.276131,-0.42298,0.508363
1250,-1.1638,0.250787,-0.549196,0.530645
1251,-1.23235,0.302055,-0.267796,0.501521
1252,-1.46813,0.243977,-0.37782,0.528231
1253,-1.26882,0.237777,-0.370494,0.528445
1254,-1.22782,0.265654,-0.227995,0.485665
1255,-1.81349,0.334867,-0.309062,0.516369
1256,-1.7983,0.261874,-0.283209,0.485628
1257,-1.46301,0.349166,-0.409579,0.50235
1258,-1.27938,0.24024,-0.30956,0.566471
1259,-1.40739,0.23251,-0.296,0.547974
1260,-1.50042,0.335756,-0.303389,0.513267
1261,-1.2828,0.256789,-0.489258,0.532989
1262,-1.2828,0.256789,-0.489258,0.532989
1263,-1.23102,0.264662,-0.395888,0.512506
1264,-1.27012,0.269743,-0.343085,0.521237
1265,-1.25388,0.292567,-0.250475,0.525413
1266,-1.51562,0.228534,-0.370392,0.510407
1267,-1.36162,0.259231,-0.536993,0.533528
1268,-1.4237,0.255507,-0.3474,0.502155
1269,-1.27107,0.219366,-0.326939,0.522719
1270,-1.38315,0.2372,-0.369516,0.520401
1271,-1.23579,0.262609,-0.30227,0.505241
1272,-1.41013,0.292337,-0.334025,0.491983
1273,-1.39763,0.264476,-0.318869,0.473751
1274,-1.7188,0.286127,-0.468971,0.477403
1275,-1.66665,0.238541,-0.282697,0.548447
1276,-1.42721,0.234629,-0.31177,0.524277
1277,-1.33198,0.240871,-0.333719,0.560543
1278,-1.59565,0.247943,-0.28981,0.525161
1279,-1.45409,0.276839,-0.387711,0.519475
1280,-1.4652,0.278035,-0.356568,0.505999
1281,-1.21513,0.226005,-0.323921,0.492786
1282,-1.50404,0.26804,-0.289821,0.48074
1283,-1.31163,0.241249,-0.353138,0.505098
1284,-1.31163,0.241249,-0.353138,0.505098
1285,-1.40575,0.33768,-0.288452,0.521478
1286,-1.48624,0.291528,-0.322205,0.485815
1287,-1.21693,0.284222,-0.333444,0.485717
1288,-1.30506,0.293214,-0.311189,0.521616
1289,-1.60165,0.245676,-0.371834,0.575116
1290,-1.35199,0.244876,-0.388057,0.535922
1291,-1.32506,0.332618,-0.280636,0.50257
1292,-1.15303,0.235951,-0.297743,0.520828
1293,-1.25824,0.254121,-0.52084,0.487106
1294,-1.34494,0.261976,-0.319974,0.504278
1295,-2.01305,0.243251,-0.361613,0.484144
1296,-1.58045,0.300259,-0.326889,0.491299
1297,-1.39695,0.280124,-0.286773,0.491622
1298,-1.43549,0.278298,-0.348077,0.542199
1299,-1.43705,0.29447,-0.324653,0.51453
1300,-1.23922,0.258031,-0.384276,0.517642
1301,-1.34499,0.259081,-0.306725,0.489468
1302,-1.50353,0.252692,-0.2799,0.49855
1303,-2.17667,0.241032,-0.331575,0.485763
1304,-1.33086,0.293352,-0.292965,0.528438
1305,-1.25076,0.325266,-0.275964,0.530455
1306,-1.25076,0.325266,-0.275964,0.530455
1307,-1.61805,0.239705,-0.340114,0.482081
1308,-1.49764,0.255707,-0.306823,0.525258
1309,-1.49764,0.255707,-0.306823,0.525258
1310,-1.47891,0.254291,-0.439163,0.507371
1311,-1.58451,0.246167,-0.410993,0.492547
1312,-1.20622,0.251024,-0.265702,0.535258
1313,-1.41637,0.308708,-0.285131,0.5259
1314,-1.36872,0.268934,-0.322895,0.523879
1315,-1.25806,0.26437,-0.422272,0.495399
1316,-1.23267,0.26379,-0.306186,0.538682
1317,-1.24756,0.28602,-0.271511,0.482243
1318,-1.50003,0.290247,-0.268928,0.490893
1319,-1.9681,0.26525,-0.326584,0.511323
1320,-1.19468,0.24144,-0.265434,0.47035
1321,-1.62329,0.268637,-0.365521,0.539143
1322,-1.59976,0.312315,-0.33316,0.476683
1323,-1.232,0.25764,-0.362179,0.528358
1324,-1.34202,0.235776,-0.299629,0.497779
1325,-1.22658,0.267684,-0.323768,0.5085
1326,-1.39695,0.282613,-0.250069,0.484772
1327,-1.29085,0.294886,-0.281901,0.50389
1328,-1.29085,0.294886,-0.281901,0.50389
1329,-1.41612,0.252747,-0.323128,0.563564
1330,-1.20282,0.321419,-0.354848,0.598383
1331,-1.9478,0.259293,-0.312453,0.473635
1332,-1.76076,0.29073,-0.376121,0.514834
1333,-1.3017,0.244544,-0.293956,0.509493
1334,-1.40361,0.266277,-0.352583,0.522961
1335,-1.40361,0.266277,-0.352583,0.522961
1336,-1.73329,0.297051,-0.316148,0.523513
1337,-1.66627,0.246693,-0.356273,0.507501
1338,-1.27732,0.245453,-0.391606,0.530924
1339,-1.42345,0.248112,-0.353564,0.561563
1340,-1.42142,0.25581,-0.32721,0.498525
1341,-1.41161,0.265132,-0.334257,0.510129
1342,-1.41161,0.265132,-0.334257,0.510129
1343,-1.41422,0.246379,-0.308685,0.518025
1344,-1.65624,0.257529,-0.324468,0.50752
1345,-1.81447,0.294746,-0.367445,0.52202
1346,-1.30638,0.238077,-0.318876,0.515164
1347,-1.59692,0.265421,-0.250008,0.521755
1348,-1.30688,0.247998,-0.274222,0.490707
1349,-1.45331,0.278879,-0.305726,0.530465
1350,-1.44969,0.263446,-0.346816,0.550834
1351,-1.4797,0.233013,-0.28922,0.529189
1352,-1.13441,0.267524,-0.320689,0.549202
1353,-1.23474,0.304175,-0.310249,0.492986
1354,-1.36265,0.234714,-0.288709,0.493141
1355,-1.7872,0.230931,-0.269285,0.49992
1356,-1.5404,0.30834,-0.390531,0.512837
1357,-1.20881,0.256652,-0.529438,0.528539
1358,-1.37197,0.242911,-0.275909,0.522674
1359,-1.18636,0.29862,-0.320556,0.511342
1360,-1.41078,0.272005,-0.25876,0.520127
1361,-1.40458,0.287052,-0.340755,0.541492
1362,-1.33648,0.261882,-0.311452,0.534386
1363,-1.54218,0.237689,-0.31938,0.492504
1364,-1.26429,0.277392,-0.310842,0.481233
1365,-1.25091,0.278839,-0.309548,0.496445
1366,-1.21723,0.248617,-0.355449,0.494016
1367,-1.32104,0.313145,-0.414382,0.508133
1368,-1.32709,0.232062,-0.393733,0.52638
1369,-1.20045,0.262149,-0.347717,0.533976
1370,-1.1754,0.247393,-0.31948,0.526082
1371,-1.1754,0.247393,-0.31948,0.526083
1372,-1.47335,0.28534,-0.341186,0.506003
1373,-1.21489,0.260719,-0.385676,0.52946
1374,-1.349,0.233986,-0.314124,0.49391
1375,-2.92732,0.259422,-0.286273,0.500828
1376,-1.35954,0.267135,-0.239992,0.536704
1377,-1.24001,0.321365,-0.251865,0.51887
1378,-2.33764,0.257791,-0.323526,0.518387
1379,-1.39348,0.249696,-0.323668,0.479753
1380,-1.41184,0.241721,-0.412512,0.510836
1381,-1.3076,0.22174,-0.359264,0.577302
1382,-1.41199,0.262584,-0.332779,0.507149
1383,-1.42795,0.231163,-0.322965,0.534976
1384,-1.16721,0.24319,-0.284868,0.519785
1385,-1.23372,0.248936,-0.283411,0.522818
1386,-1.89835,0.248715,-0.278862,0.503263
1387,-1.30579,0.246303,-0.286573,0.523874
1388,-1.33359,0.247296,-0.325109,0.511796
1389,-1.84383,0.249255,-0.294423,0.564332
1390,-1.45823,0.293892,-0.248542,0.501004
1391,-1.28076,0.253193,-0.335135,0.534592
1392,-1.29859,0.22079,-0.296175,0.5239
1393,-1.60945,0.262524,-0.389542,0.496805
1394,-1.40687,0.263121,-0.348238,0.503825
1395,-1.61162,0.250252,-0.337312,0.497946
1396,-1.28308,0.238202,-0.241216,0.529816
1397,-1.29615,0.277997,-0.29785,0.528458
1398,-1.58376,0.223934,-0.336865,0.48528
1399,-1.58376,0.223934,-0.336865,0.48528
1400,-1.41577,0.257305,-0.281579,0.5128
1401,-1.43459,0.25918,-0.331083,0.538704
1402,-1.38513,0.24419,-0.400949,0.495869
1403,-1.46859,0.271263,-0.357657,0.533579
1404,-1.47588,0.281277,-0.382245,0.512165
1405,-2.77953,0.258294,-0.240723,0.491294
1406,-1.55529,0.236247,-0.268848,0.510508
1407,-1.51095,0.255075,-0.34949,0.534517
1408,-1.43649,0.227836,-0.27525,0.516058
1409,-1.80306,0.307049,-0.353882,0.517611
1410,-1.29983,0.282168,-0.297863,0.531273
1411,-1.46078,0.270573,-0.413926,0.517689
1412,-1.52632,0.239357,-0.343137,0.514932
1413,-1.20452,0.257492,-0.304671,0.526259
1414,-1.36985,0.257325,-0.464879,0.479202
1415,-1.27507,0.262988,-0.322321,0.518868
1416,-1.27433,0.238955,-0.269568,0.534948
1417,-2.13611,0.253978,-0.302904,0.494411
1418,-1.44568,0.23821,-0.328984,0.503881
1419,-1.67044,0.261653,-0.40912,0.538055
1420,-1.41727,0.221393,-0.305515,0.553421
1421,-1.33055,0.252055,-0.303075,0.521903
1422,-1.48876,0.258451,-0.305757,0.574579
1423,-1.43287,0.287194,-0.346504,0.514758
1424,-1.60977,0.285603,-0.258369,0.512942
1425,-1.36579,0.278241,-0.266153,0.482928
1426,-1.62645,0.215266,-0.286234,0.57829
1427,-1.26225,0.246769,-0.221205,0.515515
1428,-1.50752,0.2588,-0.363791,0.51711
1429,-1.30737,0.299359,-0.404223,0.508911
1430,-1.25482,0.29819,-0.282394,0.548724
1431,-1.63325,0.238375,-0.286969,0.546885
1432,-1.81423,0.255847,-0.320643,0.499258
1433,-1.43443,0.273708,-0.311609,0.566918
1434,-1.19162,0.296586,-0.378951,0.522914
1435,-1.43716,0.262177,-0.422536,0.538198
1436,-1.41804,0.281518,-0.342278,0.537072
1437,-1.35181,0.241343,-0.330281,0.547145
1438,-1.44329,0.265908,-0.436398,0.529925
1439,-1.44019,0.264964,-0.383427,0.546601
1440,-1.16591,0.245223,-0.319285,0.508754
1441,-1.50076,0.217503,-0.489047,0.522072
1442,-1.27313,0.266062,-0.265533,0.512875
1443,-1.576,0.293356,-0.366538,0.541251
1444,-1.58568,0.23999,-0.29283,0.555916
1445,-1.15428,0.271642,-0.34209,0.50589
1446,-1.33462,0.255343,-0.218843,0.506873
1447,-1.18708,0.300463,-0.270604,0.52016
1448,-1.37097,0.256144,-0.278347,0.566297
1449,-1.66003,0.291536,-0.375847,0.521584
1450,-1.93647,0.236388,-0.334693,0.505549
1451,-1.43818,0.272871,-0.31193,0.527259
1452,-1.35744,0.233818,-0.319464,0.49417
1453,-1.3434,0.279263,-0.271346,0.500147
1454,-1.165,0.305458,-0.439163,0.486444
1455,-1.08225,0.270919,-0.291863,0.492075
1456,-1.55769,0.251316,-0.276634,0.505009
1457,-1.53106,0.26179,-0.284456,0.523157
1458,-1.65818,0.238364,-0.358751,0.510844
1459,-1.65818,0.238364,-0.358751,0.510844
1460,-2.70559,0.276557,-0.264744,0.546227
1461,-1.1813,0.239084,-0.40045,0.52214
1462,-1.1813,0.239084,-0.40045,0.52214
1463,-1.7809,0.222231,-0.250025,0.549138
1464,-1.52174,0.220796,-0.344821,0.514792
1465,-1.41579,0.270497,-0.348381,0.515668
1466,-1.15736,0.238235,-0.280939,0.491481
1467,-1.53566,0.264339,-0.331115,0.525647
1468,-1.37098,0.221642,-0.297305,0.533716
1469,-1.59801,0.251703,-0.338824,0.494404
1470,-1.44832,0.266906,-0.33946,0.49855
1471,-1.51545,0.247406,-0.36275,0.537063
1472,-1.51545,0.247406,-0.36275,0.537063
1473,-1.68811,0.211926,-0.360289,0.515258
1474,-1.45937,0.221506,-0.334846,0.529036
1475,-1.3313,0.23616,-0.379813,0.566913
1476,-1.43694,0.242017,-0.347033,0.529304
1477,-1.26932,0.233691,-0.312469,0.494863
1478,-1.27711,0.279486,-0.390716,0.527568
1479,-1.27427,0.231573,-0.317373,0.549399
1480,-1.32808,0.256525,-0.330835,0.504475
1481,-1.43011,0.223793,-0.310673,0.510413
1482,-1.4055,0.236357,-0.252932,0.554171
1483,-1.65292,0.300173,-0.33747,0.539467
1484,-1.87777,0.284907,-0.298037,0.533951
1485,-1.52846,0.269481,-0.255751,0.511224
1486,-1.66754,0.250344,-0.271279,0.509529
1487,-1.35277,0.264888,-0.359117,0.538148
1488,-1.47094,0.273887,-0.285198,0.509195
1489,-1.38741,0.255382,-0.315243,0.495272
1490,-2.12383,0.233353,-0.275068,0.501935
1491,-1.19849,0.260132,-0.265909,0.503623
1492,-1.3202,0.267829,-0.313097,0.518816
1493,-1.72247,0.283107,-0.496677,0.508666
1494,-1.45322,0.286098,-0.364761,0.508127
1495,-1.62976,0.231038,-0.308809,0.520208
1496,-2.01602,0.235319,-0.296991,0.477049
1497,-1.8001,0.280221,-0.295783,0.548599
1498,-1.3284,0.275891,-0.27927,0.495563
1499,-1.20384,0.248046,-0.304435,0.500611
1500,-1.87111,0.251258,-0.302071,0.525171
1501,-1.81747,0.337093,-0.468601,0.511324
1502,-1.65965,0.25521,-0.339019,0.490885
1503,-1.48791,0.253227,-0.337812,0.518766
1504,-1.05641,0.25774,-0.305368,0.538691
1505,-1.56342,0.274018,-0.270423,0.505617
1506,-1.43116,0.266731,-0.259444,0.510497
1507,-1.15823,0.275827,-0.433157,0.493672
1508,-1.24851,0.256127,-0.247817,0.543862
1509,-1.69385,0.244742,-0.228096,0.526546
1510,-1.45094,0.242886,-0.274891,0.535458
1511,-1.42019,0.245369,-0.285893,0.568032
1512,-1.38148,0.331017,-0.317271,0.54909
1513,-1.94924,0.270284,-0.456608,0.525841
1514,-1.31828,0.262166,-0.356412,0.583605
1515,-1.3353,0.313418,-0.294762,0.541502
1516,-1.48835,0.267375,-0.333431,0.508634
1517,-1.51566,0.217633,-0.291502,0.521642
1518,-2.33069,0.255276,-0.344963,0.52919
1519,-1.30538,0.293176,-0.342802,0.51708
1520,-1.55579,0.271815,-0.394369,0.512047
1521,-1.53375,0.282377,-0.401472,0.517547
1522,-1.43208,0.278795,-0.426094,0.555592
1523,-1.19744,0.243277,-0.370056,0.52168
1524,-1.19946,0.273798,-0.28488,0.50691
1525,-1.3709,0.237547,-0.295495,0.531396
1526,-1.44054,0.219525,-0.326449,0.494193
1527,-1.51895,0.300635,-0.288301,0.504778
1528,-1.08094,0.297797,-0.267974,0.548502
1529,-1.46172,0.236765,-0.397837,0.524268
1530,-1.34102,0.237369,-0.396032,0.508975
1531,-1.24486,0.236038,-0.291282,0.497573
1532,-1.63648,0.252407,-0.305709,0.514901
1533,-1.32524,0.244751,-0.352248,0.535411
1534,-1.44072,0.248754,-0.339071,0.5506
1535,-1.47455,0.253935,-0.271467,0.526591
1536,-1.17732,0.233865,-0.326608,0.56137
1537,-1.77728,0.23587,-0.418705,0.510859
1538,-1.57723,0.232094,-0.274743,0.575326
1539,-1.12795,0.305715,-0.288945,0.519657
1540,-1.43651,0.251996,-0.360388,0.569258
1541,-1.819,0.288001,-0.416903,0.550419
1542,-1.63706,0.273139,-0.344548,0.521458
1543,-1.34641,0.311925,-0.30259,0.515188
1544,-1.1099,0.256877,-0.395922,0.504746
1545,-1.20584,0.262269,-0.358519,0.546654
1546,-1.21136,0.249138,-0.283384,0.514799
1547,-1.10267,0.22965,-0.266796,0.496963
1548,-1.5119,0.238619,-0.273983,0.495467
1549,-1.17172,0.266222,-0.271671,0.524098
1550,-1.5191,0.269135,-0.303056,0.489354
1551,-3.01549,0.259839,-0.284179,0.513703
1552,-1.37544,0.284062,-0.339086,0.499721
1553,-1.51052,0.278487,-0.316357,0.495053
1554,-1.27934,0.291683,-0.341881,0.519261
1555,-1.57349,0.297746,-0.299192,0.537697
1556,-1.33489,0.30072,-0.285101,0.541828
1557,-2.81584,0.241868,-0.27909,0.536643
1558,-1.51939,0.224212,-0.292384,0.542645
1559,-1.51939,0.224212,-0.292384,0.542645
1560,-1.25043,0.258815,-0.324242,0.531401
1561,-1.98277,0.261391,-0.32956,0.517019
1562,-1.47435,0.256918,-0.32628,0.521378
1563,-1.31791,0.288554,-0.289805,0.525429
1564,-1.42199,0.257627,-0.286001,0.521886
1565,-2.08788,0.252701,-0.352578,0.542076
1566,-1.24767,0.238333,-0.294982,0.533572
1567,-1.28387,0.219794,-0.629573,0.505283
1568,-1.3367,0.264505,-0.299955,0.535112
1569,-1.69436,0.25775,-0.411158,0.539642
1570,-1.54547,0.288731,-0.282326,0.50661
1571,-1.26196,0.217142,-0.277781,0.493859
1572,-1.35312,0.263984,-0.262133,0.518814
1573,-1.4891,0.261094,-0.288041,0.520266
1574,-1.31334,0.292992,-0.272232,0.50546
1575,-1.23532,0.247174,-0.297073,0.512205
1576,-1.2847,0.240571,-0.301826,0.542226
1577,-1.1412,0.231389,-0.33887,0.529267
1578,-1.40913,0.259179,-0.329919,0.51749
1579,-1.18522,0.247244,-0.313434,0.496772
1580,-1.52193,0.26794,-0.405676,0.513125
1581,-1.34883,0.229834,-0.243921,0.502598
1582,-1.30512,0.259317,-0.25106,0.489717
1583,-1.47334,0.25338,-0.293138,0.494354
1584,-2.099,0.27381,-0.298106,0.484653
1585,-1.33391,0.25712,-0.324965,0.506855
1586,-1.23785,0.275684,-0.326306,0.537314
1587,-1.35034,0.254136,-0.328593,0.521875
1588,-1.17923,0.279031,-0.344263,0.524193
1589,-1.67513,0.243051,-0.320899,0.526858
1590,-1.1277,0.270272,-0.346614,0.516181
1591,-1.46064,0.244935,-0.264974,0.519122
1592,-1.1954,0.282254,-0.251695,0.540223
1593,-1.38626,0.230847,-0.357953,0.530628
1594,-1.12339,0.232339,-0.304357,0.567277
1595,-1.63316,0.262028,-0.257719,0.476438
1596,-1.30252,0.262623,-0.306244,0.48945
1597,-1.1676,0.274543,-0.298114,0.534203
1598,-1.1676,0.274543,-0.298114,0.534203
1599,-1.64119,0.248053,-0.251868,0.52461
1600,-1.7682,0.25675,-0.400078,0.49182
1601,-1.07564,0.251553,-0.323785,0.501093
1602,-1.26212,0.276988,-0.340139,0.51594
1603,-1.33078,0.248455,-0.301352,0.506048
1604,-1.81308,0.277806,-0.27278,0.520571
1605,-1.24791,0.251433,-0.333683,0.527025
1606,-1.3454,0.248076,-0.362793,0.497136
1607,-1.63141,0.272355,-0.305837,0.532862
1608,-1.17132,0.249497,-0.410967,0.478497
1609,-1.37248,0.233733,-0.433177,0.503436
1610,-1.65094,0.247276,-0.269869,0.51829
1611,-1.40182,0.278665,-0.324513,0.549589
1612,-1.35827,0.229331,-0.332823,0.507363
1613,-1.27319,0.229044,-0.357197,0.49305
1614,-1.33253,0.244218,-0.272973,0.476036
1615,-1.42047,0.260973,-0.279629,0.497751
1616,-1.2032,0.241106,-0.31742,0.515508
1617,-1.24358,0.23086,-0.298278,0.485743
1618,-1.09234,0.245712,-0.278286,0.475751
1619,-1.75678,0.227001,-0.36056,0.472554
1620,-1.84041,0.246955,-0.239088,0.515246
1621,-1.24888,0.258234,-0.287171,0.505941
1622,-1.46047,0.265683,-0.265619,0.512164
1623,-1.64579,0.257569,-0.280993,0.496108
1624,-1.25991,0.235328,-0.389371,0.517571
1625,-1.44798,0.230489,-0.297914,0.4892
1626,-1.16508,0.210148,-0.246168,0.497936
1627,-1.09745,0.219388,-0.333087,0.48819
1628,-1.41391,0.263535,-0.345108,0.512097
1629,-1.43015,0.259803,-0.33552,0.527778
1630,-1.20073,0.262367,-0.289134,0.506452
1631,-1.46463,0.310516,-0.407721,0.524829
1632,-1.16549,0.298174,-0.266735,0.494983
1633,-1.19383,0.311389,-0.302191,0.520968
1634,-2.25137,0.26193,-0.377027,0.502941
1635,-1.85286,0.248963,-0.339312,0.513328
1636,-1.18222,0.237587,-0.258903,0.486215
1637,-1.53473,0.249936,-0.286361,0.529613
1638,-1.20737,0.263665,-0.295188,0.488513
1639,-1.30581,0.258579,-0.307605,0.539011
1640,-1.343,0.24281,-0.434528,0.541637
1641,-1.33234,0.271677,-0.29764,0.529286
1642,-1.46687,0.231781,-0.31631,0.521805
1643,-1.42878,0.259607,-0.284944,0.487594
1644,-1.25286,0.26746,-0.270106,0.497104
1645,-1.36973,0.249632,-0.328839,0.510318
1646,-1.35002,0.246467,-0.348702,0.502869
1647,-1.39389,0.305768,-0.328088,0.533554
1648,-1.30029,0.242087,-0.307744,0.510561
1649,-1.21729,0.267036,-0.366834,0.506887
1650,-1.23025,0.232245,-0.288764,0.52471
1651,-1.2338,0.263098,-0.345514,0.553396
1652,-1.59723,0.268552,-0.307146,0.504811
1653,-1.22184,0.241197,-0.271295,0.512077
1654,-1.3765,0.267212,-0.277411,0.514952
1655,-1.34629,0.257818,-0.27744,0.53394
1656,-1.53277,0.283797,-0.396755,0.496094
1657,-1.21297,0.258328,-0.312676,0.507038
1658,-1.01131,0.256056,-0.337683,0.533062
1659,-2.50531,0.267091,-0.29996,0.509863
1660,-1.47056,0.274702,-0.320434,0.512447
1661,-1.21177,0.260722,-0.32117,0.485116
1662,-1.21177,0.260722,-0.32117,0.485116
1663,-1.53851,0.262049,-0.301747,0.545814
1664,-1.51356,0.23031,-0.303622,0.491514
1665,-1.48015,0.250698,-0.31637,0.549251
1666,-1.56269,0.288509,-0.33349,0.502767
1667,-1.31896,0.253962,-0.287249,0.512506
1668,-1.56281,0.261722,-0.372354,0.503624
1669,-1.40601,0.256643,-0.311463,0.510937
1670,-1.38481,0.288229,-0.332316,0.486488
1671,-1.76281,0.252082,-0.337718,0.528212
1672,-1.22881,0.333223,-0.334751,0.501903
1673,-1.33176,0.315153,-0.317867,0.567755
1674,-1.48315,0.249743,-0.283804,0.528245
1675,-1.59696,0.28372,-0.344624,0.485925
1676,-1.31048,0.254256,-0.32264,0.505734
1677,-1.26509,0.255501,-0.346023,0.481747
1678,-1.44113,0.281004,-0.347563,0.546518
1679,-1.49894,0.251963,-0.29296,0.503796
1680,-1.77537,0.24276,-0.356323,0.520788
1681,-1.49983,0.256597,-0.307738,0.546263
1682,-1.49983,0.256597,-0.307738,0.546263
1683,-1.25433,0.22749,-0.285039,0.506082
1684,-1.46737,0.251296,-0.258216,0.481478
1685,-1.31731,0.265646,-0.331409,0.530564
1686,-1.24282,0.268157,-0.341915,0.5012
1687,-1.1272,0.21675,-0.282514,0.503685
1688,-1.28229,0.260205,-0.443428,0.502868
1689,-1.14822,0.237486,-0.357043,0.53346
1690,-1.14822,0.237486,-0.357043,0.53346
1691,-1.2465,0.291249,-0.352993,0.520672
1692,-1.34628,0.274061,-0.338262,0.53734
1693,-1.89032,0.265538,-0.286726,0.521188
1694,-1.53898,0.257426,-0.264104,0.493303
1695,-1.38028,0.267405,-0.388279,0.526913
1696,-1.11496,0.260723,-0.324931,0.513127
1697,-1.45664,0.210234,-0.31118,0.509265
1698,-1.26548,0.244216,-0.306182,0.53984
1699,-1.31813,0.269917,-0.37091,0.508821
1700,-1.30618,0.264097,-0.291365,0.508938
1701,-1.43576,0.283398,-0.284366,0.528804
1702,-1.57947,0.261717,-0.290519,0.519926
1703,-1.10643,0.30471,-0.239955,0.514137
1704,-1.3241,0.271127,-0.295165,0.496893
1705,-1.39418,0.231235,-0.278036,0.542853
1706,-1.22751,0.245057,-0.346053,0.500148
1707,-1.39909,0.270501,-0.307002,0.525264
1708,-1.41374,0.299361,-0.332013,0.492064
1709,-1.42147,0.217623,-0.368573,0.530546
1710,-2.12077,0.247749,-0.24979,0.48939
1711,-1.32927,0.234688,-0.29605,0.5304
1712,-1.29985,0.317099,-0.282789,0.548209
1713,-1.31274,0.23658,-0.369695,0.530951
1714,-1.3091,0.224893,-0.372783,0.500656
1715,-1.20296,0.233697,-0.292646,0.517335
1716,-1.28204,0.278961,-0.260504,0.528356
1717,-1.52333,0.228659,-0.298897,0.484264
1718,-1.19458,0.236169,-0.293353,0.502402
1719,-1.16452,0.240499,-0.313248,0.493121
1720,-1.59851,0.250299,-0.389792,0.510886
1721,-1.18093,0.279303,-0.373372,0.502174
1722,-1.58699,0.300183,-0.289981,0.534839
1723,-1.52876,0.239825,-0.332488,0.531906
1724,-1.52876,0.239825,-0.332488,0.531906
1725,-1.10964,0.2369,-0.353305,0.47544
1726,-2.08546,0.222631,-0.358877,0.498776
1727,-1.13464,0.257344,-0.2793,0.493205
1728,-1.26903,0.235481,-0.334546,0.499581
1729,-1.38239,0.249844,-0.3056,0.487662
1730,-1.24502,0.255859,-0.230032,0.514689
1731,-1.61308,0.234933,-0.308596,0.496838
1732,-1.14338,0.245304,-0.284069,0.499201
1733,-1.30352,0.264318,-0.305505,0.500748
1734,-1.34158,0.252909,-0.354469,0.517254
1735,-1.195,0.300257,-0.373845,0.487902
1736,-1.37763,0.263793,-0.249038,0.480467
1737,-1.50357,0.274258,-0.263309,0.471453
1738,-1.19016,0.240942,-0.429505,0.502829
1739,-1.78887,0.346794,-0.266991,0.48068
1740,-1.3419,0.234745,-0.268549,0.540872
1741,-1.27392,0.229807,-0.345031,0.527531
1742,-1.15174,0.247588,-0.255567,0.532738
1743,-1.27369,0.250074,-0.370477,0.489358
1744,-1.5781,0.250197,-0.357955,0.490162
1745,-1.33395,0.23185,-0.300023,0.520743
1746,-1.34074,0.250236,-0.291796,0.48953
1747,-1.1907,0.204834,-0.329317,0.541201
1748,-1.34572,0.293662,-0.294042,0.540496
1749,-1.63577,0.262749,-0.274832,0.547239
1750,-1.41877,0.255513,-0.325778,0.490739
1751,-1.37638,0.293717,-0.301825,0.521156
1752,-1.28945,0.249759,-0.278992,0.543709
1753,-1.39255,0.243291,-0.309609,0.507311
1754,-1.09922,0.263121,-0.393542,0.483868
1755,-1.32588,0.247758,-0.304585,0.529531
1756,-1.65138,0.306945,-0.379617,0.521188
1757,-1.37631,0.249001,-0.327498,0.510293
1758,-1.75177,0.249713,-0.290188,0.517928
1759,-1.17074,0.228353,-0.391105,0.495313
1760,-1.72863,0.298548,-0.320404,0.485542
1761,-1.25593,0.253331,-0.30667,0.527632
1762,-1.48669,0.239601,-0.324406,0.546281
1763,-1.7171,0.241496,-0.300835,0.524356
1764,-1.20638,0.273496,-0.387117,0.490169
1765,-1.44207,0.280698,-0.273798,0.535983
1766,-1.44689,0.291145,-0.280763,0.493133
1767,-1.28497,0.313658,-0.299295,0.508207
1768,-1.40014,0.254097,-0.416812,0.539489
1769,-1.55421,0.26277,-0.286581,0.486065
1770,-1.14402,0.248453,-0.36074,0.503659
1771,-1.29633,0.264221,-0.277782,0.508755
1772,-1.51798,0.228347,-0.270294,0.52495
1773,-1.81579,0.26616,-0.352947,0.49828
1774,-1.81579,0.26616,-0.352947,0.49828
1775,-1.31474,0.245606,-0.251057,0.512862
1776,-1.70336,0.275841,-0.262983,0.504091
1777,-1.18532,0.279718,-0.428939,0.499881
1778,-1.28279,0.241321,-0.306102,0.513139
1779,-1.44589,0.271533,-0.390547,0.481434
1780,-3.28183,0.236084,-0.408662,0.480892
1781,-1.44225,0.247697,-0.276296,0.528838
1782,-1.67436,0.245397,-0.323724,0.503478
1783,-1.25204,0.239312,-0.423644,0.507156
1784,-1.25204,0.239312,-0.423644,0.507156
1785,-1.31848,0.220369,-0.291157,0.538602
1786,-1.19329,0.249659,-0.372174,0.485859
1787,-1.82892,0.30579,-0.380822,0.499681
1788,-1.13568,0.249326,-0.258458,0.516742
1789,-1.60033,0.27647,-0.298223,0.575626
1790,-1.32912,0.251723,-0.417196,0.506167
1791,-1.64409,0.26687,-0.264079,0.585219
1792,-1.27882,0.248074,-0.341521,0.48394
1793,-1.60694,0.302682,-0.279004,0.506704
1794,-1.80059,0.261773,-0.269452,0.509302
1795,-1.52498,0.22081,-0.224157,0.483358
1796,-1.34534,0.266659,-0.364808,0.526434
1797,-1.47434,0.253977,-0.28883,0.538837
1798,-1.4703,0.246766,-0.259522,0.50599
1799,-1.34566,0.270219,-0.313151,0.51331
1800,-1.28758,0.244541,-0.313754,0.518238
1801,-1.28758,0.244541,-0.313754,0.518238
1802,-1.63999,0.249973,-0.329095,0.579794
1803,-1.5548,0.253886,-0.374515,0.559701
1804,-1.31718,0.262929,-0.341266,0.503657
1805,-1.40763,0.267979,-0.320181,0.513194
1806,-1.17709,0.281559,-0.318136,0.518008
1807,-1.46668,0.296003,-0.246221,0.514407
1808,-2.05644,0.231223,-0.265708,0.53484
1809,-1.60365,0.310222,-0.377607,0.49542
1810,-1.52529,0.237862,-0.331826,0.530012
1811,-1.46981,0.244986,-0.284169,0.501717
1812,-1.30413,0.247799,-0.312141,0.538195
1813,-1.63303,0.264807,-0.33803,0.487532
1814,-1.34742,0.256409,-0.334468,0.50866
1815,-1.32001,0.273237,-0.322567,0.516255
1816,-1.24698,0.253645,-0.243033,0.526155
1817,-1.56944,0.26201,-0.34169,0.511328
1818,-1.37096,0.23455,-0.311514,0.53926
1819,-1.12044,0.273287,-0.270264,0.514698
1820,-1.27149,0.252153,-0.2743,0.519357
1821,-1.04101,0.27902,-0.343565,0.493371
1822,-1.92793,0.282918,-0.305329,0.534762
1823,-1.92793,0.282918,-0.305329,0.534762
1824,-1.19346,0.259125,-0.304742,0.557927
1825,-1.34983,0.267443,-0.321744,0.519949
1826,-1.57682,0.255261,-0.29845,0.519395
1827,-3.29399,0.284643,-0.348485,0.510487
1828,-1.32214,0.230365,-0.366315,0.529123
1829,-2.38726,0.261298,-0.289026,0.515552
1830,-2.38726,0.261298,-0.289026,0.515552
1831,-1.16833,0.250988,-0.419051,0.535883
1832,-1.0962,0.241996,-0.452665,0.526707
1833,-2.35997,0.2508,-0.356606,0.536844
1834,-1.18943,0.29751,-0.336188,0.514689
1835,-1.07964,0.248189,-0.285629,0.558871
1836,-1.09616,0.273796,-0.430991,0.508128
1837,-1.30526,0.236019,-0.358684,0.489156
1838,-1.35962,0.241435,-0.299985,0.541738
1839,-1.39298,0.266621,-0.334553,0.518855
1840,-1.45874,0.246695,-0.28455,0.511702
1841,-1.22516,0.248116,-0.323857,0.499761
1842,-1.44968,0.282347,-0.422699,0.520143
1843,-1.40312,0.266061,-0.377502,0.482878
1844,-1.15292,0.257469,-0.255683,0.470306
1845,-1.23081,0.282565,-0.312776,0.506321
1846,-1.59788,0.236638,-0.269668,0.571862
1847,-1.22973,0.250585,-0.322177,0.509252
1848,-1.54095,0.272008,-0.363958,0.53567
1849,-1.14866,0.243017,-0.455977,0.498178
1850,-1.54459,0.253336,-0.318955,0.562628
1851,-1.5837,0.248319,-0.245386,0.504896
1852,-1.47722,0.246782,-0.302711,0.504773
1853,-1.31345,0.229471,-0.290373,0.561758
1854,-1.7668,0.219646,-0.413601,0.526084
1855,-1.40072,0.289005,-0.299824,0.523657
1856,-1.19315,0.303553,-0.302109,0.492182
1857,-1.9982,0.278098,-0.473776,0.475625
1858,-1.18894,0.287528,-0.268548,0.528056
1859,-1.21298,0.256237,-0.317797,0.539195
1860,-1.76879,0.2498,-0.29274,0.509824
1861,-1.18387,0.268807,-0.325429,0.504153
1862,-1.18971,0.295302,-0.393843,0.511163
1863,-1.53044,0.270007,-0.313441,0.50611
1864,-1.19202,0.231901,-0.386211,0.534389
1865,-1.61815,0.262367,-0.252165,0.498048
1866,-1.52889,0.270357,-0.306783,0.480474
1867,-1.90815,0.263517,-0.266461,0.525835
1868,-1.54438,0.246973,-0.303901,0.54492
1869,-1.13584,0.227425,-0.421461,0.492119
1870,-1.31417,0.235143,-0.296521,0.50842
1871,-2.02013,0.265568,-0.318216,0.497035
1872,-1.55079,0.239709,-0.376867,0.505254
1873,-1.32105,0.269657,-0.355184,0.491158
1874,-1.77981,0.26069,-0.275353,0.552157
1875,-1.53789,0.265148,-0.288183,0.513698
1876,-1.39694,0.242459,-0.308769,0.535994
1877,-1.44774,0.292882,-0.376112,0.494167
1878,-1.5704,0.225899,-0.244444,0.480815
1879,-1.14749,0.26655,-0.381613,0.496279
1880,-1.2633,0.221994,-0.329587,0.491904
1881,-1.40276,0.228206,-0.269853,0.516357
1882,-1.2476,0.265576,-0.340498,0.500684
1883,-1.66713,0.254753,-0.353109,0.567604
1884,-1.23372,0.24194,-0.382844,0.48232
1885,-1.37296,0.275692,-0.224718,0.495507
1886,-1.47675,0.263336,-0.314856,0.573039
1887,-1.36683,0.247539,-0.343435,0.525764
1888,-1.23858,0.28878,-0.27719,0.512279
1889,-1.18842,0.240625,-0.366356,0.518468
1890,-1.39725,0.265006,-0.246298,0.495366
1891,-1.66215,0.254791,-0.288594,0.516939
1892,-1.30384,0.285651,-0.366248,0.501983
1893,-1.1363,0.237127,-0.268776,0.498114
1894,-1.33649,0.280501,-0.300377,0.50377
1895,-1.4294,0.289019,-0.3563,0.507641
1896,-1.12737,0.234983,-0.270279,0.529799
1897,-1.39688,0.253668,-0.278113,0.517953
1898,-1.79133,0.231376,-0.344024,0.511611
1899,-1.348,0.274066,-0.262658,0.491982
1900,-1.41323,0.277304,-0.312657,0.487736
1901,-1.20087,0.27146,-0.305654,0.531248
1902,-1.18669,0.277131,-0.31659,0.516497
1903,-1.26943,0.287129,-0.498148,0.548404
1904,-1.24118,0.227132,-0.305778,0.514908
1905,-1.51061,0.239992,-0.394624,0.526761
1906,-1.22318,0.240112,-0.280501,0.528839
1907,-1.45009,0.225292,-0.320571,0.505306
1908,-1.59389,0.276079,-0.38328,0.514951
1909,-1.48493,0.247401,-0.291057,0.551683
1910,-1.301,0.224293,-0.242735,0.484434
1911,-1.301,0.224293,-0.242735,0.484434
1912,-1.70873,0.231191,-0.360097,0.490813
1913,-1.36905,0.27693,-0.526914,0.505721
1914,-1.32488,0.273254,-0.313646,0.52063
1915,-1.10967,0.274241,-0.264413,0.514958
1916,-1.51966,0.276076,-0.367819,0.51058
1917,-1.27301,0.262299,-0.30777,0.501686
1918,-1.19792,0.284281,-0.393562,0.547627
1919,-1.22466,0.273287,-0.296811,0.508442
1920,-1.23963,0.282018,-0.308314,0.504301
1921,-1.37825,0.243862,-0.281291,0.487768
1922,-1.33753,0.270909,-0.326406,0.477139
1923,-1.44587,0.276371,-0.358176,0.511064
1924,-1.34705,0.248823,-0.342299,0.492543
1925,-1.56,0.262194,-0.296,0.515556
1926,-1.14145,0.221367,-0.280941,0.539723
1927,-1.45688,0.304006,-0.328768,0.531382
1928,-1.41293,0.257581,-0.443808,0.514292
1929,-1.48014,0.25769,-0.367833,0.505437
1930,-1.26022,0.22393,-0.292807,0.49784
1931,-1.4257,0.268371,-0.296082,0.504487
1932,-1.44831,0.259326,-0.294516,0.509574
1933,-1.56161,0.254954,-0.357686,0.506033
1934,-1.38008,0.223665,-0.360931,0.515431
1935,-1.50005,0.229666,-0.263347,0.486502
1936,-1.51419,0.245324,-0.254188,0.478389
1937,-1.42215,0.27732,-0.407753,0.514842
1938,-1.16594,0.220688,-0.251232,0.485105
1939,-1.15232,0.262464,-0.293012,0.471287
1940,-1.51792,0.246542,-0.294399,0.496126
1941,-1.2072,0.267751,-0.287718,0.513115
1942,-1.25485,0.235542,-0.296133,0.494613
1943,-1.20214,0.259189,-0.354127,0.552085
1944,-1.50185,0.282372,-0.264083,0.510658
1945,-1.38197,0.248437,-0.269396,0.522379
1946,-1.21915,0.236436,-0.325277,0.523096
1947,-1.22762,0.230709,-0.444204,0.510595
1948,-1.29264,0.269964,-0.292868,0.525718
1949,-1.23197,0.242108,-0.30462,0.496391
1950,-1.30529,0.305051,-0.330012,0.520811
1951,-1.36717,0.253914,-0.33707,0.515627
1952,-1.66264,0.243646,-0.319309,0.485523
1953,-1.12529,0.299599,-0.328069,0.49052
1954,-1.37604,0.261868,-0.341863,0.49881
1955,-1.44171,0.275865,-0.292321,0.496598
1956,-1.50949,0.289893,-0.353209,0.542594
1957,-1.50949,0.289893,-0.353209,0.542594
1958,-1.21112,0.269117,-0.368826,0.529986
1959,-1.08693,0.245233,-0.324222,0.496556
1960,-1.25169,0.239535,-0.26192,0.510572
1961,-1.31458,0.243765,-0.317908,0.517814
1962,-1.26815,0.266045,-0.303815,0.491766
1963,-1.42734,0.310138,-0.328287,0.515229
1964,-1.30222,0.251342,-0.286532,0.496711
1965,-1.32543,0.25041,-0.231568,0.509297
1966,-1.32543,0.25041,-0.231568,0.509297
1967,-1.18367,0.239117,-0.312156,0.508516
1968,-1.47975,0.308834,-0.550558,0.508517
1969,-1.30519,0.277107,-0.300185,0.48088
1970,-1.4747,0.261802,-0.319937,0.493418
1971,-1.4747,0.261802,-0.319937,0.493418
1972,-1.85829,0.253801,-0.326472,0.531427
1973,-2.02495,0.285538,-0.229751,0.523271
1974,-1.28994,0.271295,-0.307087,0.538704
1975,-1.26774,0.272864,-0.34788,0.50003
1976,-1.19081,0.304869,-0.331583,0.506481
1977,-1.19081,0.304869,-0.331583,0.506481
1978,-1.4428,0.233669,-0.237768,0.497386
1979,-1.31429,0.229536,-0.321123,0.505648
1980,-1.62772,0.248273,-0.314167,0.507838
1981,-1.28754,0.268332,-0.279845,0.498281
1982,-1.519,0.27391,-0.291979,0.502203
1983,-1.24277,0.2682,-0.327343,0.507233
1984,-1.24277,0.2682,-0.327343,0.507233
1985,-1.51264,0.244375,-0.27224,0.505309
1986,-1.28353,0.251539,-0.299172,0.473424
1987,-1.29992,0.237471,-0.304857,0.517998
1988,-1.30347,0.268214,-0.35056,0.508435
1989,-1.3621,0.265086,-0.306867,0.535449
1990,-1.88972,0.257215,-0.267014,0.504187
1991,-1.11027,0.244626,-0.299403,0.519632
1992,-1.47817,0.321404,-0.33787,0.523551
1993,-1.64094,0.272568,-0.301771,0.485311
1994,-1.20577,0.240034,-0.354136,0.493037
1995,-1.26928,0.276647,-0.361792,0.488263
1996,-1.52537,0.27025,-0.335285,0.48439
1997,-1.20006,0.254848,-0.286535,0.521857
1998,-1.45756,0.250611,-0.326718,0.563602
1999,-1.6071,0.277603,-0.261905,0.475894
2000,-1.41154,0.26652,-0.290242,0.522096
2001,-1.47029,0.227587,-0.411395,0.546193
2002,-1.51836,0.240874,-0.31232,0.484802
2003,-1.51836,0.240874,-0.31232,0.484802
2004,-1.26496,0.236462,-0.258583,0.553996
2005,-1.37365,0.299616,-0.266377,0.537779
2006,-1.17545,0.265609,-0.360762,0.498163
2007,-1.2744,0.240707,-0.306035,0.494959
2008,-1.16576,0.274796,-0.302297,0.497227
2009,-1.49273,0.297098,-0.274566,0.517615
2010,-1.25796,0.257108,-0.301035,0.495582
2011,-1.08644,0.264636,-0.255308,0.477765
2012,-1.78999,0.236276,-0.310372,0.508496
2013,-1.83299,0.265573,-0.336761,0.518097
2014,-1.31728,0.217801,-0.305348,0.523053
2015,-1.29779,0.258844,-0.303458,0.484494
2016,-1.12529,0.246694,-0.27631,0.528354
2017,-1.3831,0.288636,-0.420013,0.514354
2018,-1.16064,0.261749,-0.308082,0.518045
2019,-1.26369,0.249295,-0.299292,0.529374
2020,-1.38324,0.24993,-0.303047,0.509923
2021,-1.4859,0.233274,-0.293162,0.480346
2022,-1.47916,0.244005,-0.384211,0.533635
2023,-1.77325,0.260827,-0.38083,0.518486
2024,-1.60824,0.291407,-0.352635,0.504875
2025,-1.74673,0.26396,-0.284299,0.492012
2026,-1.44783,0.26006,-0.341961,0.515353
2027,-1.36996,0.296549,-0.464974,0.486294
2028,-1.29042,0.292606,-0.390891,0.485869
2029,-1.48994,0.234769,-0.377002,0.512587
2030,-1.27866,0.257927,-0.267474,0.524346
2031,-1.23722,0.240728,-0.28402,0.544275
2032,-2.06474,0.265127,-0.274381,0.490626
2033,-1.47519,0.251988,-0.302162,0.531201
2034,-1.41644,0.275445,-0.398073,0.487462
2035,-1.18808,0.317382,-0.272268,0.515693
2036,-1.90976,0.248197,-0.322348,0.553354
2037,-1.51402,0.264764,-0.346287,0.501895
2038,-1.4351,0.268677,-0.358647,0.531599
2039,-1.30664,0.244123,-0.255803,0.5139
2040,-1.13048,0.296477,-0.306021,0.496128
2041,-1.27541,0.313586,-0.248376,0.577046
2042,-1.21002,0.248602,-0.281558,0.527284
2043,-1.19985,0.25052,-0.268925,0.543999
2044,-1.37295,0.258351,-0.330396,0.476618
2045,-2.0276,0.290425,-0.248558,0.49593
2046,-1.56411,0.2193,-0.278804,0.493209
2047,-1.58843,0.254303,-0.316906,0.507426
2048,-1.58843,0.254303,-0.316906,0.507426
2049,-1.52007,0.290989,-0.289772,0.495289
2050,-1.27379,0.26519,-0.341382,0.508014
2051,-1.7197,0.268281,-0.268694,0.49733
2052,-1.58097,0.240052,-0.32255,0.510772
2053,-1.58097,0.240052,-0.32255,0.510772
2054,-1.27799,0.290657,-0.286717,0.548907
2055,-2.21042,0.256779,-0.305981,0.490282
2056,-2.45447,0.225514,-0.291648,0.512749
2057,-1.22182,0.268516,-0.280674,0.493651
2058,-1.17668,0.275661,-0.214506,0.494879
2059,-1.27559,0.23937,-0.348085,0.49511
2060,-1.32318,0.221443,-0.23234,0.536053
2061,-1.33164,0.275353,-0.331352,0.463323
2062,-1.1805,0.235174,-0.327723,0.47856
2063,-1.23925,0.329931,-0.307843,0.510728
2064,-1.91845,0.298755,-0.379864,0.490473
2065,-1.67553,0.233205,-0.281386,0.492058
2066,-1.72489,0.260961,-0.342652,0.518807
2067,-1.28035,0.261433,-0.312437,0.52345
2068,-1.22208,0.283004,-0.267077,0.533832
2069,-1.67029,0.297511,-0.280964,0.493062
2070,-1.42214,0.253081,-0.225571,0.503158
2071,-1.31176,0.285536,-0.335945,0.526131
2072,-1.44258,0.270083,-0.393163,0.485759
2073,-1.36537,0.267911,-0.27566,0.493618
2074,-1.22946,0.269467,-0.271301,0.523292
2075,-1.35187,0.236266,-0.291787,0.536085
2076,-1.38307,0.258713,-0.272156,0.487157
2077,-1.32378,0.235095,-0.249433,0.534904
2078,-1.24144,0.284953,-0.403704,0.496667
2079,-1.34895,0.283816,-0.309472,0.545057
2080,-1.60459,0.321688,-0.261253,0.48842
2081,-1.28466,0.255582,-0.354397,0.494448
2082,-1.1809,0.286705,-0.274348,0.518958
2083,-1.3754,0.272443,-0.259305,0.565381
2084,-1.27954,0.248686,-0.438026,0.526194
2085,-1.31926,0.244679,-0.267131,0.502078
2086,-1.19304,0.22394,-0.370729,0.53222
2087,-1.22253,0.256117,-0.314155,0.520619
2088,-1.37157,0.255798,-0.257299,0.488314
2089,-1.25356,0.246755,-0.281945,0.50753
2090,-1.55188,0.227684,-0.338557,0.483719
2091,-1.46804,0.250037,-0.270761,0.544738
2092,-1.35122,0.343009,-0.445608,0.535461
2093,-1.51111,0.237182,-0.236977,0.531366
2094,-1.56004,0.235656,-0.334871,0.484414
2095,-1.21824,0.236248,-0.31854,0.498732
2096,-1.32508,0.267853,-0.341957,0.471596
2097,-1.53619,0.289758,-0.48753,0.552813
2098,-1.12368,0.24192,-0.292524,0.496774
2099,-1.24072,0.264601,-0.3866,0.494617
2100,-1.38844,0.264802,-0.307174,0.506551
2101,-1.62563,0.23984,-0.281426,0.513564
2102,-1.48648,0.299972,-0.262049,0.489832
2103,-1.34144,0.261787,-0.30226,0.562126
2104,-1.62128,0.234863,-0.300758,0.496051
2105,-1.4595,0.238047,-0.32053,0.498977
2106,-1.50235,0.308574,-0.236546,0.523367
2107,-1.45458,0.226824,-0.287048,0.506666
2108,-1.66882,0.241857,-0.335114,0.512859
2109,-1.28304,0.235316,-0.31924,0.499247
2110,-1.55985,0.241547,-0.242659,0.503877
2111,-1.48192,0.261262,-0.43633,0.513885
2112,-1.36123,0.24263,-0.300971,0.500101
2113,-1.40453,0.259456,-0.260532,0.48977
2114,-1.64592,0.250208,-0.310328,0.554675
2115,-1.40517,0.257078,-0.389032,0.478814
2116,-1.88453,0.323371,-0.251296,0.539675
2117,-1.88453,0.323371,-0.251296,0.539675
2118,-1.40019,0.282483,-0.257671,0.524507
2119,-1.45444,0.243365,-0.309435,0.525982
2120,-3.07861,0.26694,-0.31767,0.489519
2121,-1.3702,0.235697,-0.303498,0.501592
2122,-1.48118,0.250655,-0.317949,0.525437
2123,-1.40412,0.226664,-0.253116,0.505268
2124,-1.5555,0.26581,-0.290202,0.535759
2125,-1.38911,0.258716,-0.435278,0.503184
2126,-1.95111,0.230795,-0.28911,0.561703
2127,-1.37616,0.262297,-0.327982,0.529685
2128,-1.35954,0.255441,-0.323413,0.517099
2129,-1.32279,0.250591,-0.293304,0.503411
2130,-1.70592,0.246125,-0.34944,0.465287
2131,-1.50193,0.268713,-0.38705,0.481385
2132,-2.56687,0.239045,-0.27611,0.553903
2133,-1.34049,0.24059,-0.346405,0.527108
2134,-1.71795,0.250036,-0.299145,0.536456
2135,-1.58461,0.305948,-0.413532,0.470048
2136,-1.43056,0.255936,-0.318536,0.542128
2137,-1.69298,0.235711,-0.340026,0.541031
2138,-1.27382,0.256006,-0.278352,0.491165
2139,-1.88851,0.246133,-0.347703,0.516126
2140,-1.46008,0.236522,-0.324657,0.527398
2141,-1.2272,0.291363,-0.352508,0.517092
2142,-1.91724,0.251391,-0.292657,0.543138
2143,-1.31716,0.290897,-0.331975,0.552366
2144,-1.29004,0.259357,-0.298452,0.557678
2145,-1.53001,0.258675,-0.339708,0.559191
2146,-1.55202,0.231637,-0.293605,0.506717
2147,-1.2832,0.260705,-0.320586,0.522474
2148,-1.60537,0.275843,-0.307218,0.501224
2149,-1.36332,0.255903,-0.286164,0.51588
2150,-1.36332,0.255903,-0.286164,0.51588
2151,-1.20365,0.24658,-0.289905,0.510047
2152,-1.41308,0.291362,-0.344014,0.500365
2153,-1.32009,0.269193,-0.266255,0.506018
2154,-2.49705,0.264684,-0.374219,0.511839
2155,-1.29447,0.260528,-0.262691,0.518649
2156,-1.56214,0.251626,-0.271893,0.528878
2157,-1.56214,0.251626,-0.271893,0.528878
2158,-1.38684,0.257053,-0.329774,0.525293
2159,-1.23803,0.244616,-0.30138,0.560462
2160,-1.22048,0.248381,-0.321143,0.525359
2161,-1.24173,0.245562,-0.266791,0.529314
2162,-1.28918,0.247317,-0.378405,0.509671
2163,-1.78985,0.276566,-0.388,0.571831
2164,-1.85172,0.246542,-0.370936,0.598735
2165,-1.60015,0.244847,-0.304977,0.508062
2166,-1.55857,0.260807,-0.31051,0.486623
2167,-1.38113,0.242649,-0.264133,0.499696
2168,-1.60783,0.264305,-0.317867,0.497009
2169,-1.51654,0.233949,-0.320017,0.477755
2170,-1.72843,0.262029,-0.295021,0.508609
2171,-1.54465,0.251103,-0.308141,0.522227
2172,-1.40132,0.212368,-0.348585,0.525084
2173,-1.62264,0.260488,-0.253343,0.51735
2174,-1.47872,0.28982,-0.341581,0.510004
2175,-1.27144,0.235307,-0.323108,0.559622
2176,-1.12593,0.225503,-0.380773,0.541754
2177,-1.66214,0.248782,-0.250418,0.485958
2178,-3.57232,0.314504,-0.286971,0.51417
2179,-1.42449,0.253585,-0.285267,0.509707
2180,-1.71483,0.280694,-0.357988,0.5023
2181,-1.97804,0.2384,-0.386778,0.50878
2182,-1.62492,0.332016,-0.241574,0.504853
2183,-1.74695,0.284203,-0.275731,0.532225
2184,-1.6159,0.267297,-0.31335,0.498197
2185,-1.36468,0.288925,-0.295992,0.51392
2186,-1.99744,0.219411,-0.322549,0.508008
2187,-1.54217,0.265301,-0.256402,0.497323
2188,-1.72488,0.281532,-0.346471,0.523593
2189,-1.47871,0.264254,-0.333217,0.532265
2190,-1.34446,0.275877,-0.361454,0.519529
2191,-1.50038,0.248559,-0.320071,0.50455
2192,-1.4656,0.267192,-0.294141,0.485412
2193,-1.27667,0.299776,-0.308438,0.486604
2194,-1.40934,0.264017,-0.249565,0.52021
2195,-1.9311,0.2417,-0.259132,0.500537
2196,-1.26816,0.255719,-0.375435,0.555009
2197,-1.54256,0.25673,-0.271459,0.518773
2198,-1.26968,0.345392,-0.326151,0.528972
2199,-1.66133,0.224811,-0.357287,0.491977
2200,-1.3633,0.232906,-0.358177,0.51589
2201,-1.22718,0.260507,-0.319573,0.493369
2202,-1.42133,0.252706,-0.281264,0.540311
2203,-1.31779,0.282317,-0.407596,0.47351
2204,-1.36434,0.267045,-0.299357,0.492712
2205,-1.36434,0.267045,-0.299357,0.492712
2206,-1.91622,0.245147,-0.385892,0.486173
2207,-1.29886,0.247989,-0.336374,0.487157
2208,-1.19836,0.230159,-0.259696,0.497988
2209,-1.30646,0.274973,-0.282016,0.503345
2210,-1.16957,0.28202,-0.274986,0.520918
2211,-1.3233,0.274123,-0.428203,0.50744
2212,-1.31243,0.239071,-0.346561,0.504844
2213,-1.30683,0.267332,-0.34777,0.511148
2214,-1.51122,0.248266,-0.290212,0.487921
2215,-1.5852,0.242321,-0.348313,0.51225
2216,-1.26729,0.272352,-0.322738,0.500266
2217,-1.35752,0.240551,-0.313129,0.490668
2218,-1.21442,0.265368,-0.32973,0.518608
2219,-1.14906,0.273219,-0.307139,0.479981
2220,-1.38929,0.258255,-0.310611,0.539548
2221,-1.2869,0.235264,-0.319677,0.520104
2222,-1.36974,0.258001,-0.365622,0.497002
2223,-1.29094,0.25741,-0.3023,0.535278
2224,-1.22108,0.27371,-0.347538,0.522341
2225,-1.27639,0.313967,-0.329028,0.478979
2226,-1.38616,0.242753,-0.366466,0.504978
2227,-1.57369,0.321139,-0.337683,0.497931
2228,-1.1087,0.240968,-0.426593,0.490034
2229,-1.1087,0.240968,-0.426593,0.490034
2230,-1.2269,0.268823,-0.39619,0.515872
2231,-1.07618,0.267209,-0.296799,0.501737
2232,-1.3339,0.274603,-0.359098,0.509154
2233,-1.16,0.267548,-0.311505,0.507871
2234,-1.41557,0.2689,-0.313159,0.517541
2235,-1.51015,0.27304,-0.424312,0.511849
2236,-1.32501,0.234857,-0.310097,0.513229
2237,-1.3622,0.244435,-0.34865,0.50236
2238,-1.2781,0.297486,-0.368975,0.508568
2239,-1.32517,0.249082,-0.359223,0.500083
2240,-1.82109,0.230558,-0.274733,0.51245
2241,-1.20202,0.248488,-0.27844,0.497734
2242,-1.26817,0.233769,-0.290848,0.546154
2243,-1.54538,0.277867,-0.316481,0.484088
2244,-1.61913,0.262387,-0.277821,0.491337
2245,-1.44888,0.226461,-0.289186,0.477352
2246,-1.16,0.230163,-0.299864,0.473613
2247,-1.34199,0.254366,-0.352574,0.521959
2248,-1.35548,0.266949,-0.401025,0.523888
2249,-1.33048,0.262179,-0.289365,0.527672
2250,-1.34148,0.220613,-0.376119,0.502637
2251,-1.5351,0.258118,-0.254751,0.504363
