MDTU,plaq_ss,plaq_st
1,1.11532,1.13096
2,1.13306,1.14201
3,1.11538,1.08838
4,1.12714,1.07733
5,1.11442,1.0609
6,1.08976,1.03436
7,1.11982,1.05289
8,1.09462,1.03013
9,1.1047,1.05268
10,1.09192,1.02613
11,1.11097,1.05895
12,1.11097,1.05895
13,1.11097,1.05895
14,1.08162,1.03684
15,1.06569,1.04723
16,1.08936,1.04332
17,1.06634,1.03387
18,1.10654,1.0281
19,1.12476,1.01978
20,1.10758,1.00442
21,1.0879,1.03086
22,1.07486,1.04244
23,1.07619,1.03565
24,1.07817,1.04736
25,1.07586,1.02874
26,1.0761,1.02891
27,1.07356,1.02871
28,1.08861,1.02474
29,1.06924,1.03445
30,1.07831,1.04132
31,1.07831,1.04132
32,1.07831,1.04132
33,1.07831,1.04132
34,1.06901,1.03051
35,1.07474,1.04346
36,1.08137,1.04448
37,1.07423,1.05042
38,1.06003,1.05065
39,1.05231,1.05618
40,1.04926,1.03706
41,1.07168,1.05356
42,1.05235,1.04426
43,1.06128,1.02659
44,1.08943,1.03325
45,1.08447,1.0266
46,1.06313,1.0271
47,1.06622,1.04464
48,1.04819,1.04414
49,1.0606,1.03094
50,1.05487,1.02659
51,1.06322,1.03824
52,1.05773,1.02563
53,1.04634,1.03386
54,1.04368,1.04343
55,1.04979,1.0359
56,1.02577,1.02904
57,1.03662,1.05507
58,1.04892,1.02179
59,1.05921,1.03991
60,1.06953,1.03893
61,1.07616,1.02684
62,1.05802,1.03609
63,1.05061,1.02759
64,1.07098,1.05248
65,1.04594,1.0369
66,1.06859,1.03327
67,1.06843,1.03793
68,1.05493,1.04502
69,1.04398,1.04679
70,1.05343,1.04157
71,1.04445,1.03657
72,1.05627,1.05615
73,1.05627,1.05615
74,1.05127,1.04237
75,1.05684,1.04699
76,1.04188,1.04399
77,1.03264,1.06789
78,1.02008,1.0456
79,1.03649,1.06338
80,1.01242,1.06069
81,1.01242,1.06069
82,1.01402,1.05282
83,1.04159,1.05511
84,1.03867,1.04635
85,1.06134,1.03791
86,1.0364,1.04069
87,1.04644,1.05551
88,1.03891,1.04277
89,1.04359,1.04287
90,1.03002,1.05634
91,1.03002,1.05634
92,1.04899,1.02559
93,1.04899,1.02559
94,1.04925,1.02319
95,1.07641,1.0341
96,1.0859,1.02437
97,1.09555,1.02057
98,1.09749,1.01901
99,1.10734,1.01791
100,1.10915,1.02098
101,1.10915,1.02098
102,1.1224,1.0066
103,1.14088,1.00638
104,1.14088,1.00638
105,1.13084,1.00279
106,1.1326,1.01052
107,1.16297,0.998615
108,1.17909,0.987461
109,1.17615,0.981116
110,1.1626,0.991923
111,1.17406,0.983752
112,1.15615,0.985438
113,1.1583,0.983139
114,1.14073,0.996843
115,1.13789,1.01981
116,1.12054,1.00476
117,1.11332,1.03163
118,1.10004,1.02211
119,1.10004,1.02211
120,1.0971,1.0315
121,1.10897,1.03994
122,1.08391,1.02188
123,1.08947,1.02615
124,1.10551,1.02422
125,1.08106,1.03356
126,1.09137,1.03982
127,1.10192,1.02618
128,1.11768,1.01765
129,1.11313,1.01295
130,1.12216,1.02227
131,1.11353,1.02224
132,1.09319,1.01303
133,1.10744,1.03856
134,1.08712,1.02233
135,1.11114,1.02539
136,1.10276,1.03256
137,1.10067,1.01136
138,1.10738,1.0203
139,1.08091,1.0238
140,1.08108,1.02707
141,1.07576,1.02522
142,1.0985,1.02709
143,1.08455,1.02895
144,1.09552,1.04647
145,1.08626,1.02331
146,1.09089,1.03884
147,1.10553,1.03855
148,1.0915,1.03417
149,1.10135,1.03597
150,1.09183,1.01594
151,1.1147,1.01672
152,1.12107,1.03078
153,1.12057,1.03282
154,1.11579,1.02455
155,1.12467,1.04157
156,1.11979,1.01949
157,1.11363,1.02707
158,1.13167,1.02415
159,1.12356,1.0234
160,1.09938,1.03108
161,1.11396,1.02391
162,1.10892,1.03319
163,1.11679,1.01692
164,1.11358,1.03032
165,1.11174,1.03207
166,1.10741,1.03797
167,1.133,1.04686
168,1.10517,1.02107
169,1.14685,1.01733
170,1.12672,1.04206
171,1.1044,1.0285
172,1.10471,1.04085
173,1.09719,1.03436
174,1.09647,1.05179
175,1.08074,1.04773
176,1.1075,1.03958
177,1.1075,1.03958
178,1.1016,1.02677
179,1.1047,1.0248
180,1.1235,1.02639
181,1.15033,1.01295
182,1.15533,1.00319
183,1.16186,1.00071
184,1.17303,0.997781
185,1.17303,0.997781
186,1.17095,0.999558
187,1.1678,0.995386
188,1.17668,0.996613
189,1.16762,0.995827
190,1.16264,0.980525
191,1.16264,0.980525
192,1.20915,0.982446
193,1.22127,0.960117
194,1.21553,0.982686
195,1.20144,0.971481
196,1.19232,0.975251
197,1.18315,0.994584
198,1.18247,1.00417
199,1.16186,0.992308
200,1.16648,1.00662
201,1.14976,1.01535
202,1.14056,1.01665
203,1.13212,1.03422
204,1.15021,1.04789
205,1.15957,1.03185
206,1.15353,1.02117
207,1.16195,1.02899
208,1.15423,1.01646
209,1.16163,1.02259
210,1.12996,1.02588
211,1.13324,1.03772
212,1.12734,1.03021
213,1.11348,1.04207
214,1.1071,1.03946
215,1.13614,1.03379
216,1.15394,1.04351
217,1.12166,1.01993
218,1.16539,1.02367
219,1.14322,1.02655
220,1.13577,1.02786
221,1.13146,1.03737
222,1.13691,1.03419
223,1.10163,1.03859
224,1.1194,1.05671
225,1.13473,1.04733
226,1.10249,1.04283
227,1.08538,1.04047
228,1.1066,1.04932
229,1.1066,1.04932
230,1.08365,1.04367
231,1.10263,1.06208
232,1.10428,1.0407
233,1.13386,1.01977
234,1.14116,1.02277
235,1.13382,1.01743
236,1.13608,1.0284
237,1.08077,1.03179
238,1.09642,1.04285
239,1.09919,1.04097
240,1.12954,1.04055
241,1.12954,1.04055
242,1.13019,1.03614
243,1.13019,1.03614
244,1.13315,1.01834
245,1.1437,1.00846
246,1.15354,0.998564
247,1.15142,1.01324
248,1.13977,1.0278
249,1.13002,1.01916
250,1.13717,1.01768
251,1.13609,1.02627
252,1.13722,1.02228
253,1.1685,1.03432
254,1.1456,1.01224
255,1.1226,1.02534
256,1.14655,1.01442
257,1.14602,1.01073
258,1.1471,1.02432
259,1.11586,1.01427
260,1.11935,1.0303
261,1.12122,1.02627
262,1.12194,1.02979
263,1.12368,1.03797
264,1.11557,1.04323
265,1.10527,1.03159
266,1.13976,1.03588
267,1.1168,1.02378
268,1.12191,1.03387
269,1.10638,1.04505
270,1.09456,1.04362
271,1.11533,1.04353
272,1.11087,1.03793
273,1.12596,1.03393
274,1.10913,1.01785
275,1.13704,1.02387
276,1.13354,1.02741
277,1.1355,1.03706
278,1.12905,1.05938
279,1.12417,1.05793
280,1.10826,1.0614
281,1.10231,1.07399
282,1.10231,1.07399
283,1.10231,1.07399
284,1.10646,1.0503
285,1.06615,1.05719
286,1.06278,1.0639
287,1.02796,1.0674
288,1.0641,1.08195
289,1.0641,1.08195
290,1.05001,1.06369
291,1.06718,1.08193
292,1.05876,1.08292
293,1.07011,1.06604
294,1.10811,1.06939
295,1.09708,1.0538
296,1.10906,1.03916
297,1.13232,1.05009
298,1.12664,1.03699
299,1.143,1.03433
300,1.13458,1.03476
301,1.13629,1.04579
302,1.11032,1.04996
303,1.121,1.02092
304,1.14929,1.03709
305,1.13497,1.02793
306,1.15518,1.02841
307,1.1561,1.02775
308,1.17518,1.02879
309,1.15143,1.01468
310,1.13569,1.02676
311,1.15462,1.03073
312,1.17123,1.01392
313,1.14476,1.01964
314,1.14828,1.03676
315,1.145,1.01508
316,1.14257,1.03899
317,1.13752,1.01644
318,1.15194,1.04004
319,1.15194,1.04004
320,1.15194,1.04004
321,1.13639,1.02314
322,1.17362,1.03278
323,1.14828,1.00758
324,1.17312,1.00839
325,1.14715,1.00558
326,1.14715,1.00558
327,1.16903,1.02516
328,1.14313,1.01391
329,1.15181,1.0236
330,1.14974,1.02866
331,1.14251,1.03119
332,1.12445,1.03608
333,1.14525,1.04598
334,1.10037,1.04937
335,1.09616,1.08071
336,1.09148,1.07199
337,1.11307,1.06749
338,1.12209,1.05626
339,1.10592,1.09183
340,1.10134,1.07129
341,1.10417,1.08624
342,1.08748,1.082
343,1.08276,1.07357
344,1.08576,1.0791
345,1.08576,1.0791
346,1.09134,1.07636
347,1.13541,1.06502
348,1.10149,1.05384
349,1.08724,1.08129
350,1.04391,1.07592
351,1.0559,1.10249
352,1.02357,1.09072
353,1.04867,1.08656
354,1.04793,1.09962
355,1.06536,1.09299
356,1.06131,1.09286
357,1.04308,1.0984
358,1.04367,1.0923
359,1.0796,1.09102
360,1.0678,1.0936
361,1.08468,1.09631
362,1.05408,1.09198
363,1.05953,1.08781
364,1.0668,1.08571
365,1.0553,1.10456
366,1.04564,1.08002
367,1.02422,1.09343
368,1.03382,1.08552
369,1.03597,1.08809
370,1.02383,1.08228
371,1.03313,1.07432
372,1.05992,1.07491
373,1.04034,1.07057
374,1.06385,1.06883
375,1.06549,1.05743
376,1.08026,1.06725
377,1.06683,1.06847
378,1.06159,1.06431
379,1.05699,1.06776
380,1.04259,1.0728
381,1.03472,1.05486
382,1.05713,1.06856
383,1.04335,1.06481
384,1.05953,1.06588
385,1.06681,1.06207
386,1.03404,1.07089
387,1.04024,1.05609
388,1.04187,1.06616
389,1.02917,1.07089
390,1.02917,1.07089
391,1.04022,1.06913
392,1.07735,1.05879
393,1.08695,1.05303
394,1.10528,1.05475
395,1.09413,1.03933
396,1.08227,1.05471
397,1.05897,1.06468
398,1.04462,1.06135
399,1.04503,1.05239
400,1.06031,1.05502
401,1.06714,1.05216
402,1.05228,1.04695
403,1.06649,1.05691
404,1.05702,1.04445
405,1.07838,1.05579
406,1.0771,1.05021
407,1.08568,1.04457
408,1.09019,1.04574
409,1.09044,1.03939
410,1.11979,1.0439
411,1.11979,1.0439
412,1.12568,1.05408
413,1.12568,1.05408
414,1.09916,1.04775
415,1.0939,1.05207
416,1.10938,1.04891
417,1.08283,1.06926
418,1.0756,1.05647
419,1.06755,1.05111
420,1.08363,1.08009
421,1.03908,1.05924
422,1.06428,1.07709
423,1.04064,1.07784
424,1.07628,1.0753
425,1.10418,1.06844
426,1.0931,1.08311
427,1.0903,1.07361
428,1.10332,1.06898
429,1.11636,1.07263
430,1.05388,1.0713
431,1.07882,1.07132
432,1.09139,1.06795
433,1.07732,1.06801
434,1.07732,1.06801
435,1.0637,1.06966
436,1.06275,1.06786
437,1.06606,1.07617
438,1.07885,1.06284
439,1.09587,1.07766
440,1.08908,1.05786
441,1.10297,1.08082
442,1.09165,1.0719
443,1.10009,1.07787
444,1.11601,1.06358
445,1.13149,1.05496
446,1.12732,1.05218
447,1.09038,1.05913
448,1.08403,1.06324
449,1.08551,1.064
450,1.07786,1.05798
451,1.07507,1.06741
452,1.08034,1.04189
453,1.08266,1.05509
454,1.05339,1.05434
455,1.07855,1.05749
456,1.08926,1.04434
457,1.14072,1.05707
458,1.10788,1.04212
459,1.12082,1.06687
460,1.12082,1.06687
461,1.09818,1.04484
462,1.09818,1.04484
463,1.10578,1.05047
464,1.10677,1.05088
465,1.0949,1.05897
466,1.0762,1.06063
467,1.07688,1.06921
468,1.05392,1.07079
469,1.05545,1.06767
470,1.08891,1.06119
471,1.08687,1.07971
472,1.08687,1.07971
473,1.0922,1.07129
474,1.09219,1.08796
475,1.08988,1.06244
476,1.1013,1.07382
477,1.1013,1.07382
478,1.09954,1.06563
479,1.09382,1.05994
480,1.08851,1.04641
481,1.10143,1.05424
482,1.11335,1.05079
483,1.11582,1.03725
484,1.13102,1.0514
485,1.13102,1.0514
486,1.13116,1.03931
487,1.1346,1.04737
488,1.10577,1.04812
489,1.09241,1.06152
490,1.08086,1.05566
491,1.08424,1.06464
492,1.07973,1.0633
493,1.06855,1.05316
494,1.06616,1.0728
495,1.08657,1.06262
496,1.06078,1.08839
497,1.06984,1.0487
498,1.0998,1.07136
499,1.09075,1.07004
500,1.12695,1.08444
501,1.09677,1.06058
502,1.11248,1.08295
503,1.09431,1.06943
504,1.11085,1.071
505,1.13964,1.06853
506,1.12999,1.08207
507,1.12999,1.08207
508,1.12715,1.06122
509,1.14262,1.07179
510,1.14262,1.07179
511,1.15098,1.04606
512,1.13965,1.07338
513,1.12015,1.0625
514,1.14655,1.06478
515,1.14572,1.06851
516,1.1617,1.06094
517,1.15198,1.05857
518,1.17445,1.05897
519,1.17647,1.06548
520,1.186,1.05766
521,1.20961,1.05243
522,1.22449,1.0461
523,1.19136,1.08485
524,1.19136,1.08485
525,1.2172,1.0511
526,1.21255,1.07039
527,1.19385,1.08652
528,1.21083,1.09603
529,1.21354,1.08924
530,1.20409,1.10369
531,1.20421,1.11573
532,1.20973,1.09441
533,1.192,1.10261
534,1.20574,1.08332
535,1.20574,1.08332
536,1.20104,1.08757
537,1.18218,1.10102
538,1.19765,1.09298
539,1.21095,1.11821
540,1.21095,1.11821
541,1.17059,1.10951
542,1.1876,1.11747
543,1.15602,1.10518
544,1.1638,1.13209
545,1.1638,1.13209
546,1.13502,1.09704
547,1.17876,1.12139
548,1.15945,1.09974
549,1.19051,1.12122
550,1.15724,1.1276
551,1.13909,1.13492
552,1.13924,1.1474
553,1.14415,1.12632
554,1.17876,1.13218
555,1.15522,1.11997
556,1.17193,1.13572
557,1.17193,1.13572
558,1.17342,1.11884
559,1.17178,1.13853
560,1.19696,1.12246
561,1.18704,1.116
562,1.19044,1.12734
563,1.19044,1.12734
564,1.1695,1.11709
565,1.18999,1.13786
566,1.18999,1.13786
567,1.1699,1.12698
568,1.17047,1.14166
569,1.15973,1.1466
570,1.16877,1.13326
571,1.21138,1.12768
572,1.17671,1.13595
573,1.15607,1.13879
574,1.15607,1.13879
575,1.15607,1.13879
576,1.13404,1.14134
577,1.15972,1.13407
578,1.13387,1.12646
579,1.15935,1.12565
580,1.14722,1.10037
581,1.15474,1.10739
582,1.14042,1.12387
583,1.1845,1.09418
584,1.18035,1.09656
585,1.19022,1.06172
586,1.20507,1.0686
587,1.20371,1.07538
588,1.19332,1.07617
589,1.19081,1.08564
590,1.19081,1.08564
591,1.19881,1.07604
592,1.16372,1.08196
593,1.19826,1.08445
594,1.16211,1.08295
595,1.13862,1.09815
596,1.11534,1.11871
597,1.10968,1.12014
598,1.09558,1.1327
599,1.10223,1.12061
600,1.11484,1.11257
601,1.12312,1.10346
602,1.11128,1.09585
603,1.1308,1.10014
604,1.10258,1.11099
605,1.10277,1.12888
606,1.06813,1.12127
607,1.0722,1.14534
608,1.08676,1.13653
609,1.09557,1.12277
610,1.09381,1.11458
611,1.10397,1.1005
612,1.08454,1.10096
613,1.11006,1.10604
614,1.0984,1.11813
615,1.12723,1.1114
616,1.10712,1.10495
617,1.14731,1.09926
618,1.16333,1.09362
619,1.17955,1.09364
620,1.17955,1.09364
621,1.19451,1.10348
622,1.20978,1.06718
623,1.2361,1.05425
624,1.23354,1.05817
625,1.24684,1.05617
626,1.21182,1.06438
627,1.22736,1.06421
628,1.25506,1.07707
629,1.2318,1.06974
630,1.24722,1.05639
631,1.24693,1.06281
632,1.20795,1.08022
633,1.1928,1.07825
634,1.21272,1.06655
635,1.22734,1.05014
636,1.23506,1.05924
637,1.19795,1.05978
638,1.1955,1.06542
639,1.17214,1.06814
640,1.17392,1.06997
641,1.17776,1.06361
642,1.1893,1.06276
643,1.18801,1.0748
644,1.178,1.0666
645,1.17949,1.0615
646,1.16283,1.06435
647,1.16738,1.06623
648,1.19941,1.06588
649,1.1939,1.07297
650,1.21091,1.08091
651,1.18673,1.07456
652,1.19114,1.07781
653,1.19203,1.08152
654,1.19484,1.08791
655,1.20776,1.06954
656,1.20711,1.04935
657,1.21359,1.03579
658,1.22006,1.03953
659,1.20094,1.03614
660,1.2246,1.05065
661,1.22423,1.03686
662,1.2114,1.04544
663,1.17724,1.0572
664,1.17514,1.05905
665,1.18149,1.07182
666,1.18713,1.0571
667,1.21333,1.07373
668,1.19421,1.05581
669,1.2213,1.0548
670,1.21766,1.05223
671,1.24998,1.03565
672,1.2709,1.03973
673,1.2795,1.02233
674,1.2795,1.02233
675,1.28821,1.03545
676,1.32224,1.00985
677,1.34972,1.00419
678,1.344,0.990198
679,1.32391,0.995981
680,1.32052,0.991152
681,1.35068,1.01311
682,1.34262,0.998846
683,1.32464,1.01554
684,1.28997,1.01945
685,1.33693,1.00979
686,1.32925,1.00203
687,1.38032,0.993653
688,1.37985,0.977664
689,1.39269,0.970757
690,1.4187,0.963579
691,1.42009,0.960353
692,1.4079,0.969332
693,1.40186,0.962772
694,1.4002,0.958516
695,1.38763,0.971298
696,1.39636,0.97785
697,1.40956,0.980228
698,1.40956,0.980228
699,1.39738,0.995171
700,1.409,0.980094
701,1.40502,0.985799
702,1.39898,0.985124
703,1.43564,0.990428
704,1.44137,0.996401
705,1.44137,0.996401
706,1.41417,0.982848
707,1.43118,1.00735
708,1.45507,0.983306
709,1.4681,1.00309
710,1.45684,0.994073
711,1.46274,0.996002
712,1.47037,0.996963
713,1.47037,0.996963
714,1.47715,0.982638
715,1.45642,0.973178
716,1.49295,0.992947
717,1.45816,0.97963
718,1.47966,0.985763
719,1.43931,0.982776
720,1.42146,1.01889
721,1.44677,0.998424
722,1.43965,0.995169
723,1.43965,0.995169
724,1.46264,0.982419
725,1.48366,0.9964
726,1.43697,0.989954
727,1.43514,1.01112
728,1.42777,0.990367
729,1.47139,1.00291
730,1.46251,0.974529
731,1.50498,0.981506
732,1.50498,0.981506
733,1.50413,0.948029
734,1.52821,0.973782
735,1.52305,0.971275
736,1.50104,0.983475
737,1.53242,0.959408
738,1.55222,0.972293
739,1.54171,0.953921
740,1.52764,0.965214
741,1.50058,0.960534
742,1.48677,0.969332
743,1.52848,0.964248
744,1.534,0.959477
745,1.54406,0.949551
746,1.54406,0.949551
747,1.51287,0.958567
748,1.5298,0.960762
749,1.49982,0.967066
750,1.5559,0.960308
751,1.56558,0.964884
752,1.58938,0.949466
753,1.57356,0.951241
754,1.61193,0.941835
755,1.61533,0.927054
756,1.60327,0.956128
757,1.57035,0.936413
758,1.58738,0.955554
759,1.58123,0.948335
760,1.57055,0.96023
761,1.56673,0.957673
762,1.59834,0.972997
763,1.56705,0.949214
764,1.57353,0.972629
765,1.5761,0.950061
766,1.6238,0.95985
767,1.61659,0.958826
768,1.62615,0.954316
769,1.59399,0.967022
770,1.56918,0.972741
771,1.57757,0.964767
772,1.59769,0.967901
773,1.57486,0.958914
774,1.57559,0.986926
775,1.52332,0.985177
776,1.55283,0.991041
777,1.55283,0.991041
778,1.57642,1.00102
779,1.57115,0.984323
780,1.61012,0.968186
781,1.59573,0.977811
782,1.57302,0.988352
783,1.58909,0.965663
784,1.60479,0.977117
785,1.58955,0.966123
786,1.58955,0.966123
787,1.57929,0.979232
788,1.6053,0.990396
789,1.56734,0.973444
790,1.58065,0.978824
791,1.54434,0.986054
792,1.48295,1.00281
793,1.48295,1.00281
794,1.516,0.998603
795,1.55271,0.973131
796,1.58851,0.974127
797,1.57931,0.960677
798,1.56976,0.972422
799,1.5866,0.963944
800,1.56856,0.964266
801,1.60911,0.961014
802,1.60911,0.961014
803,1.59675,0.960233
804,1.60225,0.951726
805,1.61106,0.966175
806,1.62477,0.953722
807,1.61166,0.983438
808,1.61193,0.9641
809,1.61193,0.9641
810,1.60812,0.964203
811,1.57774,0.957642
812,1.577,0.978871
813,1.53869,0.961207
814,1.52831,0.978909
815,1.52831,0.978909
816,1.52169,0.972107
817,1.5251,0.981456
818,1.52504,0.976682
819,1.52484,0.963437
820,1.51848,0.967537
821,1.48807,0.974932
822,1.47229,0.980209
823,1.46506,0.988
824,1.48432,0.984449
825,1.52596,0.981936
826,1.53475,0.995603
827,1.54743,0.983456
828,1.5245,0.996086
829,1.49698,1.00171
830,1.47122,1.01121
831,1.47122,1.01121
832,1.47122,1.01121
833,1.47166,1.00801
834,1.45096,1.01931
835,1.43706,1.03966
836,1.43038,1.03172
837,1.43097,1.03563
838,1.43784,1.04004
839,1.43784,1.04004
840,1.37876,1.05295
841,1.37081,1.05665
842,1.39645,1.03667
843,1.42476,1.03706
844,1.42476,1.03706
845,1.45846,1.02647
846,1.45846,1.02647
847,1.48142,1.01865
848,1.50935,0.998148
849,1.53573,1.021
850,1.52972,0.998529
851,1.51845,1.02833
852,1.52865,1.00913
853,1.49932,1.0108
854,1.50581,1.00677
855,1.46287,0.997085
856,1.46605,1.00443
857,1.46526,1.00844
858,1.4953,0.983203
859,1.49468,0.994327
860,1.43745,1.00887
861,1.43745,1.00887
862,1.45177,0.999168
863,1.45132,1.01453
864,1.47105,1.00555
865,1.45543,1.00489
866,1.48246,1.00782
867,1.48246,1.00782
868,1.47388,0.988673
869,1.44262,0.988623
870,1.45426,0.991122
871,1.48632,0.985813
872,1.48965,0.971172
873,1.50079,0.967839
874,1.508,0.96977
875,1.5206,0.979607
876,1.50142,0.995299
877,1.49936,0.988555
878,1.48458,0.982129
879,1.49803,0.986767
880,1.46698,0.963137
881,1.50838,0.972691
882,1.4358,0.951022
883,1.44972,0.979964
884,1.41611,0.975365
885,1.40638,0.974386
886,1.4187,0.973752
887,1.41787,0.991799
888,1.40723,0.988912
889,1.40115,0.982725
890,1.39378,0.98803
891,1.39004,0.988234
892,1.35461,0.981766
893,1.33932,0.998525
894,1.32513,0.98727
895,1.33959,0.988823
896,1.32221,0.983176
897,1.34542,0.993685
898,1.39075,0.970476
899,1.37434,0.971593
900,1.38829,0.983762
901,1.38539,0.975008
902,1.38398,0.985109
903,1.38525,0.982583
904,1.40416,0.970465
905,1.38408,0.998134
906,1.35855,1.0023
907,1.39826,0.989767
908,1.34656,1.00892
909,1.31631,1.01158
910,1.36477,1.00148
911,1.34928,1.0125
912,1.36341,1.01028
913,1.35791,0.997603
914,1.37888,0.998029
915,1.37888,0.998029
916,1.37888,0.998029
917,1.37826,0.9869
918,1.38989,1.01235
919,1.34733,1.01341
920,1.32096,1.0132
921,1.34026,1.00374
922,1.3563,1.01638
923,1.344,1.00618
924,1.33698,1.03379
925,1.3248,1.0245
926,1.32491,1.01769
927,1.3013,1.02326
928,1.30388,1.04074
929,1.28537,1.02874
930,1.26338,1.0338
931,1.26098,1.04761
932,1.26764,1.05208
933,1.25614,1.0489
934,1.25486,1.05372
935,1.25486,1.05372
936,1.26328,1.05853
937,1.25364,1.04638
938,1.27259,1.05298
939,1.25289,1.0544
940,1.2641,1.06479
941,1.29078,1.04399
942,1.3181,1.04653
943,1.27544,1.04884
944,1.29936,1.06254
945,1.27214,1.05687
946,1.30483,1.07091
947,1.25548,1.06262
948,1.31723,1.056
949,1.31016,1.05101
950,1.30316,1.06585
951,1.30753,1.06459
952,1.29186,1.0706
953,1.2676,1.05046
954,1.29446,1.08695
955,1.27594,1.06133
956,1.28824,1.06633
957,1.2499,1.06832
958,1.26598,1.0831
959,1.27693,1.06292
960,1.31999,1.0726
961,1.32226,1.04022
962,1.32824,1.05145
963,1.29976,1.05298
964,1.2886,1.0551
965,1.31693,1.045
966,1.30333,1.04909
967,1.28582,1.05901
968,1.27953,1.06029
969,1.28536,1.06809
970,1.28941,1.07425
971,1.27286,1.06796
972,1.23693,1.07832
973,1.25254,1.07375
974,1.23901,1.08247
975,1.24873,1.07062
976,1.26136,1.07768
977,1.24964,1.08137
978,1.25336,1.06556
979,1.23515,1.09212
980,1.24447,1.08028
981,1.25382,1.09224
982,1.22691,1.0914
983,1.24701,1.09455
984,1.24872,1.08313
985,1.25317,1.09551
986,1.23519,1.09786
987,1.24525,1.11107
988,1.24525,1.11107
989,1.24525,1.11107
990,1.24446,1.09842
991,1.2293,1.11039
992,1.22655,1.09738
993,1.23709,1.11188
994,1.23709,1.11188
995,1.21824,1.10013
996,1.23197,1.11347
997,1.24758,1.10044
998,1.25395,1.08842
999,1.26639,1.08823
1000,1.26639,1.08823
1001,1.2552,1.08442
1002,1.2552,1.08442
1003,1.2546,1.11045
1004,1.26697,1.08832
1005,1.27292,1.09821
1006,1.27292,1.09821
1007,1.27508,1.09973
1008,1.30089,1.07749
1009,1.30036,1.08905
1010,1.25623,1.07542
1011,1.27308,1.08694
1012,1.26372,1.07415
1013,1.27554,1.08458
1014,1.27554,1.08458
1015,1.31084,1.06718
1016,1.30113,1.07451
1017,1.28174,1.06603
1018,1.29025,1.0889
1019,1.25574,1.07418
1020,1.2923,1.06227
1021,1.29753,1.06123
1022,1.29094,1.06165
1023,1.31975,1.06129
1024,1.33511,1.04449
1025,1.35214,1.04811
1026,1.32708,1.04962
1027,1.33058,1.04076
1028,1.34109,1.04992
1029,1.33546,1.05256
1030,1.35816,1.04267
1031,1.40224,1.03454
1032,1.37868,1.03109
1033,1.40492,1.02758
1034,1.37013,1.03223
1035,1.37213,1.06225
1036,1.3522,1.06983
1037,1.2943,1.07077
1038,1.29648,1.06993
1039,1.29941,1.0755
1040,1.30586,1.07406
1041,1.28225,1.07548
1042,1.28225,1.07548
1043,1.26567,1.06826
1044,1.29365,1.08116
1045,1.23802,1.09345
1046,1.25779,1.10221
1047,1.26098,1.08773
1048,1.28654,1.08994
1049,1.29386,1.08874
1050,1.31582,1.09826
1051,1.30871,1.08729
1052,1.34358,1.10727
1053,1.31122,1.09288
1054,1.29041,1.11666
1055,1.28853,1.10992
1056,1.28792,1.13947
1057,1.28792,1.13947
1058,1.28756,1.12807
1059,1.34011,1.13174
1060,1.3424,1.12953
1061,1.34346,1.13889
1062,1.33037,1.14171
1063,1.31053,1.14775
1064,1.34379,1.13231
1065,1.34081,1.14179
1066,1.33051,1.14684
1067,1.31625,1.1801
1068,1.28656,1.20028
1069,1.32328,1.19149
1070,1.3294,1.1924
1071,1.32235,1.19001
1072,1.29687,1.22435
1073,1.29383,1.21709
1074,1.31723,1.20285
1075,1.31567,1.19135
1076,1.31651,1.19709
1077,1.34342,1.18641
1078,1.32401,1.18572
1079,1.30154,1.20003
1080,1.32792,1.22741
1081,1.29429,1.22162
1082,1.31413,1.2389
1083,1.31413,1.2389
1084,1.32255,1.22798
1085,1.32255,1.22798
1086,1.29331,1.22336
1087,1.2975,1.21799
1088,1.2818,1.22689
1089,1.29321,1.26277
1090,1.31322,1.25328
1091,1.31764,1.22198
1092,1.34076,1.21927
1093,1.36831,1.20856
1094,1.36376,1.18061
1095,1.38147,1.17589
1096,1.36661,1.1936
1097,1.35688,1.19826
1098,1.35329,1.21176
1099,1.34847,1.22178
1100,1.35626,1.2287
1101,1.35271,1.19784
1102,1.3791,1.21342
1103,1.39142,1.20937
1104,1.40469,1.19689
1105,1.3886,1.1829
1106,1.40254,1.23018
1107,1.38965,1.22031
1108,1.38113,1.24351
1109,1.3689,1.24379
1110,1.35089,1.27233
1111,1.35055,1.27585
1112,1.35055,1.27585
1113,1.33652,1.27673
1114,1.32986,1.30144
1115,1.3106,1.30756
1116,1.31013,1.32137
1117,1.32265,1.32491
1118,1.32741,1.29209
1119,1.31828,1.3011
1120,1.28632,1.3267
1121,1.30118,1.32823
1122,1.31352,1.31271
1123,1.3004,1.30691
1124,1.32611,1.30486
1125,1.30249,1.29584
1126,1.31053,1.25171
1127,1.31526,1.23619
1128,1.32428,1.25363
1129,1.32687,1.25046
1130,1.32546,1.26988
1131,1.32546,1.26988
1132,1.32381,1.27163
1133,1.3115,1.23387
1134,1.30204,1.25381
1135,1.30161,1.24346
1136,1.29889,1.26678
1137,1.31079,1.26569
1138,1.29992,1.27285
1139,1.30649,1.24755
1140,1.29173,1.25786
1141,1.29173,1.25786
1142,1.3195,1.20947
1143,1.29074,1.23889
1144,1.30211,1.24595
1145,1.30407,1.25044
1146,1.3119,1.29471
1147,1.26671,1.2772
1148,1.27582,1.26045
1149,1.25613,1.23602
1150,1.284,1.24761
1151,1.26984,1.21905
1152,1.30616,1.22337
1153,1.29298,1.25234
1154,1.30567,1.25036
1155,1.30828,1.25613
1156,1.29935,1.2743
1157,1.29934,1.2485
1158,1.28856,1.2638
1159,1.29017,1.26011
1160,1.31446,1.27256
1161,1.28063,1.25374
1162,1.3175,1.27475
1163,1.29003,1.23103
1164,1.29904,1.24073
1165,1.28908,1.24555
1166,1.31016,1.24235
1167,1.31329,1.23603
1168,1.33838,1.21538
1169,1.34886,1.20982
1170,1.30441,1.17028
1171,1.30718,1.19751
1172,1.26127,1.21209
1173,1.29029,1.23305
1174,1.29491,1.23802
1175,1.31827,1.26633
1176,1.31827,1.26633
1177,1.31827,1.26633
1178,1.29668,1.27527
1179,1.28048,1.24143
1180,1.29406,1.25791
1181,1.29406,1.25791
1182,1.32636,1.23549
1183,1.36282,1.23203
1184,1.34183,1.20714
1185,1.34832,1.22655
1186,1.319,1.2432
1187,1.31649,1.25993
1188,1.30784,1.23078
1189,1.33414,1.23251
1190,1.2931,1.21865
1191,1.32706,1.23947
1192,1.28089,1.25124
1193,1.29751,1.24527
1194,1.3414,1.2255
1195,1.34084,1.19942
1196,1.33987,1.21579
1197,1.31994,1.19913
1198,1.32973,1.20489
1199,1.32766,1.20304
1200,1.32411,1.2223
1201,1.35259,1.21749
1202,1.33678,1.20922
1203,1.33968,1.20427
1204,1.33968,1.20427
1205,1.33968,1.20427
1206,1.32916,1.19409
1207,1.33356,1.22905
1208,1.32409,1.17808
1209,1.33145,1.20188
1210,1.30019,1.18573
1211,1.30943,1.2042
1212,1.28127,1.20337
1213,1.27264,1.19855
1214,1.24786,1.21245
1215,1.28283,1.22515
1216,1.26941,1.20129
1217,1.28801,1.18875
1218,1.29,1.17342
1219,1.27105,1.16423
1220,1.26743,1.17076
1221,1.26743,1.17076
1222,1.25689,1.18873
1223,1.24412,1.20704
1224,1.23837,1.19509
1225,1.25912,1.20102
1226,1.27142,1.19173
1227,1.27739,1.19486
1228,1.26697,1.21167
1229,1.24656,1.21215
1230,1.2843,1.20618
1231,1.24667,1.20198
1232,1.2293,1.18202
1233,1.22686,1.18256
1234,1.22059,1.20737
1235,1.20944,1.20095
1236,1.21918,1.20301
1237,1.23173,1.19807
1238,1.22715,1.18989
1239,1.26519,1.18129
1240,1.26519,1.18129
1241,1.23467,1.19104
1242,1.25626,1.17336
1243,1.24045,1.1757
1244,1.2276,1.15493
1245,1.23314,1.14965
1246,1.24895,1.14639
1247,1.21718,1.15611
1248,1.21187,1.14552
1249,1.23281,1.15126
1250,1.19373,1.13761
1251,1.2115,1.14968
1252,1.18657,1.13565
1253,1.19919,1.14894
1254,1.19272,1.1558
1255,1.22438,1.16004
1256,1.23822,1.15782
1257,1.23244,1.13501
1258,1.23244,1.13501
1259,1.23244,1.13501
1260,1.20695,1.136
1261,1.23043,1.13911
1262,1.23043,1.13911
1263,1.1952,1.13184
1264,1.20958,1.14816
1265,1.21246,1.15518
1266,1.19027,1.16185
1267,1.19064,1.19862
1268,1.19064,1.19862
1269,1.18737,1.19914
1270,1.17039,1.19432
1271,1.16054,1.20055
1272,1.17466,1.19389
1273,1.14808,1.19291
1274,1.13552,1.21735
1275,1.14074,1.21182
1276,1.16247,1.21176
1277,1.18376,1.18873
1278,1.18653,1.19818
1279,1.1996,1.19357
1280,1.2233,1.17151
1281,1.22213,1.18123
1282,1.20495,1.19165
1283,1.20987,1.17469
1284,1.23956,1.15869
1285,1.20774,1.18176
1286,1.20976,1.17412
1287,1.19652,1.15386
1288,1.19982,1.15107
1289,1.18106,1.1577
1290,1.17967,1.16666
1291,1.19878,1.16329
1292,1.17345,1.18563
1293,1.1688,1.1924
1294,1.13847,1.18179
1295,1.1578,1.19289
1296,1.17076,1.1974
1297,1.16331,1.18805
1298,1.18085,1.21155
1299,1.16446,1.21111
1300,1.15746,1.22944
1301,1.14154,1.22569
1302,1.15849,1.21945
1303,1.14454,1.23983
1304,1.14505,1.21292
1305,1.16166,1.20991
1306,1.1695,1.19983
1307,1.16131,1.19575
1308,1.17831,1.22972
1309,1.18264,1.20367
1310,1.15342,1.18951
1311,1.14163,1.20884
1312,1.15573,1.18316
1313,1.14815,1.17728
1314,1.14994,1.18308
1315,1.14111,1.18439
1316,1.13086,1.20867
1317,1.13086,1.20867
1318,1.17222,1.18862
1319,1.1534,1.1838
1320,1.17719,1.18165
1321,1.15127,1.16701
1322,1.15342,1.17948
1323,1.16859,1.16319
1324,1.1511,1.16859
1325,1.2057,1.18999
1326,1.17803,1.18243
1327,1.17301,1.20137
1328,1.16038,1.23623
1329,1.16053,1.22952
1330,1.19945,1.24838
1331,1.17397,1.23676
1332,1.16916,1.23524
1333,1.16504,1.22314
1334,1.193,1.24391
1335,1.18196,1.22497
1336,1.18472,1.21672
1337,1.18729,1.24323
1338,1.18489,1.21881
1339,1.20242,1.2159
1340,1.22518,1.22524
1341,1.17815,1.23949
1342,1.20318,1.22462
1343,1.20152,1.22515
1344,1.18577,1.23499
1345,1.22193,1.24008
1346,1.21522,1.20442
1347,1.25096,1.21486
1348,1.22553,1.18903
1349,1.21898,1.19871
1350,1.25799,1.20928
1351,1.28347,1.18801
1352,1.27634,1.19749
1353,1.23486,1.21605
1354,1.22529,1.23351
1355,1.25539,1.23061
1356,1.22981,1.22246
1357,1.23131,1.23246
1358,1.24263,1.23384
1359,1.23467,1.21352
1360,1.25311,1.22142
1361,1.25311,1.22142
1362,1.25905,1.19633
1363,1.24043,1.22898
1364,1.20593,1.19554
1365,1.2466,1.22641
1366,1.24796,1.24103
1367,1.27686,1.2305
1368,1.2654,1.24247
1369,1.24708,1.2321
1370,1.25316,1.22692
1371,1.26757,1.20215
1372,1.2487,1.22139
1373,1.27939,1.21359
1374,1.28216,1.22421
1375,1.25083,1.22079
1376,1.27225,1.23759
1377,1.26966,1.22037
1378,1.27958,1.21547
1379,1.27775,1.21092
1380,1.25644,1.24326
1381,1.24416,1.27839
1382,1.2591,1.30329
1383,1.23544,1.32921
1384,1.21958,1.32756
1385,1.22195,1.30908
1386,1.2322,1.30852
1387,1.23564,1.31689
1388,1.22947,1.28557
1389,1.22883,1.29795
1390,1.22853,1.27823
1391,1.2338,1.27278
1392,1.26584,1.29913
1393,1.29965,1.27515
1394,1.30143,1.27093
1395,1.28269,1.26849
1396,1.26548,1.26487
1397,1.3019,1.28019
1398,1.25456,1.24529
1399,1.27416,1.27013
1400,1.27416,1.27013
1401,1.25412,1.256
1402,1.25412,1.256
1403,1.25034,1.24627
1404,1.24334,1.26153
1405,1.24334,1.26153
1406,1.25223,1.29253
1407,1.25223,1.29253
1408,1.24639,1.27234
1409,1.23465,1.26532
1410,1.27154,1.26766
1411,1.29436,1.25415
1412,1.302,1.26094
1413,1.29142,1.26074
1414,1.30103,1.2706
1415,1.27025,1.27611
1416,1.28799,1.29787
1417,1.28362,1.30357
1418,1.2845,1.29839
1419,1.26224,1.30948
1420,1.26214,1.30082
1421,1.28473,1.32048
1422,1.23698,1.35545
1423,1.23642,1.36066
1424,1.20167,1.34168
1425,1.20167,1.34168
1426,1.20167,1.34168
1427,1.19838,1.34258
1428,1.19709,1.33502
1429,1.2028,1.35101
1430,1.20113,1.34414
1431,1.17208,1.33998
1432,1.17785,1.32586
1433,1.16759,1.32054
1434,1.16279,1.32655
1435,1.16279,1.32655
1436,1.16277,1.32485
1437,1.16573,1.35484
1438,1.16905,1.37248
1439,1.15484,1.37107
1440,1.13521,1.3777
1441,1.17085,1.38393
1442,1.20339,1.36985
1443,1.20937,1.41303
1444,1.21048,1.39087
1445,1.24805,1.35333
1446,1.26085,1.36144
1447,1.22156,1.37399
1448,1.20258,1.35092
1449,1.20966,1.38438
1450,1.19828,1.39688
1451,1.22459,1.41915
1452,1.22151,1.40295
1453,1.22125,1.39701
1454,1.19699,1.39524
1455,1.1844,1.39872
1456,1.21035,1.35708
1457,1.19416,1.39851
1458,1.15671,1.38145
1459,1.15671,1.38145
1460,1.18541,1.38925
1461,1.18786,1.39918
1462,1.18786,1.39918
1463,1.17699,1.42569
1464,1.16542,1.4166
1465,1.18436,1.41461
1466,1.1591,1.42046
1467,1.17095,1.43493
1468,1.17095,1.43493
1469,1.17398,1.42863
1470,1.21288,1.40828
1471,1.20635,1.39393
1472,1.20635,1.39393
1473,1.20635,1.39393
1474,1.24438,1.39819
1475,1.22872,1.41016
1476,1.23661,1.40629
1477,1.25168,1.42993
1478,1.24723,1.44048
1479,1.26808,1.47495
1480,1.25656,1.5071
1481,1.25385,1.51409
1482,1.24755,1.49766
1483,1.24755,1.49766
1484,1.25562,1.50692
1485,1.25325,1.52799
1486,1.2514,1.48925
1487,1.30156,1.53822
1488,1.27913,1.49501
1489,1.26163,1.46708
1490,1.2583,1.45658
1491,1.25115,1.48179
1492,1.23521,1.44388
1493,1.2067,1.41249
1494,1.24101,1.42523
1495,1.21225,1.40751
1496,1.21351,1.38673
1497,1.21351,1.38673
1498,1.21123,1.42111
1499,1.213,1.43524
1500,1.22655,1.41455
1501,1.19407,1.41456
1502,1.21317,1.44059
1503,1.18398,1.44834
1504,1.17879,1.4253
1505,1.19071,1.43158
1506,1.18771,1.41506
1507,1.19975,1.39266
1508,1.2037,1.38799
1509,1.19787,1.37855
1510,1.1872,1.38248
1511,1.19853,1.39223
1512,1.22104,1.37163
1513,1.20804,1.36793
1514,1.21114,1.37332
1515,1.21114,1.37332
1516,1.19204,1.38899
1517,1.20354,1.41872
1518,1.18322,1.44007
1519,1.18303,1.44212
1520,1.16742,1.42364
1521,1.18167,1.41882
1522,1.1866,1.42804
1523,1.1875,1.41117
1524,1.21116,1.39414
1525,1.20143,1.38733
1526,1.19643,1.39413
1527,1.18977,1.40017
1528,1.18977,1.40017
1529,1.21786,1.34689
1530,1.24961,1.36986
1531,1.24837,1.31766
1532,1.23176,1.34475
1533,1.22075,1.35597
1534,1.22303,1.35955
1535,1.22539,1.36959
1536,1.24234,1.35633
1537,1.24876,1.35961
1538,1.26394,1.38521
1539,1.28045,1.38454
1540,1.28791,1.37773
1541,1.27134,1.36986
1542,1.2828,1.38533
1543,1.27704,1.37742
1544,1.26714,1.35776
1545,1.26811,1.38375
1546,1.28554,1.36137
1547,1.28203,1.34313
1548,1.29945,1.36768
1549,1.32218,1.37034
1550,1.30382,1.3522
1551,1.31185,1.34751
1552,1.29708,1.32835
1553,1.31972,1.34879
1554,1.28286,1.29849
1555,1.29008,1.3056
1556,1.29213,1.30045
1557,1.30521,1.29881
1558,1.30874,1.29414
1559,1.31309,1.3054
1560,1.31309,1.3054
1561,1.31305,1.2926
1562,1.30682,1.31474
1563,1.33096,1.29808
1564,1.32492,1.27001
1565,1.3461,1.28594
1566,1.31278,1.30049
1567,1.29932,1.30962
1568,1.30311,1.30932
1569,1.31852,1.29204
1570,1.28199,1.3388
1571,1.25559,1.32574
1572,1.25042,1.34566
1573,1.25554,1.36451
1574,1.27178,1.35402
1575,1.2732,1.35813
1576,1.26359,1.34774
1577,1.2849,1.31877
1578,1.29029,1.3155
1579,1.25981,1.29128
1580,1.30355,1.29277
1581,1.30709,1.25368
1582,1.30535,1.26573
1583,1.28179,1.27335
1584,1.28643,1.25915
1585,1.28739,1.26534
1586,1.27029,1.23754
1587,1.27328,1.25371
1588,1.27629,1.24664
1589,1.29068,1.24132
1590,1.2791,1.24069
1591,1.27946,1.20857
1592,1.27298,1.20619
1593,1.27555,1.21859
1594,1.25751,1.20581
1595,1.25495,1.21366
1596,1.25495,1.21366
1597,1.2464,1.22464
1598,1.2464,1.22464
1599,1.24161,1.23468
1600,1.23874,1.21385
1601,1.23874,1.21385
1602,1.24687,1.22935
1603,1.20144,1.22085
1604,1.20028,1.24531
1605,1.20478,1.23792
1606,1.23484,1.22528
1607,1.22991,1.21231
1608,1.2211,1.24315
1609,1.2314,1.23602
1610,1.24053,1.21148
1611,1.2524,1.21575
1612,1.25876,1.21125
1613,1.25913,1.22771
1614,1.24429,1.217
1615,1.23946,1.23917
1616,1.25414,1.21956
1617,1.26771,1.22071
1618,1.23199,1.21343
1619,1.25175,1.23772
1620,1.268,1.21068
1621,1.28049,1.21385
1622,1.25921,1.18961
1623,1.25614,1.21897
1624,1.2452,1.20767
1625,1.25917,1.21103
1626,1.26792,1.21101
1627,1.27504,1.17352
1628,1.27504,1.17352
1629,1.25098,1.17611
1630,1.26208,1.18723
1631,1.26208,1.18723
1632,1.27096,1.19377
1633,1.2635,1.19994
1634,1.26804,1.16647
1635,1.28257,1.15009
1636,1.26562,1.14264
1637,1.27958,1.12694
1638,1.29348,1.14223
1639,1.25814,1.14025
1640,1.26242,1.13437
1641,1.25315,1.13808
1642,1.26975,1.11643
1643,1.29181,1.10683
1644,1.28392,1.07831
1645,1.28966,1.10973
1646,1.26952,1.06732
1647,1.26722,1.07145
1648,1.25542,1.07584
1649,1.231,1.07047
1650,1.23116,1.07383
1651,1.22139,1.08035
1652,1.22544,1.09106
1653,1.24918,1.08416
1654,1.24704,1.09512
1655,1.23644,1.07574
1656,1.23385,1.10009
1657,1.22803,1.10838
1658,1.24018,1.10801
1659,1.25216,1.11694
1660,1.25648,1.0991
1661,1.28065,1.0887
1662,1.24411,1.08285
1663,1.27202,1.08796
1664,1.28798,1.08305
1665,1.31614,1.08333
1666,1.33257,1.08494
1667,1.28003,1.10252
1668,1.27186,1.10806
1669,1.25577,1.12423
1670,1.24321,1.10349
1671,1.25097,1.13124
1672,1.24355,1.11982
1673,1.26745,1.13801
1674,1.26469,1.12991
1675,1.24962,1.1511
1676,1.24559,1.14363
1677,1.24718,1.12825
1678,1.2776,1.11593
1679,1.26472,1.11354
1680,1.28829,1.10058
1681,1.25322,1.11494
1682,1.25431,1.11503
1683,1.25062,1.10723
1684,1.23957,1.12106
1685,1.22497,1.11419
1686,1.23362,1.12542
1687,1.25512,1.11469
1688,1.25795,1.12284
1689,1.26988,1.1162
1690,1.31351,1.10581
1691,1.31351,1.10581
1692,1.30082,1.08707
1693,1.30161,1.09292
1694,1.32979,1.0997
1695,1.30254,1.09784
1696,1.3019,1.11081
1697,1.3055,1.1102
1698,1.28955,1.11954
1699,1.31542,1.12293
1700,1.2885,1.13224
1701,1.27421,1.1523
1702,1.25498,1.13737
1703,1.26262,1.15686
1704,1.26262,1.15686
1705,1.26262,1.15686
1706,1.27528,1.15506
1707,1.29897,1.16127
1708,1.26965,1.15132
1709,1.28302,1.15382
1710,1.28302,1.15382
1711,1.29397,1.15387
1712,1.24426,1.16772
1713,1.26084,1.15901
1714,1.29124,1.14062
1715,1.33202,1.14372
1716,1.31294,1.14538
1717,1.31294,1.14538
1718,1.31555,1.14676
1719,1.30039,1.15939
1720,1.28666,1.16279
1721,1.32274,1.17607
1722,1.29491,1.18118
1723,1.3183,1.19322
1724,1.34805,1.18253
1725,1.34563,1.17947
1726,1.31504,1.1819
1727,1.29971,1.19706
1728,1.31219,1.20263
1729,1.33438,1.17916
1730,1.34223,1.19598
1731,1.34622,1.19446
1732,1.38076,1.19277
1733,1.36443,1.18678
1734,1.38488,1.20593
1735,1.41672,1.17154
1736,1.39936,1.18239
1737,1.40651,1.15327
1738,1.40563,1.15608
1739,1.40321,1.18553
1740,1.39669,1.1601
1741,1.39537,1.18116
1742,1.36695,1.16458
1743,1.3531,1.17255
1744,1.35872,1.16372
1745,1.37377,1.1651
1746,1.39205,1.13051
1747,1.42782,1.14068
1748,1.43245,1.14549
1749,1.43245,1.14549
1750,1.42302,1.14821
1751,1.42302,1.14821
1752,1.43471,1.16574
1753,1.41585,1.15932
1754,1.41585,1.15932
1755,1.41483,1.18076
1756,1.39925,1.14345
1757,1.39264,1.16323
1758,1.38362,1.15061
1759,1.39396,1.14907
1760,1.40839,1.13416
1761,1.37984,1.16427
1762,1.41181,1.16193
1763,1.36011,1.16206
1764,1.38416,1.14919
1765,1.38197,1.13125
1766,1.38436,1.15893
1767,1.3904,1.15553
1768,1.35008,1.14882
1769,1.3701,1.16781
1770,1.34311,1.15524
1771,1.3559,1.14435
1772,1.36342,1.14132
1773,1.38913,1.14007
1774,1.36468,1.13706
1775,1.36468,1.13706
1776,1.34558,1.11415
1777,1.3495,1.15072
1778,1.34312,1.12655
1779,1.37544,1.1309
1780,1.37262,1.10403
1781,1.39982,1.11488
1782,1.36372,1.10722
1783,1.39486,1.13622
1784,1.39486,1.13622
1785,1.41177,1.10701
1786,1.38367,1.13966
1787,1.3781,1.1147
1788,1.37125,1.12565
1789,1.37125,1.12565
1790,1.34826,1.11885
1791,1.34486,1.10471
1792,1.38123,1.1166
1793,1.3495,1.12896
1794,1.34493,1.12193
1795,1.35935,1.11398
1796,1.35799,1.11576
1797,1.34374,1.10494
1798,1.32544,1.11098
1799,1.35534,1.10556
1800,1.3298,1.08731
1801,1.30911,1.08887
1802,1.29522,1.08658
1803,1.29702,1.0925
1804,1.28725,1.08439
1805,1.28145,1.08515
1806,1.25895,1.0785
1807,1.25465,1.08846
1808,1.23176,1.08693
1809,1.2895,1.09344
1810,1.25384,1.07998
1811,1.29977,1.06355
1812,1.30418,1.05882
1813,1.28046,1.08054
1814,1.29393,1.06897
1815,1.30114,1.05973
1816,1.32512,1.08302
1817,1.33245,1.06862
1818,1.33245,1.06862
1819,1.3175,1.06412
1820,1.35449,1.05048
1821,1.33511,1.04752
1822,1.31344,1.05936
1823,1.31344,1.05936
1824,1.31316,1.05851
1825,1.31316,1.05851
1826,1.34798,1.0506
1827,1.35999,1.04794
1828,1.33301,1.07249
1829,1.34304,1.06817
1830,1.34304,1.06817
1831,1.33591,1.05819
1832,1.33588,1.08077
1833,1.33648,1.08963
1834,1.35966,1.0791
1835,1.35966,1.0791
1836,1.3476,1.07594
1837,1.33848,1.0794
1838,1.3531,1.08178
1839,1.34283,1.0789
1840,1.33397,1.07648
1841,1.32041,1.08144
1842,1.30696,1.09412
1843,1.29066,1.09251
1844,1.25861,1.09453
1845,1.27581,1.08992
1846,1.28727,1.0927
1847,1.29878,1.10146
1848,1.30532,1.08739
1849,1.30916,1.09229
1850,1.33432,1.09224
1851,1.33112,1.0877
1852,1.34277,1.09277
1853,1.33888,1.08585
1854,1.34535,1.08626
1855,1.34218,1.09435
1856,1.30562,1.10089
1857,1.33679,1.08281
1858,1.38974,1.089
1859,1.34773,1.07424
1860,1.32326,1.08038
1861,1.332,1.08451
1862,1.31746,1.07244
1863,1.33895,1.08999
1864,1.32198,1.08397
1865,1.33685,1.08702
1866,1.32024,1.06336
1867,1.32978,1.07147
1868,1.33138,1.0652
1869,1.30331,1.07643
1870,1.35458,1.07244
1871,1.33934,1.05619
1872,1.39515,1.07971
1873,1.41398,1.05775
1874,1.4099,1.08015
1875,1.37484,1.06398
1876,1.38112,1.08284
1877,1.37027,1.07267
1878,1.35962,1.08149
1879,1.35794,1.08453
1880,1.3551,1.0914
1881,1.35189,1.09433
1882,1.34721,1.09827
1883,1.358,1.09234
1884,1.37909,1.09634
1885,1.39691,1.08588
1886,1.39791,1.07967
1887,1.39791,1.07967
1888,1.43584,1.08466
1889,1.38448,1.07949
1890,1.41526,1.08171
1891,1.41526,1.08171
1892,1.3324,1.09607
1893,1.3152,1.09691
1894,1.29534,1.08968
1895,1.30759,1.09298
1896,1.3189,1.08466
1897,1.32295,1.08263
1898,1.30083,1.09585
1899,1.26141,1.08703
1900,1.26986,1.10214
1901,1.25741,1.08527
1902,1.27166,1.09701
1903,1.29677,1.07561
1904,1.3186,1.0658
1905,1.31568,1.0692
1906,1.325,1.07014
1907,1.30085,1.05155
1908,1.30688,1.07794
1909,1.29055,1.08046
1910,1.28254,1.07717
1911,1.23795,1.08595
1912,1.23795,1.08595
1913,1.23795,1.08595
1914,1.22236,1.08857
1915,1.2401,1.08647
1916,1.22689,1.08325
1917,1.27817,1.08724
1918,1.25284,1.07107
1919,1.21794,1.09695
1920,1.21794,1.09695
1921,1.21794,1.09695
1922,1.22011,1.0837
1923,1.24636,1.085
1924,1.2452,1.08146
1925,1.23127,1.09164
1926,1.23127,1.09164
1927,1.24851,1.07639
1928,1.22298,1.0996
1929,1.21251,1.09432
1930,1.23542,1.09206
1931,1.22335,1.07106
1932,1.21119,1.10202
1933,1.18256,1.08305
1934,1.23742,1.09322
1935,1.23106,1.07552
1936,1.21556,1.09558
1937,1.21284,1.07758
1938,1.2445,1.08504
1939,1.21422,1.07834
1940,1.27718,1.0773
1941,1.26803,1.087
1942,1.28516,1.0774
1943,1.27643,1.07522
1944,1.2696,1.09645
1945,1.2733,1.07472
1946,1.25353,1.09969
1947,1.22805,1.08106
1948,1.23915,1.08824
1949,1.24694,1.07873
1950,1.22824,1.09035
1951,1.22142,1.08396
1952,1.18768,1.0971
1953,1.1765,1.10913
1954,1.14746,1.10208
1955,1.15641,1.09582
1956,1.16553,1.09835
1957,1.15715,1.10906
1958,1.13409,1.10252
1959,1.14432,1.11993
1960,1.1229,1.11746
1961,1.1294,1.12559
1962,1.1294,1.12559
1963,1.08411,1.11092
1964,1.10556,1.1228
1965,1.09228,1.10751
1966,1.1256,1.12619
1967,1.10612,1.11437
1968,1.08042,1.12558
1969,1.07738,1.11577
1970,1.06833,1.12581
1971,1.04898,1.1227
1972,1.03935,1.13124
1973,1.02738,1.1471
1974,1.06185,1.1455
1975,1.06939,1.15692
1976,1.07,1.14367
1977,1.094,1.14312
1978,1.0912,1.13863
1979,1.08907,1.12589
1980,1.08683,1.14713
1981,1.08683,1.14713
1982,1.09882,1.11808
1983,1.12547,1.12603
1984,1.12547,1.12603
1985,1.12593,1.10776
1986,1.14884,1.10468
1987,1.16557,1.09165
1988,1.15462,1.0864
1989,1.14769,1.11036
1990,1.1796,1.0834
1991,1.21146,1.08909
1992,1.22423,1.07791
1993,1.2078,1.07555
1994,1.2205,1.08641
1995,1.20248,1.08115
1996,1.20829,1.07207
1997,1.22667,1.07378
1998,1.24142,1.06103
1999,1.24595,1.06232
2000,1.24475,1.06873
2001,1.21483,1.06704
2002,1.21958,1.05874
2003,1.19025,1.07918
2004,1.1927,1.0532
2005,1.2158,1.05532
2006,1.2285,1.0519
2007,1.24565,1.05459
2008,1.23553,1.05109
2009,1.24298,1.0605
2010,1.19067,1.07793
2011,1.19067,1.07793
2012,1.19975,1.06409
2013,1.20697,1.06204
2014,1.17509,1.06518
2015,1.17572,1.06483
2016,1.19064,1.05889
2017,1.17149,1.07084
2018,1.17401,1.06612
2019,1.18182,1.07017
2020,1.19635,1.07107
2021,1.16705,1.07657
2022,1.16247,1.08546
2023,1.15713,1.07732
2024,1.1234,1.08378
2025,1.12132,1.07991
2026,1.13905,1.07307
2027,1.18112,1.07605
2028,1.1768,1.06358
2029,1.20316,1.06733
2030,1.22008,1.06455
2031,1.17066,1.06884
2032,1.16875,1.06688
2033,1.13913,1.09015
2034,1.14919,1.07476
2035,1.16789,1.06843
2036,1.20831,1.06904
2037,1.18046,1.06402
2038,1.18067,1.07597
2039,1.18067,1.07597
2040,1.1743,1.07263
2041,1.19371,1.07728
2042,1.19371,1.07728
2043,1.1968,1.06762
2044,1.17621,1.06836
2045,1.18699,1.07506
2046,1.13193,1.07052
2047,1.13892,1.08466
2048,1.13892,1.08466
2049,1.15869,1.06873
2050,1.12735,1.0696
2051,1.16075,1.06533
2052,1.19999,1.06479
2053,1.1845,1.05211
2054,1.17755,1.0669
2055,1.18678,1.07828
2056,1.18678,1.07828
2057,1.1544,1.07377
2058,1.13813,1.07972
2059,1.10783,1.08813
2060,1.12336,1.08281
2061,1.11365,1.08475
2062,1.12586,1.10176
2063,1.14496,1.08459
2064,1.1708,1.08554
2065,1.14754,1.07016
2066,1.13846,1.06423
2067,1.14421,1.08504
2068,1.14525,1.0707
2069,1.12649,1.07025
2070,1.12483,1.08811
2071,1.11439,1.08516
2072,1.09932,1.09421
2073,1.10945,1.09818
2074,1.11113,1.0872
2075,1.11113,1.0872
2076,1.11113,1.0872
2077,1.13667,1.09464
2078,1.14799,1.06736
2079,1.13894,1.0994
2080,1.12568,1.08615
2081,1.12123,1.08174
2082,1.10351,1.10119
2083,1.0999,1.10425
2084,1.07752,1.09135
2085,1.11255,1.09683
2086,1.12366,1.09998
2087,1.1137,1.09798
2088,1.0683,1.09243
2089,1.06041,1.10415
2090,1.03015,1.10233
2091,1.05408,1.11656
2092,1.05754,1.109
2093,1.0383,1.12671
2094,1.06064,1.11297
2095,1.07054,1.1195
2096,1.06956,1.11064
2097,1.05656,1.12547
2098,1.05191,1.1129
2099,1.05191,1.1129
2100,1.04663,1.12869
2101,1.01904,1.10745
2102,1.04155,1.10552
2103,1.01433,1.10535
2104,1.01425,1.1148
2105,0.996205,1.12057
2106,0.980776,1.14324
2107,0.96616,1.12417
2108,0.968478,1.13086
2109,0.993544,1.11968
2110,1.03522,1.10778
2111,1.02943,1.1044
2112,1.03316,1.11565
2113,1.00413,1.12989
2114,1.00833,1.12455
2115,1.02439,1.11336
2116,1.04013,1.12843
2117,1.02564,1.12825
2118,1.0341,1.11913
2119,1.00754,1.12588
2120,1.02153,1.13089
2121,0.973376,1.13124
2122,0.967214,1.1462
2123,0.954704,1.13251
2124,0.985706,1.13914
2125,0.991805,1.1412
2126,0.984728,1.1387
2127,0.99706,1.1237
2128,0.994852,1.13259
2129,1.00154,1.11672
2130,1.02452,1.1229
2131,1.02493,1.12385
2132,1.00253,1.12122
2133,1.00911,1.12827
2134,1.03478,1.13242
2135,1.03909,1.11591
2136,1.03856,1.12807
2137,1.05085,1.114
2138,1.06147,1.11868
2139,1.07535,1.12704
2140,1.07612,1.113
2141,1.0661,1.13167
2142,1.03318,1.12135
2143,1.04083,1.13232
2144,1.06577,1.11903
2145,1.07003,1.1255
2146,1.0517,1.10912
2147,1.07587,1.14341
2148,1.0617,1.11695
2149,1.08018,1.12601
2150,1.0996,1.11996
2151,1.1104,1.11214
2152,1.1031,1.13204
2153,1.11964,1.12912
2154,1.11832,1.12699
2155,1.0872,1.126
2156,1.10031,1.12869
2157,1.08622,1.12271
2158,1.10497,1.138
2159,1.0887,1.11519
2160,1.11799,1.12523
2161,1.06924,1.11433
2162,1.04849,1.14025
2163,1.04458,1.14166
2164,1.06428,1.14085
2165,1.08727,1.13833
2166,1.10714,1.12885
2167,1.08927,1.12561
2168,1.057,1.10841
2169,1.06559,1.12972
2170,1.10373,1.11668
2171,1.11296,1.12755
2172,1.11412,1.12237
2173,1.10495,1.13702
2174,1.08115,1.13676
2175,1.09632,1.13741
2176,1.11323,1.15281
2177,1.09614,1.15286
2178,1.13167,1.14187
2179,1.13466,1.14765
2180,1.11216,1.14407
2181,1.1114,1.15366
2182,1.10711,1.15209
2183,1.12274,1.14927
2184,1.11209,1.13642
2185,1.10394,1.14375
2186,1.1247,1.14235
2187,1.12608,1.1518
2188,1.12325,1.14268
2189,1.11774,1.15155
2190,1.10515,1.15534
2191,1.09619,1.15864
2192,1.07901,1.16952
2193,1.10575,1.17746
2194,1.0628,1.16093
2195,1.0628,1.16093
2196,1.09747,1.16707
2197,1.13906,1.16747
2198,1.12537,1.15756
2199,1.10038,1.16793
2200,1.14716,1.16987
2201,1.10572,1.15372
2202,1.09587,1.17843
2203,1.07419,1.17047
2204,1.08077,1.16342
2205,1.11846,1.1684
2206,1.06189,1.16024
2207,1.07997,1.18563
2208,1.07482,1.16959
2209,1.11893,1.18798
2210,1.10514,1.16732
2211,1.07904,1.16228
2212,1.07897,1.17232
2213,1.08319,1.15299
2214,1.0754,1.15752
2215,1.08806,1.14561
2216,1.09561,1.14247
2217,1.0969,1.15222
2218,1.06594,1.15328
2219,1.09887,1.15047
2220,1.09906,1.15209
2221,1.10477,1.1418
2222,1.12962,1.131
2223,1.10676,1.14343
2224,1.13067,1.14451
2225,1.12006,1.14479
2226,1.14727,1.14278
2227,1.13743,1.14534
2228,1.13819,1.14044
2229,1.13819,1.14044
2230,1.14162,1.13573
2231,1.14493,1.14025
2232,1.15918,1.14925
2233,1.17814,1.14276
2234,1.18192,1.14073
2235,1.20678,1.13955
2236,1.16714,1.14618
2237,1.17663,1.13819
2238,1.15362,1.15529
2239,1.1449,1.13919
2240,1.15963,1.13904
2241,1.1515,1.14697
2242,1.13763,1.13786
2243,1.14007,1.15923
2244,1.1225,1.14303
2245,1.12627,1.14917
2246,1.10302,1.16321
2247,1.09013,1.14277
2248,1.10073,1.1672
2249,1.10375,1.15787
2250,1.13929,1.15627
2251,1.1154,1.14839
2252,1.1154,1.14839
2253,1.1323,1.15118
2254,1.11518,1.1402
2255,1.11123,1.14967
2256,1.14138,1.14756
2257,1.1604,1.12562
2258,1.13758,1.13753
2259,1.16583,1.13578
2260,1.17825,1.11679
2261,1.20314,1.11386
2262,1.21212,1.11177
2263,1.18763,1.11446
2264,1.17484,1.1128
2265,1.15771,1.11816
2266,1.15126,1.11373
2267,1.12757,1.13368
2268,1.13594,1.12031
2269,1.14789,1.11699
2270,1.15521,1.10666
2271,1.19573,1.11703
2272,1.2099,1.1012
2273,1.21182,1.11567
2274,1.21182,1.11567
2275,1.20241,1.11514
2276,1.24222,1.10781
2277,1.24613,1.10084
2278,1.26117,1.09269
2279,1.27131,1.10446
2280,1.23516,1.09463
2281,1.26989,1.09924
2282,1.26989,1.09924
2283,1.26989,1.09924
2284,1.26985,1.08261
2285,1.28856,1.09448
2286,1.28472,1.08663
2287,1.31242,1.07959
2288,1.28074,1.08678
2289,1.27529,1.08812
2290,1.27529,1.08812
2291,1.28833,1.09314
2292,1.2817,1.08395
2293,1.28914,1.08294
2294,1.32276,1.0773
2295,1.35052,1.07685
2296,1.34373,1.07036
2297,1.34097,1.05837
2298,1.32256,1.07071
2299,1.32947,1.08235
2300,1.34636,1.05463
2301,1.37189,1.07384
2302,1.32977,1.08163
2303,1.34082,1.07998
2304,1.33804,1.08492
2305,1.31986,1.07771
2306,1.31986,1.07771
2307,1.2939,1.07711
2308,1.2941,1.07966
2309,1.31582,1.07927
2310,1.34384,1.07018
2311,1.34062,1.07284
2312,1.37468,1.05787
2313,1.38633,1.04864
2314,1.38109,1.04369
2315,1.37377,1.05016
2316,1.36787,1.05531
2317,1.37302,1.06498
2318,1.37245,1.07687
2319,1.37095,1.0746
2320,1.36641,1.07468
2321,1.38605,1.08086
2322,1.39563,1.08161
2323,1.4017,1.08818
2324,1.4017,1.08818
2325,1.37439,1.08411
2326,1.37439,1.08411
2327,1.40201,1.07594
2328,1.46493,1.06951
2329,1.46493,1.06951
2330,1.46493,1.06951
2331,1.43707,1.08081
2332,1.41124,1.08621
2333,1.41124,1.08621
2334,1.4084,1.07545
2335,1.43607,1.07167
2336,1.43607,1.07167
2337,1.4305,1.05772
2338,1.44305,1.05883
2339,1.47442,1.07758
2340,1.43886,1.07592
2341,1.4222,1.08505
2342,1.39588,1.08318
2343,1.44188,1.07093
2344,1.40604,1.07209
2345,1.40997,1.0807
2346,1.35935,1.08336
2347,1.3604,1.09368
2348,1.3412,1.0851
2349,1.35667,1.085
2350,1.37412,1.09557
2351,1.36,1.09462
2352,1.39154,1.0929
2353,1.39749,1.08626
2354,1.37825,1.08911
2355,1.36567,1.11269
2356,1.3547,1.10521
2357,1.38338,1.11326
2358,1.36446,1.10334
2359,1.33883,1.10108
2360,1.30385,1.11093
2361,1.26141,1.12796
2362,1.24402,1.12093
2363,1.21653,1.1273
2364,1.25,1.12444
2365,1.24853,1.13108
2366,1.25225,1.13971
2367,1.23159,1.12416
2368,1.24907,1.12916
2369,1.23458,1.11643
2370,1.23458,1.11643
2371,1.23534,1.12798
2372,1.22628,1.13256
2373,1.19124,1.12381
2374,1.19428,1.15252
2375,1.16282,1.12886
2376,1.168,1.1476
2377,1.16552,1.12303
2378,1.18064,1.1259
2379,1.18384,1.12267
2380,1.20589,1.11895
2381,1.2149,1.11834
2382,1.24907,1.12055
2383,1.25817,1.11437
2384,1.26158,1.10581
2385,1.26158,1.10581
2386,1.26355,1.1005
2387,1.2615,1.08923
2388,1.33097,1.0993
2389,1.32336,1.09531
2390,1.31939,1.11049
2391,1.35059,1.09136
2392,1.35641,1.10012
2393,1.32894,1.0838
2394,1.35318,1.10057
2395,1.30128,1.08277
2396,1.25968,1.09907
2397,1.28143,1.11572
2398,1.30013,1.08277
2399,1.33093,1.09773
2400,1.30629,1.08986
2401,1.32123,1.10081
2402,1.29475,1.10294
2403,1.30155,1.09252
2404,1.30888,1.08673
2405,1.30165,1.0922
2406,1.27877,1.08132
2407,1.3457,1.07402
2408,1.36817,1.07231
2409,1.33601,1.07223
2410,1.32165,1.07587
2411,1.34376,1.05354
2412,1.35524,1.05769
2413,1.34804,1.05308
2414,1.36761,1.05167
2415,1.3626,1.05843
2416,1.36608,1.05591
2417,1.34396,1.06393
2418,1.35759,1.04218
2419,1.38943,1.06885
2420,1.36124,1.03398
2421,1.40874,1.05294
2422,1.43986,1.03529
2423,1.44405,1.02839
2424,1.47767,1.03153
2425,1.47767,1.03153
2426,1.45889,1.03688
2427,1.42945,1.04611
2428,1.44451,1.03126
2429,1.37827,1.05111
2430,1.42547,1.0327
2431,1.43358,1.04051
2432,1.45201,1.0301
2433,1.45443,1.0276
2434,1.42542,1.02797
2435,1.41689,1.03757
2436,1.4771,1.02235
2437,1.45963,1.01774
2438,1.4518,1.02499
2439,1.45994,1.00724
2440,1.46036,1.01561
2441,1.49005,1.0031
2442,1.50421,0.996828
2443,1.51218,0.997526
2444,1.48819,0.98909
2445,1.49194,1.0038
2446,1.44687,0.988748
2447,1.51006,0.999434
2448,1.50645,0.969199
2449,1.51783,0.979534
2450,1.51168,0.961261
2451,1.5636,0.970439
2452,1.5636,0.970439
2453,1.57715,0.965953
2454,1.57419,0.948631
2455,1.60861,0.952002
2456,1.59974,0.927551
2457,1.61288,0.944553
2458,1.56716,0.937724
2459,1.62478,0.942726
2460,1.62478,0.942726
2461,1.60813,0.933194
2462,1.60571,0.935253
2463,1.56775,0.950427
2464,1.56441,0.938458
2465,1.58435,0.964622
2466,1.5765,0.956151
2467,1.5765,0.956151
2468,1.59189,0.959379
2469,1.5846,0.9412
2470,1.62071,0.944568
2471,1.61104,0.936977
2472,1.59428,0.929119
2473,1.61013,0.940294
2474,1.62556,0.940702
2475,1.61,0.929187
2476,1.60271,0.945564
2477,1.59385,0.945312
2478,1.6266,0.95852
2479,1.6266,0.95852
2480,1.60004,0.949673
2481,1.58977,0.961886
2482,1.56435,0.966715
2483,1.56879,0.956614
2484,1.56854,0.962314
2485,1.58503,0.964521
2486,1.58527,0.960517
2487,1.59346,0.958701
2488,1.60218,0.970917
2489,1.61257,0.938458
2490,1.61257,0.938458
2491,1.59731,0.969352
2492,1.59731,0.969352
2493,1.60795,0.942909
2494,1.58935,0.936636
2495,1.62111,0.948112
2496,1.60329,0.946928
2497,1.59637,0.949788
2498,1.59637,0.949788
2499,1.5853,0.968083
2500,1.58376,0.97095
2501,1.60544,0.970332
2502,1.61472,0.971239
2503,1.66675,0.969119
2504,1.66636,0.946855
2505,1.65389,0.979283
2506,1.63968,0.979749
2507,1.6424,0.975934
2508,1.61554,0.994434
2509,1.60841,0.960159
2510,1.62905,0.991027
2511,1.58538,0.973503
2512,1.61394,0.985913
2513,1.59769,0.982328
2514,1.60777,0.978781
2515,1.61201,0.98939
2516,1.61162,0.986891
2517,1.59299,1.00054
2518,1.57851,1.00544
2519,1.57662,1.00528
2520,1.57772,1.00735
2521,1.57772,1.00735
2522,1.58763,0.996895
2523,1.62751,0.978366
2524,1.64758,0.962263
2525,1.60884,0.981384
2526,1.60884,0.981384
2527,1.58695,0.978397
2528,1.58499,1.00346
2529,1.58499,1.00346
2530,1.59027,0.965118
2531,1.6099,0.977875
2532,1.5833,0.974341
2533,1.57673,0.981357
2534,1.57911,0.968448
2535,1.54235,0.978906
2536,1.57177,0.969216
2537,1.57523,0.985925
2538,1.57928,0.975202
2539,1.57928,0.975202
2540,1.57249,0.971892
2541,1.58093,0.976351
2542,1.52888,1.01698
2543,1.50761,1.01006
2544,1.48611,1.03938
2545,1.52801,1.01902
2546,1.56877,1.0179
2547,1.56877,1.0179
2548,1.52907,1.0248
2549,1.56661,1.00086
2550,1.56661,1.00086
2551,1.59107,1.0198
2552,1.56724,1.00298
2553,1.55764,1.02466
2554,1.5516,1.01293
2555,1.58353,1.00485
2556,1.55541,1.0195
2557,1.55784,0.991088
2558,1.59046,1.01722
2559,1.59046,1.01722
2560,1.53639,1.02166
2561,1.55052,1.04558
2562,1.54318,1.02766
2563,1.57122,1.02254
2564,1.6124,1.00721
2565,1.62978,1.0052
2566,1.61858,1.00401
2567,1.63984,1.01851
2568,1.63984,1.01851
2569,1.60985,1.01628
2570,1.57367,1.02794
2571,1.5424,1.01487
2572,1.55427,1.01663
2573,1.55427,1.01663
2574,1.56236,0.995322
2575,1.55128,1.00139
2576,1.56409,1.00048
2577,1.60003,1.00322
2578,1.62694,0.983032
2579,1.61429,0.972374
2580,1.59972,0.987096
2581,1.59981,0.981791
2582,1.5954,0.988177
2583,1.62209,0.988001
2584,1.57557,1.00042
2585,1.61966,1.00415
2586,1.6106,0.986191
2587,1.65321,0.998758
2588,1.63942,0.980204
2589,1.64794,0.991136
2590,1.64794,0.991136
2591,1.60288,0.996895
2592,1.57552,1.00607
2593,1.60496,1.00878
2594,1.60496,1.00878
2595,1.60484,1.00569
2596,1.60313,1.01461
2597,1.60313,1.01461
2598,1.59857,1.00819
2599,1.60392,1.01541
2600,1.6022,1.03101
2601,1.59772,1.00812
2602,1.60155,1.00336
2603,1.64227,0.998476
2604,1.64227,0.998476
2605,1.62924,1.0037
2606,1.65401,0.985277
2607,1.61261,1.00508
2608,1.63688,0.991971
2609,1.62266,0.991997
2610,1.62266,0.991997
2611,1.64068,1.00126
2612,1.62833,0.984036
2613,1.66736,0.983634
2614,1.69139,0.980666
2615,1.66717,0.991735
2616,1.67516,0.979591
2617,1.66174,0.967811
2618,1.64265,0.990191
2619,1.61057,1.00532
2620,1.61986,1.00002
2621,1.63778,0.999909
2622,1.67332,0.976543
2623,1.64112,0.99346
2624,1.64112,0.99346
2625,1.64112,0.99346
2626,1.64731,0.978835
2627,1.61536,0.98543
2628,1.6111,0.979741
2629,1.62805,0.994638
2630,1.62805,0.994638
2631,1.59508,0.983495
2632,1.61652,0.97656
2633,1.63133,0.966886
2634,1.63482,0.97075
2635,1.60384,0.958089
2636,1.61055,0.974521
2637,1.54783,0.9859
2638,1.54783,0.9859
2639,1.57986,0.98224
2640,1.56961,0.979793
2641,1.52692,0.998723
2642,1.54975,1.00136
2643,1.54612,0.992451
2644,1.5373,1.0035
2645,1.517,1.00101
2646,1.54892,1.00668
2647,1.58294,0.993806
2648,1.58132,1.00466
2649,1.58063,0.999831
2650,1.58342,1.00728
2651,1.6092,0.98495
2652,1.61299,0.997394
2653,1.5928,1.0175
2654,1.59475,1.01257
2655,1.60496,1.00161
2656,1.64455,1.00111
2657,1.64813,1.00952
2658,1.6445,1.00242
2659,1.59361,1.01497
2660,1.58596,1.01811
2661,1.56152,1.01673
2662,1.5482,1.03761
2663,1.48485,1.04685
2664,1.50315,1.03063
2665,1.47774,1.03459
2666,1.47191,1.04532
2667,1.48232,1.05703
2668,1.48232,1.05703
2669,1.4865,1.05993
2670,1.44132,1.05844
2671,1.49651,1.04232
2672,1.52942,1.04267
2673,1.54789,1.02611
2674,1.53714,1.0244
2675,1.54045,1.03273
2676,1.4957,1.04348
2677,1.49948,1.04886
2678,1.50792,1.03509
2679,1.48361,1.03354
2680,1.49891,1.04117
2681,1.5068,1.01758
2682,1.55649,1.0186
2683,1.57303,1.02764
2684,1.55884,1.00953
2685,1.57862,1.00382
2686,1.59083,1.01022
2687,1.59083,1.01022
2688,1.56125,0.996308
2689,1.59453,1.0032
2690,1.5477,1.01477
2691,1.58539,1.02003
2692,1.59962,1.00204
2693,1.65041,0.990607
2694,1.61779,0.987811
2695,1.62214,1.00469
2696,1.62917,0.975889
2697,1.63691,0.993316
2698,1.65193,0.985357
2699,1.63747,0.999398
2700,1.6171,0.994514
2701,1.61007,0.992964
2702,1.61655,1.02068
2703,1.6251,1.00031
2704,1.62518,1.01899
2705,1.59792,1.01702
2706,1.58105,1.00198
2707,1.54865,1.01689
2708,1.51468,1.03697
2709,1.52157,1.03504
2710,1.5318,1.03849
2711,1.51818,1.03242
2712,1.55299,1.01504
2713,1.53556,0.998176
2714,1.53425,1.00549
2715,1.51827,1.03229
2716,1.49304,1.03723
2717,1.49376,1.04086
2718,1.45137,1.05855
2719,1.46855,1.05232
2720,1.44645,1.06555
2721,1.46815,1.05684
2722,1.45127,1.06351
2723,1.39651,1.04728
2724,1.40107,1.0768
2725,1.40107,1.0768
2726,1.38877,1.04888
2727,1.43484,1.05802
2728,1.43508,1.04282
2729,1.415,1.03993
2730,1.40301,1.06795
2731,1.41642,1.04118
2732,1.43515,1.05427
2733,1.39842,1.04694
2734,1.45905,1.05571
2735,1.44732,1.05772
2736,1.46449,1.05165
2737,1.47299,1.04575
2738,1.50843,1.05714
2739,1.4961,1.05654
2740,1.49649,1.04784
2741,1.48512,1.05705
2742,1.50761,1.05711
2743,1.50439,1.04513
2744,1.47402,1.05932
2745,1.4839,1.05308
2746,1.46988,1.07706
2747,1.43533,1.05317
2748,1.47651,1.06856
2749,1.47697,1.04658
2750,1.49695,1.04016
2751,1.49695,1.04016
2752,1.48674,1.03388
2753,1.5115,1.01933
2754,1.51119,1.03889
2755,1.48372,1.03868
2756,1.48555,1.03772
2757,1.46783,1.0413
2758,1.46634,1.03362
2759,1.4667,1.04339
2760,1.44107,1.04231
2761,1.47064,1.046
2762,1.47064,1.046
2763,1.47668,1.03816
2764,1.47668,1.03816
2765,1.50249,1.039
2766,1.49033,1.0244
2767,1.51504,1.03296
2768,1.51504,1.03296
2769,1.52046,1.00178
2770,1.5168,1.02255
2771,1.50279,1.02014
2772,1.4856,1.03218
2773,1.47197,1.03644
2774,1.46829,1.02936
2775,1.49723,1.02326
2776,1.49723,1.02326
2777,1.45649,1.00831
2778,1.50717,1.01269
2779,1.5188,0.997244
2780,1.51873,1.01175
2781,1.51873,1.01175
2782,1.50125,1.01984
2783,1.4683,1.02973
2784,1.45295,1.02346
2785,1.45638,1.0206
2786,1.44775,1.02792
2787,1.41406,1.03025
2788,1.4553,1.02852
2789,1.43575,1.02781
2790,1.43575,1.02781
2791,1.46453,1.02969
2792,1.47684,1.00667
2793,1.47814,1.02542
2794,1.41626,1.03794
2795,1.41441,1.04755
2796,1.41441,1.04755
2797,1.39249,1.03783
2798,1.43427,1.03599
2799,1.38462,1.04533
2800,1.35479,1.05836
2801,1.39703,1.06384
2802,1.37554,1.05446
2803,1.39059,1.05717
2804,1.37719,1.08164
2805,1.40523,1.06455
2806,1.40523,1.06455
2807,1.38588,1.05457
2808,1.37726,1.06151
2809,1.38494,1.05819
2810,1.37549,1.05593
2811,1.41466,1.0554
2812,1.38469,1.04573
2813,1.39169,1.04582
2814,1.39923,1.0355
2815,1.42007,1.03875
2816,1.43269,1.03973
2817,1.43122,1.02216
2818,1.43457,1.03133
2819,1.44023,1.02001
2820,1.45805,1.00776
2821,1.47465,1.00182
2822,1.47465,1.00182
2823,1.47465,1.00182
2824,1.48107,1.01035
2825,1.48107,1.01035
2826,1.52181,0.976799
2827,1.54122,0.97997
2828,1.56321,0.965885
2829,1.55434,0.968964
2830,1.55434,0.968964
2831,1.53157,0.987318
2832,1.48703,0.980837
2833,1.49983,0.981407
2834,1.48318,0.989552
2835,1.47118,0.995487
2836,1.43744,0.99804
2837,1.4873,0.991594
2838,1.4945,0.976581
2839,1.49418,0.956864
2840,1.48807,0.967776
2841,1.51251,0.974263
2842,1.47208,0.970301
2843,1.4789,0.988229
2844,1.45842,0.988509
2845,1.47227,1.00178
2846,1.47227,1.00178
2847,1.43707,1.00596
2848,1.46181,1.00525
2849,1.48353,0.981213
2850,1.49349,0.996478
2851,1.46291,0.983218
2852,1.4247,1.00196
2853,1.4247,1.00196
2854,1.44873,0.992157
2855,1.44873,0.992157
2856,1.4046,1.00318
2857,1.41615,1.00553
2858,1.45981,0.997241
2859,1.4357,1.00585
2860,1.43343,0.996827
2861,1.43385,1.00841
2862,1.43213,1.00039
2863,1.3935,1.02244
2864,1.37308,1.01382
2865,1.40956,1.02439
2866,1.34956,1.01145
2867,1.38958,1.01984
2868,1.38827,1.01878
2869,1.30881,1.02731
2870,1.32489,1.03797
2871,1.30842,1.03546
2872,1.31292,1.04674
2873,1.30052,1.04106
2874,1.28775,1.0509
2875,1.28071,1.05498
2876,1.27418,1.05442
2877,1.28626,1.06054
2878,1.29973,1.06055
2879,1.32371,1.04389
2880,1.3083,1.05361
2881,1.345,1.06278
2882,1.32776,1.0598
2883,1.35829,1.05761
2884,1.36375,1.06075
2885,1.36561,1.06697
2886,1.35729,1.05626
2887,1.36433,1.06833
2888,1.3719,1.05926
2889,1.35627,1.06515
2890,1.35627,1.06515
2891,1.35627,1.06515
2892,1.34913,1.08306
2893,1.31971,1.07711
2894,1.31914,1.0795
2895,1.2713,1.07609
2896,1.27419,1.09481
2897,1.26388,1.0776
2898,1.26775,1.09779
2899,1.24303,1.08383
2900,1.28288,1.09836
2901,1.30017,1.09377
2902,1.31222,1.09817
2903,1.27891,1.08842
2904,1.29029,1.09203
2905,1.29467,1.09756
2906,1.2376,1.09374
2907,1.25698,1.11637
2908,1.23282,1.10213
2909,1.23615,1.10671
2910,1.23522,1.10688
2911,1.23522,1.10688
2912,1.26405,1.10645
2913,1.26143,1.09934
2914,1.2791,1.08945
2915,1.27394,1.09066
2916,1.26224,1.08808
2917,1.24459,1.11086
2918,1.26976,1.11454
2919,1.26402,1.11638
2920,1.26213,1.1168
2921,1.26353,1.12087
2922,1.25935,1.1278
2923,1.26975,1.11916
2924,1.27494,1.12952
2925,1.28756,1.11391
2926,1.26598,1.11767
2927,1.26198,1.11294
2928,1.27916,1.10424
2929,1.30167,1.11868
2930,1.29208,1.09303
2931,1.34198,1.09521
2932,1.33023,1.07927
2933,1.37669,1.09611
2934,1.36505,1.08233
2935,1.36798,1.10431
2936,1.33052,1.09845
2937,1.33052,1.09845
2938,1.36426,1.10446
2939,1.35722,1.09363
2940,1.34237,1.09676
2941,1.33426,1.12422
2942,1.36412,1.08926
2943,1.35707,1.10381
2944,1.34288,1.08928
2945,1.32561,1.11854
2946,1.29927,1.09371
2947,1.27304,1.11643
2948,1.27278,1.11639
2949,1.28528,1.11441
2950,1.29489,1.1309
2951,1.27219,1.1258
2952,1.29068,1.11608
2953,1.31454,1.12625
2954,1.31093,1.11806
2955,1.31093,1.11806
2956,1.32133,1.14732
2957,1.33949,1.14162
2958,1.32791,1.12431
2959,1.33256,1.142
2960,1.32024,1.13341
2961,1.32011,1.14217
2962,1.32011,1.14217
2963,1.28275,1.14154
2964,1.28902,1.12753
2965,1.33426,1.13135
2966,1.33426,1.13135
2967,1.35342,1.10828
2968,1.36983,1.11693
2969,1.38443,1.11048
2970,1.41387,1.11664
2971,1.37165,1.11329
2972,1.36542,1.1302
2973,1.37819,1.11184
2974,1.39263,1.10099
2975,1.41534,1.11635
2976,1.41534,1.11635
2977,1.41534,1.11635
2978,1.41534,1.11635
2979,1.37538,1.10827
2980,1.37347,1.1236
2981,1.33997,1.1154
2982,1.28649,1.12695
2983,1.26811,1.15813
2984,1.25919,1.15706
2985,1.24397,1.14307
2986,1.22945,1.14604
2987,1.24144,1.14993
2988,1.2605,1.1389
2989,1.27002,1.13316
2990,1.26639,1.15414
2991,1.27927,1.14064
2992,1.29989,1.15129
2993,1.28684,1.1421
2994,1.2659,1.14423
2995,1.25668,1.15182
2996,1.25867,1.15811
2997,1.24005,1.16897
2998,1.29316,1.16102
2999,1.29316,1.16102
3000,1.27754,1.15419
3001,1.2452,1.15073
3002,1.2428,1.18179
3003,1.2428,1.18179
3004,1.22132,1.17323
3005,1.18495,1.17434
3006,1.17658,1.17691
3007,1.1478,1.18903
3008,1.16239,1.18886
3009,1.17804,1.18115
3010,1.19611,1.17578
3011,1.18056,1.17373
3012,1.16581,1.18122
3013,1.16581,1.18122
3014,1.18143,1.19336
3015,1.17508,1.19406
3016,1.15268,1.20396
3017,1.13879,1.20945
3018,1.116,1.24688
3019,1.10993,1.24324
3020,1.12627,1.24374
3021,1.13793,1.25156
3022,1.13395,1.24094
3023,1.12759,1.23557
3024,1.14185,1.24471
3025,1.12547,1.22531
3026,1.11542,1.24864
3027,1.11824,1.23035
3028,1.132,1.23684
3029,1.13142,1.23104
3030,1.13903,1.2487
3031,1.13502,1.21957
3032,1.11235,1.23768
3033,1.11545,1.22941
3034,1.13153,1.20686
3035,1.13186,1.25302
3036,1.08546,1.24879
3037,1.09882,1.25712
3038,1.09882,1.25712
3039,1.09102,1.24843
3040,1.09896,1.24703
3041,1.12089,1.25082
3042,1.13874,1.23878
3043,1.14142,1.23172
3044,1.12922,1.23452
3045,1.12922,1.23452
3046,1.12922,1.23452
3047,1.112,1.24588
3048,1.12552,1.24718
3049,1.12684,1.23875
3050,1.11207,1.24433
3051,1.13446,1.2341
3052,1.15109,1.24926
3053,1.15733,1.24349
3054,1.15972,1.24474
3055,1.17225,1.25741
3056,1.15325,1.25976
3057,1.15325,1.25976
3058,1.1459,1.24911
3059,1.152,1.27346
3060,1.16906,1.27094
3061,1.15341,1.27341
3062,1.14658,1.2648
3063,1.1661,1.25124
3064,1.13655,1.26049
3065,1.15965,1.26001
3066,1.14377,1.22454
3067,1.1353,1.26105
3068,1.11159,1.24109
3069,1.11673,1.24481
3070,1.11279,1.23762
3071,1.10488,1.2391
3072,1.10777,1.24273
3073,1.11427,1.22903
3074,1.10122,1.23723
3075,1.09562,1.23782
3076,1.09788,1.22874
3077,1.10951,1.23145
3078,1.10619,1.21785
3079,1.1193,1.25351
3080,1.08627,1.26219
3081,1.12218,1.26284
3082,1.12933,1.24348
3083,1.13056,1.25553
3084,1.12732,1.26657
3085,1.17153,1.26392
3086,1.15876,1.2536
3087,1.18151,1.26335
3088,1.18905,1.25318
3089,1.20523,1.25057
3090,1.21009,1.26624
3091,1.21009,1.26624
3092,1.22966,1.23857
3093,1.24247,1.2377
3094,1.2021,1.26533
3095,1.20945,1.23433
3096,1.2031,1.26525
3097,1.20979,1.27231
3098,1.21899,1.26962
3099,1.20713,1.26455
3100,1.20333,1.27632
3101,1.21415,1.24363
3102,1.21711,1.25564
3103,1.19545,1.25358
3104,1.18424,1.25579
3105,1.19173,1.23854
3106,1.19468,1.2449
3107,1.20031,1.22503
3108,1.21207,1.23183
3109,1.1947,1.22938
3110,1.20267,1.24006
3111,1.18325,1.24249
3112,1.20066,1.23647
3113,1.22399,1.2413
3114,1.21831,1.23601
3115,1.18911,1.23213
3116,1.18804,1.26844
3117,1.17062,1.25593
3118,1.16789,1.25954
3119,1.16789,1.25954
3120,1.18222,1.24171
3121,1.18222,1.24171
3122,1.17529,1.23417
3123,1.17529,1.23417
3124,1.17446,1.24844
3125,1.16383,1.2576
3126,1.19343,1.22269
3127,1.18266,1.22293
3128,1.20823,1.2105
3129,1.20127,1.19204
3130,1.1913,1.20451
3131,1.18841,1.20597
3132,1.18841,1.20597
3133,1.19028,1.23895
3134,1.22392,1.19137
3135,1.22308,1.22175
3136,1.19088,1.19649
3137,1.20499,1.20622
3138,1.19364,1.18974
3139,1.25109,1.17896
3140,1.22345,1.1602
3141,1.26197,1.16766
3142,1.25194,1.14426
3143,1.24523,1.1443
3144,1.24572,1.14691
3145,1.25586,1.15365
3146,1.2505,1.1605
3147,1.23688,1.15623
3148,1.25257,1.15588
3149,1.24165,1.16093
3150,1.25671,1.15442
3151,1.26348,1.15259
3152,1.2858,1.14524
3153,1.25877,1.14593
3154,1.27433,1.16361
3155,1.27433,1.16361
3156,1.26273,1.15826
3157,1.28648,1.13796
3158,1.2844,1.15001
3159,1.32425,1.14027
3160,1.36018,1.11452
3161,1.39059,1.10378
3162,1.39059,1.10378
3163,1.41004,1.11571
3164,1.41264,1.08186
3165,1.43543,1.08525
3166,1.47726,1.07657
3167,1.44031,1.05796
3168,1.47121,1.06624
3169,1.43126,1.07031
3170,1.43293,1.06709
3171,1.41314,1.07496
3172,1.36349,1.07223
3173,1.37412,1.07706
3174,1.32886,1.07045
3175,1.32886,1.07045
3176,1.31512,1.08649
3177,1.32999,1.0798
3178,1.32644,1.10089
3179,1.31301,1.0814
3180,1.3773,1.08376
3181,1.35155,1.04943
3182,1.39365,1.06215
3183,1.39304,1.03932
3184,1.39223,1.06485
3185,1.38111,1.04916
3186,1.37163,1.06279
3187,1.36628,1.04922
3188,1.39758,1.05933
3189,1.37019,1.06046
3190,1.35282,1.08313
3191,1.35976,1.0861
3192,1.32171,1.06223
3193,1.38757,1.07115
3194,1.35406,1.05755
3195,1.42011,1.05896
3196,1.40335,1.04177
3197,1.40485,1.04129
3198,1.38375,1.03978
3199,1.42274,1.03551
3200,1.41712,1.03467
3201,1.38014,1.04434
3202,1.38014,1.04434
3203,1.40683,1.03847
3204,1.36595,1.03453
3205,1.34399,1.0516
3206,1.29808,1.06414
3207,1.289,1.04482
3208,1.28551,1.06617
3209,1.26055,1.06204
3210,1.25906,1.0679
3211,1.25356,1.06772
3212,1.28194,1.07023
3213,1.25013,1.08056
3214,1.26333,1.06211
3215,1.26253,1.07388
3216,1.23144,1.06449
3217,1.22341,1.08115
3218,1.19871,1.07056
3219,1.2143,1.09628
3220,1.18609,1.07015
3221,1.20449,1.074
3222,1.2137,1.07139
3223,1.22699,1.06522
3224,1.26604,1.06839
3225,1.26582,1.06365
3226,1.23015,1.0743
3227,1.23805,1.07169
3228,1.22733,1.07407
3229,1.20377,1.07061
3230,1.19872,1.08751
3231,1.17779,1.08226
3232,1.18526,1.07318
3233,1.16427,1.08497
3234,1.16483,1.08836
3235,1.14428,1.08506
3236,1.12788,1.08427
3237,1.15197,1.07084
3238,1.14464,1.08168
3239,1.13728,1.06711
3240,1.15346,1.05941
3241,1.14392,1.07485
3242,1.14169,1.07836
3243,1.10834,1.08339
3244,1.10834,1.08339
3245,1.13558,1.08413
3246,1.13558,1.08413
3247,1.13132,1.08923
3248,1.11956,1.08231
3249,1.14275,1.07761
3250,1.11961,1.09705
3251,1.10846,1.0873
3252,1.11028,1.10863
3253,1.12068,1.08617
3254,1.13158,1.11047
3255,1.13505,1.08771
3256,1.1087,1.10953
3257,1.09256,1.10452
3258,1.09256,1.10452
3259,1.1097,1.10551
3260,1.08131,1.0896
3261,1.08131,1.0896
3262,1.10653,1.10105
3263,1.08378,1.10546
3264,1.07615,1.10135
3265,1.09576,1.08347
3266,1.09576,1.08347
3267,1.10848,1.08594
3268,1.10465,1.08123
3269,1.09941,1.07926
3270,1.11794,1.06929
3271,1.10675,1.06954
3272,1.08506,1.07478
3273,1.11188,1.07776
3274,1.11188,1.07776
3275,1.11394,1.06883
3276,1.10397,1.08772
3277,1.10518,1.08011
3278,1.08432,1.08749
3279,1.06623,1.08176
3280,1.08023,1.08523
3281,1.07817,1.0908
3282,1.05769,1.09518
3283,1.06342,1.08715
3284,1.07606,1.09316
3285,1.09106,1.09569
3286,1.08243,1.07627
3287,1.07202,1.09479
3288,1.07202,1.09479
3289,1.04587,1.09589
3290,1.06756,1.10587
3291,1.07751,1.09602
3292,1.08103,1.11163
3293,1.04102,1.08541
3294,1.04738,1.103
3295,1.04738,1.103
3296,1.05489,1.10741
3297,1.05892,1.10299
3298,1.06877,1.12345
3299,1.03659,1.11467
3300,1.07439,1.12342
3301,1.07001,1.11024
3302,1.06085,1.11298
3303,1.06802,1.11149
3304,1.04426,1.11028
3305,1.03127,1.12794
3306,1.01064,1.12122
3307,1.01064,1.12122
3308,0.997101,1.12346
3309,0.985814,1.12596
3310,0.988399,1.11345
3311,0.971173,1.10064
3312,0.996916,1.12695
3313,0.992898,1.11046
3314,1.00219,1.10806
3315,1.03258,1.11137
3316,0.999285,1.10736
3317,1.01583,1.11118
3318,1.02078,1.09395
3319,1.06034,1.11634
3320,1.01565,1.10362
3321,0.987528,1.13432
3322,0.975681,1.10787
3323,1.00153,1.13191
3324,1.00488,1.11701
3325,1.00703,1.12263
3326,1.00725,1.09936
3327,1.01518,1.1216
3328,1.0166,1.10205
3329,1.0115,1.11052
3330,0.987762,1.107
3331,0.991285,1.11041
3332,0.982538,1.11204
3333,0.978993,1.11261
3334,0.957465,1.12609
3335,0.954432,1.10763
3336,0.967116,1.12628
3337,0.935043,1.10845
3338,0.955008,1.11985
3339,0.946068,1.11448
3340,0.942152,1.11323
3341,0.960883,1.10614
3342,0.961954,1.11146
3343,0.96282,1.11305
3344,0.966748,1.11139
3345,0.952735,1.10671
3346,0.977355,1.11322
3347,0.977355,1.11322
3348,0.968705,1.08932
3349,1.0077,1.10401
3350,1.0077,1.10401
3351,1.00711,1.09305
3352,1.02397,1.10157
3353,1.01199,1.10541
3354,0.991136,1.09075
3355,0.988546,1.11429
3356,0.975046,1.09579
3357,0.982895,1.1131
3358,0.955546,1.113
3359,0.990889,1.12607
3360,0.957672,1.10287
3361,1.00387,1.10948
3362,0.987187,1.10456
3363,0.992663,1.09787
3364,0.976498,1.10503
3365,0.989466,1.09946
3366,1.00553,1.10314
3367,1.02042,1.09024
3368,1.03159,1.09647
3369,0.997614,1.09778
3370,1.01087,1.09141
3371,1.02822,1.08914
3372,1.02254,1.09045
3373,1.02476,1.09087
3374,1.01482,1.09314
3375,1.01707,1.0882
3376,1.03743,1.09702
3377,1.02321,1.0704
3378,1.0277,1.09423
3379,1.0277,1.09423
3380,1.00997,1.07107
3381,1.02169,1.10201
3382,1.01378,1.08825
3383,1.01903,1.0892
3384,1.02834,1.09613
3385,1.02834,1.09613
3386,1.02949,1.08214
3387,1.04199,1.10336
3388,1.01956,1.07411
3389,1.04216,1.08313
3390,1.0278,1.08028
3391,1.03687,1.07901
3392,1.04068,1.07539
3393,1.05066,1.0701
3394,1.05705,1.07758
3395,1.06505,1.06649
3396,1.0821,1.06781
3397,1.0821,1.06781
3398,1.09309,1.04585
3399,1.06819,1.04991
3400,1.0592,1.07873
3401,1.05786,1.06476
3402,1.04694,1.07852
3403,1.0553,1.07911
3404,1.03581,1.07749
3405,1.03825,1.08543
3406,1.03825,1.08543
3407,1.03554,1.08178
3408,1.0335,1.06017
3409,1.06594,1.06708
3410,1.05667,1.06504
3411,1.04155,1.0641
3412,1.04155,1.0641
3413,1.04355,1.07309
3414,1.04512,1.07404
3415,1.04512,1.07404
3416,1.04006,1.07806
3417,1.07623,1.08011
3418,1.06305,1.07264
3419,1.08145,1.06776
3420,1.07376,1.05449
3421,1.062,1.06045
3422,1.06569,1.0629
3423,1.05726,1.07722
3424,1.02948,1.08136
3425,1.02457,1.08344
3426,1.02457,1.08344
3427,1.03982,1.08668
3428,1.03616,1.08069
3429,1.03011,1.08759
3430,1.03011,1.08759
3431,1.03155,1.0822
3432,1.04742,1.08737
3433,1.04601,1.07355
3434,1.03913,1.07739
3435,1.03913,1.07739
3436,1.03726,1.07837
3437,1.02473,1.08103
3438,1.02761,1.07312
3439,1.04389,1.07638
3440,1.05672,1.07148
3441,1.04819,1.07679
3442,1.06388,1.07018
3443,1.05282,1.07922
3444,1.0328,1.06646
3445,1.0854,1.06622
3446,1.06201,1.06838
3447,1.05165,1.07085
3448,1.0626,1.06535
3449,1.07185,1.06154
3450,1.07203,1.06721
3451,1.04955,1.0644
3452,1.03635,1.07653
3453,1.02835,1.06262
3454,1.03711,1.07301
3455,1.00245,1.07351
3456,1.02204,1.08356
3457,1.0066,1.075
3458,1.02444,1.08877
3459,1.02735,1.07222
3460,1.04029,1.07736
3461,1.00955,1.07913
3462,0.973269,1.0868
3463,0.996591,1.09449
3464,0.993313,1.08115
3465,1.02491,1.0798
3466,1.03374,1.07537
3467,1.02107,1.07444
3468,1.04178,1.07417
3469,1.04051,1.05428
3470,1.0349,1.0634
3471,1.0714,1.06392
3472,1.06909,1.05761
3473,1.08525,1.06148
3474,1.08554,1.06118
3475,1.09986,1.05751
3476,1.11177,1.0521
3477,1.12411,1.04288
3478,1.13001,1.04654
3479,1.11184,1.03562
3480,1.12826,1.03381
3481,1.11375,1.04573
3482,1.1071,1.03409
3483,1.1056,1.03858
3484,1.08407,1.03777
3485,1.10747,1.03402
3486,1.11493,1.03767
3487,1.0944,1.02959
3488,1.0944,1.02959
3489,1.14076,1.01577
3490,1.15563,1.01573
3491,1.15415,1.01638
3492,1.15185,1.01606
3493,1.13201,1.01107
3494,1.15972,1.01675
3495,1.17691,0.988752
3496,1.16775,1.01024
3497,1.1701,1.00656
3498,1.16171,1.00832
3499,1.17583,1.01921
3500,1.14399,1.02451
3501,1.13614,1.01806
3502,1.12876,1.02543
3503,1.16745,1.01733
3504,1.16283,1.01851
3505,1.16283,1.01851
3506,1.15417,1.01729
3507,1.14649,1.02724
3508,1.15299,1.02236
3509,1.16149,1.01839
3510,1.17715,0.999038
3511,1.20028,1.01251
3512,1.20534,1.00269
3513,1.20741,1.01429
3514,1.17448,1.01366
3515,1.17448,1.01366
3516,1.18163,1.01772
3517,1.18163,1.01772
3518,1.17035,1.00601
3519,1.19582,1.01614
3520,1.18371,0.987561
3521,1.19489,1.0166
3522,1.19489,1.0166
3523,1.17961,0.996263
3524,1.19295,1.01287
3525,1.14508,1.0137
3526,1.14663,1.01322
3527,1.10963,1.03665
3528,1.11882,1.03716
3529,1.11232,1.03065
3530,1.13416,1.03336
3531,1.09611,1.02144
3532,1.09388,1.03766
3533,1.1144,1.04427
3534,1.11759,1.01073
3535,1.16397,1.01683
3536,1.16036,1.02101
3537,1.16036,1.02101
3538,1.14551,1.02093
3539,1.14664,1.02967
3540,1.12815,1.01293
3541,1.1638,1.02719
3542,1.15212,1.01663
3543,1.15484,1.02123
3544,1.18785,1.00798
3545,1.19711,1.00829
3546,1.21805,0.999437
3547,1.21608,0.992409
3548,1.20043,1.00351
3549,1.2018,1.00421
3550,1.23149,0.995858
3551,1.22252,1.00005
3552,1.21554,0.997231
3553,1.2232,0.998298
3554,1.21921,1.00301
3555,1.19624,0.995508
3556,1.19984,1.00744
3557,1.16239,1.014
3558,1.14345,1.01459
3559,1.19246,1.01537
3560,1.2022,0.996824
3561,1.19841,1.00761
3562,1.19171,1.02324
3563,1.19171,1.02324
3564,1.17286,1.02112
3565,1.18514,1.04885
3566,1.15298,1.03841
3567,1.15862,1.03093
3568,1.15142,1.03511
3569,1.15432,1.04328
3570,1.12699,1.04811
3571,1.12699,1.04811
3572,1.1103,1.04219
3573,1.12248,1.0478
3574,1.12007,1.04012
3575,1.14376,1.03731
3576,1.14443,1.03138
3577,1.14584,1.02199
3578,1.15769,1.0195
3579,1.17472,1.01956
3580,1.16756,1.02659
3581,1.16247,1.02078
3582,1.13311,1.03401
3583,1.13311,1.03401
3584,1.13346,1.00804
3585,1.14167,1.0283
3586,1.14705,1.02123
3587,1.14705,1.02123
3588,1.11536,1.01272
3589,1.16187,1.04143
3590,1.12671,1.00254
3591,1.15459,1.03654
3592,1.10515,1.03247
3593,1.12401,1.03928
3594,1.09278,1.03631
3595,1.10485,1.0706
3596,1.05783,1.06934
3597,1.06951,1.08577
3598,1.04141,1.09039
3599,1.03531,1.09384
3600,1.00135,1.1047
3601,0.99181,1.10001
3602,1.0163,1.10852
3603,0.987703,1.0923
3604,0.995539,1.10516
3605,1.00551,1.09211
3606,1.02841,1.09494
3607,1.02841,1.09494
3608,1.02495,1.0811
3609,1.02355,1.08522
3610,1.02355,1.08522
3611,1.02529,1.08176
3612,1.00562,1.08752
3613,0.986348,1.11698
3614,1.00414,1.09387
3615,1.01523,1.10088
3616,1.01523,1.10088
3617,1.02098,1.07665
3618,1.03909,1.08713
3619,1.02448,1.08357
3620,1.00369,1.07534
3621,1.01384,1.08055
3622,1.01333,1.08148
3623,1.00165,1.08869
3624,0.998011,1.09535
3625,1.00518,1.07203
3626,1.00379,1.08603
3627,1.00847,1.08231
3628,0.982554,1.08989
3629,1.0169,1.07731
3630,1.01651,1.08454
3631,1.024,1.08285
3632,1.024,1.08285
3633,1.03335,1.0817
3634,0.974934,1.08749
3635,0.981529,1.10123
3636,0.985319,1.11339
3637,0.978094,1.10496
3638,0.979785,1.10546
3639,0.97502,1.10104
3640,0.955743,1.1249
3641,0.952269,1.11293
3642,0.956189,1.11811
3643,0.953258,1.12006
3644,0.952395,1.12099
3645,0.973158,1.10926
3646,0.980425,1.12116
3647,0.964751,1.11615
3648,0.971074,1.12894
3649,0.960968,1.12994
3650,0.955922,1.11296
3651,0.955922,1.11296
3652,0.958454,1.12316
3653,0.958454,1.12316
3654,0.958252,1.12196
3655,0.961508,1.13233
3656,0.924468,1.11914
3657,0.952383,1.14748
3658,0.92874,1.13073
3659,0.945046,1.11192
3660,0.940563,1.11239
3661,0.961685,1.12087
3662,0.941825,1.10393
3663,0.948616,1.11737
3664,0.948616,1.11737
3665,0.938833,1.11078
3666,0.960107,1.10357
3667,0.958074,1.09924
3668,0.956718,1.10933
3669,0.961322,1.09741
3670,0.976577,1.09665
3671,0.964086,1.08363
3672,0.987483,1.08507
3673,0.981479,1.09224
3674,0.987388,1.06617
3675,1.00435,1.09646
3676,0.984508,1.08338
3677,0.959438,1.11279
3678,0.964083,1.09425
3679,0.960437,1.10957
3680,0.944576,1.10841
3681,0.937522,1.11117
3682,0.956533,1.10729
3683,0.941757,1.10937
3684,0.960587,1.1191
3685,0.960587,1.1191
3686,0.960587,1.1191
3687,0.932349,1.12317
3688,0.883975,1.14221
3689,0.862938,1.13028
3690,0.898232,1.13535
3691,0.878529,1.12481
3692,0.902359,1.11685
3693,0.893815,1.11561
3694,0.906854,1.12289
3695,0.892805,1.11259
3696,0.943484,1.13801
3697,0.943484,1.13801
3698,0.920878,1.10089
3699,0.934567,1.12442
3700,0.898896,1.09833
3701,0.898896,1.09833
3702,0.898937,1.13159
3703,0.881329,1.12573
3704,0.893292,1.13915
3705,0.900441,1.12056
3706,0.892849,1.11788
3707,0.881122,1.12613
3708,0.890963,1.13175
3709,0.888878,1.12376
3710,0.881942,1.13777
3711,0.878678,1.13112
3712,0.88231,1.12904
3713,0.876329,1.13025
3714,0.905624,1.13012
3715,0.874093,1.13324
3716,0.858418,1.13382
3717,0.84398,1.12359
3718,0.851861,1.12822
3719,0.843619,1.14796
3720,0.841794,1.12872
3721,0.865685,1.13959
3722,0.86856,1.12788
3723,0.874944,1.12198
3724,0.886813,1.11702
3725,0.915658,1.11712
3726,0.91712,1.10984
3727,0.923461,1.11144
3728,0.928158,1.1091
3729,0.935413,1.11087
3730,0.900113,1.10558
3731,0.894085,1.11347
3732,0.91278,1.10802
3733,0.925771,1.10756
3734,0.925771,1.10756
3735,0.925713,1.1013
3736,0.921501,1.10969
3737,0.902066,1.09987
3738,0.89118,1.10019
3739,0.902367,1.11165
3740,0.903521,1.11599
3741,0.897563,1.11729
3742,0.886738,1.106
3743,0.8847,1.11721
3744,0.880767,1.10797
3745,0.892528,1.11131
3746,0.902522,1.11071
3747,0.881465,1.11398
3748,0.884851,1.10109
3749,0.869072,1.11887
3750,0.884704,1.09838
3751,0.918029,1.10113
3752,0.921884,1.09659
3753,0.921037,1.10368
3754,0.92519,1.10782
3755,0.897546,1.11173
3756,0.908949,1.10894
3757,0.897243,1.10929
3758,0.931329,1.11491
3759,0.940778,1.09797
3760,0.948459,1.08875
3761,0.948719,1.09466
3762,0.950226,1.0952
3763,0.94795,1.08586
3764,0.961473,1.08633
3765,0.949116,1.07669
3766,0.964236,1.09783
3767,0.964236,1.09783
3768,0.948516,1.07888
3769,0.971599,1.06435
3770,0.977385,1.07963
3771,0.975928,1.08249
3772,0.978778,1.09245
3773,0.96819,1.06644
3774,0.962201,1.08576
3775,0.957737,1.0895
3776,0.965056,1.09794
3777,0.951284,1.09152
3778,0.959122,1.09546
3779,0.959122,1.09546
3780,0.952641,1.09434
3781,0.948793,1.0834
3782,0.959957,1.08266
3783,0.972115,1.078
3784,0.964526,1.0783
3785,0.966051,1.08776
3786,0.969714,1.05742
3787,0.969714,1.05742
3788,0.95782,1.09673
3789,0.951244,1.0928
3790,0.930642,1.08934
3791,0.924785,1.09466
3792,0.912502,1.10514
3793,0.912502,1.10514
3794,0.909438,1.11907
3795,0.919333,1.11165
3796,0.89125,1.10925
3797,0.936742,1.11786
3798,0.936742,1.11786
3799,0.909975,1.0942
3800,0.908478,1.11446
3801,0.885008,1.10655
3802,0.898778,1.11288
3803,0.885354,1.10349
3804,0.905214,1.10918
3805,0.905214,1.10918
3806,0.909849,1.11407
3807,0.922478,1.11616
3808,0.91283,1.11738
3809,0.920917,1.10587
3810,0.922748,1.10797
3811,0.915926,1.09494
3812,0.927942,1.11037
3813,0.933965,1.10439
3814,0.933965,1.10439
3815,0.954497,1.1084
3816,0.948497,1.08403
3817,0.956043,1.09298
3818,0.976368,1.07893
3819,0.984403,1.08165
3820,0.999757,1.07238
3821,1.01409,1.08488
3822,0.973727,1.05863
3823,1.01777,1.07866
3824,1.00367,1.05743
3825,0.997333,1.07519
3826,0.971811,1.06523
3827,0.991606,1.09068
3828,0.966782,1.08064
3829,0.982104,1.0881
3830,0.972648,1.08144
3831,0.966776,1.10419
3832,0.959638,1.07827
3833,0.971843,1.10608
3834,0.955792,1.08676
3835,0.967642,1.08253
3836,0.989359,1.07652
3837,0.989359,1.07652
3838,0.991914,1.0554
3839,1.00016,1.06488
3840,0.970216,1.07917
3841,0.963019,1.08133
3842,0.960089,1.07429
3843,0.961169,1.08989
3844,0.942483,1.08106
3845,0.957159,1.1069
3846,0.946496,1.09293
3847,0.944579,1.11251
3848,0.926691,1.10181
3849,0.931238,1.10739
3850,0.921256,1.10008
3851,0.921256,1.10008
3852,0.929422,1.09818
3853,0.932376,1.11793
3854,0.929449,1.09316
3855,0.936971,1.1047
3856,0.918485,1.11545
3857,0.897034,1.1244
3858,0.928373,1.11549
3859,0.931377,1.11299
3860,0.915228,1.11407
3861,0.919065,1.11399
3862,0.93168,1.12269
3863,0.898179,1.10284
3864,0.905044,1.12619
3865,0.917918,1.12617
3866,0.911646,1.11706
3867,0.951153,1.13026
3868,0.960094,1.11872
3869,0.971546,1.12502
3870,0.939179,1.1185
3871,0.957532,1.14846
3872,0.951319,1.13781
3873,0.970324,1.13671
3874,0.973124,1.15042
3875,0.956374,1.15291
3876,0.953102,1.14333
3877,0.967517,1.14705
3878,0.956455,1.14131
3879,0.968101,1.16099
3880,0.972136,1.14891
3881,0.972136,1.14891
3882,0.972136,1.14891
3883,0.972624,1.14455
3884,0.966966,1.15771
3885,0.983019,1.14624
3886,0.957862,1.14872
3887,0.969229,1.15546
3888,0.952234,1.16342
3889,0.952234,1.16342
3890,0.945179,1.17499
3891,0.921687,1.15855
3892,0.926923,1.17551
3893,0.936348,1.17841
3894,0.932217,1.16402
3895,0.925841,1.15242
3896,0.903095,1.14956
3897,0.897649,1.16366
3898,0.900381,1.16343
3899,0.887894,1.17128
3900,0.896193,1.16743
3901,0.870785,1.15941
3902,0.888251,1.18444
3903,0.874231,1.16628
3904,0.871561,1.19211
3905,0.871561,1.19211
3906,0.858997,1.17991
3907,0.868004,1.18294
3908,0.866676,1.18339
3909,0.866676,1.18339
3910,0.882511,1.17292
3911,0.880121,1.1785
3912,0.880121,1.1785
3913,0.908277,1.1946
3914,0.908593,1.18723
3915,0.897974,1.18841
3916,0.897974,1.18841
3917,0.897974,1.18841
3918,0.893904,1.19536
3919,0.871157,1.18542
3920,0.860411,1.19926
3921,0.863295,1.1961
3922,0.879841,1.20953
3923,0.861795,1.19436
3924,0.858734,1.19981
3925,0.865707,1.18442
3926,0.877369,1.18533
3927,0.882565,1.17753
3928,0.887851,1.18373
3929,0.887851,1.18373
3930,0.860391,1.1776
3931,0.872177,1.2042
3932,0.872177,1.2042
3933,0.878815,1.18746
3934,0.909968,1.2141
3935,0.909968,1.2141
3936,0.886668,1.19205
3937,0.895666,1.19776
3938,0.886993,1.19847
3939,0.881271,1.20242
3940,0.881271,1.20242
3941,0.892489,1.22279
3942,0.888365,1.21003
3943,0.898441,1.2147
3944,0.877082,1.20915
3945,0.891811,1.20694
3946,0.891811,1.20694
3947,0.892498,1.19199
3948,0.924679,1.18639
3949,0.914452,1.18839
3950,0.8952,1.16308
3951,0.924809,1.18467
3952,0.917976,1.18087
3953,0.917794,1.19037
3954,0.916857,1.17951
3955,0.919434,1.19264
3956,0.897019,1.17807
3957,0.909819,1.19353
3958,0.90033,1.16911
3959,0.904153,1.19673
3960,0.894665,1.20049
3961,0.894526,1.19083
3962,0.897411,1.19549
3963,0.896087,1.19601
3964,0.893081,1.19622
3965,0.876804,1.19632
3966,0.903917,1.2051
3967,0.903566,1.18198
3968,0.918017,1.17038
3969,0.919858,1.15743
3970,0.896553,1.16991
3971,0.918297,1.17107
3972,0.922272,1.17271
3973,0.901779,1.17299
3974,0.888119,1.19219
3975,0.871762,1.20676
3976,0.873049,1.19981
3977,0.892671,1.19091
3978,0.90194,1.19415
3979,0.880272,1.18066
3980,0.887283,1.17685
3981,0.893001,1.18061
3982,0.897349,1.20093
3983,0.881816,1.17049
3984,0.889115,1.18326
3985,0.87951,1.19687
3986,0.915775,1.19533
3987,0.888352,1.18845
3988,0.901037,1.19447
3989,0.894339,1.1869
3990,0.893363,1.18559
3991,0.893363,1.18559
3992,0.891948,1.18929
3993,0.873447,1.19034
3994,0.882356,1.18622
3995,0.869638,1.18915
3996,0.869638,1.18915
3997,0.868537,1.19373
3998,0.886744,1.19902
3999,0.868684,1.1894
4000,0.882471,1.18295
4001,0.868777,1.20038
4002,0.86568,1.19211
4003,0.904519,1.173
4004,0.893317,1.16017
4005,0.887439,1.19578
4006,0.839077,1.17003
4007,0.852165,1.20209
4008,0.844597,1.19139
4009,0.868582,1.16827
4010,0.864463,1.1737
