MDTU,min_width,max_width
1,0.113161,0.0788773
2,0.132428,0.0892926
3,0.143453,0.0952692
4,0.152328,0.0984742
5,0.16114,0.104101
6,0.166687,0.10401
7,0.164764,0.104133
8,0.167289,0.103069
9,0.162461,0.101451
10,0.169359,0.102867
11,0.169392,0.104081
12,0.169392,0.104081
13,0.169392,0.104081
14,0.167486,0.103908
15,0.170951,0.105043
16,0.169823,0.104471
17,0.169335,0.103396
18,0.168864,0.103321
19,0.172798,0.106442
20,0.173674,0.106779
21,0.176449,0.105897
22,0.178972,0.109899
23,0.181099,0.110987
24,0.178898,0.111757
25,0.175649,0.110911
26,0.181182,0.108625
27,0.180893,0.110788
28,0.173465,0.107303
29,0.17885,0.107885
30,0.174128,0.108194
31,0.174128,0.108194
32,0.174128,0.108194
33,0.174128,0.108194
34,0.17582,0.105455
35,0.172703,0.104657
36,0.170622,0.107486
37,0.173833,0.10568
38,0.176253,0.107342
39,0.174243,0.105824
40,0.171589,0.10563
41,0.170513,0.103884
42,0.171746,0.107545
43,0.169187,0.106197
44,0.170187,0.104593
45,0.170802,0.106912
46,0.173923,0.107813
47,0.170214,0.108007
48,0.169599,0.109601
49,0.171811,0.109296
50,0.180781,0.113765
51,0.183346,0.116738
52,0.178748,0.113589
53,0.180824,0.113584
54,0.17685,0.112311
55,0.178576,0.113116
56,0.181298,0.115527
57,0.176595,0.113325
58,0.180223,0.110376
59,0.178173,0.112305
60,0.181077,0.112054
61,0.178823,0.109586
62,0.173429,0.109746
63,0.173352,0.110087
64,0.172668,0.1097
65,0.176324,0.108554
66,0.176613,0.109823
67,0.173023,0.106112
68,0.1684,0.107702
69,0.173566,0.110457
70,0.175048,0.109239
71,0.17297,0.10884
72,0.172871,0.109197
73,0.172871,0.109197
74,0.172599,0.106814
75,0.178451,0.110008
76,0.17854,0.110424
77,0.173208,0.109636
78,0.177546,0.108036
79,0.171276,0.107374
80,0.172029,0.107781
81,0.172029,0.107781
82,0.175215,0.110181
83,0.17037,0.104792
84,0.172996,0.106986
85,0.17506,0.108718
86,0.178598,0.109956
87,0.174036,0.109805
88,0.178492,0.110631
89,0.180249,0.112826
90,0.177385,0.11304
91,0.177385,0.11304
92,0.173473,0.11128
93,0.173473,0.11128
94,0.174974,0.112373
95,0.177947,0.109642
96,0.18079,0.111313
97,0.174063,0.112474
98,0.170334,0.109968
99,0.174119,0.112361
100,0.175257,0.114516
101,0.175257,0.114516
102,0.177242,0.11457
103,0.177922,0.114907
104,0.177922,0.114907
105,0.178027,0.115209
106,0.176831,0.113911
107,0.176346,0.114289
108,0.174419,0.112394
109,0.177183,0.116343
110,0.181781,0.115076
111,0.187479,0.115331
112,0.177794,0.117912
113,0.179695,0.116878
114,0.178951,0.118657
115,0.17744,0.115157
116,0.181999,0.118535
117,0.182046,0.120063
118,0.179832,0.118073
119,0.179832,0.118073
120,0.177968,0.115984
121,0.176514,0.117026
122,0.177487,0.116091
123,0.176253,0.11298
124,0.174183,0.112683
125,0.170403,0.107647
126,0.170928,0.108217
127,0.17606,0.111308
128,0.169377,0.110469
129,0.172472,0.111204
130,0.175074,0.111836
131,0.173938,0.112933
132,0.17684,0.111779
133,0.174302,0.111671
134,0.171045,0.112221
135,0.171911,0.110499
136,0.172404,0.111313
137,0.174513,0.112428
138,0.176028,0.115887
139,0.179317,0.119522
140,0.1826,0.119115
141,0.175877,0.116808
142,0.179766,0.117387
143,0.178528,0.117216
144,0.175615,0.116733
145,0.175849,0.115787
146,0.173715,0.114997
147,0.17487,0.114766
148,0.17182,0.113398
149,0.170435,0.115337
150,0.170496,0.11238
151,0.175679,0.117191
152,0.171972,0.115763
153,0.176875,0.115447
154,0.173097,0.117011
155,0.176241,0.113927
156,0.177507,0.11704
157,0.178377,0.11686
158,0.172973,0.117024
159,0.17727,0.115947
160,0.177572,0.115797
161,0.175187,0.11779
162,0.175873,0.11812
163,0.181734,0.11831
164,0.176134,0.11566
165,0.179255,0.115229
166,0.180148,0.115767
167,0.182542,0.117478
168,0.180409,0.116275
169,0.182515,0.117133
170,0.182455,0.114817
171,0.182338,0.114813
172,0.18095,0.118311
173,0.181878,0.117849
174,0.177234,0.1151
175,0.175356,0.112783
176,0.180519,0.116095
177,0.180519,0.116095
178,0.175895,0.115739
179,0.173782,0.116102
180,0.171595,0.114377
181,0.175202,0.119539
182,0.177671,0.121224
183,0.179817,0.12199
184,0.178195,0.120576
185,0.178195,0.120576
186,0.180249,0.120122
187,0.183226,0.122215
188,0.183549,0.12347
189,0.179031,0.123491
190,0.185869,0.121795
191,0.185869,0.121795
192,0.189739,0.121318
193,0.194486,0.126544
194,0.188662,0.128042
195,0.184345,0.128561
196,0.189289,0.127374
197,0.185771,0.124358
198,0.185878,0.122733
199,0.18764,0.127055
200,0.185518,0.127085
201,0.183339,0.12574
202,0.191583,0.126257
203,0.183079,0.121989
204,0.182046,0.122468
205,0.184249,0.123413
206,0.181159,0.126162
207,0.184159,0.128698
208,0.188059,0.127318
209,0.187883,0.129505
210,0.188275,0.128736
211,0.181083,0.128769
212,0.183973,0.129757
213,0.18323,0.128863
214,0.188406,0.129012
215,0.185611,0.12777
216,0.185885,0.127508
217,0.183966,0.130331
218,0.182983,0.134753
219,0.188452,0.134187
220,0.18287,0.133461
221,0.186527,0.132507
222,0.184067,0.136696
223,0.184188,0.138102
224,0.179008,0.137203
225,0.180042,0.13636
226,0.183528,0.141168
227,0.193428,0.143698
228,0.187628,0.140643
229,0.187628,0.140643
230,0.18459,0.136885
231,0.18298,0.143016
232,0.186377,0.149289
233,0.190226,0.150695
234,0.189012,0.143722
235,0.193051,0.147596
236,0.185202,0.151064
237,0.188303,0.148694
238,0.187816,0.150114
239,0.183915,0.154413
240,0.184926,0.152454
241,0.184926,0.152454
242,0.189081,0.155677
243,0.189081,0.155677
244,0.192853,0.153288
245,0.193247,0.154433
246,0.198127,0.153484
247,0.195521,0.155244
248,0.191633,0.151752
249,0.191917,0.153672
250,0.190409,0.147032
251,0.190641,0.147276
252,0.189946,0.146103
253,0.186754,0.146042
254,0.192013,0.149308
255,0.193742,0.15072
256,0.193575,0.158104
257,0.194645,0.157831
258,0.196125,0.157811
259,0.20102,0.1592
260,0.197423,0.160009
261,0.192804,0.155499
262,0.190289,0.157867
263,0.187747,0.153057
264,0.189459,0.149429
265,0.191602,0.152928
266,0.186723,0.14783
267,0.180804,0.147521
268,0.180482,0.146801
269,0.181228,0.147876
270,0.182857,0.147668
271,0.186152,0.147134
272,0.187027,0.147438
273,0.187474,0.149483
274,0.190973,0.152326
275,0.180189,0.150245
276,0.184887,0.150555
277,0.184833,0.146127
278,0.181697,0.142766
279,0.180501,0.144922
280,0.184935,0.149142
281,0.183661,0.142247
282,0.183661,0.142247
283,0.183661,0.142247
284,0.182509,0.140715
285,0.184776,0.139394
286,0.184167,0.139976
287,0.187566,0.139971
288,0.183803,0.135741
289,0.183803,0.135741
290,0.186425,0.134876
291,0.187686,0.140384
292,0.187062,0.136752
293,0.182675,0.13468
294,0.18008,0.136549
295,0.181854,0.14226
296,0.182527,0.142097
297,0.18489,0.142085
298,0.18382,0.139924
299,0.184078,0.14152
300,0.184903,0.137884
301,0.178675,0.133133
302,0.180366,0.131411
303,0.179854,0.132739
304,0.177439,0.130281
305,0.178947,0.130964
306,0.179827,0.134249
307,0.181729,0.129781
308,0.177453,0.132255
309,0.180554,0.130805
310,0.178298,0.13231
311,0.179294,0.131636
312,0.180435,0.130271
313,0.18032,0.13032
314,0.180117,0.127892
315,0.18053,0.129808
316,0.177529,0.135823
317,0.182147,0.133873
318,0.177656,0.127837
319,0.177656,0.127837
320,0.177656,0.127837
321,0.177803,0.127441
322,0.177629,0.125051
323,0.18037,0.126141
324,0.182381,0.128699
325,0.184682,0.128574
326,0.184682,0.128574
327,0.180529,0.124382
328,0.178771,0.127139
329,0.178071,0.128169
330,0.172517,0.124371
331,0.176506,0.121838
332,0.177518,0.124311
333,0.174791,0.125186
334,0.178876,0.123439
335,0.180121,0.123425
336,0.18089,0.120505
337,0.178298,0.121384
338,0.184794,0.120484
339,0.181984,0.119526
340,0.184099,0.120762
341,0.189351,0.123348
342,0.189672,0.121761
343,0.182631,0.11797
344,0.183874,0.116021
345,0.183874,0.116021
346,0.183251,0.112966
347,0.181329,0.113774
348,0.183568,0.110679
349,0.180772,0.110386
350,0.181386,0.113207
351,0.188056,0.116001
352,0.183881,0.11845
353,0.187216,0.112163
354,0.185767,0.112751
355,0.187195,0.109914
356,0.190302,0.110752
357,0.192498,0.10755
358,0.188047,0.105296
359,0.190475,0.104695
360,0.189702,0.105505
361,0.191198,0.107132
362,0.189959,0.105701
363,0.184922,0.108926
364,0.192763,0.109576
365,0.191651,0.110769
366,0.193647,0.111558
367,0.198005,0.115243
368,0.194074,0.112412
369,0.183112,0.114154
370,0.18747,0.117541
371,0.183293,0.11648
372,0.177362,0.114635
373,0.180163,0.114923
374,0.183597,0.115993
375,0.18001,0.117135
376,0.177912,0.113606
377,0.177721,0.116178
378,0.176969,0.116977
379,0.180695,0.116556
380,0.178779,0.115856
381,0.182615,0.119381
382,0.182711,0.11797
383,0.180254,0.115138
384,0.179769,0.113171
385,0.179468,0.111037
386,0.178689,0.112131
387,0.180313,0.11071
388,0.176892,0.11289
389,0.179704,0.111346
390,0.179704,0.111346
391,0.176752,0.108181
392,0.174937,0.107983
393,0.176434,0.109684
394,0.174859,0.108249
395,0.176196,0.107752
396,0.174986,0.108717
397,0.175483,0.110768
398,0.184237,0.109854
399,0.187741,0.11217
400,0.189695,0.111589
401,0.187976,0.112391
402,0.186105,0.112937
403,0.183356,0.11334
404,0.186728,0.113523
405,0.17976,0.111066
406,0.177172,0.108515
407,0.182668,0.109268
408,0.177408,0.108273
409,0.181457,0.10696
410,0.182472,0.105114
411,0.182472,0.105114
412,0.177477,0.105542
413,0.177477,0.105542
414,0.179854,0.106972
415,0.178973,0.109413
416,0.179821,0.110848
417,0.180127,0.109273
418,0.185836,0.109443
419,0.1852,0.110363
420,0.180917,0.109305
421,0.192539,0.117136
422,0.190317,0.111948
423,0.206798,0.115738
424,0.191069,0.11408
425,0.191093,0.111781
426,0.187606,0.115333
427,0.190377,0.11442
428,0.185906,0.111603
429,0.180353,0.112624
430,0.185125,0.116795
431,0.17992,0.114504
432,0.180937,0.114345
433,0.179237,0.116672
434,0.179237,0.116672
435,0.185199,0.117914
436,0.181957,0.118538
437,0.183036,0.121051
438,0.180674,0.117153
439,0.179555,0.117195
440,0.186748,0.118417
441,0.180786,0.117314
442,0.186973,0.117152
443,0.182782,0.117173
444,0.181008,0.111857
445,0.186894,0.113028
446,0.182555,0.110729
447,0.184661,0.113405
448,0.181409,0.116505
449,0.181624,0.114661
450,0.186563,0.115863
451,0.187055,0.117553
452,0.193561,0.116973
453,0.187394,0.117751
454,0.184794,0.117745
455,0.188888,0.118784
456,0.18965,0.118866
457,0.184469,0.115897
458,0.184466,0.11317
459,0.183696,0.112887
460,0.183696,0.112887
461,0.180434,0.110461
462,0.180434,0.110461
463,0.180799,0.10849
464,0.186898,0.112741
465,0.187766,0.113674
466,0.185414,0.114002
467,0.185628,0.111998
468,0.186753,0.113855
469,0.181564,0.113601
470,0.187539,0.112578
471,0.186619,0.115851
472,0.186619,0.115851
473,0.189261,0.112889
474,0.193425,0.113887
475,0.193867,0.114828
476,0.189651,0.115922
477,0.189651,0.115922
478,0.190307,0.113494
479,0.188752,0.111742
480,0.182182,0.110173
481,0.186975,0.108595
482,0.190663,0.10959
483,0.195507,0.110819
484,0.198204,0.113803
485,0.198204,0.113803
486,0.203899,0.113969
487,0.196502,0.115563
488,0.192792,0.115729
489,0.187113,0.11716
490,0.189748,0.116613
491,0.191361,0.12103
492,0.191006,0.120079
493,0.201524,0.122075
494,0.199485,0.12151
495,0.201125,0.123914
496,0.196828,0.125438
497,0.200935,0.120326
498,0.194713,0.117492
499,0.197641,0.11982
500,0.197067,0.117545
501,0.203968,0.123839
502,0.199669,0.122452
503,0.202948,0.125974
504,0.20879,0.125896
505,0.208023,0.124582
506,0.210331,0.124645
507,0.210331,0.124645
508,0.216889,0.126459
509,0.221773,0.127234
510,0.221773,0.127234
511,0.216654,0.122939
512,0.209834,0.12447
513,0.219459,0.129131
514,0.222455,0.12726
515,0.223425,0.128146
516,0.22717,0.127429
517,0.23409,0.128788
518,0.239972,0.130605
519,0.247826,0.130466
520,0.248355,0.129974
521,0.253764,0.128049
522,0.26167,0.129271
523,0.255894,0.130652
524,0.255894,0.130652
525,0.254528,0.132354
526,0.255034,0.130306
527,0.253604,0.129661
528,0.264479,0.126277
529,0.265689,0.126133
530,0.267391,0.129156
531,0.266075,0.130778
532,0.260721,0.12773
533,0.259628,0.129723
534,0.261216,0.126783
535,0.261216,0.126783
536,0.252084,0.128759
537,0.251769,0.127596
538,0.248066,0.125965
539,0.247594,0.126961
540,0.247594,0.126961
541,0.241945,0.131467
542,0.235955,0.131613
543,0.234094,0.133601
544,0.238289,0.138856
545,0.238289,0.138856
546,0.228086,0.1386
547,0.223821,0.137503
548,0.231298,0.137981
549,0.232598,0.139721
550,0.24087,0.147257
551,0.238648,0.150654
552,0.229134,0.152401
553,0.222114,0.149606
554,0.223855,0.14535
555,0.223792,0.14387
556,0.218607,0.141522
557,0.218607,0.141522
558,0.227905,0.141011
559,0.226194,0.142283
560,0.230413,0.13791
561,0.225545,0.14003
562,0.215106,0.140484
563,0.215106,0.140484
564,0.226382,0.144267
565,0.227902,0.143347
566,0.227902,0.143347
567,0.231071,0.143918
568,0.228201,0.143774
569,0.233376,0.145744
570,0.230039,0.140967
571,0.233339,0.136564
572,0.226838,0.140219
573,0.224307,0.142892
574,0.224307,0.142892
575,0.224307,0.142892
576,0.217392,0.142308
577,0.232025,0.14132
578,0.223804,0.139876
579,0.226254,0.137274
580,0.229678,0.13646
581,0.231176,0.136231
582,0.231473,0.136971
583,0.237039,0.133641
584,0.22472,0.1316
585,0.222178,0.123281
586,0.215071,0.120863
587,0.220744,0.122683
588,0.226527,0.123749
589,0.218609,0.123175
590,0.218609,0.123175
591,0.221877,0.121204
592,0.21887,0.125074
593,0.218014,0.119882
594,0.213624,0.123673
595,0.211167,0.12532
596,0.213383,0.12787
597,0.21068,0.129993
598,0.210307,0.13245
599,0.210023,0.126728
600,0.205217,0.126496
601,0.21193,0.126512
602,0.212937,0.126033
603,0.21506,0.123279
604,0.207513,0.126234
605,0.205248,0.128789
606,0.207739,0.130876
607,0.20804,0.131521
608,0.213941,0.132383
609,0.207616,0.130257
610,0.210411,0.127145
611,0.201582,0.125753
612,0.195419,0.124899
613,0.201345,0.124769
614,0.194544,0.126832
615,0.205803,0.125372
616,0.209577,0.127913
617,0.216768,0.123912
618,0.220648,0.124331
619,0.224733,0.123653
620,0.224733,0.123653
621,0.222035,0.12156
622,0.222583,0.119597
623,0.223787,0.117099
624,0.217258,0.115796
625,0.212602,0.113647
626,0.213615,0.119017
627,0.215865,0.119425
628,0.220583,0.120617
629,0.214423,0.119671
630,0.225756,0.118403
631,0.222494,0.119119
632,0.220439,0.121501
633,0.215924,0.122224
634,0.208854,0.120502
635,0.21301,0.120743
636,0.211506,0.120913
637,0.205594,0.121011
638,0.204875,0.12072
639,0.202987,0.117326
640,0.199407,0.116946
641,0.203068,0.116205
642,0.208086,0.114933
643,0.199547,0.114388
644,0.201626,0.116952
645,0.205889,0.116755
646,0.20396,0.117903
647,0.207278,0.115644
648,0.210232,0.113459
649,0.215042,0.116037
650,0.225411,0.116407
651,0.211047,0.116163
652,0.221609,0.116227
653,0.216272,0.117117
654,0.215518,0.117281
655,0.21993,0.115503
656,0.220712,0.115374
657,0.213393,0.11314
658,0.210038,0.110969
659,0.208708,0.113672
660,0.210991,0.111484
661,0.207959,0.111102
662,0.211917,0.110725
663,0.207854,0.112372
664,0.208764,0.11736
665,0.206255,0.114551
666,0.214453,0.115794
667,0.213549,0.116974
668,0.205689,0.117127
669,0.203234,0.115564
670,0.19813,0.115004
671,0.202746,0.114393
672,0.210755,0.113265
673,0.218626,0.115328
674,0.218626,0.115328
675,0.215027,0.114511
676,0.219695,0.111912
677,0.226517,0.109333
678,0.223847,0.10894
679,0.214326,0.108925
680,0.224921,0.109256
681,0.226031,0.108416
682,0.243845,0.111147
683,0.235811,0.110975
684,0.233722,0.109446
685,0.252428,0.111914
686,0.258298,0.112085
687,0.259287,0.109271
688,0.248728,0.110385
689,0.243527,0.108256
690,0.256879,0.108292
691,0.273383,0.107132
692,0.273617,0.105664
693,0.27406,0.107009
694,0.280393,0.1083
695,0.2774,0.108404
696,0.287359,0.108422
697,0.282555,0.107506
698,0.282555,0.107506
699,0.280601,0.109185
700,0.286015,0.107605
701,0.280731,0.107397
702,0.292192,0.108644
703,0.293637,0.110166
704,0.292817,0.112343
705,0.292817,0.112343
706,0.278092,0.111065
707,0.268192,0.110096
708,0.278308,0.108321
709,0.283639,0.109901
710,0.296103,0.109293
711,0.294986,0.112241
712,0.296747,0.11158
713,0.296747,0.11158
714,0.298014,0.110177
715,0.298069,0.109073
716,0.285288,0.10989
717,0.280935,0.111327
718,0.270086,0.109114
719,0.27218,0.109488
720,0.260611,0.109895
721,0.264471,0.107953
722,0.270719,0.109889
723,0.270719,0.109889
724,0.27937,0.108776
725,0.279639,0.109015
726,0.28936,0.110085
727,0.264362,0.109109
728,0.271263,0.111551
729,0.271202,0.106928
730,0.271747,0.108539
731,0.281835,0.109261
732,0.281835,0.109261
733,0.303366,0.111944
734,0.298347,0.1112
735,0.293063,0.111355
736,0.286888,0.11254
737,0.303725,0.114474
738,0.295764,0.116479
739,0.298177,0.119095
740,0.298768,0.113799
741,0.288482,0.112202
742,0.29009,0.113711
743,0.287398,0.113299
744,0.293968,0.114587
745,0.288612,0.114054
746,0.288612,0.114054
747,0.299077,0.112439
748,0.304602,0.110088
749,0.303316,0.106964
750,0.296681,0.108242
751,0.300398,0.107842
752,0.304729,0.111381
753,0.304963,0.110424
754,0.311334,0.112207
755,0.320882,0.115972
756,0.308812,0.111706
757,0.30125,0.115061
758,0.288032,0.115956
759,0.307608,0.114632
760,0.30268,0.112482
761,0.328277,0.112896
762,0.319177,0.112022
763,0.310672,0.111168
764,0.295589,0.111149
765,0.308382,0.109991
766,0.292275,0.112258
767,0.297895,0.113952
768,0.281885,0.112489
769,0.280086,0.112385
770,0.277882,0.111815
771,0.29502,0.116072
772,0.290573,0.114011
773,0.296925,0.115481
774,0.293403,0.114316
775,0.299591,0.114294
776,0.312924,0.118581
777,0.312924,0.118581
778,0.316436,0.118303
779,0.332343,0.119262
780,0.322738,0.121601
781,0.310364,0.120546
782,0.301906,0.118242
783,0.310485,0.121763
784,0.309977,0.12226
785,0.318918,0.12497
786,0.318918,0.12497
787,0.320949,0.123142
788,0.303462,0.127451
789,0.303278,0.123606
790,0.298064,0.128338
791,0.286705,0.124805
792,0.280611,0.126961
793,0.280611,0.126961
794,0.285691,0.126626
795,0.295398,0.125724
796,0.289102,0.123794
797,0.291277,0.125574
798,0.279431,0.125628
799,0.276378,0.121576
800,0.273232,0.124036
801,0.276415,0.122246
802,0.276415,0.122246
803,0.27791,0.123535
804,0.283948,0.122374
805,0.268404,0.127502
806,0.266707,0.126695
807,0.256547,0.126296
808,0.257986,0.131677
809,0.257986,0.131677
810,0.246519,0.133953
811,0.259831,0.133213
812,0.249751,0.134495
813,0.238038,0.139447
814,0.236856,0.13852
815,0.236856,0.13852
816,0.244503,0.139984
817,0.246258,0.138871
818,0.235907,0.139265
819,0.249626,0.141185
820,0.247984,0.14033
821,0.246659,0.139719
822,0.242515,0.134185
823,0.233168,0.131346
824,0.237792,0.136079
825,0.250834,0.133193
826,0.240047,0.131913
827,0.245582,0.127151
828,0.238077,0.12889
829,0.233638,0.129386
830,0.223846,0.128518
831,0.223846,0.128518
832,0.223846,0.128518
833,0.225272,0.128863
834,0.221983,0.12564
835,0.216116,0.125123
836,0.221056,0.126537
837,0.216088,0.123574
838,0.222216,0.12193
839,0.222216,0.12193
840,0.218613,0.121373
841,0.218937,0.123759
842,0.230121,0.122409
843,0.230614,0.117369
844,0.230614,0.117369
845,0.23783,0.116275
846,0.23783,0.116275
847,0.234219,0.117942
848,0.239801,0.11695
849,0.237336,0.116145
850,0.239239,0.116988
851,0.221531,0.11757
852,0.229385,0.115225
853,0.232841,0.113635
854,0.238409,0.1098
855,0.232805,0.114195
856,0.2292,0.111419
857,0.228829,0.112137
858,0.238442,0.111952
859,0.239342,0.111006
860,0.228737,0.111039
861,0.228737,0.111039
862,0.231616,0.111606
863,0.224922,0.112585
864,0.230151,0.111182
865,0.227948,0.114296
866,0.229488,0.112754
867,0.229488,0.112754
868,0.226084,0.113807
869,0.229292,0.114023
870,0.232119,0.113394
871,0.23402,0.113055
872,0.236877,0.114206
873,0.247319,0.111784
874,0.254202,0.112794
875,0.250338,0.115029
876,0.241935,0.115911
877,0.24519,0.117511
878,0.233121,0.119355
879,0.224266,0.120389
880,0.228479,0.118436
881,0.230793,0.115072
882,0.235201,0.120237
883,0.232816,0.119979
884,0.231469,0.118994
885,0.230205,0.120505
886,0.228093,0.118087
887,0.224613,0.120565
888,0.226857,0.118775
889,0.226673,0.116173
890,0.225914,0.114191
891,0.22407,0.111374
892,0.226065,0.113387
893,0.227781,0.111319
894,0.22695,0.113742
895,0.228529,0.114451
896,0.225128,0.114088
897,0.228391,0.111093
898,0.22823,0.116303
899,0.232716,0.115937
900,0.234931,0.112979
901,0.249648,0.115113
902,0.245364,0.110547
903,0.245826,0.113364
904,0.248413,0.113281
905,0.255095,0.110885
906,0.256612,0.109345
907,0.248778,0.111379
908,0.242762,0.108408
909,0.243229,0.109306
910,0.246168,0.112309
911,0.242751,0.109687
912,0.245637,0.109091
913,0.23911,0.1099
914,0.235832,0.106155
915,0.235832,0.106155
916,0.235832,0.106155
917,0.245603,0.109785
918,0.236879,0.108863
919,0.231103,0.11103
920,0.231991,0.107983
921,0.232387,0.109138
922,0.235454,0.109932
923,0.236289,0.108908
924,0.229517,0.108374
925,0.243641,0.106772
926,0.233134,0.108752
927,0.235115,0.109049
928,0.22561,0.108878
929,0.226802,0.109688
930,0.227382,0.108348
931,0.225152,0.107316
932,0.226547,0.106336
933,0.22321,0.107554
934,0.221371,0.108145
935,0.221371,0.108145
936,0.228349,0.107407
937,0.229112,0.110367
938,0.227708,0.112697
939,0.224873,0.112423
940,0.220283,0.111176
941,0.231263,0.113183
942,0.237554,0.113273
943,0.234304,0.113881
944,0.232074,0.109507
945,0.234072,0.109629
946,0.244508,0.110218
947,0.247359,0.110289
948,0.258115,0.109131
949,0.254906,0.108817
950,0.251303,0.109112
951,0.249116,0.108389
952,0.254746,0.11053
953,0.25337,0.10891
954,0.252445,0.107738
955,0.254969,0.108626
956,0.246484,0.107675
957,0.254467,0.110041
958,0.249336,0.107117
959,0.256689,0.109824
960,0.243986,0.1084
961,0.247931,0.109273
962,0.244046,0.108632
963,0.238787,0.108763
964,0.235185,0.106495
965,0.235341,0.107289
966,0.22783,0.109578
967,0.22314,0.109579
968,0.235381,0.11301
969,0.235484,0.112803
970,0.243842,0.109058
971,0.232956,0.10805
972,0.241016,0.108611
973,0.240925,0.109669
974,0.240671,0.112807
975,0.237705,0.1122
976,0.232398,0.113371
977,0.236517,0.113167
978,0.233056,0.111805
979,0.232011,0.113849
980,0.242096,0.113835
981,0.241492,0.112415
982,0.247331,0.117062
983,0.239812,0.112939
984,0.249059,0.11471
985,0.244595,0.113587
986,0.252386,0.11361
987,0.257907,0.112866
988,0.257907,0.112866
989,0.257907,0.112866
990,0.252302,0.115801
991,0.251963,0.115575
992,0.244156,0.11692
993,0.24126,0.113951
994,0.24126,0.113951
995,0.24378,0.113348
996,0.240576,0.114079
997,0.247307,0.112501
998,0.256549,0.11137
999,0.255116,0.110162
1000,0.255116,0.110162
1001,0.260289,0.111681
1002,0.260289,0.111681
1003,0.255344,0.111995
1004,0.26374,0.111351
1005,0.265546,0.11185
1006,0.265546,0.11185
1007,0.272754,0.110908
1008,0.275266,0.108393
1009,0.267713,0.109613
1010,0.270827,0.1104
1011,0.266342,0.107338
1012,0.272664,0.108639
1013,0.273442,0.10936
1014,0.273442,0.10936
1015,0.290132,0.109818
1016,0.274813,0.106906
1017,0.268134,0.106757
1018,0.264237,0.111086
1019,0.260763,0.110715
1020,0.268807,0.109241
1021,0.25998,0.109206
1022,0.261948,0.107361
1023,0.271969,0.107795
1024,0.268907,0.110195
1025,0.272093,0.108535
1026,0.279206,0.113044
1027,0.270524,0.110769
1028,0.275069,0.111755
1029,0.268459,0.115729
1030,0.278283,0.1125
1031,0.295644,0.110166
1032,0.293914,0.111597
1033,0.281752,0.110312
1034,0.283217,0.111271
1035,0.288533,0.110437
1036,0.271704,0.114263
1037,0.263192,0.114936
1038,0.258656,0.116732
1039,0.258475,0.113651
1040,0.26285,0.114536
1041,0.253267,0.116706
1042,0.253267,0.116706
1043,0.257508,0.117546
1044,0.243376,0.117777
1045,0.249099,0.122236
1046,0.251886,0.120339
1047,0.258468,0.119427
1048,0.271661,0.117461
1049,0.279528,0.119401
1050,0.269597,0.115617
1051,0.286535,0.117304
1052,0.284429,0.114689
1053,0.282133,0.115813
1054,0.277729,0.116596
1055,0.277795,0.119868
1056,0.274177,0.120039
1057,0.274177,0.120039
1058,0.281749,0.120073
1059,0.294801,0.116723
1060,0.30906,0.114448
1061,0.316792,0.116673
1062,0.330534,0.12125
1063,0.32483,0.121385
1064,0.339753,0.117225
1065,0.337156,0.118944
1066,0.331784,0.119637
1067,0.332072,0.121827
1068,0.332237,0.126443
1069,0.342666,0.123051
1070,0.34197,0.120995
1071,0.341505,0.123369
1072,0.331615,0.125723
1073,0.347221,0.126442
1074,0.350099,0.126203
1075,0.351243,0.122788
1076,0.33583,0.124198
1077,0.350819,0.118959
1078,0.342545,0.121094
1079,0.338036,0.121838
1080,0.34433,0.1191
1081,0.334362,0.121549
1082,0.330461,0.123226
1083,0.330461,0.123226
1084,0.345433,0.121593
1085,0.345433,0.121593
1086,0.328629,0.120914
1087,0.332058,0.120063
1088,0.334367,0.12069
1089,0.332631,0.120266
1090,0.359168,0.118769
1091,0.355893,0.119197
1092,0.352905,0.119178
1093,0.365628,0.11743
1094,0.400934,0.117472
1095,0.381469,0.114817
1096,0.379503,0.115908
1097,0.371799,0.115458
1098,0.37871,0.117571
1099,0.383406,0.119758
1100,0.387362,0.120211
1101,0.376912,0.116358
1102,0.389074,0.117109
1103,0.40487,0.115833
1104,0.421157,0.113923
1105,0.420299,0.116158
1106,0.42064,0.116974
1107,0.417879,0.116846
1108,0.423722,0.117521
1109,0.405638,0.116967
1110,0.403361,0.120455
1111,0.390686,0.116988
1112,0.390686,0.116988
1113,0.393544,0.122004
1114,0.389946,0.12069
1115,0.382018,0.124692
1116,0.393963,0.128448
1117,0.40151,0.127758
1118,0.396776,0.123593
1119,0.387142,0.12583
1120,0.364235,0.127687
1121,0.3736,0.124052
1122,0.380931,0.124798
1123,0.38385,0.1239
1124,0.382807,0.120496
1125,0.359154,0.123275
1126,0.370759,0.119441
1127,0.367885,0.11302
1128,0.36574,0.114389
1129,0.368369,0.116212
1130,0.360434,0.118461
1131,0.360434,0.118461
1132,0.366705,0.119221
1133,0.359359,0.121336
1134,0.346784,0.11944
1135,0.35103,0.120149
1136,0.351315,0.119962
1137,0.350529,0.119365
1138,0.341115,0.120714
1139,0.343547,0.116753
1140,0.335864,0.119981
1141,0.335864,0.119981
1142,0.353241,0.12256
1143,0.339142,0.120957
1144,0.348652,0.120702
1145,0.353711,0.121078
1146,0.351413,0.123306
1147,0.348235,0.124801
1148,0.326065,0.123321
1149,0.335113,0.125453
1150,0.317727,0.124185
1151,0.322799,0.12547
1152,0.348023,0.125317
1153,0.344628,0.124926
1154,0.349823,0.124131
1155,0.346827,0.124739
1156,0.343537,0.129882
1157,0.359054,0.128358
1158,0.350482,0.130006
1159,0.345741,0.123038
1160,0.35398,0.122871
1161,0.36031,0.124713
1162,0.346932,0.121602
1163,0.351019,0.120691
1164,0.347122,0.117822
1165,0.343964,0.118624
1166,0.34972,0.11422
1167,0.352902,0.113763
1168,0.360202,0.113979
1169,0.357553,0.113562
1170,0.339526,0.11306
1171,0.339416,0.110501
1172,0.322651,0.112342
1173,0.327246,0.114418
1174,0.34355,0.11486
1175,0.355103,0.110069
1176,0.355103,0.110069
1177,0.355103,0.110069
1178,0.352395,0.115723
1179,0.344242,0.118863
1180,0.333838,0.116125
1181,0.333838,0.116125
1182,0.356915,0.116883
1183,0.366119,0.113808
1184,0.358877,0.112671
1185,0.351556,0.112212
1186,0.343809,0.114719
1187,0.355228,0.113547
1188,0.335621,0.115347
1189,0.351615,0.114939
1190,0.341615,0.117494
1191,0.338431,0.116501
1192,0.337467,0.120229
1193,0.344383,0.117268
1194,0.3521,0.111764
1195,0.3543,0.111727
1196,0.353102,0.111744
1197,0.364319,0.110158
1198,0.357079,0.112557
1199,0.35563,0.112478
1200,0.353557,0.114536
1201,0.352103,0.10979
1202,0.361248,0.111407
1203,0.347534,0.113315
1204,0.347534,0.113315
1205,0.347534,0.113315
1206,0.355557,0.114404
1207,0.352446,0.117651
1208,0.353563,0.114921
1209,0.346424,0.113563
1210,0.339945,0.115641
1211,0.338834,0.117815
1212,0.330344,0.120738
1213,0.321538,0.12119
1214,0.307699,0.121134
1215,0.324125,0.123922
1216,0.313165,0.125003
1217,0.316053,0.123087
1218,0.314122,0.118474
1219,0.300106,0.121037
1220,0.30866,0.121746
1221,0.30866,0.121746
1222,0.303439,0.122427
1223,0.294872,0.130151
1224,0.290883,0.131008
1225,0.293025,0.128117
1226,0.310177,0.127366
1227,0.327505,0.128672
1228,0.331448,0.130914
1229,0.32246,0.131823
1230,0.318391,0.127539
1231,0.292345,0.130395
1232,0.288423,0.125487
1233,0.285399,0.123646
1234,0.283129,0.126492
1235,0.277437,0.127429
1236,0.279815,0.123507
1237,0.294011,0.125521
1238,0.290001,0.123912
1239,0.293843,0.116564
1240,0.293843,0.116564
1241,0.285274,0.121951
1242,0.286277,0.121633
1243,0.29219,0.122136
1244,0.278445,0.12006
1245,0.271478,0.116738
1246,0.272657,0.116262
1247,0.264127,0.121786
1248,0.262282,0.121237
1249,0.257016,0.119495
1250,0.2577,0.119294
1251,0.257147,0.115681
1252,0.245377,0.116495
1253,0.263846,0.121104
1254,0.266791,0.12149
1255,0.265189,0.119287
1256,0.276778,0.117666
1257,0.26273,0.116412
1258,0.26273,0.116412
1259,0.26273,0.116412
1260,0.257912,0.114965
1261,0.263457,0.112181
1262,0.263457,0.112181
1263,0.256607,0.110632
1264,0.26715,0.1111
1265,0.267545,0.112551
1266,0.253747,0.115445
1267,0.258417,0.115776
1268,0.258417,0.115776
1269,0.263702,0.118047
1270,0.261903,0.120819
1271,0.257379,0.120616
1272,0.253635,0.115762
1273,0.262489,0.122143
1274,0.255479,0.125491
1275,0.255643,0.128044
1276,0.255428,0.123682
1277,0.261678,0.116917
1278,0.272622,0.117552
1279,0.27523,0.116386
1280,0.271905,0.113534
1281,0.279172,0.112385
1282,0.270127,0.114618
1283,0.275634,0.114583
1284,0.269457,0.111155
1285,0.26837,0.115479
1286,0.269446,0.115867
1287,0.26454,0.115327
1288,0.261058,0.117217
1289,0.255464,0.117572
1290,0.261684,0.120191
1291,0.261762,0.118799
1292,0.258245,0.120059
1293,0.252401,0.120995
1294,0.253124,0.121625
1295,0.252423,0.122417
1296,0.251898,0.122731
1297,0.255442,0.126289
1298,0.254099,0.127577
1299,0.255955,0.128973
1300,0.252357,0.12947
1301,0.247384,0.128485
1302,0.264744,0.126993
1303,0.263977,0.129871
1304,0.26268,0.12745
1305,0.255862,0.124084
1306,0.249905,0.120886
1307,0.252475,0.12101
1308,0.250798,0.121613
1309,0.246732,0.119249
1310,0.246171,0.123628
1311,0.235707,0.119308
1312,0.242916,0.120066
1313,0.249252,0.118464
1314,0.248774,0.11904
1315,0.251111,0.122093
1316,0.256581,0.126646
1317,0.256581,0.126646
1318,0.26182,0.120408
1319,0.251584,0.121287
1320,0.245203,0.11522
1321,0.256929,0.121198
1322,0.243751,0.117084
1323,0.248253,0.11686
1324,0.2526,0.117568
1325,0.261766,0.116127
1326,0.268633,0.122776
1327,0.281709,0.123212
1328,0.277428,0.127167
1329,0.278282,0.128276
1330,0.286609,0.128384
1331,0.284049,0.12862
1332,0.271438,0.127419
1333,0.281122,0.125437
1334,0.277818,0.125574
1335,0.282834,0.124354
1336,0.283172,0.125752
1337,0.266592,0.126229
1338,0.276433,0.12271
1339,0.283056,0.125862
1340,0.289894,0.123
1341,0.281502,0.127801
1342,0.282409,0.128309
1343,0.280693,0.124369
1344,0.288127,0.126382
1345,0.280806,0.123224
1346,0.292817,0.122209
1347,0.280631,0.120101
1348,0.293165,0.11816
1349,0.284523,0.120569
1350,0.305007,0.119
1351,0.317178,0.11895
1352,0.297516,0.120311
1353,0.292198,0.125308
1354,0.282487,0.125136
1355,0.2969,0.12047
1356,0.291712,0.122596
1357,0.289167,0.125078
1358,0.29815,0.123932
1359,0.297529,0.122791
1360,0.300807,0.121786
1361,0.300807,0.121786
1362,0.302944,0.120988
1363,0.284746,0.121266
1364,0.285907,0.118282
1365,0.286924,0.121737
1366,0.299985,0.123877
1367,0.311424,0.120428
1368,0.307928,0.122478
1369,0.302622,0.121489
1370,0.30762,0.119102
1371,0.304505,0.116054
1372,0.299427,0.117413
1373,0.306185,0.116448
1374,0.313806,0.112449
1375,0.30244,0.117532
1376,0.303336,0.11545
1377,0.292414,0.113403
1378,0.293724,0.112618
1379,0.287124,0.11244
1380,0.281103,0.119639
1381,0.286863,0.120814
1382,0.298297,0.122323
1383,0.29349,0.127829
1384,0.288495,0.12583
1385,0.28375,0.124257
1386,0.297585,0.122352
1387,0.301523,0.120361
1388,0.292545,0.123128
1389,0.289449,0.121249
1390,0.281112,0.120105
1391,0.300727,0.120225
1392,0.309525,0.116727
1393,0.315745,0.117318
1394,0.308138,0.117944
1395,0.308384,0.122034
1396,0.290859,0.123316
1397,0.311764,0.121235
1398,0.294873,0.123573
1399,0.307251,0.1245
1400,0.307251,0.1245
1401,0.314442,0.126477
1402,0.314442,0.126477
1403,0.316179,0.12421
1404,0.309741,0.127706
1405,0.309741,0.127706
1406,0.309559,0.124831
1407,0.309559,0.124831
1408,0.306891,0.126448
1409,0.304584,0.129638
1410,0.312993,0.128201
1411,0.321368,0.124864
1412,0.315559,0.126819
1413,0.323269,0.123756
1414,0.33387,0.125018
1415,0.324493,0.129058
1416,0.319279,0.128797
1417,0.326986,0.129065
1418,0.329878,0.131893
1419,0.302224,0.132195
1420,0.31111,0.132328
1421,0.321075,0.134356
1422,0.323553,0.135627
1423,0.313255,0.140559
1424,0.296194,0.140801
1425,0.296194,0.140801
1426,0.296194,0.140801
1427,0.29369,0.138034
1428,0.301972,0.137933
1429,0.306274,0.140639
1430,0.303679,0.141391
1431,0.299647,0.150133
1432,0.295982,0.146195
1433,0.286938,0.141109
1434,0.281653,0.1391
1435,0.281653,0.1391
1436,0.287687,0.140856
1437,0.296037,0.143708
1438,0.293312,0.14425
1439,0.279441,0.151089
1440,0.280326,0.150162
1441,0.299783,0.147686
1442,0.313386,0.149706
1443,0.327209,0.149925
1444,0.328149,0.147159
1445,0.320336,0.136839
1446,0.331506,0.134661
1447,0.316784,0.141117
1448,0.323425,0.14232
1449,0.317897,0.137178
1450,0.314843,0.139186
1451,0.324973,0.140273
1452,0.345059,0.141793
1453,0.326749,0.136509
1454,0.322284,0.139043
1455,0.294439,0.136655
1456,0.304599,0.133198
1457,0.298067,0.134492
1458,0.297221,0.136375
1459,0.297221,0.136375
1460,0.299025,0.137156
1461,0.301382,0.135773
1462,0.301382,0.135773
1463,0.306372,0.137844
1464,0.294741,0.139959
1465,0.287264,0.135931
1466,0.293496,0.139661
1467,0.291159,0.140331
1468,0.291159,0.140331
1469,0.296167,0.1402
1470,0.314053,0.130749
1471,0.315155,0.131981
1472,0.315155,0.131981
1473,0.315155,0.131981
1474,0.335113,0.134948
1475,0.343406,0.134453
1476,0.351202,0.136555
1477,0.371439,0.134464
1478,0.373205,0.135945
1479,0.369289,0.136345
1480,0.360415,0.137664
1481,0.360542,0.13176
1482,0.35053,0.133753
1483,0.35053,0.133753
1484,0.357283,0.133508
1485,0.356465,0.136703
1486,0.388638,0.132759
1487,0.381518,0.12963
1488,0.368069,0.126906
1489,0.362251,0.128271
1490,0.368438,0.128864
1491,0.348888,0.130132
1492,0.348191,0.127366
1493,0.312127,0.127677
1494,0.317616,0.1203
1495,0.308501,0.125013
1496,0.316443,0.124557
1497,0.316443,0.124557
1498,0.311999,0.121908
1499,0.308581,0.127558
1500,0.324858,0.123755
1501,0.319752,0.125328
1502,0.32136,0.128112
1503,0.299956,0.130787
1504,0.296832,0.128372
1505,0.306917,0.13201
1506,0.313229,0.129906
1507,0.323917,0.128657
1508,0.307498,0.131054
1509,0.301392,0.1319
1510,0.307947,0.132292
1511,0.309756,0.132078
1512,0.320406,0.128379
1513,0.3156,0.131639
1514,0.321123,0.134205
1515,0.321123,0.134205
1516,0.324075,0.136229
1517,0.32225,0.138701
1518,0.33404,0.138143
1519,0.318538,0.136259
1520,0.319571,0.140377
1521,0.315877,0.138472
1522,0.316035,0.137615
1523,0.305084,0.132282
1524,0.304882,0.129942
1525,0.309947,0.131495
1526,0.302673,0.130845
1527,0.292929,0.133024
1528,0.292929,0.133024
1529,0.306722,0.131536
1530,0.310092,0.128099
1531,0.321727,0.12754
1532,0.309887,0.129279
1533,0.307017,0.130644
1534,0.313285,0.132065
1535,0.318626,0.129111
1536,0.318739,0.128434
1537,0.315412,0.128007
1538,0.329992,0.129834
1539,0.350974,0.129536
1540,0.344818,0.127143
1541,0.339719,0.129102
1542,0.360445,0.127935
1543,0.340295,0.126904
1544,0.339772,0.127206
1545,0.343023,0.129484
1546,0.343945,0.127543
1547,0.346506,0.127054
1548,0.346105,0.126856
1549,0.362978,0.125931
1550,0.359342,0.124702
1551,0.358223,0.125598
1552,0.354472,0.126553
1553,0.364368,0.125565
1554,0.341988,0.124719
1555,0.341573,0.126062
1556,0.331882,0.124713
1557,0.34472,0.126011
1558,0.347264,0.129745
1559,0.360137,0.127479
1560,0.360137,0.127479
1561,0.366752,0.124935
1562,0.348381,0.124516
1563,0.355451,0.123624
1564,0.366491,0.12192
1565,0.3706,0.126501
1566,0.363128,0.124576
1567,0.344389,0.126542
1568,0.35982,0.128166
1569,0.357457,0.127521
1570,0.349678,0.132881
1571,0.346807,0.135804
1572,0.351429,0.13897
1573,0.344644,0.137162
1574,0.362603,0.136272
1575,0.36741,0.13754
1576,0.360856,0.136447
1577,0.376189,0.132564
1578,0.367286,0.13243
1579,0.354067,0.134363
1580,0.358306,0.129169
1581,0.376259,0.1259
1582,0.364236,0.126131
1583,0.340899,0.124096
1584,0.340636,0.122259
1585,0.344131,0.121941
1586,0.331695,0.123644
1587,0.328862,0.121761
1588,0.334378,0.120863
1589,0.326356,0.119962
1590,0.320396,0.119651
1591,0.328011,0.115925
1592,0.31344,0.117609
1593,0.328881,0.117946
1594,0.313195,0.11764
1595,0.309724,0.1204
1596,0.309724,0.1204
1597,0.305191,0.120329
1598,0.305191,0.120329
1599,0.312238,0.122692
1600,0.310554,0.122838
1601,0.310554,0.122838
1602,0.304138,0.120508
1603,0.298248,0.122599
1604,0.286999,0.127471
1605,0.294233,0.125858
1606,0.293518,0.1225
1607,0.293838,0.127026
1608,0.29903,0.1303
1609,0.301396,0.126171
1610,0.296186,0.122377
1611,0.297761,0.118088
1612,0.302043,0.117561
1613,0.301633,0.119785
1614,0.298194,0.121057
1615,0.303643,0.122518
1616,0.315765,0.122789
1617,0.314258,0.119214
1618,0.305839,0.121179
1619,0.308867,0.119566
1620,0.319574,0.117372
1621,0.304405,0.116626
1622,0.322108,0.113273
1623,0.305821,0.117171
1624,0.311644,0.115375
1625,0.318121,0.118913
1626,0.312949,0.113664
1627,0.312258,0.112104
1628,0.312258,0.112104
1629,0.302137,0.111481
1630,0.301399,0.114419
1631,0.301399,0.114419
1632,0.310518,0.114244
1633,0.311422,0.11498
1634,0.303646,0.114542
1635,0.305534,0.111892
1636,0.303793,0.112349
1637,0.302189,0.111376
1638,0.309619,0.112018
1639,0.29277,0.113625
1640,0.295613,0.113243
1641,0.293108,0.115217
1642,0.29141,0.112242
1643,0.296568,0.112505
1644,0.296009,0.112825
1645,0.289667,0.111227
1646,0.273528,0.113285
1647,0.268554,0.113168
1648,0.269154,0.114419
1649,0.247171,0.112912
1650,0.245505,0.112702
1651,0.246402,0.113272
1652,0.243153,0.115127
1653,0.258012,0.11406
1654,0.259716,0.113807
1655,0.257394,0.115201
1656,0.257592,0.114119
1657,0.263,0.115665
1658,0.263657,0.11388
1659,0.257615,0.114822
1660,0.256672,0.115303
1661,0.267062,0.113645
1662,0.25421,0.115104
1663,0.25629,0.114513
1664,0.262744,0.112029
1665,0.286066,0.115911
1666,0.28176,0.116931
1667,0.264177,0.119574
1668,0.271477,0.122172
1669,0.248755,0.124002
1670,0.252603,0.1225
1671,0.252438,0.122338
1672,0.252879,0.124908
1673,0.242096,0.126997
1674,0.253999,0.126434
1675,0.249095,0.130318
1676,0.259872,0.131587
1677,0.252628,0.129112
1678,0.253669,0.124882
1679,0.245613,0.125487
1680,0.258527,0.124044
1681,0.245342,0.124863
1682,0.250499,0.124471
1683,0.247121,0.123271
1684,0.242932,0.126715
1685,0.242649,0.125812
1686,0.243363,0.127753
1687,0.248761,0.125766
1688,0.247213,0.125451
1689,0.25133,0.123744
1690,0.251209,0.120805
1691,0.251209,0.120805
1692,0.25339,0.12005
1693,0.24908,0.122695
1694,0.253341,0.120966
1695,0.258966,0.122035
1696,0.251286,0.122927
1697,0.266081,0.119449
1698,0.266004,0.120541
1699,0.27591,0.120822
1700,0.27517,0.121609
1701,0.280292,0.12503
1702,0.270843,0.126463
1703,0.272186,0.129679
1704,0.272186,0.129679
1705,0.272186,0.129679
1706,0.289326,0.129035
1707,0.289126,0.126359
1708,0.28591,0.13068
1709,0.282877,0.131188
1710,0.282877,0.131188
1711,0.27524,0.129561
1712,0.264786,0.138677
1713,0.270337,0.140411
1714,0.277281,0.135805
1715,0.265916,0.130959
1716,0.278141,0.136667
1717,0.278141,0.136667
1718,0.277579,0.135197
1719,0.287588,0.136624
1720,0.283209,0.139291
1721,0.291776,0.137802
1722,0.301416,0.145778
1723,0.304113,0.141972
1724,0.324588,0.136297
1725,0.309231,0.139025
1726,0.312161,0.141162
1727,0.311237,0.144694
1728,0.317016,0.145223
1729,0.31668,0.140039
1730,0.328216,0.142135
1731,0.331363,0.141206
1732,0.340215,0.142063
1733,0.332737,0.142635
1734,0.34347,0.144399
1735,0.349232,0.138131
1736,0.334797,0.141579
1737,0.338972,0.135034
1738,0.338978,0.139525
1739,0.338768,0.144452
1740,0.334565,0.144157
1741,0.330104,0.147263
1742,0.335908,0.150094
1743,0.328761,0.15264
1744,0.330279,0.151134
1745,0.329717,0.150176
1746,0.33373,0.148466
1747,0.336064,0.147822
1748,0.345482,0.15145
1749,0.345482,0.15145
1750,0.335635,0.152999
1751,0.335635,0.152999
1752,0.346461,0.150851
1753,0.351643,0.151807
1754,0.351643,0.151807
1755,0.336776,0.152905
1756,0.347175,0.150436
1757,0.336297,0.148873
1758,0.321529,0.15043
1759,0.322631,0.150542
1760,0.313575,0.144105
1761,0.321332,0.151621
1762,0.326706,0.146915
1763,0.320644,0.147095
1764,0.322798,0.146531
1765,0.323982,0.145338
1766,0.329481,0.142924
1767,0.323798,0.142084
1768,0.300674,0.144903
1769,0.312377,0.144216
1770,0.311869,0.148294
1771,0.312186,0.145328
1772,0.302031,0.141809
1773,0.293608,0.142051
1774,0.30016,0.144453
1775,0.30016,0.144453
1776,0.282475,0.139885
1777,0.282781,0.144255
1778,0.290256,0.144197
1779,0.295245,0.142133
1780,0.297658,0.13959
1781,0.29413,0.141001
1782,0.290572,0.142632
1783,0.29824,0.145418
1784,0.29824,0.145418
1785,0.301869,0.14095
1786,0.312834,0.145055
1787,0.310163,0.145019
1788,0.297079,0.142191
1789,0.297079,0.142191
1790,0.297077,0.141327
1791,0.295093,0.144267
1792,0.289602,0.141152
1793,0.288154,0.141022
1794,0.282993,0.140252
1795,0.293789,0.13681
1796,0.299681,0.142509
1797,0.298972,0.142005
1798,0.301307,0.141038
1799,0.290343,0.136547
1800,0.287927,0.133181
1801,0.279669,0.13381
1802,0.268334,0.130174
1803,0.27181,0.130819
1804,0.268491,0.125737
1805,0.276452,0.128323
1806,0.275205,0.130432
1807,0.26654,0.130583
1808,0.261915,0.127597
1809,0.258508,0.127155
1810,0.262517,0.129704
1811,0.264275,0.12664
1812,0.261972,0.127263
1813,0.246787,0.129854
1814,0.257478,0.125532
1815,0.256792,0.123331
1816,0.258814,0.120387
1817,0.251985,0.117304
1818,0.251985,0.117304
1819,0.255281,0.121698
1820,0.258664,0.120546
1821,0.26071,0.120462
1822,0.245885,0.120222
1823,0.245885,0.120222
1824,0.249728,0.122769
1825,0.249728,0.122769
1826,0.253112,0.120141
1827,0.251873,0.120632
1828,0.254085,0.117608
1829,0.259202,0.116547
1830,0.259202,0.116547
1831,0.262828,0.118394
1832,0.262553,0.121599
1833,0.263804,0.124908
1834,0.268898,0.120794
1835,0.268898,0.120794
1836,0.268032,0.122498
1837,0.262365,0.125235
1838,0.266394,0.121974
1839,0.262682,0.121033
1840,0.275866,0.126551
1841,0.278587,0.126996
1842,0.267723,0.123774
1843,0.271926,0.126973
1844,0.26741,0.132633
1845,0.25926,0.13029
1846,0.251859,0.130934
1847,0.261475,0.130297
1848,0.253029,0.130814
1849,0.25711,0.13182
1850,0.273859,0.128031
1851,0.273885,0.128253
1852,0.283731,0.126765
1853,0.294371,0.126096
1854,0.287548,0.122826
1855,0.291514,0.123788
1856,0.286816,0.126498
1857,0.298018,0.122271
1858,0.298923,0.120873
1859,0.301065,0.123281
1860,0.309376,0.122867
1861,0.300232,0.123782
1862,0.295927,0.12505
1863,0.292446,0.125668
1864,0.28812,0.126155
1865,0.288588,0.125608
1866,0.282082,0.125829
1867,0.294542,0.128447
1868,0.296229,0.12925
1869,0.308786,0.130763
1870,0.3091,0.122868
1871,0.305766,0.125637
1872,0.314636,0.122183
1873,0.327353,0.120096
1874,0.335625,0.118625
1875,0.328725,0.122108
1876,0.316066,0.126326
1877,0.308836,0.126693
1878,0.310324,0.127499
1879,0.310275,0.132414
1880,0.308479,0.132424
1881,0.308134,0.131344
1882,0.30474,0.131517
1883,0.318915,0.128262
1884,0.309373,0.12727
1885,0.311781,0.127142
1886,0.303327,0.121887
1887,0.303327,0.121887
1888,0.298424,0.121143
1889,0.296541,0.125562
1890,0.295328,0.12157
1891,0.295328,0.12157
1892,0.300336,0.128192
1893,0.28262,0.130426
1894,0.295149,0.129823
1895,0.286947,0.126096
1896,0.295352,0.125459
1897,0.289132,0.124152
1898,0.286795,0.127109
1899,0.293104,0.130824
1900,0.299256,0.133303
1901,0.287146,0.138295
1902,0.284952,0.136831
1903,0.276751,0.133087
1904,0.265945,0.133816
1905,0.26289,0.128014
1906,0.275642,0.130666
1907,0.279012,0.12934
1908,0.282495,0.13341
1909,0.28846,0.134444
1910,0.297051,0.142804
1911,0.301734,0.141491
1912,0.301734,0.141491
1913,0.301734,0.141491
1914,0.290149,0.139409
1915,0.288489,0.143315
1916,0.281909,0.144971
1917,0.285001,0.14224
1918,0.302195,0.141374
1919,0.291636,0.145172
1920,0.291636,0.145172
1921,0.291636,0.145172
1922,0.291287,0.141491
1923,0.282133,0.141125
1924,0.285073,0.141599
1925,0.275393,0.142129
1926,0.275393,0.142129
1927,0.265324,0.141734
1928,0.266864,0.142712
1929,0.263799,0.147737
1930,0.256266,0.146476
1931,0.258791,0.146627
1932,0.25835,0.147451
1933,0.256717,0.146049
1934,0.259397,0.141993
1935,0.263887,0.140676
1936,0.255879,0.145683
1937,0.245907,0.138202
1938,0.253312,0.135426
1939,0.251019,0.140222
1940,0.260905,0.137107
1941,0.260345,0.136436
1942,0.241671,0.135058
1943,0.255623,0.131506
1944,0.246572,0.132945
1945,0.24789,0.132819
1946,0.252096,0.131826
1947,0.259875,0.133222
1948,0.243558,0.134729
1949,0.242599,0.133135
1950,0.239565,0.136018
1951,0.240196,0.133971
1952,0.236927,0.136744
1953,0.242847,0.136785
1954,0.244622,0.136025
1955,0.239273,0.134733
1956,0.238527,0.1328
1957,0.239391,0.132898
1958,0.249021,0.135447
1959,0.238354,0.133516
1960,0.229771,0.136165
1961,0.236816,0.13587
1962,0.236816,0.13587
1963,0.234521,0.136946
1964,0.238103,0.137015
1965,0.235343,0.140888
1966,0.240299,0.13543
1967,0.229126,0.137289
1968,0.237468,0.139677
1969,0.234546,0.139831
1970,0.239956,0.140476
1971,0.248557,0.143258
1972,0.248764,0.143968
1973,0.244683,0.142882
1974,0.238982,0.140455
1975,0.233504,0.139006
1976,0.241152,0.137178
1977,0.247779,0.135274
1978,0.230764,0.134932
1979,0.241742,0.132746
1980,0.232311,0.132876
1981,0.232311,0.132876
1982,0.222465,0.133211
1983,0.222072,0.132426
1984,0.222072,0.132426
1985,0.231956,0.130873
1986,0.232994,0.128995
1987,0.229848,0.124304
1988,0.22235,0.123299
1989,0.230554,0.126537
1990,0.239775,0.119397
1991,0.243708,0.117966
1992,0.233783,0.112781
1993,0.237925,0.115267
1994,0.236873,0.115145
1995,0.241318,0.112361
1996,0.244094,0.113451
1997,0.235474,0.113443
1998,0.233603,0.115488
1999,0.230432,0.114012
2000,0.223687,0.111996
2001,0.220002,0.115982
2002,0.227758,0.111623
2003,0.226334,0.113534
2004,0.220154,0.112381
2005,0.218383,0.112807
2006,0.221241,0.111546
2007,0.22118,0.109475
2008,0.216602,0.108898
2009,0.216796,0.109943
2010,0.213008,0.113307
2011,0.213008,0.113307
2012,0.222173,0.114637
2013,0.219936,0.110463
2014,0.215987,0.113286
2015,0.219391,0.113212
2016,0.222535,0.112393
2017,0.216075,0.115846
2018,0.214535,0.119786
2019,0.215297,0.116271
2020,0.22258,0.116901
2021,0.220533,0.12027
2022,0.224393,0.120427
2023,0.217083,0.119436
2024,0.221411,0.125293
2025,0.229239,0.124818
2026,0.220598,0.123151
2027,0.214087,0.121022
2028,0.206307,0.119539
2029,0.202464,0.116805
2030,0.195774,0.11704
2031,0.198241,0.11911
2032,0.200008,0.119263
2033,0.196321,0.123451
2034,0.192852,0.122681
2035,0.192777,0.11585
2036,0.190009,0.115819
2037,0.193102,0.117966
2038,0.193549,0.11893
2039,0.193549,0.11893
2040,0.191034,0.116819
2041,0.191274,0.117148
2042,0.191274,0.117148
2043,0.199638,0.114489
2044,0.188234,0.114484
2045,0.195746,0.116633
2046,0.204782,0.117793
2047,0.19716,0.117989
2048,0.19716,0.117989
2049,0.19599,0.117593
2050,0.192944,0.117099
2051,0.19838,0.115652
2052,0.199399,0.115401
2053,0.202449,0.116046
2054,0.196493,0.116663
2055,0.194993,0.118228
2056,0.194993,0.118228
2057,0.192429,0.117134
2058,0.191666,0.119085
2059,0.194648,0.123276
2060,0.197629,0.124959
2061,0.197057,0.123343
2062,0.194852,0.123403
2063,0.195657,0.120619
2064,0.194611,0.120115
2065,0.191877,0.116602
2066,0.190318,0.11956
2067,0.185363,0.120155
2068,0.190177,0.118262
2069,0.189729,0.118686
2070,0.191353,0.121437
2071,0.192112,0.122897
2072,0.188239,0.126348
2073,0.188462,0.124857
2074,0.185952,0.125609
2075,0.185952,0.125609
2076,0.185952,0.125609
2077,0.184458,0.122714
2078,0.189538,0.120268
2079,0.187925,0.125363
2080,0.191297,0.126111
2081,0.190877,0.125309
2082,0.188127,0.127991
2083,0.194473,0.125332
2084,0.189651,0.125915
2085,0.191247,0.125569
2086,0.197516,0.124601
2087,0.186654,0.125318
2088,0.191482,0.127208
2089,0.190448,0.128249
2090,0.189468,0.133197
2091,0.193247,0.130766
2092,0.202225,0.130518
2093,0.208191,0.13548
2094,0.208708,0.132531
2095,0.206616,0.128968
2096,0.208732,0.12826
2097,0.205628,0.129853
2098,0.207064,0.129356
2099,0.207064,0.129356
2100,0.206615,0.130939
2101,0.202593,0.1319
2102,0.20381,0.129612
2103,0.199712,0.132481
2104,0.200736,0.132687
2105,0.201837,0.137306
2106,0.202453,0.140589
2107,0.199748,0.14047
2108,0.197641,0.141473
2109,0.197972,0.139455
2110,0.193263,0.132988
2111,0.191969,0.135536
2112,0.194492,0.135074
2113,0.201717,0.142302
2114,0.198705,0.143139
2115,0.199283,0.139396
2116,0.194626,0.137703
2117,0.197545,0.13999
2118,0.196098,0.141751
2119,0.200563,0.14326
2120,0.195606,0.143716
2121,0.20051,0.149281
2122,0.201534,0.151303
2123,0.201625,0.148953
2124,0.198618,0.145548
2125,0.202782,0.142431
2126,0.198023,0.139086
2127,0.195494,0.140072
2128,0.200678,0.144029
2129,0.198307,0.139455
2130,0.200398,0.137291
2131,0.195475,0.137003
2132,0.205417,0.140893
2133,0.201055,0.141212
2134,0.195917,0.136822
2135,0.199636,0.133064
2136,0.207733,0.134078
2137,0.205755,0.132546
2138,0.200606,0.132262
2139,0.205757,0.132521
2140,0.210284,0.135735
2141,0.215058,0.132328
2142,0.213374,0.138459
2143,0.20418,0.138689
2144,0.204186,0.136282
2145,0.19744,0.136457
2146,0.19781,0.139174
2147,0.188278,0.139484
2148,0.196122,0.13914
2149,0.189943,0.141181
2150,0.191056,0.139607
2151,0.198694,0.139409
2152,0.194662,0.141854
2153,0.196723,0.142551
2154,0.191269,0.14083
2155,0.195116,0.146803
2156,0.190002,0.143005
2157,0.189373,0.146496
2158,0.190471,0.145669
2159,0.189894,0.149288
2160,0.189212,0.146325
2161,0.190238,0.14655
2162,0.197007,0.147825
2163,0.195381,0.147965
2164,0.197892,0.14439
2165,0.20159,0.142772
2166,0.205302,0.136882
2167,0.195607,0.139022
2168,0.203333,0.140211
2169,0.201062,0.143063
2170,0.201103,0.142322
2171,0.194971,0.14139
2172,0.196343,0.141615
2173,0.197132,0.146492
2174,0.196218,0.145346
2175,0.199518,0.141678
2176,0.200859,0.143669
2177,0.209033,0.14703
2178,0.207316,0.141646
2179,0.198564,0.143874
2180,0.196418,0.145096
2181,0.202045,0.147709
2182,0.203114,0.148985
2183,0.20486,0.146354
2184,0.204745,0.145595
2185,0.210619,0.149782
2186,0.207226,0.147744
2187,0.204203,0.147342
2188,0.204703,0.145172
2189,0.207133,0.1488
2190,0.219179,0.147869
2191,0.212197,0.148087
2192,0.222016,0.15262
2193,0.220046,0.150186
2194,0.222662,0.150642
2195,0.222662,0.150642
2196,0.223093,0.149561
2197,0.220094,0.144229
2198,0.221588,0.144349
2199,0.216804,0.1447
2200,0.221109,0.145134
2201,0.219229,0.144185
2202,0.220783,0.14618
2203,0.224679,0.148837
2204,0.227385,0.150832
2205,0.220941,0.146277
2206,0.239911,0.150137
2207,0.238188,0.150441
2208,0.243964,0.152968
2209,0.244518,0.148905
2210,0.247402,0.149152
2211,0.233868,0.151651
2212,0.242866,0.147796
2213,0.23826,0.148266
2214,0.232868,0.149602
2215,0.235156,0.147217
2216,0.239085,0.145278
2217,0.241977,0.147627
2218,0.243162,0.148743
2219,0.249195,0.147936
2220,0.243143,0.147203
2221,0.259048,0.143435
2222,0.258954,0.137994
2223,0.26253,0.142199
2224,0.265872,0.138555
2225,0.257095,0.13689
2226,0.258822,0.133101
2227,0.258661,0.135474
2228,0.261852,0.137578
2229,0.261852,0.137578
2230,0.254988,0.135155
2231,0.248402,0.138325
2232,0.256673,0.134832
2233,0.266059,0.135378
2234,0.259089,0.134445
2235,0.251882,0.135441
2236,0.255523,0.135316
2237,0.262897,0.133667
2238,0.254582,0.139227
2239,0.240125,0.13986
2240,0.239475,0.137791
2241,0.24389,0.138697
2242,0.246055,0.137304
2243,0.236265,0.143097
2244,0.237856,0.142435
2245,0.24044,0.145169
2246,0.236759,0.142305
2247,0.249051,0.145057
2248,0.251987,0.145655
2249,0.25139,0.143368
2250,0.249335,0.141764
2251,0.242996,0.144234
2252,0.242996,0.144234
2253,0.235426,0.140031
2254,0.233004,0.14076
2255,0.229535,0.142598
2256,0.230429,0.141752
2257,0.240406,0.136891
2258,0.226575,0.138836
2259,0.230089,0.136423
2260,0.220605,0.136111
2261,0.214125,0.131655
2262,0.212727,0.133499
2263,0.218277,0.135956
2264,0.227764,0.135503
2265,0.229645,0.133975
2266,0.220179,0.135733
2267,0.217929,0.139061
2268,0.216673,0.137752
2269,0.213743,0.1349
2270,0.224745,0.13189
2271,0.219594,0.13281
2272,0.216185,0.127468
2273,0.216665,0.126774
2274,0.216665,0.126774
2275,0.209793,0.128716
2276,0.207789,0.128951
2277,0.203572,0.128173
2278,0.213568,0.129085
2279,0.207441,0.126157
2280,0.212447,0.125849
2281,0.20994,0.123486
2282,0.20994,0.123486
2283,0.20994,0.123486
2284,0.214594,0.129803
2285,0.214957,0.126595
2286,0.218455,0.124782
2287,0.221362,0.125098
2288,0.221934,0.122324
2289,0.222164,0.123894
2290,0.222164,0.123894
2291,0.22364,0.123011
2292,0.230034,0.122023
2293,0.236451,0.120003
2294,0.239708,0.118066
2295,0.247611,0.117635
2296,0.243977,0.116114
2297,0.249132,0.116384
2298,0.23103,0.116624
2299,0.233378,0.111638
2300,0.246272,0.111939
2301,0.246437,0.111825
2302,0.244925,0.117127
2303,0.245199,0.116365
2304,0.242979,0.112865
2305,0.249436,0.116518
2306,0.249436,0.116518
2307,0.234392,0.114053
2308,0.232674,0.114159
2309,0.242574,0.113048
2310,0.243382,0.112381
2311,0.248597,0.10975
2312,0.242052,0.111113
2313,0.241483,0.110383
2314,0.242366,0.110401
2315,0.234244,0.112957
2316,0.239513,0.114501
2317,0.252568,0.113734
2318,0.245726,0.110988
2319,0.25189,0.112864
2320,0.250185,0.11324
2321,0.250286,0.112713
2322,0.251413,0.11516
2323,0.246745,0.112981
2324,0.246745,0.112981
2325,0.246854,0.114095
2326,0.246854,0.114095
2327,0.241953,0.115065
2328,0.249496,0.115283
2329,0.249496,0.115283
2330,0.249496,0.115283
2331,0.252747,0.114364
2332,0.249395,0.115505
2333,0.249395,0.115505
2334,0.256388,0.110716
2335,0.253337,0.110857
2336,0.253337,0.110857
2337,0.25929,0.110589
2338,0.263603,0.111025
2339,0.254244,0.110677
2340,0.256926,0.114356
2341,0.250474,0.116775
2342,0.245879,0.114933
2343,0.245527,0.114402
2344,0.243886,0.118624
2345,0.240078,0.116972
2346,0.226654,0.120648
2347,0.237199,0.119165
2348,0.242924,0.11969
2349,0.243749,0.118598
2350,0.24769,0.118998
2351,0.245342,0.11762
2352,0.24941,0.118874
2353,0.259851,0.116296
2354,0.257553,0.113909
2355,0.258275,0.113476
2356,0.262229,0.116802
2357,0.265986,0.117143
2358,0.263309,0.116546
2359,0.248422,0.117722
2360,0.251569,0.118475
2361,0.245762,0.120644
2362,0.24439,0.126075
2363,0.251176,0.123216
2364,0.253306,0.12174
2365,0.25804,0.122621
2366,0.259122,0.124141
2367,0.26498,0.123077
2368,0.254851,0.122885
2369,0.244586,0.124387
2370,0.244586,0.124387
2371,0.244429,0.125352
2372,0.243197,0.125832
2373,0.254129,0.129202
2374,0.256164,0.129034
2375,0.253655,0.130155
2376,0.236422,0.129699
2377,0.244268,0.126649
2378,0.241411,0.125599
2379,0.239056,0.12646
2380,0.243739,0.12554
2381,0.238489,0.127194
2382,0.233938,0.120969
2383,0.232089,0.121172
2384,0.235583,0.120872
2385,0.235583,0.120872
2386,0.24615,0.118853
2387,0.241313,0.116913
2388,0.239469,0.117005
2389,0.25301,0.117907
2390,0.253974,0.120145
2391,0.260893,0.11507
2392,0.275058,0.114221
2393,0.277236,0.11439
2394,0.279376,0.113482
2395,0.284868,0.115853
2396,0.291222,0.116615
2397,0.284263,0.115383
2398,0.279871,0.117078
2399,0.279336,0.116161
2400,0.27675,0.114124
2401,0.282217,0.114508
2402,0.268845,0.118274
2403,0.262886,0.115844
2404,0.262043,0.116113
2405,0.258863,0.114761
2406,0.255058,0.116961
2407,0.247631,0.117014
2408,0.243569,0.1123
2409,0.243755,0.117986
2410,0.230188,0.118366
2411,0.237543,0.115686
2412,0.226478,0.114351
2413,0.227084,0.113822
2414,0.232807,0.112355
2415,0.227659,0.112865
2416,0.217671,0.111076
2417,0.21997,0.115461
2418,0.226183,0.114583
2419,0.22585,0.115079
2420,0.229855,0.118372
2421,0.232923,0.11541
2422,0.232706,0.114882
2423,0.239688,0.112602
2424,0.237101,0.113278
2425,0.237101,0.113278
2426,0.241817,0.114685
2427,0.238326,0.112792
2428,0.252406,0.110441
2429,0.234122,0.113161
2430,0.246178,0.112544
2431,0.234177,0.111467
2432,0.245043,0.110205
2433,0.246135,0.107805
2434,0.248416,0.112484
2435,0.252445,0.112518
2436,0.252638,0.109378
2437,0.256871,0.111395
2438,0.247945,0.108767
2439,0.250501,0.112375
2440,0.241993,0.110076
2441,0.242065,0.107968
2442,0.24546,0.10792
2443,0.257613,0.110345
2444,0.253529,0.11133
2445,0.249174,0.109896
2446,0.254748,0.110807
2447,0.258013,0.107311
2448,0.284965,0.11134
2449,0.275331,0.110646
2450,0.283609,0.11129
2451,0.275074,0.107722
2452,0.275074,0.107722
2453,0.281427,0.107587
2454,0.289997,0.10846
2455,0.294259,0.108808
2456,0.294959,0.107455
2457,0.275356,0.108636
2458,0.288304,0.110728
2459,0.283454,0.110888
2460,0.283454,0.110888
2461,0.289991,0.109265
2462,0.282871,0.106312
2463,0.268182,0.108787
2464,0.270751,0.108488
2465,0.282902,0.109635
2466,0.293696,0.109265
2467,0.293696,0.109265
2468,0.293942,0.10756
2469,0.29087,0.109675
2470,0.292085,0.109203
2471,0.293015,0.110484
2472,0.307811,0.112759
2473,0.312981,0.112737
2474,0.312213,0.114531
2475,0.311887,0.114047
2476,0.297403,0.10987
2477,0.297726,0.109022
2478,0.28501,0.108512
2479,0.28501,0.108512
2480,0.292307,0.111094
2481,0.279195,0.113623
2482,0.273328,0.11203
2483,0.270638,0.112406
2484,0.273036,0.110251
2485,0.290905,0.111518
2486,0.27562,0.113252
2487,0.288196,0.113734
2488,0.272908,0.11497
2489,0.278625,0.113669
2490,0.278625,0.113669
2491,0.267479,0.111604
2492,0.267479,0.111604
2493,0.284146,0.114633
2494,0.282092,0.111064
2495,0.302214,0.109355
2496,0.288007,0.109483
2497,0.293323,0.112001
2498,0.293323,0.112001
2499,0.285692,0.11243
2500,0.280495,0.110585
2501,0.282462,0.109807
2502,0.286145,0.108325
2503,0.303038,0.110941
2504,0.296795,0.1113
2505,0.294176,0.111578
2506,0.290169,0.115731
2507,0.297578,0.112657
2508,0.292632,0.112664
2509,0.325354,0.110816
2510,0.308434,0.108959
2511,0.308902,0.111497
2512,0.301241,0.110526
2513,0.302078,0.10964
2514,0.307156,0.111089
2515,0.315433,0.110596
2516,0.317262,0.110027
2517,0.321389,0.113711
2518,0.335678,0.113415
2519,0.316754,0.114759
2520,0.329616,0.112592
2521,0.329616,0.112592
2522,0.332177,0.110888
2523,0.329422,0.113569
2524,0.330843,0.111776
2525,0.329941,0.110269
2526,0.329941,0.110269
2527,0.311263,0.110004
2528,0.30215,0.110544
2529,0.30215,0.110544
2530,0.312244,0.10824
2531,0.315231,0.109689
2532,0.315092,0.109786
2533,0.312573,0.106605
2534,0.30947,0.107368
2535,0.319561,0.108316
2536,0.326355,0.108062
2537,0.32364,0.108575
2538,0.331634,0.11082
2539,0.331634,0.11082
2540,0.325692,0.110276
2541,0.342305,0.108787
2542,0.334812,0.111402
2543,0.328061,0.112558
2544,0.319233,0.114422
2545,0.335211,0.11212
2546,0.329823,0.111537
2547,0.329823,0.111537
2548,0.34408,0.112543
2549,0.342682,0.112978
2550,0.342682,0.112978
2551,0.353319,0.111192
2552,0.339063,0.107791
2553,0.350454,0.11068
2554,0.348268,0.112163
2555,0.355102,0.109001
2556,0.33594,0.10994
2557,0.35782,0.111374
2558,0.342139,0.106088
2559,0.342139,0.106088
2560,0.33769,0.109469
2561,0.319441,0.111141
2562,0.318388,0.113608
2563,0.317041,0.111089
2564,0.338897,0.110269
2565,0.353129,0.108724
2566,0.357463,0.108844
2567,0.356349,0.111329
2568,0.356349,0.111329
2569,0.32776,0.107809
2570,0.320602,0.114804
2571,0.307642,0.115371
2572,0.322272,0.116902
2573,0.322272,0.116902
2574,0.318631,0.116357
2575,0.306186,0.116598
2576,0.293188,0.114861
2577,0.303896,0.112399
2578,0.300418,0.111036
2579,0.301644,0.108673
2580,0.309442,0.112774
2581,0.316264,0.111486
2582,0.320735,0.111113
2583,0.330035,0.107731
2584,0.308939,0.111092
2585,0.311103,0.108063
2586,0.307295,0.108677
2587,0.311334,0.108816
2588,0.310018,0.109573
2589,0.316358,0.109069
2590,0.316358,0.109069
2591,0.295717,0.112487
2592,0.294763,0.111898
2593,0.301086,0.113725
2594,0.301086,0.113725
2595,0.299812,0.112969
2596,0.306903,0.114326
2597,0.306903,0.114326
2598,0.29362,0.113144
2599,0.301456,0.114036
2600,0.313822,0.111144
2601,0.294215,0.109656
2602,0.295994,0.111681
2603,0.294347,0.110837
2604,0.294347,0.110837
2605,0.308166,0.110104
2606,0.306301,0.11281
2607,0.302009,0.113591
2608,0.306308,0.11048
2609,0.306477,0.111634
2610,0.306477,0.111634
2611,0.307627,0.111054
2612,0.301876,0.108532
2613,0.311338,0.110178
2614,0.306107,0.10975
2615,0.312959,0.111744
2616,0.311177,0.108065
2617,0.3138,0.108266
2618,0.307222,0.109021
2619,0.300996,0.11141
2620,0.299284,0.10791
2621,0.305983,0.108694
2622,0.298688,0.109471
2623,0.29431,0.110956
2624,0.29431,0.110956
2625,0.29431,0.110956
2626,0.313956,0.109055
2627,0.291952,0.108385
2628,0.297351,0.107163
2629,0.306073,0.10954
2630,0.306073,0.10954
2631,0.318587,0.112281
2632,0.312513,0.1104
2633,0.3059,0.112468
2634,0.313293,0.109072
2635,0.31851,0.110316
2636,0.297194,0.110527
2637,0.297238,0.109929
2638,0.297238,0.109929
2639,0.302848,0.109214
2640,0.317824,0.109165
2641,0.307874,0.110794
2642,0.29931,0.110819
2643,0.306555,0.111533
2644,0.30142,0.113502
2645,0.304084,0.111629
2646,0.315918,0.110939
2647,0.31229,0.112164
2648,0.29853,0.112292
2649,0.308098,0.110804
2650,0.304244,0.112089
2651,0.309496,0.108092
2652,0.30555,0.110231
2653,0.301014,0.110831
2654,0.303147,0.113047
2655,0.291178,0.109363
2656,0.291628,0.10803
2657,0.313257,0.108446
2658,0.302669,0.110478
2659,0.276115,0.108533
2660,0.273247,0.109553
2661,0.272689,0.110195
2662,0.272297,0.11287
2663,0.27174,0.113696
2664,0.268224,0.112992
2665,0.260102,0.114527
2666,0.259945,0.119412
2667,0.275601,0.119822
2668,0.275601,0.119822
2669,0.276302,0.118869
2670,0.284074,0.122647
2671,0.279717,0.116039
2672,0.286286,0.115215
2673,0.278225,0.114246
2674,0.276539,0.112369
2675,0.267302,0.114826
2676,0.273185,0.117004
2677,0.270299,0.114988
2678,0.260064,0.111642
2679,0.261171,0.114203
2680,0.256745,0.113146
2681,0.273142,0.110962
2682,0.270443,0.10903
2683,0.252224,0.106557
2684,0.2535,0.110149
2685,0.260799,0.109262
2686,0.26996,0.109203
2687,0.26996,0.109203
2688,0.252607,0.108131
2689,0.251822,0.106242
2690,0.266227,0.109869
2691,0.269466,0.108818
2692,0.278123,0.107857
2693,0.296635,0.107798
2694,0.289584,0.109671
2695,0.287332,0.113084
2696,0.298394,0.111516
2697,0.287762,0.111034
2698,0.295878,0.113002
2699,0.292701,0.111075
2700,0.295263,0.107827
2701,0.298527,0.109003
2702,0.285333,0.107672
2703,0.288463,0.112775
2704,0.287475,0.111162
2705,0.301713,0.112664
2706,0.307872,0.111
2707,0.30973,0.114218
2708,0.303944,0.113684
2709,0.29803,0.114012
2710,0.294786,0.11605
2711,0.288257,0.115245
2712,0.282095,0.111737
2713,0.274704,0.11496
2714,0.286525,0.115988
2715,0.281677,0.117616
2716,0.274408,0.117174
2717,0.288788,0.118863
2718,0.276542,0.117953
2719,0.268914,0.120113
2720,0.281607,0.124318
2721,0.283347,0.122112
2722,0.274528,0.11916
2723,0.270821,0.120196
2724,0.248904,0.12109
2725,0.248904,0.12109
2726,0.253931,0.119943
2727,0.261563,0.119347
2728,0.269076,0.118239
2729,0.258398,0.120898
2730,0.256578,0.124808
2731,0.275035,0.121762
2732,0.255758,0.115165
2733,0.267679,0.115181
2734,0.268204,0.115629
2735,0.273868,0.11343
2736,0.287528,0.109927
2737,0.303057,0.110378
2738,0.304854,0.110943
2739,0.306146,0.112045
2740,0.296941,0.115147
2741,0.298771,0.11409
2742,0.301034,0.112792
2743,0.296416,0.113612
2744,0.293589,0.115242
2745,0.288122,0.114435
2746,0.275565,0.115102
2747,0.27601,0.115362
2748,0.276832,0.115257
2749,0.278681,0.112284
2750,0.280184,0.110485
2751,0.280184,0.110485
2752,0.272014,0.109126
2753,0.272768,0.107646
2754,0.283196,0.107266
2755,0.281277,0.108137
2756,0.279537,0.108668
2757,0.268693,0.111265
2758,0.27316,0.112539
2759,0.272277,0.113186
2760,0.279366,0.115448
2761,0.274062,0.110833
2762,0.274062,0.110833
2763,0.272589,0.109365
2764,0.272589,0.109365
2765,0.26919,0.11227
2766,0.264687,0.113578
2767,0.268526,0.112037
2768,0.268526,0.112037
2769,0.270591,0.113815
2770,0.276565,0.117333
2771,0.269842,0.114812
2772,0.271435,0.11124
2773,0.262725,0.115948
2774,0.257983,0.114276
2775,0.254845,0.111372
2776,0.254845,0.111372
2777,0.24754,0.112087
2778,0.247621,0.109745
2779,0.259551,0.108998
2780,0.257319,0.109361
2781,0.257319,0.109361
2782,0.26663,0.113202
2783,0.260566,0.114007
2784,0.25747,0.115419
2785,0.249872,0.112667
2786,0.243361,0.109451
2787,0.245011,0.114207
2788,0.248552,0.113684
2789,0.252873,0.113715
2790,0.252873,0.113715
2791,0.253651,0.112749
2792,0.254441,0.110617
2793,0.261141,0.110796
2794,0.254935,0.11388
2795,0.248891,0.115426
2796,0.248891,0.115426
2797,0.24862,0.114722
2798,0.254408,0.113275
2799,0.245342,0.114828
2800,0.245517,0.119927
2801,0.244048,0.115124
2802,0.248918,0.115113
2803,0.255505,0.114178
2804,0.256406,0.117158
2805,0.254957,0.112727
2806,0.254957,0.112727
2807,0.255538,0.113764
2808,0.250885,0.113306
2809,0.256761,0.112173
2810,0.249558,0.115037
2811,0.25114,0.113087
2812,0.252527,0.114431
2813,0.255611,0.114084
2814,0.251159,0.112504
2815,0.249568,0.112267
2816,0.244141,0.113653
2817,0.24588,0.113261
2818,0.236811,0.112088
2819,0.230568,0.110113
2820,0.242989,0.10937
2821,0.242964,0.109542
2822,0.242964,0.109542
2823,0.242964,0.109542
2824,0.238534,0.108209
2825,0.238534,0.108209
2826,0.24873,0.109178
2827,0.250936,0.107666
2828,0.249156,0.106999
2829,0.237191,0.108487
2830,0.237191,0.108487
2831,0.238297,0.108065
2832,0.232317,0.106856
2833,0.235686,0.108564
2834,0.236558,0.109802
2835,0.231607,0.108122
2836,0.229167,0.111295
2837,0.236951,0.110062
2838,0.244497,0.111078
2839,0.240276,0.110168
2840,0.2335,0.110766
2841,0.223468,0.110375
2842,0.227301,0.108529
2843,0.217033,0.107439
2844,0.213072,0.104977
2845,0.215599,0.106512
2846,0.215599,0.106512
2847,0.210466,0.111176
2848,0.216158,0.110865
2849,0.223625,0.112821
2850,0.218798,0.106225
2851,0.218714,0.108568
2852,0.216192,0.107755
2853,0.216192,0.107755
2854,0.222597,0.107987
2855,0.222597,0.107987
2856,0.214034,0.108297
2857,0.21381,0.107965
2858,0.215561,0.107715
2859,0.218552,0.108746
2860,0.220033,0.109927
2861,0.207274,0.111188
2862,0.209838,0.11026
2863,0.21037,0.110542
2864,0.213172,0.113277
2865,0.207333,0.111276
2866,0.209296,0.115398
2867,0.214181,0.111284
2868,0.217113,0.112208
2869,0.206453,0.113481
2870,0.212878,0.113742
2871,0.206275,0.112989
2872,0.21101,0.111725
2873,0.212376,0.115575
2874,0.208229,0.119037
2875,0.214164,0.115601
2876,0.207078,0.119558
2877,0.211827,0.118297
2878,0.209004,0.117568
2879,0.21839,0.114408
2880,0.218041,0.117725
2881,0.218373,0.119061
2882,0.227024,0.122317
2883,0.2269,0.118253
2884,0.226022,0.119644
2885,0.233536,0.117284
2886,0.224238,0.116933
2887,0.226648,0.119029
2888,0.224005,0.118749
2889,0.22297,0.122204
2890,0.22297,0.122204
2891,0.22297,0.122204
2892,0.2246,0.122796
2893,0.219721,0.125684
2894,0.222873,0.125603
2895,0.219741,0.124469
2896,0.213312,0.124654
2897,0.218036,0.125152
2898,0.215825,0.126718
2899,0.222296,0.128025
2900,0.219575,0.126713
2901,0.230416,0.125245
2902,0.225644,0.126343
2903,0.21688,0.126529
2904,0.216987,0.127027
2905,0.218507,0.125424
2906,0.210621,0.13153
2907,0.221469,0.131263
2908,0.21632,0.129058
2909,0.210198,0.130465
2910,0.222276,0.130181
2911,0.222276,0.130181
2912,0.225109,0.130944
2913,0.226036,0.12917
2914,0.21982,0.128031
2915,0.221134,0.127705
2916,0.224459,0.128137
2917,0.225152,0.133249
2918,0.237665,0.131035
2919,0.239271,0.134174
2920,0.239489,0.132917
2921,0.240836,0.133942
2922,0.237892,0.137204
2923,0.243444,0.136116
2924,0.245249,0.140279
2925,0.243594,0.138293
2926,0.244038,0.13815
2927,0.238622,0.135802
2928,0.233113,0.132749
2929,0.238932,0.135751
2930,0.246378,0.134367
2931,0.237082,0.129076
2932,0.243861,0.127937
2933,0.251779,0.123986
2934,0.250135,0.125633
2935,0.240726,0.126174
2936,0.245808,0.129277
2937,0.245808,0.129277
2938,0.248537,0.127379
2939,0.246617,0.126734
2940,0.244423,0.128727
2941,0.232582,0.13187
2942,0.239777,0.127588
2943,0.226197,0.125825
2944,0.223635,0.12569
2945,0.223911,0.130841
2946,0.223496,0.133911
2947,0.220943,0.135751
2948,0.213923,0.134905
2949,0.221527,0.138219
2950,0.223542,0.143975
2951,0.221715,0.146038
2952,0.228957,0.1419
2953,0.223493,0.140366
2954,0.228015,0.140779
2955,0.228015,0.140779
2956,0.239448,0.146571
2957,0.243074,0.141044
2958,0.250398,0.142971
2959,0.239447,0.144557
2960,0.248402,0.147573
2961,0.239584,0.147689
2962,0.239584,0.147689
2963,0.231623,0.149644
2964,0.232837,0.145948
2965,0.228077,0.138218
2966,0.228077,0.138218
2967,0.23317,0.137148
2968,0.231003,0.136821
2969,0.23191,0.135095
2970,0.231413,0.136204
2971,0.223111,0.13983
2972,0.228739,0.139552
2973,0.227657,0.137577
2974,0.222603,0.13433
2975,0.21681,0.1349
2976,0.21681,0.1349
2977,0.21681,0.1349
2978,0.21681,0.1349
2979,0.219725,0.138747
2980,0.217636,0.139039
2981,0.225253,0.141747
2982,0.224592,0.147572
2983,0.222195,0.151237
2984,0.220099,0.151915
2985,0.219637,0.147455
2986,0.218671,0.149478
2987,0.216003,0.149252
2988,0.221365,0.143499
2989,0.224483,0.143315
2990,0.217097,0.148481
2991,0.221321,0.148264
2992,0.216225,0.145863
2993,0.209557,0.146851
2994,0.210536,0.148972
2995,0.217231,0.149701
2996,0.230729,0.149192
2997,0.229105,0.153316
2998,0.238228,0.147126
2999,0.238228,0.147126
3000,0.229158,0.151849
3001,0.232258,0.157694
3002,0.230431,0.160067
3003,0.230431,0.160067
3004,0.223998,0.158659
3005,0.222216,0.159503
3006,0.216303,0.158956
3007,0.215614,0.166304
3008,0.216839,0.164573
3009,0.225587,0.16128
3010,0.225789,0.162779
3011,0.227976,0.163453
3012,0.23307,0.164392
3013,0.23307,0.164392
3014,0.231939,0.164851
3015,0.229765,0.16876
3016,0.231644,0.16789
3017,0.22549,0.174241
3018,0.223307,0.17996
3019,0.22331,0.176939
3020,0.225614,0.174577
3021,0.234555,0.173985
3022,0.22331,0.173812
3023,0.224622,0.176171
3024,0.23056,0.176214
3025,0.232801,0.172442
3026,0.24054,0.174736
3027,0.235978,0.168772
3028,0.232144,0.167168
3029,0.235474,0.16589
3030,0.228641,0.162048
3031,0.228732,0.161899
3032,0.224678,0.161863
3033,0.232851,0.159844
3034,0.229003,0.160738
3035,0.232054,0.165095
3036,0.233209,0.168192
3037,0.234008,0.17151
3038,0.234008,0.17151
3039,0.226122,0.170183
3040,0.223808,0.170765
3041,0.226494,0.170707
3042,0.230177,0.166113
3043,0.228822,0.166752
3044,0.229141,0.167488
3045,0.229141,0.167488
3046,0.229141,0.167488
3047,0.226689,0.169897
3048,0.23564,0.171287
3049,0.222053,0.170528
3050,0.226188,0.170572
3051,0.226935,0.170471
3052,0.227632,0.170114
3053,0.238991,0.173158
3054,0.227777,0.172405
3055,0.229877,0.170855
3056,0.23015,0.172002
3057,0.23015,0.172002
3058,0.238037,0.173315
3059,0.234775,0.173449
3060,0.238829,0.171472
3061,0.225667,0.173668
3062,0.232673,0.173586
3063,0.231199,0.169133
3064,0.232345,0.17194
3065,0.229418,0.167226
3066,0.227393,0.166691
3067,0.220227,0.169977
3068,0.227523,0.170032
3069,0.223454,0.170316
3070,0.21987,0.170479
3071,0.223655,0.171088
3072,0.230689,0.167433
3073,0.230358,0.166181
3074,0.223234,0.167633
3075,0.221569,0.171959
3076,0.22126,0.172442
3077,0.216544,0.168479
3078,0.228655,0.170427
3079,0.227084,0.168199
3080,0.229646,0.170375
3081,0.230878,0.167258
3082,0.23441,0.16801
3083,0.235201,0.169097
3084,0.240426,0.168596
3085,0.244301,0.164944
3086,0.248384,0.164957
3087,0.261717,0.163116
3088,0.260826,0.163187
3089,0.262267,0.168002
3090,0.27113,0.164663
3091,0.27113,0.164663
3092,0.268441,0.15933
3093,0.274942,0.157683
3094,0.261484,0.160501
3095,0.265539,0.159457
3096,0.266184,0.157604
3097,0.270322,0.160139
3098,0.268834,0.160453
3099,0.270675,0.158649
3100,0.26664,0.156146
3101,0.277509,0.153378
3102,0.269168,0.152398
3103,0.259136,0.156967
3104,0.257051,0.157975
3105,0.260678,0.154383
3106,0.25857,0.151692
3107,0.258772,0.149669
3108,0.25448,0.145572
3109,0.264722,0.147723
3110,0.260225,0.152355
3111,0.26075,0.152091
3112,0.262311,0.150074
3113,0.269685,0.151575
3114,0.262075,0.151441
3115,0.264653,0.155367
3116,0.262487,0.157016
3117,0.266084,0.158763
3118,0.253668,0.15815
3119,0.253668,0.15815
3120,0.257079,0.153722
3121,0.257079,0.153722
3122,0.257423,0.153563
3123,0.257423,0.153563
3124,0.257425,0.157702
3125,0.253858,0.158311
3126,0.26087,0.15027
3127,0.261762,0.155214
3128,0.26205,0.151602
3129,0.254797,0.149067
3130,0.249189,0.152549
3131,0.25204,0.149412
3132,0.25204,0.149412
3133,0.261935,0.153128
3134,0.264994,0.143349
3135,0.263159,0.148749
3136,0.258608,0.156129
3137,0.256524,0.153512
3138,0.258016,0.15272
3139,0.249991,0.143205
3140,0.24029,0.144067
3141,0.238688,0.141163
3142,0.230904,0.139118
3143,0.231569,0.141335
3144,0.2291,0.140387
3145,0.231741,0.141832
3146,0.241037,0.143317
3147,0.234169,0.14658
3148,0.23272,0.142957
3149,0.240536,0.145528
3150,0.229404,0.143646
3151,0.240013,0.143056
3152,0.237588,0.136484
3153,0.235536,0.143899
3154,0.245378,0.145498
3155,0.245378,0.145498
3156,0.231905,0.146591
3157,0.23707,0.145665
3158,0.226262,0.144891
3159,0.243572,0.140607
3160,0.244254,0.13435
3161,0.258649,0.131851
3162,0.258649,0.131851
3163,0.249122,0.13119
3164,0.247901,0.123089
3165,0.258399,0.124847
3166,0.257179,0.122767
3167,0.263349,0.121469
3168,0.25312,0.120193
3169,0.248393,0.120119
3170,0.252016,0.120879
3171,0.23315,0.12014
3172,0.228536,0.119474
3173,0.225602,0.117403
3174,0.23238,0.117409
3175,0.23238,0.117409
3176,0.226321,0.121095
3177,0.23217,0.121186
3178,0.232201,0.121081
3179,0.224594,0.1212
3180,0.222206,0.121244
3181,0.223127,0.122323
3182,0.221809,0.117216
3183,0.222752,0.119633
3184,0.224091,0.117643
3185,0.226199,0.116312
3186,0.224806,0.118533
3187,0.227176,0.119149
3188,0.219758,0.120505
3189,0.22286,0.125203
3190,0.216531,0.125369
3191,0.220664,0.125879
3192,0.212073,0.127636
3193,0.214603,0.121633
3194,0.210768,0.126454
3195,0.213913,0.123652
3196,0.212479,0.122747
3197,0.212681,0.118324
3198,0.215184,0.116236
3199,0.211981,0.116781
3200,0.21372,0.118778
3201,0.208496,0.118672
3202,0.208496,0.118672
3203,0.206209,0.116212
3204,0.20547,0.11723
3205,0.200605,0.116181
3206,0.190993,0.118757
3207,0.197731,0.117642
3208,0.199551,0.120581
3209,0.196411,0.122707
3210,0.196123,0.120898
3211,0.199125,0.124552
3212,0.199719,0.121107
3213,0.192329,0.121394
3214,0.198518,0.120731
3215,0.199015,0.122078
3216,0.197168,0.122729
3217,0.194121,0.121836
3218,0.195712,0.123681
3219,0.189371,0.121171
3220,0.191441,0.1209
3221,0.194818,0.120674
3222,0.194883,0.12091
3223,0.199479,0.118971
3224,0.195738,0.115404
3225,0.19596,0.114499
3226,0.199792,0.118601
3227,0.202174,0.118426
3228,0.206465,0.118292
3229,0.201264,0.118444
3230,0.198082,0.118796
3231,0.205111,0.121258
3232,0.20366,0.121451
3233,0.206369,0.124132
3234,0.208892,0.124603
3235,0.205641,0.126591
3236,0.206825,0.126032
3237,0.204473,0.123438
3238,0.197488,0.123373
3239,0.20025,0.121865
3240,0.192958,0.121078
3241,0.192908,0.12191
3242,0.190919,0.119681
3243,0.19007,0.124328
3244,0.19007,0.124328
3245,0.194928,0.123289
3246,0.194928,0.123289
3247,0.19527,0.121701
3248,0.196078,0.1249
3249,0.194857,0.121381
3250,0.197128,0.123068
3251,0.201792,0.123618
3252,0.202164,0.123516
3253,0.201921,0.12453
3254,0.204348,0.126309
3255,0.204291,0.12388
3256,0.199644,0.127845
3257,0.205583,0.128616
3258,0.205583,0.128616
3259,0.21332,0.1265
3260,0.211434,0.125605
3261,0.211434,0.125605
3262,0.208993,0.123703
3263,0.213644,0.125007
3264,0.211945,0.127669
3265,0.209019,0.124292
3266,0.209019,0.124292
3267,0.209737,0.124046
3268,0.206007,0.123632
3269,0.205424,0.123863
3270,0.20577,0.11906
3271,0.205409,0.118259
3272,0.202634,0.121317
3273,0.201515,0.119047
3274,0.201515,0.119047
3275,0.202442,0.119764
3276,0.197425,0.117772
3277,0.201744,0.11569
3278,0.206323,0.116858
3279,0.204987,0.117497
3280,0.211693,0.119944
3281,0.201366,0.116872
3282,0.206011,0.118073
3283,0.209525,0.120423
3284,0.203146,0.117579
3285,0.195674,0.119741
3286,0.206256,0.122548
3287,0.199843,0.125796
3288,0.199843,0.125796
3289,0.206286,0.12345
3290,0.19853,0.122862
3291,0.206122,0.121566
3292,0.207982,0.121894
3293,0.203993,0.124449
3294,0.205173,0.125487
3295,0.205173,0.125487
3296,0.202645,0.125771
3297,0.197509,0.124764
3298,0.190547,0.12424
3299,0.190111,0.127698
3300,0.188044,0.126369
3301,0.189366,0.123335
3302,0.187651,0.124637
3303,0.190841,0.127036
3304,0.185208,0.129524
3305,0.183937,0.127961
3306,0.188743,0.128773
3307,0.188743,0.128773
3308,0.18574,0.127314
3309,0.188322,0.127794
3310,0.190571,0.125831
3311,0.191783,0.126596
3312,0.188729,0.124151
3313,0.195145,0.124207
3314,0.190508,0.123795
3315,0.189491,0.120782
3316,0.193841,0.124201
3317,0.196149,0.123102
3318,0.194726,0.121661
3319,0.198554,0.115946
3320,0.195608,0.118199
3321,0.201799,0.125703
3322,0.200742,0.123331
3323,0.203483,0.121047
3324,0.200863,0.121995
3325,0.202154,0.120205
3326,0.196413,0.119165
3327,0.195187,0.120235
3328,0.202039,0.12163
3329,0.198428,0.119778
3330,0.192861,0.117546
3331,0.196016,0.119917
3332,0.195516,0.120694
3333,0.193779,0.121853
3334,0.201147,0.12131
3335,0.20322,0.122272
3336,0.205384,0.120463
3337,0.201891,0.120363
3338,0.197779,0.118317
3339,0.199339,0.119856
3340,0.197759,0.124172
3341,0.200809,0.122825
3342,0.20261,0.119624
3343,0.199879,0.117909
3344,0.199455,0.11932
3345,0.198023,0.120097
3346,0.203022,0.121182
3347,0.203022,0.121182
3348,0.206496,0.123529
3349,0.204082,0.121372
3350,0.204082,0.121372
3351,0.199186,0.119651
3352,0.198227,0.120393
3353,0.198595,0.118131
3354,0.195039,0.123683
3355,0.194971,0.124864
3356,0.195087,0.125097
3357,0.194635,0.124087
3358,0.194718,0.126116
3359,0.188178,0.121722
3360,0.186614,0.123784
3361,0.191169,0.120215
3362,0.191969,0.120681
3363,0.194776,0.12263
3364,0.194949,0.124391
3365,0.193484,0.123137
3366,0.184309,0.121184
3367,0.18648,0.119745
3368,0.18712,0.120055
3369,0.186593,0.122224
3370,0.187985,0.118296
3371,0.188532,0.118079
3372,0.189786,0.116239
3373,0.192754,0.116846
3374,0.199609,0.117305
3375,0.197763,0.120445
3376,0.20162,0.118698
3377,0.197287,0.117668
3378,0.199364,0.114163
3379,0.199364,0.114163
3380,0.205264,0.118487
3381,0.207015,0.121586
3382,0.21547,0.119515
3383,0.203551,0.119272
3384,0.203045,0.116776
3385,0.203045,0.116776
3386,0.203592,0.113905
3387,0.200383,0.115114
3388,0.205656,0.114977
3389,0.206387,0.117463
3390,0.205915,0.11593
3391,0.205055,0.114169
3392,0.199036,0.116318
3393,0.196685,0.11455
3394,0.195009,0.115802
3395,0.206435,0.114144
3396,0.200059,0.115763
3397,0.200059,0.115763
3398,0.204598,0.113759
3399,0.195083,0.116412
3400,0.198255,0.114644
3401,0.191313,0.111901
3402,0.191566,0.111092
3403,0.190119,0.11079
3404,0.19187,0.114404
3405,0.194428,0.113681
3406,0.194428,0.113681
3407,0.184597,0.112249
3408,0.190871,0.109966
3409,0.18757,0.106893
3410,0.185806,0.10633
3411,0.186565,0.109889
3412,0.186565,0.109889
3413,0.199394,0.110415
3414,0.191606,0.10731
3415,0.191606,0.10731
3416,0.194605,0.109397
3417,0.191342,0.108456
3418,0.196713,0.108812
3419,0.186573,0.10694
3420,0.189907,0.108057
3421,0.191922,0.110611
3422,0.194365,0.109573
3423,0.195662,0.109445
3424,0.199748,0.112837
3425,0.201084,0.11316
3426,0.201084,0.11316
3427,0.194933,0.112192
3428,0.196163,0.115137
3429,0.194243,0.115101
3430,0.194243,0.115101
3431,0.197076,0.115348
3432,0.192631,0.112458
3433,0.191209,0.113468
3434,0.1972,0.114066
3435,0.1972,0.114066
3436,0.193568,0.114943
3437,0.198559,0.116717
3438,0.195714,0.117263
3439,0.193039,0.117232
3440,0.198819,0.116326
3441,0.199656,0.118699
3442,0.204415,0.117956
3443,0.215301,0.120027
3444,0.210373,0.122765
3445,0.21623,0.117288
3446,0.210321,0.116875
3447,0.210264,0.12191
3448,0.198887,0.121639
3449,0.192928,0.121167
3450,0.181858,0.112902
3451,0.179572,0.115706
3452,0.181991,0.11647
3453,0.189383,0.117
3454,0.1886,0.115783
3455,0.187571,0.119109
3456,0.194382,0.117133
3457,0.188381,0.119961
3458,0.192059,0.117577
3459,0.187646,0.11789
3460,0.186953,0.116654
3461,0.184739,0.116205
3462,0.184101,0.119517
3463,0.183066,0.11616
3464,0.18003,0.11552
3465,0.180214,0.11397
3466,0.181283,0.112494
3467,0.183088,0.114679
3468,0.182618,0.114323
3469,0.184722,0.116199
3470,0.179297,0.114761
3471,0.179482,0.112118
3472,0.187367,0.112791
3473,0.185926,0.112437
3474,0.183564,0.111271
3475,0.186422,0.111757
3476,0.180477,0.110818
3477,0.183668,0.110052
3478,0.17805,0.11222
3479,0.180921,0.111492
3480,0.183248,0.114334
3481,0.183918,0.118035
3482,0.182843,0.117531
3483,0.184756,0.117404
3484,0.18949,0.117543
3485,0.187753,0.114332
3486,0.184348,0.112435
3487,0.190379,0.117491
3488,0.190379,0.117491
3489,0.182957,0.112045
3490,0.181257,0.11004
3491,0.180596,0.112213
3492,0.181156,0.109824
3493,0.178167,0.111041
3494,0.18434,0.112994
3495,0.190196,0.114831
3496,0.187127,0.112687
3497,0.181837,0.112007
3498,0.176874,0.111619
3499,0.179176,0.110451
3500,0.181787,0.111967
3501,0.180326,0.113807
3502,0.184178,0.111537
3503,0.184182,0.112788
3504,0.18592,0.111951
3505,0.18592,0.111951
3506,0.183603,0.112449
3507,0.180813,0.110775
3508,0.183966,0.111912
3509,0.183246,0.113238
3510,0.184298,0.113702
3511,0.183342,0.110495
3512,0.187022,0.109672
3513,0.187216,0.111566
3514,0.181241,0.110701
3515,0.181241,0.110701
3516,0.184054,0.110503
3517,0.184054,0.110503
3518,0.189283,0.110978
3519,0.189107,0.110296
3520,0.194499,0.11148
3521,0.184377,0.109992
3522,0.184377,0.109992
3523,0.190143,0.109995
3524,0.189175,0.10961
3525,0.192127,0.108169
3526,0.191944,0.110309
3527,0.187593,0.108067
3528,0.188396,0.109899
3529,0.190242,0.109429
3530,0.183769,0.109469
3531,0.185581,0.110658
3532,0.181181,0.109376
3533,0.183034,0.107144
3534,0.185863,0.107935
3535,0.186323,0.106607
3536,0.187259,0.106633
3537,0.187259,0.106633
3538,0.187346,0.107133
3539,0.190064,0.106886
3540,0.189252,0.108425
3541,0.189066,0.106473
3542,0.192622,0.106171
3543,0.191475,0.108965
3544,0.191231,0.107411
3545,0.201993,0.109302
3546,0.201616,0.106432
3547,0.201576,0.107274
3548,0.200432,0.108271
3549,0.201399,0.107315
3550,0.204557,0.109898
3551,0.206685,0.111747
3552,0.205327,0.110878
3553,0.207806,0.108711
3554,0.199464,0.109914
3555,0.19939,0.108007
3556,0.199085,0.108933
3557,0.200233,0.108437
3558,0.194582,0.108875
3559,0.200658,0.107492
3560,0.210313,0.110693
3561,0.203356,0.108461
3562,0.20925,0.10988
3563,0.20925,0.10988
3564,0.213093,0.108245
3565,0.208869,0.109641
3566,0.210966,0.110459
3567,0.208329,0.110444
3568,0.203694,0.112009
3569,0.205882,0.108628
3570,0.199487,0.108311
3571,0.199487,0.108311
3572,0.198494,0.107712
3573,0.19935,0.108605
3574,0.193324,0.105575
3575,0.192437,0.108447
3576,0.192887,0.108778
3577,0.196012,0.108571
3578,0.193331,0.108359
3579,0.204877,0.109244
3580,0.197394,0.106566
3581,0.201259,0.107736
3582,0.189721,0.10746
3583,0.189721,0.10746
3584,0.192981,0.109094
3585,0.192169,0.109136
3586,0.189209,0.108132
3587,0.189209,0.108132
3588,0.193811,0.11196
3589,0.197065,0.109114
3590,0.199882,0.112078
3591,0.193181,0.109268
3592,0.192136,0.111382
3593,0.19463,0.112507
3594,0.19762,0.113913
3595,0.192162,0.113839
3596,0.19509,0.117913
3597,0.20136,0.118233
3598,0.189106,0.120099
3599,0.186249,0.119699
3600,0.181819,0.122625
3601,0.182275,0.121283
3602,0.178904,0.116833
3603,0.177939,0.117261
3604,0.178104,0.120576
3605,0.180051,0.118849
3606,0.176396,0.11772
3607,0.176396,0.11772
3608,0.178638,0.116808
3609,0.181332,0.118795
3610,0.181332,0.118795
3611,0.184388,0.120976
3612,0.182314,0.12296
3613,0.176964,0.124531
3614,0.184186,0.121927
3615,0.1809,0.122438
3616,0.1809,0.122438
3617,0.180069,0.119139
3618,0.180349,0.116453
3619,0.179984,0.113953
3620,0.180857,0.118359
3621,0.176945,0.116833
3622,0.181282,0.119965
3623,0.179425,0.120014
3624,0.179709,0.120116
3625,0.184126,0.118455
3626,0.182535,0.117131
3627,0.176605,0.11786
3628,0.179441,0.119113
3629,0.181775,0.114373
3630,0.179568,0.114558
3631,0.181739,0.11302
3632,0.181739,0.11302
3633,0.177207,0.110039
3634,0.176736,0.115897
3635,0.173523,0.114722
3636,0.169647,0.115128
3637,0.178319,0.115875
3638,0.179947,0.116977
3639,0.177102,0.115892
3640,0.178793,0.118376
3641,0.177985,0.118509
3642,0.18494,0.121372
3643,0.185349,0.12218
3644,0.188903,0.119896
3645,0.190272,0.119481
3646,0.189385,0.119187
3647,0.187529,0.119949
3648,0.186067,0.121163
3649,0.18211,0.119955
3650,0.183841,0.119221
3651,0.183841,0.119221
3652,0.188227,0.119241
3653,0.188227,0.119241
3654,0.189605,0.119101
3655,0.180052,0.121949
3656,0.186216,0.124511
3657,0.181921,0.125861
3658,0.183739,0.125196
3659,0.18563,0.121109
3660,0.177708,0.121243
3661,0.180572,0.119252
3662,0.179099,0.120403
3663,0.181648,0.121415
3664,0.181648,0.121415
3665,0.185804,0.121781
3666,0.184698,0.121639
3667,0.184565,0.122349
3668,0.181997,0.123691
3669,0.183736,0.122707
3670,0.193961,0.122996
3671,0.194805,0.123754
3672,0.188192,0.119612
3673,0.189448,0.121048
3674,0.188805,0.117998
3675,0.186264,0.11759
3676,0.187651,0.117502
3677,0.190374,0.120534
3678,0.187514,0.11811
3679,0.198598,0.121004
3680,0.197243,0.122408
3681,0.202211,0.122019
3682,0.20374,0.117922
3683,0.202677,0.116691
3684,0.203535,0.115384
3685,0.203535,0.115384
3686,0.203535,0.115384
3687,0.211169,0.118213
3688,0.218944,0.12533
3689,0.217919,0.129553
3690,0.21764,0.126498
3691,0.215348,0.128746
3692,0.209497,0.126967
3693,0.213263,0.129605
3694,0.217977,0.127829
3695,0.20907,0.126253
3696,0.206959,0.123397
3697,0.206959,0.123397
3698,0.21473,0.12346
3699,0.215541,0.122378
3700,0.217436,0.124878
3701,0.217436,0.124878
3702,0.215897,0.123939
3703,0.223123,0.126249
3704,0.215451,0.12301
3705,0.201897,0.123296
3706,0.212316,0.126978
3707,0.216316,0.127748
3708,0.208709,0.121488
3709,0.207193,0.122831
3710,0.209473,0.126386
3711,0.209131,0.127888
3712,0.210635,0.125783
3713,0.215435,0.123988
3714,0.21052,0.122236
3715,0.20242,0.126167
3716,0.208985,0.127897
3717,0.210847,0.128955
3718,0.207815,0.125286
3719,0.209847,0.128872
3720,0.205749,0.129907
3721,0.205167,0.126956
3722,0.200377,0.123841
3723,0.201282,0.123722
3724,0.203179,0.122293
3725,0.194779,0.119514
3726,0.18947,0.117968
3727,0.189614,0.115799
3728,0.187647,0.117002
3729,0.18789,0.118177
3730,0.189944,0.120467
3731,0.189157,0.123336
3732,0.187326,0.11991
3733,0.189362,0.119017
3734,0.189362,0.119017
3735,0.189208,0.11959
3736,0.187924,0.119072
3737,0.185981,0.121637
3738,0.189482,0.119756
3739,0.191161,0.124063
3740,0.188502,0.12387
3741,0.184745,0.126334
3742,0.188419,0.12335
3743,0.184343,0.123341
3744,0.182826,0.123104
3745,0.182422,0.122975
3746,0.182868,0.119005
3747,0.186597,0.121978
3748,0.180434,0.120054
3749,0.185576,0.122241
3750,0.180033,0.117911
3751,0.171664,0.113906
3752,0.173686,0.114797
3753,0.173602,0.113626
3754,0.174457,0.113216
3755,0.179497,0.119706
3756,0.178824,0.116597
3757,0.180683,0.119565
3758,0.178843,0.117559
3759,0.17646,0.115439
3760,0.176085,0.11481
3761,0.177159,0.116624
3762,0.17387,0.114466
3763,0.176179,0.114472
3764,0.175281,0.113937
3765,0.17678,0.112728
3766,0.179876,0.117148
3767,0.179876,0.117148
3768,0.181333,0.118461
3769,0.179598,0.116472
3770,0.18187,0.118327
3771,0.188049,0.119874
3772,0.183248,0.118586
3773,0.18562,0.11987
3774,0.187241,0.122304
3775,0.188927,0.122562
3776,0.180696,0.119746
3777,0.185473,0.121977
3778,0.179949,0.117603
3779,0.179949,0.117603
3780,0.184163,0.119755
3781,0.179153,0.120653
3782,0.174764,0.115512
3783,0.17485,0.117278
3784,0.179131,0.119674
3785,0.182629,0.12225
3786,0.184032,0.121807
3787,0.184032,0.121807
3788,0.189053,0.12502
3789,0.190537,0.126311
3790,0.184519,0.125528
3791,0.184815,0.126667
3792,0.187854,0.126338
3793,0.187854,0.126338
3794,0.188544,0.125947
3795,0.187967,0.123471
3796,0.188375,0.124745
3797,0.184539,0.121159
3798,0.184539,0.121159
3799,0.183702,0.120911
3800,0.186404,0.120118
3801,0.185852,0.121012
3802,0.188133,0.121711
3803,0.193621,0.122706
3804,0.189388,0.120539
3805,0.189388,0.120539
3806,0.183662,0.121552
3807,0.183807,0.120479
3808,0.181975,0.123812
3809,0.183385,0.121319
3810,0.185685,0.119871
3811,0.182549,0.119546
3812,0.183509,0.118129
3813,0.188617,0.11959
3814,0.188617,0.11959
3815,0.179958,0.118789
3816,0.179759,0.115572
3817,0.178765,0.118403
3818,0.175178,0.113901
3819,0.176203,0.113361
3820,0.175028,0.109974
3821,0.176306,0.110375
3822,0.175179,0.111146
3823,0.172749,0.109803
3824,0.172063,0.108216
3825,0.170343,0.108995
3826,0.174552,0.109889
3827,0.165959,0.107534
3828,0.169949,0.111433
3829,0.172731,0.10966
3830,0.169484,0.108522
3831,0.171341,0.109562
3832,0.171724,0.109338
3833,0.166504,0.11026
3834,0.172286,0.112507
3835,0.172119,0.111988
3836,0.1756,0.11014
3837,0.1756,0.11014
3838,0.173828,0.108317
3839,0.179755,0.112835
3840,0.177532,0.110696
3841,0.177106,0.112761
3842,0.174558,0.114214
3843,0.175516,0.11162
3844,0.17587,0.112742
3845,0.173231,0.112978
3846,0.175097,0.110991
3847,0.175005,0.112993
3848,0.177835,0.114594
3849,0.177726,0.113557
3850,0.178118,0.115804
3851,0.178118,0.115804
3852,0.178248,0.114058
3853,0.177767,0.115055
3854,0.177274,0.114684
3855,0.177303,0.116394
3856,0.17653,0.115095
3857,0.177634,0.117911
3858,0.174261,0.114709
3859,0.1789,0.115103
3860,0.180798,0.116646
3861,0.178827,0.11446
3862,0.180911,0.117056
3863,0.17982,0.118514
3864,0.178959,0.12326
3865,0.179107,0.124298
3866,0.181874,0.122968
3867,0.179289,0.120961
3868,0.180504,0.11968
3869,0.182499,0.119219
3870,0.185195,0.123974
3871,0.189953,0.123482
3872,0.186918,0.124746
3873,0.190068,0.12098
3874,0.186802,0.119904
3875,0.190755,0.122691
3876,0.191535,0.123285
3877,0.187565,0.121181
3878,0.185012,0.12184
3879,0.185686,0.123176
3880,0.191645,0.123606
3881,0.191645,0.123606
3882,0.191645,0.123606
3883,0.195488,0.12499
3884,0.18805,0.12396
3885,0.190915,0.12295
3886,0.193067,0.126854
3887,0.193374,0.125309
3888,0.192248,0.125441
3889,0.192248,0.125441
3890,0.196232,0.12886
3891,0.193575,0.129755
3892,0.195007,0.131866
3893,0.191715,0.129485
3894,0.203366,0.131027
3895,0.198793,0.132876
3896,0.197249,0.137717
3897,0.196314,0.139615
3898,0.192568,0.136916
3899,0.192179,0.135694
3900,0.192835,0.134274
3901,0.191751,0.137727
3902,0.198154,0.140617
3903,0.206349,0.147478
3904,0.204012,0.147159
3905,0.204012,0.147159
3906,0.205473,0.149073
3907,0.205749,0.149466
3908,0.204554,0.148553
3909,0.204554,0.148553
3910,0.197575,0.143983
3911,0.202112,0.146983
3912,0.202112,0.146983
3913,0.205153,0.146134
3914,0.203788,0.145012
3915,0.203967,0.144723
3916,0.203967,0.144723
3917,0.203967,0.144723
3918,0.206218,0.146103
3919,0.210974,0.147133
3920,0.213822,0.148074
3921,0.206704,0.144599
3922,0.206049,0.141792
3923,0.209972,0.146582
3924,0.208545,0.146717
3925,0.205684,0.144511
3926,0.198446,0.142238
3927,0.200212,0.142118
3928,0.201614,0.141063
3929,0.201614,0.141063
3930,0.202438,0.141735
3931,0.206338,0.145127
3932,0.206338,0.145127
3933,0.209303,0.144392
3934,0.195953,0.138337
3935,0.195953,0.138337
3936,0.196709,0.140565
3937,0.189923,0.136758
3938,0.19471,0.138582
3939,0.191312,0.140555
3940,0.191312,0.140555
3941,0.190525,0.140388
3942,0.186221,0.136928
3943,0.180634,0.134437
3944,0.185816,0.142337
3945,0.192232,0.140577
3946,0.192232,0.140577
3947,0.193425,0.140273
3948,0.191438,0.136703
3949,0.192118,0.137102
3950,0.188389,0.135719
3951,0.184814,0.133987
3952,0.184099,0.131264
3953,0.180202,0.133326
3954,0.182888,0.132159
3955,0.185055,0.133572
3956,0.184828,0.138059
3957,0.182523,0.136556
3958,0.183974,0.133164
3959,0.182925,0.136266
3960,0.186679,0.139643
3961,0.18145,0.141801
3962,0.179339,0.135815
3963,0.178409,0.137033
3964,0.180474,0.136936
3965,0.181805,0.13845
3966,0.178589,0.13545
3967,0.187679,0.134169
3968,0.176597,0.128765
3969,0.177138,0.1285
3970,0.183343,0.131272
3971,0.188203,0.130141
3972,0.182295,0.128618
3973,0.183678,0.128787
3974,0.184639,0.131323
3975,0.191016,0.133536
3976,0.190626,0.12771
3977,0.188975,0.126749
3978,0.184089,0.12614
3979,0.189229,0.128717
3980,0.18526,0.126028
3981,0.185121,0.127686
3982,0.183197,0.129751
3983,0.189451,0.130632
3984,0.191643,0.132112
3985,0.188457,0.132008
3986,0.184624,0.127431
3987,0.188515,0.131385
3988,0.183783,0.128674
3989,0.188119,0.131328
3990,0.1871,0.133199
3991,0.1871,0.133199
3992,0.192311,0.13495
3993,0.191093,0.13623
3994,0.191009,0.135741
3995,0.19034,0.13627
3996,0.19034,0.13627
3997,0.193095,0.136325
3998,0.193297,0.133125
3999,0.191211,0.136644
4000,0.190278,0.134354
4001,0.197751,0.1359
4002,0.195756,0.132916
4003,0.192711,0.12976
4004,0.196133,0.130191
4005,0.200764,0.134096
4006,0.207656,0.137881
4007,0.204243,0.137887
4008,0.208988,0.138267
4009,0.205074,0.131817
4010,0.200902,0.130699
