MDTU,plaq,Re(det),Im(det),link
1,1.02714,0.55216,0.161421,0.14068
2,1.04047,0.566976,0.193132,0.162682
3,1.00484,0.528433,0.19648,0.171048
4,1.00346,0.531795,0.206664,0.18069
5,0.992678,0.516555,0.205653,0.186105
6,0.96984,0.494892,0.201435,0.185637
7,0.986759,0.507586,0.210943,0.187201
8,0.966855,0.489407,0.204919,0.187851
9,0.981972,0.506153,0.210539,0.188024
10,0.965664,0.486487,0.20652,0.188252
11,0.988222,0.506964,0.214426,0.19119
12,0.988222,0.506964,0.214426,0.19119
13,0.967781,0.495376,0.209939,0.195023
14,0.97521,0.497092,0.206983,0.192291
15,0.97521,0.497092,0.206983,0.192291
16,0.975637,0.502193,0.209342,0.194035
17,0.960717,0.486598,0.20557,0.191114
18,0.973419,0.500794,0.208943,0.190751
19,0.950052,0.478655,0.204105,0.189942
20,0.958017,0.483983,0.204371,0.190936
21,0.964786,0.493002,0.207317,0.194116
22,0.97346,0.499306,0.21223,0.191949
23,0.962561,0.492579,0.210184,0.193216
24,0.972282,0.502894,0.210683,0.191028
25,0.95475,0.483368,0.204173,0.192338
26,0.979599,0.506642,0.214486,0.191319
27,0.979599,0.506642,0.214486,0.191319
28,0.949913,0.479021,0.202296,0.189607
29,0.96162,0.488236,0.209831,0.191389
30,0.965095,0.4912,0.208142,0.192653
31,0.965095,0.4912,0.208142,0.192653
32,0.957621,0.485319,0.207875,0.193278
33,0.960762,0.489935,0.208479,0.1918
34,0.957227,0.485874,0.208175,0.19139
35,0.961546,0.491173,0.208185,0.192473
36,0.967618,0.494711,0.210875,0.190462
37,0.963899,0.49207,0.209175,0.190086
38,0.95619,0.487795,0.206358,0.19156
39,0.966033,0.489292,0.203568,0.19123
40,0.958885,0.483772,0.206598,0.1898
41,0.963762,0.493875,0.210569,0.192991
42,0.963676,0.491406,0.204878,0.191861
43,0.966916,0.492179,0.207925,0.19247
44,0.961513,0.492736,0.206316,0.19363
45,0.962348,0.489818,0.206247,0.192795
46,0.959722,0.486532,0.204965,0.193697
47,0.978318,0.504074,0.211337,0.193365
48,0.970012,0.494448,0.206066,0.193377
49,0.97464,0.49502,0.212671,0.192502
50,0.981407,0.50154,0.21265,0.193188
51,0.970253,0.48973,0.209828,0.192871
52,0.97874,0.497047,0.210284,0.191302
53,0.961252,0.479711,0.205133,0.193872
54,0.974854,0.493438,0.208841,0.191136
55,0.965628,0.483455,0.209619,0.192124
56,0.973311,0.489886,0.208735,0.19371
57,0.972434,0.491346,0.210043,0.191615
58,0.966459,0.488073,0.208196,0.191881
59,0.974694,0.497621,0.209486,0.192743
60,0.977357,0.494515,0.20738,0.193274
61,0.976848,0.495517,0.21107,0.194089
62,0.973503,0.493058,0.211146,0.197376
63,0.967314,0.488509,0.207636,0.193567
64,0.973388,0.492058,0.208174,0.194199
65,0.976059,0.492191,0.210081,0.1927
66,0.971919,0.487684,0.207985,0.192607
67,0.970695,0.488784,0.206931,0.194867
68,0.978972,0.495823,0.209967,0.193056
69,0.971326,0.485175,0.20509,0.192404
70,0.971703,0.493317,0.209672,0.192486
71,0.960045,0.482277,0.208682,0.191495
72,0.972616,0.499287,0.20932,0.192388
73,0.969467,0.490751,0.207892,0.192498
74,0.964602,0.488164,0.204755,0.192885
75,0.969122,0.49057,0.206114,0.189062
76,0.976341,0.499909,0.210534,0.189225
77,0.959709,0.487031,0.202435,0.192139
78,0.970247,0.496479,0.210717,0.196201
79,0.954483,0.480604,0.207656,0.19399
80,0.964399,0.494692,0.211025,0.193949
81,0.964399,0.494692,0.211025,0.193949
82,0.962362,0.486803,0.209393,0.19163
83,0.961888,0.489924,0.208033,0.190298
84,0.958509,0.485561,0.206362,0.189964
85,0.963337,0.491859,0.209072,0.191158
86,0.96851,0.496539,0.209633,0.193868
87,0.949577,0.480608,0.202957,0.192079
88,0.968309,0.501146,0.209743,0.195038
89,0.953136,0.483953,0.204493,0.194576
90,0.967633,0.495032,0.207364,0.193824
91,0.957815,0.487603,0.205259,0.193582
92,0.966112,0.493607,0.206988,0.189516
93,0.966112,0.493607,0.206988,0.189516
94,0.960301,0.486349,0.206877,0.190918
95,0.967306,0.495912,0.209261,0.190582
96,0.962927,0.491793,0.209086,0.191644
97,0.959437,0.489979,0.208771,0.192452
98,0.96126,0.491752,0.209047,0.191121
99,0.959342,0.488181,0.207436,0.192631
100,0.961394,0.4939,0.209207,0.193691
101,0.963782,0.495414,0.204412,0.19374
102,0.948621,0.480475,0.205267,0.192456
103,0.963627,0.494467,0.206368,0.190571
104,0.963627,0.494467,0.206368,0.190571
105,0.954565,0.485593,0.206403,0.191355
106,0.967178,0.495368,0.209193,0.191824
107,0.961975,0.486071,0.206156,0.19069
108,0.965089,0.49342,0.206769,0.189826
109,0.966096,0.497134,0.208125,0.192464
110,0.958046,0.486306,0.207693,0.187921
111,0.958007,0.488895,0.207017,0.192419
112,0.967727,0.496673,0.209267,0.194197
113,0.963811,0.491476,0.20668,0.195864
114,0.967971,0.49418,0.213281,0.190908
115,0.967724,0.497349,0.21054,0.192551
116,0.959053,0.494904,0.206702,0.194846
117,0.959526,0.491157,0.207651,0.190951
118,0.972856,0.503235,0.214511,0.190376
119,0.967832,0.499206,0.213039,0.194799
120,0.957631,0.485421,0.208222,0.19394
121,0.970965,0.503289,0.212193,0.193744
122,0.957734,0.484936,0.206333,0.189917
123,0.963473,0.491361,0.20745,0.190062
124,0.963707,0.489653,0.208599,0.193601
125,0.966738,0.494143,0.206365,0.19074
126,0.967086,0.494934,0.208327,0.192237
127,0.965314,0.492841,0.209558,0.193447
128,0.960469,0.48649,0.208629,0.193927
129,0.967903,0.497481,0.211727,0.193833
130,0.958216,0.484336,0.203861,0.190074
131,0.972351,0.499172,0.208881,0.191039
132,0.952249,0.484153,0.202025,0.191836
133,0.963522,0.494521,0.20675,0.193637
134,0.958687,0.494863,0.206107,0.193432
135,0.962747,0.492448,0.210014,0.191684
136,0.971188,0.500211,0.210869,0.194173
137,0.957704,0.487169,0.202654,0.193569
138,0.960489,0.490775,0.205509,0.192064
139,0.968718,0.495097,0.20885,0.18906
140,0.959412,0.48875,0.20632,0.189539
141,0.953906,0.483853,0.2057,0.189955
142,0.964034,0.49449,0.207076,0.193055
143,0.957783,0.488707,0.207706,0.192968
144,0.960946,0.487465,0.208366,0.191781
145,0.96392,0.493315,0.206788,0.19036
146,0.962534,0.493836,0.212578,0.192705
147,0.97447,0.499164,0.208788,0.190575
148,0.968197,0.4923,0.20713,0.19191
149,0.974057,0.498847,0.208427,0.191355
150,0.959858,0.485742,0.203194,0.189742
151,0.966886,0.494362,0.20809,0.192109
152,0.961731,0.48734,0.203744,0.192965
153,0.972338,0.500364,0.211655,0.192139
154,0.968105,0.492877,0.210605,0.19139
155,0.967778,0.49382,0.205266,0.191539
156,0.96806,0.496074,0.20754,0.192885
157,0.953492,0.486324,0.207024,0.194244
158,0.97779,0.503485,0.21155,0.191754
159,0.961149,0.48836,0.204481,0.192869
160,0.981292,0.502904,0.214142,0.189804
161,0.960115,0.486447,0.205184,0.189257
162,0.965215,0.490276,0.206395,0.187502
163,0.959488,0.481638,0.201802,0.188768
164,0.971578,0.49785,0.210327,0.193763
165,0.963932,0.487644,0.209546,0.193566
166,0.965538,0.491914,0.209838,0.192655
167,0.96515,0.494463,0.210065,0.188858
168,0.964014,0.492,0.206226,0.191651
169,0.958435,0.49062,0.207781,0.192992
170,0.960089,0.492189,0.206995,0.190417
171,0.955466,0.488546,0.205038,0.194962
172,0.964597,0.494139,0.208147,0.189174
173,0.959479,0.491947,0.209556,0.192964
174,0.965615,0.496435,0.207343,0.192294
175,0.960851,0.491215,0.207687,0.190068
176,0.96402,0.494066,0.208391,0.191597
177,0.965882,0.498184,0.211155,0.190334
178,0.957805,0.488874,0.209042,0.19218
179,0.95608,0.492199,0.21001,0.191893
180,0.966769,0.496648,0.21023,0.193397
181,0.962939,0.494862,0.205826,0.191835
182,0.957634,0.486434,0.20636,0.190253
183,0.962477,0.494782,0.207497,0.193358
184,0.967659,0.493443,0.207395,0.189375
185,0.967659,0.493443,0.207395,0.189375
186,0.970979,0.498784,0.209591,0.189508
187,0.957492,0.487956,0.203462,0.193359
188,0.963055,0.493207,0.208422,0.192999
189,0.963201,0.491781,0.20763,0.189814
190,0.960522,0.48898,0.208025,0.192894
191,0.961719,0.490136,0.207131,0.19388
192,0.963896,0.492845,0.211245,0.191661
193,0.962009,0.491882,0.207647,0.192143
194,0.961823,0.49045,0.207991,0.192059
195,0.965773,0.497211,0.20696,0.189022
196,0.959802,0.49113,0.202517,0.187413
197,0.962944,0.490271,0.207158,0.192681
198,0.959164,0.489513,0.207238,0.192118
199,0.965988,0.496557,0.206727,0.192919
200,0.957246,0.488792,0.204017,0.188729
201,0.958024,0.487773,0.203173,0.189793
202,0.96897,0.500417,0.208627,0.192908
203,0.951886,0.479431,0.203329,0.192676
204,0.97296,0.495651,0.212867,0.192103
205,0.956885,0.485094,0.205828,0.19267
206,0.968224,0.500439,0.209967,0.193499
207,0.966693,0.493851,0.207593,0.190212
208,0.949064,0.478113,0.200693,0.190725
209,0.970637,0.499284,0.211876,0.193875
210,0.953715,0.482234,0.204583,0.191024
211,0.969927,0.500631,0.212625,0.193038
212,0.954706,0.484681,0.203188,0.18987
213,0.972308,0.499213,0.209513,0.192456
214,0.961355,0.490658,0.207186,0.192164
215,0.967913,0.499799,0.211665,0.193031
216,0.958315,0.48563,0.207229,0.18991
217,0.968799,0.49922,0.209431,0.191583
218,0.968068,0.496595,0.209827,0.192885
219,0.96422,0.490795,0.209585,0.19195
220,0.961633,0.486993,0.208959,0.192343
221,0.960019,0.490972,0.20658,0.19691
222,0.956115,0.490835,0.207381,0.194074
223,0.957441,0.492801,0.205488,0.194553
224,0.963054,0.498471,0.208107,0.195165
225,0.952294,0.482946,0.204776,0.190531
226,0.965097,0.498588,0.207102,0.193685
227,0.965097,0.498588,0.207102,0.193685
228,0.962175,0.488909,0.207825,0.191464
229,0.970533,0.499606,0.208801,0.189355
230,0.952564,0.485415,0.204948,0.192631
231,0.969095,0.495443,0.208334,0.192379
232,0.968929,0.493479,0.211348,0.192038
233,0.956562,0.484122,0.20453,0.190667
234,0.974323,0.500235,0.20931,0.195945
235,0.959881,0.490004,0.210243,0.193121
236,0.967735,0.498158,0.209903,0.192861
237,0.956665,0.484611,0.206409,0.190912
238,0.968297,0.49934,0.209267,0.193805
239,0.968834,0.497142,0.207995,0.192082
240,0.971187,0.499299,0.211192,0.191897
241,0.971187,0.499299,0.211192,0.191897
242,0.959494,0.488901,0.206824,0.189996
243,0.96304,0.489212,0.207786,0.192707
244,0.963341,0.49186,0.207145,0.192798
245,0.957024,0.485772,0.204316,0.194214
246,0.964504,0.490993,0.207657,0.190624
247,0.966908,0.49562,0.207826,0.190152
248,0.965996,0.49606,0.205558,0.190503
249,0.96641,0.495926,0.208403,0.192853
250,0.958419,0.488908,0.204786,0.19362
251,0.968723,0.498402,0.207573,0.190891
252,0.959657,0.488853,0.20754,0.19337
253,0.964254,0.49154,0.205316,0.191963
254,0.968586,0.494799,0.209985,0.192256
255,0.965308,0.494714,0.208067,0.194376
256,0.959688,0.490521,0.206064,0.189108
257,0.958704,0.486517,0.204524,0.192197
258,0.965276,0.497207,0.207754,0.19325
259,0.966244,0.497567,0.209403,0.193068
260,0.953398,0.481695,0.206647,0.191153
261,0.965103,0.487017,0.207159,0.190382
262,0.9649,0.48781,0.207001,0.193315
263,0.962111,0.485853,0.207056,0.189164
264,0.966637,0.494342,0.209223,0.194806
265,0.967325,0.496049,0.20962,0.194537
266,0.964222,0.489258,0.205946,0.192793
267,0.971427,0.498081,0.212442,0.194178
268,0.962309,0.492296,0.206258,0.194381
269,0.96327,0.493292,0.206249,0.190984
270,0.966559,0.493897,0.207081,0.192778
271,0.960055,0.490317,0.203838,0.193423
272,0.960234,0.487367,0.206154,0.192156
273,0.956314,0.488248,0.205813,0.192789
274,0.972306,0.499406,0.210374,0.192304
275,0.95873,0.487666,0.204442,0.191144
276,0.968043,0.494842,0.205623,0.191373
277,0.959828,0.488602,0.20549,0.192311
278,0.958944,0.487158,0.203706,0.191878
279,0.975796,0.49914,0.208538,0.190522
280,0.968653,0.495385,0.208071,0.191865
281,0.968008,0.494545,0.206266,0.19369
282,0.968216,0.499032,0.208858,0.194639
283,0.968216,0.499032,0.208858,0.194639
284,0.959095,0.488058,0.206074,0.190979
285,0.972941,0.500875,0.210373,0.192254
286,0.972596,0.497866,0.209666,0.194441
287,0.950379,0.484374,0.200148,0.195136
288,0.975335,0.505596,0.210298,0.195755
289,0.975335,0.505596,0.210298,0.195755
290,0.954577,0.481763,0.205864,0.192562
291,0.970573,0.501616,0.211374,0.191868
292,0.96507,0.493617,0.209131,0.190231
293,0.965974,0.493955,0.212204,0.191797
294,0.964772,0.495619,0.206246,0.192325
295,0.961435,0.494442,0.208649,0.191478
296,0.956115,0.488578,0.207306,0.192429
297,0.965903,0.497556,0.213267,0.192701
298,0.957501,0.48908,0.206483,0.192808
299,0.970903,0.49974,0.210824,0.192312
300,0.962975,0.48883,0.20806,0.190907
301,0.963843,0.493565,0.213222,0.191972
302,0.965341,0.497127,0.209469,0.190603
303,0.959547,0.487093,0.204516,0.189301
304,0.969075,0.499171,0.210064,0.19339
305,0.957244,0.486091,0.203125,0.193916
306,0.963684,0.492613,0.206503,0.192778
307,0.96748,0.496577,0.208569,0.193202
308,0.969027,0.503057,0.208287,0.194747
309,0.954407,0.485137,0.203758,0.193463
310,0.957674,0.488468,0.209564,0.192554
311,0.957698,0.486164,0.208879,0.191149
312,0.968475,0.496765,0.208238,0.191563
313,0.955969,0.483574,0.204591,0.192136
314,0.973897,0.502408,0.213054,0.19384
315,0.957326,0.486082,0.204041,0.194572
316,0.957326,0.486082,0.204041,0.194572
317,0.958849,0.491124,0.207703,0.197681
318,0.962617,0.495211,0.210101,0.19507
319,0.962617,0.495211,0.210101,0.19507
320,0.962167,0.491313,0.210813,0.194941
321,0.963022,0.488301,0.205421,0.191643
322,0.961785,0.489814,0.206697,0.194283
323,0.964396,0.488707,0.205233,0.193734
324,0.96516,0.49393,0.212932,0.193822
325,0.964161,0.494064,0.208873,0.1996
326,0.964161,0.494064,0.208873,0.1996
327,0.962502,0.490562,0.206155,0.194792
328,0.975683,0.505863,0.213308,0.190372
329,0.954669,0.48434,0.205592,0.192422
330,0.964915,0.496741,0.208941,0.192869
331,0.957137,0.485933,0.207201,0.193616
332,0.96541,0.494671,0.208208,0.189745
333,0.960829,0.492115,0.2089,0.191023
334,0.958278,0.489807,0.208972,0.190863
335,0.967719,0.496439,0.210835,0.190302
336,0.958636,0.485834,0.205992,0.192514
337,0.970833,0.5023,0.208459,0.193388
338,0.970833,0.5023,0.208459,0.193388
339,0.967698,0.497482,0.206747,0.192429
340,0.957935,0.489778,0.204895,0.191354
341,0.964872,0.495176,0.207468,0.193275
342,0.954737,0.485569,0.208194,0.190511
343,0.967932,0.49866,0.207229,0.19204
344,0.959551,0.488433,0.205989,0.191182
345,0.966703,0.499339,0.210836,0.190685
346,0.961328,0.490869,0.20399,0.193501
347,0.961512,0.493349,0.206814,0.192653
348,0.965701,0.493506,0.206707,0.191139
349,0.960375,0.488989,0.209861,0.192615
350,0.961913,0.491296,0.209743,0.19152
351,0.961127,0.488287,0.207989,0.191236
352,0.955729,0.48866,0.203974,0.192702
353,0.965225,0.494415,0.207976,0.191708
354,0.958154,0.485859,0.201877,0.191112
355,0.968205,0.491272,0.208698,0.19231
356,0.970149,0.499753,0.211911,0.190568
357,0.960291,0.487732,0.208088,0.190598
358,0.960429,0.490573,0.206959,0.191319
359,0.961876,0.492079,0.209861,0.189895
360,0.963632,0.493848,0.207121,0.192771
361,0.9639,0.49227,0.207094,0.196412
362,0.96532,0.499647,0.208685,0.191848
363,0.960429,0.494139,0.204472,0.190445
364,0.970164,0.501024,0.205587,0.188299
365,0.959384,0.489974,0.204839,0.190771
366,0.973825,0.500575,0.212868,0.189703
367,0.963503,0.492991,0.20873,0.193411
368,0.953716,0.483454,0.205841,0.191621
369,0.960515,0.494515,0.208374,0.194546
370,0.96193,0.495533,0.207853,0.194592
371,0.947833,0.476542,0.200717,0.19085
372,0.972885,0.501635,0.20963,0.194334
373,0.957711,0.486794,0.207401,0.191763
374,0.962849,0.494298,0.207705,0.192297
375,0.964574,0.492972,0.209339,0.190714
376,0.964574,0.492972,0.209339,0.190714
377,0.958631,0.487201,0.203646,0.191994
378,0.966458,0.494212,0.208234,0.193013
379,0.962762,0.492228,0.20645,0.191217
380,0.967211,0.494525,0.20681,0.193402
381,0.956831,0.485623,0.206772,0.195868
382,0.967799,0.496714,0.211623,0.192977
383,0.957008,0.484587,0.207533,0.194137
384,0.962667,0.494396,0.208247,0.192769
385,0.947258,0.478043,0.206522,0.192106
386,0.971052,0.502151,0.213554,0.195207
387,0.964874,0.493594,0.2106,0.192308
388,0.966741,0.497811,0.211617,0.194136
389,0.960549,0.486217,0.206646,0.193089
390,0.960549,0.486217,0.206646,0.193089
391,0.970316,0.498142,0.208913,0.193642
392,0.961044,0.491455,0.210454,0.19379
393,0.968005,0.496869,0.212443,0.19188
394,0.964236,0.491724,0.208663,0.192153
395,0.962174,0.49342,0.207954,0.193258
396,0.962045,0.488784,0.208138,0.188952
397,0.975653,0.500214,0.210249,0.19047
398,0.963218,0.490117,0.206203,0.192124
399,0.97231,0.496127,0.210876,0.19099
400,0.972391,0.493085,0.207342,0.192362
401,0.974986,0.492205,0.208395,0.18995
402,0.967392,0.489768,0.208582,0.191255
403,0.962703,0.487381,0.207554,0.190902
404,0.964052,0.486617,0.206846,0.194327
405,0.961024,0.488592,0.203123,0.191174
406,0.964985,0.49242,0.207353,0.190942
407,0.963298,0.487847,0.20806,0.190603
408,0.97449,0.501174,0.210919,0.19345
409,0.960698,0.486757,0.205979,0.192226
410,0.969745,0.494719,0.208174,0.191
411,0.964358,0.489957,0.205239,0.191742
412,0.975385,0.500928,0.211935,0.194939
413,0.966668,0.495043,0.207723,0.195194
414,0.97465,0.494744,0.211649,0.193495
415,0.963683,0.488474,0.208446,0.192487
416,0.959826,0.487467,0.208304,0.192157
417,0.970613,0.497103,0.209943,0.194231
418,0.96024,0.490311,0.208412,0.192345
419,0.963524,0.492399,0.209631,0.193096
420,0.961005,0.494163,0.208932,0.197271
421,0.96269,0.490103,0.209521,0.194519
422,0.959727,0.48592,0.207913,0.194545
423,0.969921,0.498579,0.210973,0.193219
424,0.969921,0.498579,0.210973,0.193219
425,0.95736,0.485842,0.208726,0.190822
426,0.961191,0.490167,0.207277,0.192803
427,0.969229,0.4952,0.208389,0.189655
428,0.966125,0.494014,0.208699,0.190088
429,0.970624,0.50084,0.214036,0.194758
430,0.960555,0.488,0.207261,0.191719
431,0.968588,0.496294,0.207821,0.191707
432,0.968314,0.497369,0.209944,0.194639
433,0.96087,0.485967,0.203014,0.19176
434,0.963439,0.495003,0.208962,0.193162
435,0.952733,0.483964,0.20519,0.191355
436,0.96115,0.493984,0.208785,0.195028
437,0.956667,0.487127,0.207792,0.191791
438,0.967622,0.494874,0.214394,0.192368
439,0.950155,0.480195,0.206287,0.19089
440,0.965193,0.495167,0.212963,0.192839
441,0.95938,0.491518,0.207729,0.192672
442,0.961938,0.497754,0.212082,0.195438
443,0.961938,0.497754,0.212082,0.195438
444,0.961938,0.497754,0.212082,0.195438
445,0.955491,0.485763,0.204583,0.192421
446,0.960967,0.489387,0.208044,0.190304
447,0.965394,0.490435,0.208898,0.191114
448,0.968859,0.495972,0.20908,0.191572
449,0.960363,0.490869,0.203807,0.191275
450,0.962524,0.493364,0.207386,0.191271
451,0.969629,0.504862,0.210617,0.19392
452,0.953952,0.485962,0.20589,0.192751
453,0.967551,0.496279,0.208679,0.192301
454,0.956022,0.486589,0.206645,0.196367
455,0.966714,0.493979,0.208213,0.191744
456,0.956553,0.485509,0.207002,0.191147
457,0.956553,0.485509,0.207002,0.191147
458,0.959853,0.492829,0.210054,0.192647
459,0.956681,0.483943,0.208476,0.188834
460,0.96882,0.497944,0.211657,0.191136
461,0.964564,0.491141,0.210627,0.190412
462,0.971141,0.500891,0.208144,0.192438
463,0.954148,0.479846,0.202602,0.189435
464,0.966026,0.494396,0.210696,0.193652
465,0.975346,0.503655,0.210192,0.195523
466,0.961237,0.483947,0.204556,0.193608
467,0.967115,0.495235,0.20703,0.195061
468,0.969765,0.491511,0.205929,0.191102
469,0.968037,0.49327,0.20759,0.192222
470,0.96595,0.500315,0.21159,0.194839
471,0.966037,0.49336,0.208978,0.191973
472,0.962784,0.49198,0.211922,0.194461
473,0.966372,0.495788,0.21142,0.191791
474,0.971171,0.4996,0.210339,0.192785
475,0.96269,0.488337,0.206983,0.190424
476,0.964547,0.491338,0.207787,0.191009
477,0.956557,0.486426,0.204,0.19143
478,0.968218,0.498993,0.208651,0.19104
479,0.952083,0.483067,0.201594,0.192417
480,0.957722,0.489444,0.204556,0.19308
481,0.957722,0.489444,0.204556,0.19308
482,0.955715,0.48927,0.203651,0.192519
483,0.956959,0.488625,0.206782,0.193231
484,0.964782,0.497079,0.209148,0.193072
485,0.959968,0.492167,0.206527,0.192459
486,0.96558,0.49491,0.207082,0.192718
487,0.961787,0.490909,0.205776,0.193586
488,0.962624,0.494907,0.20943,0.193447
489,0.956045,0.486254,0.204379,0.192512
490,0.967018,0.496679,0.210276,0.190338
491,0.966183,0.498044,0.207039,0.193775
492,0.960299,0.487671,0.207325,0.195117
493,0.961626,0.488859,0.210423,0.192566
494,0.960633,0.48984,0.207838,0.194506
495,0.969744,0.495642,0.212381,0.194255
496,0.966903,0.49599,0.211657,0.192401
497,0.95359,0.482611,0.20576,0.189595
498,0.965426,0.496063,0.208002,0.189728
499,0.952681,0.487,0.205504,0.191631
500,0.96685,0.497556,0.211897,0.193348
501,0.963679,0.494199,0.209219,0.193778
502,0.967785,0.498224,0.209473,0.192953
503,0.964625,0.494045,0.205659,0.192646
504,0.961443,0.492472,0.207294,0.192436
505,0.960729,0.489602,0.208325,0.191168
506,0.963057,0.489506,0.209035,0.189628
507,0.958555,0.487259,0.204481,0.193409
508,0.973998,0.499652,0.212157,0.193639
509,0.961413,0.490415,0.206334,0.190466
510,0.96466,0.493144,0.207471,0.192659
511,0.957559,0.489428,0.20825,0.194418
512,0.95614,0.489731,0.206791,0.194311
513,0.960483,0.492055,0.208592,0.188661
514,0.958807,0.492169,0.208246,0.191271
515,0.966613,0.497404,0.210389,0.189533
516,0.961031,0.493087,0.210329,0.19131
517,0.964418,0.499448,0.209194,0.191982
518,0.959323,0.494278,0.206499,0.193577
519,0.967563,0.49613,0.211287,0.193141
520,0.968026,0.492576,0.210089,0.192721
521,0.960305,0.486785,0.207798,0.193629
522,0.965857,0.492398,0.20597,0.190718
523,0.965857,0.492398,0.20597,0.190718
524,0.965857,0.492398,0.20597,0.190718
525,0.970639,0.4979,0.209308,0.192947
526,0.965189,0.496357,0.20719,0.191337
527,0.966535,0.495904,0.20411,0.192332
528,0.96831,0.497872,0.204245,0.192689
529,0.961253,0.492203,0.205671,0.194151
530,0.963419,0.492779,0.205656,0.192365
531,0.963017,0.496979,0.206663,0.192786
532,0.964619,0.493185,0.204253,0.191966
533,0.970401,0.497405,0.209284,0.191097
534,0.957943,0.4883,0.205116,0.194006
535,0.963709,0.490133,0.209561,0.190912
536,0.949575,0.479697,0.204133,0.191449
537,0.964958,0.497711,0.212142,0.193525
538,0.956697,0.486035,0.20509,0.19087
539,0.970316,0.499848,0.212241,0.19109
540,0.955037,0.486585,0.206047,0.18996
541,0.964823,0.496786,0.209189,0.192498
542,0.966523,0.493983,0.20793,0.189155
543,0.963013,0.493817,0.210953,0.193389
544,0.967717,0.493944,0.210839,0.190249
545,0.96629,0.496378,0.209947,0.190984
546,0.955243,0.483155,0.203007,0.189693
547,0.966569,0.497857,0.210391,0.19339
548,0.961195,0.488922,0.209428,0.195102
549,0.970236,0.493636,0.208514,0.192153
550,0.973546,0.497739,0.209043,0.194981
551,0.9701,0.491749,0.205147,0.19135
552,0.963639,0.492827,0.208058,0.190976
553,0.967687,0.491463,0.20892,0.191198
554,0.970029,0.492906,0.20885,0.189277
555,0.959889,0.486183,0.206992,0.189445
556,0.964724,0.490903,0.209725,0.191774
557,0.959874,0.490727,0.208099,0.192587
558,0.962412,0.493951,0.207151,0.193919
559,0.959921,0.487495,0.204711,0.194453
560,0.957998,0.48758,0.204622,0.193465
561,0.963364,0.490735,0.206465,0.193593
562,0.962497,0.492981,0.206092,0.1909
563,0.97123,0.503741,0.20841,0.19211
564,0.963641,0.496255,0.20728,0.19297
565,0.965347,0.494529,0.210612,0.192136
566,0.966609,0.494797,0.208436,0.190852
567,0.966667,0.495761,0.205524,0.192137
568,0.96285,0.495527,0.207643,0.195453
569,0.961407,0.491447,0.207141,0.193758
570,0.963928,0.496328,0.209863,0.195239
571,0.971926,0.502037,0.210877,0.194904
572,0.95936,0.489494,0.204868,0.191834
573,0.967496,0.495308,0.206295,0.190641
574,0.962149,0.486677,0.207264,0.192781
575,0.962149,0.486677,0.207264,0.192781
576,0.961426,0.490182,0.206742,0.192682
577,0.963884,0.489609,0.208738,0.192131
578,0.964069,0.492429,0.205646,0.192295
579,0.973033,0.496365,0.207973,0.190165
580,0.974446,0.498617,0.209149,0.192605
581,0.971065,0.492602,0.208193,0.190379
582,0.968214,0.495574,0.2088,0.188635
583,0.96448,0.490543,0.208865,0.191684
584,0.972605,0.497248,0.209079,0.193401
585,0.964063,0.491197,0.20842,0.195538
586,0.969102,0.494417,0.207334,0.193487
587,0.96147,0.486363,0.203905,0.193077
588,0.963546,0.491401,0.20921,0.191758
589,0.966297,0.490815,0.20639,0.191719
590,0.966297,0.490815,0.20639,0.191719
591,0.970565,0.499425,0.210939,0.192544
592,0.954959,0.482503,0.205704,0.190423
593,0.975363,0.500759,0.213091,0.190946
594,0.960002,0.488484,0.204754,0.192236
595,0.966078,0.494844,0.209001,0.190887
596,0.967141,0.493678,0.208386,0.191157
597,0.962451,0.491282,0.208609,0.19233
598,0.960956,0.486577,0.206209,0.190761
599,0.971323,0.500004,0.211622,0.194781
600,0.969837,0.498195,0.207248,0.193432
601,0.965914,0.494254,0.208029,0.194037
602,0.957046,0.487681,0.208568,0.194986
603,0.964931,0.497433,0.206909,0.194196
604,0.952619,0.485461,0.206598,0.193881
605,0.965861,0.498972,0.209542,0.193516
606,0.964922,0.490973,0.206673,0.188718
607,0.964175,0.497734,0.211227,0.193628
608,0.959981,0.491359,0.209294,0.192954
609,0.959837,0.491109,0.204544,0.191704
610,0.966474,0.498636,0.210853,0.193422
611,0.961397,0.489616,0.207463,0.19071
612,0.964223,0.494354,0.208891,0.193711
613,0.962355,0.489863,0.21055,0.191639
614,0.965555,0.491337,0.207293,0.188819
615,0.959674,0.485431,0.202395,0.193261
616,0.965905,0.495497,0.209762,0.192833
617,0.953912,0.483582,0.205508,0.194495
618,0.960316,0.492288,0.209999,0.194409
619,0.96087,0.492877,0.209296,0.193895
620,0.96087,0.492877,0.209296,0.193895
621,0.968126,0.495053,0.206971,0.19123
622,0.965275,0.497098,0.20748,0.195348
623,0.964044,0.487631,0.204579,0.191449
624,0.957959,0.487035,0.204252,0.192177
625,0.964244,0.493592,0.209241,0.19325
626,0.955701,0.484861,0.204745,0.190002
627,0.968763,0.498501,0.213004,0.19223
628,0.962861,0.487806,0.206656,0.190352
629,0.970827,0.502056,0.21111,0.19231
630,0.964472,0.491913,0.208688,0.192866
631,0.959955,0.488592,0.205098,0.191512
632,0.963851,0.494387,0.205618,0.191137
633,0.960977,0.492651,0.205544,0.189677
634,0.970673,0.50067,0.212068,0.190338
635,0.954668,0.486956,0.204798,0.194295
636,0.965619,0.497979,0.209786,0.193157
637,0.954699,0.486289,0.207454,0.192889
638,0.953723,0.481178,0.205765,0.191662
639,0.963193,0.493157,0.210371,0.191797
640,0.963193,0.493157,0.210371,0.191797
641,0.967707,0.49518,0.208472,0.194678
642,0.962593,0.488844,0.208915,0.192494
643,0.962891,0.49034,0.20968,0.188902
644,0.964005,0.490336,0.207674,0.192685
645,0.960035,0.488793,0.20662,0.194164
646,0.961746,0.490409,0.209962,0.191616
647,0.95564,0.488504,0.209081,0.195592
648,0.967465,0.498413,0.209118,0.195612
649,0.955509,0.483754,0.205877,0.189893
650,0.966402,0.49235,0.207843,0.188553
651,0.958339,0.483843,0.205907,0.189548
652,0.966299,0.492469,0.211115,0.19181
653,0.971176,0.492223,0.211079,0.191066
654,0.971626,0.494065,0.204527,0.188977
655,0.978569,0.498356,0.213553,0.188178
656,0.958233,0.487089,0.206048,0.191784
657,0.972827,0.498487,0.211331,0.192275
658,0.961128,0.489066,0.207748,0.190698
659,0.962977,0.492036,0.207257,0.190795
660,0.971099,0.499848,0.209581,0.189616
661,0.962871,0.489323,0.207119,0.193385
662,0.973562,0.502067,0.211918,0.191469
663,0.949913,0.477932,0.201635,0.191543
664,0.974012,0.499488,0.212558,0.191658
665,0.970604,0.497114,0.206045,0.192001
666,0.974737,0.504279,0.210166,0.19532
667,0.96827,0.497966,0.20947,0.193178
668,0.969093,0.498043,0.209628,0.192277
669,0.962329,0.495254,0.207467,0.193367
670,0.959902,0.492239,0.208834,0.190392
671,0.963857,0.493626,0.203732,0.188963
672,0.96311,0.493834,0.205291,0.190563
673,0.964033,0.496654,0.206539,0.194706
674,0.956643,0.485178,0.205199,0.194108
675,0.974109,0.504969,0.214757,0.191984
676,0.954787,0.482968,0.204096,0.190928
677,0.969628,0.49801,0.207305,0.190912
678,0.969628,0.49801,0.207305,0.190912
679,0.950951,0.480679,0.203293,0.19211
680,0.969092,0.497124,0.209574,0.194165
681,0.950698,0.480663,0.20325,0.193808
682,0.978177,0.500283,0.212976,0.193255
683,0.96063,0.487376,0.206277,0.189179
684,0.965746,0.490951,0.208178,0.192107
685,0.966997,0.492564,0.209035,0.194603
686,0.963334,0.490954,0.209265,0.190492
687,0.965317,0.489728,0.207739,0.191619
688,0.973093,0.500402,0.209741,0.192306
689,0.959095,0.483283,0.205258,0.191372
690,0.955731,0.483892,0.205672,0.191814
691,0.960558,0.487614,0.20624,0.191883
692,0.96978,0.493158,0.208404,0.19239
693,0.963339,0.489106,0.206226,0.187234
694,0.968697,0.495808,0.210557,0.189387
695,0.967516,0.492813,0.207641,0.192433
696,0.970159,0.498486,0.208617,0.195146
697,0.962211,0.487391,0.206315,0.192881
698,0.962211,0.487391,0.206315,0.192881
699,0.96894,0.496799,0.211057,0.193341
700,0.964823,0.486409,0.207549,0.193346
701,0.961031,0.483903,0.20566,0.191125
702,0.961421,0.493147,0.205791,0.196376
703,0.961421,0.493147,0.205791,0.196376
704,0.973277,0.499015,0.207577,0.196418
705,0.963596,0.489526,0.206414,0.193085
706,0.969265,0.495271,0.209066,0.191625
707,0.968595,0.488401,0.207971,0.190599
708,0.967891,0.491991,0.209298,0.192755
709,0.968091,0.495312,0.206452,0.19518
710,0.960964,0.482869,0.203905,0.190295
711,0.967098,0.491698,0.207628,0.191258
712,0.961368,0.483196,0.207436,0.191485
713,0.966301,0.487057,0.206063,0.190723
714,0.967473,0.493598,0.209718,0.193601
715,0.976354,0.496903,0.21127,0.191796
716,0.977528,0.496962,0.208112,0.193323
717,0.969895,0.491002,0.206518,0.193806
718,0.981123,0.500657,0.209992,0.191634
719,0.969923,0.490106,0.204845,0.190944
720,0.979256,0.507691,0.212646,0.195077
721,0.966507,0.491447,0.205321,0.192553
722,0.970154,0.4946,0.211546,0.190371
723,0.970154,0.4946,0.211546,0.190371
724,0.955333,0.483175,0.20433,0.19176
725,0.973615,0.50461,0.211996,0.192888
726,0.95531,0.482329,0.206322,0.19563
727,0.965774,0.490191,0.210611,0.194236
728,0.957904,0.490694,0.208993,0.192847
729,0.964302,0.492648,0.211375,0.193513
730,0.961621,0.49288,0.211069,0.194748
731,0.966878,0.498474,0.209964,0.194021
732,0.964226,0.497938,0.210721,0.193466
733,0.957424,0.487456,0.207092,0.190999
734,0.958722,0.488963,0.205157,0.193932
735,0.969396,0.49263,0.207677,0.193103
736,0.963168,0.491556,0.209045,0.190691
737,0.966314,0.496012,0.208415,0.195565
738,0.961067,0.48829,0.208012,0.193224
739,0.954594,0.484128,0.205704,0.193556
740,0.966735,0.498251,0.208549,0.194228
741,0.951795,0.482389,0.204934,0.190032
742,0.977546,0.507793,0.211825,0.191278
743,0.960076,0.486678,0.207827,0.191687
744,0.971976,0.503523,0.214201,0.191091
745,0.961746,0.491863,0.206574,0.191083
746,0.961746,0.491863,0.206574,0.191083
747,0.957092,0.489102,0.209644,0.192116
748,0.962102,0.491492,0.209122,0.190792
749,0.956925,0.489851,0.205424,0.190843
750,0.964725,0.493118,0.206097,0.188929
751,0.971663,0.495671,0.207208,0.191137
752,0.960231,0.492543,0.204955,0.191582
753,0.967265,0.500941,0.208516,0.195148
754,0.964585,0.495953,0.20604,0.193484
755,0.970582,0.497383,0.206751,0.19065
756,0.969579,0.495592,0.208633,0.191032
757,0.962808,0.495206,0.210369,0.193983
758,0.965981,0.496365,0.208119,0.191458
759,0.965003,0.490952,0.208469,0.191246
760,0.973293,0.498979,0.211479,0.192849
761,0.96451,0.491723,0.204114,0.194315
762,0.968344,0.492178,0.204095,0.190871
763,0.96343,0.489105,0.207739,0.194955
764,0.969456,0.493582,0.209005,0.193061
765,0.966595,0.489604,0.206393,0.192135
766,0.969964,0.492583,0.20794,0.192052
767,0.968731,0.495687,0.206,0.193686
768,0.961782,0.4865,0.206282,0.191668
769,0.985746,0.510764,0.213809,0.190915
770,0.954288,0.48119,0.201421,0.192331
771,0.964326,0.493968,0.21015,0.192487
772,0.967526,0.49696,0.209328,0.192133
773,0.96381,0.492738,0.208778,0.194095
774,0.963424,0.493845,0.2085,0.193273
775,0.966221,0.498017,0.205609,0.194941
776,0.958947,0.486787,0.205485,0.193436
777,0.958947,0.486787,0.205485,0.193436
778,0.96993,0.497232,0.208754,0.19337
779,0.962971,0.491032,0.205405,0.194417
780,0.970776,0.494337,0.207184,0.1932
781,0.966966,0.491254,0.207641,0.192186
782,0.975265,0.498778,0.212802,0.192304
783,0.969675,0.488689,0.211488,0.190213
784,0.974693,0.49911,0.213781,0.193928
785,0.967008,0.490239,0.208159,0.193131
786,0.975019,0.497531,0.209264,0.189588
787,0.962091,0.488743,0.207334,0.190462
788,0.9656,0.488191,0.206003,0.189117
789,0.969414,0.498442,0.210148,0.191231
790,0.967617,0.492108,0.204325,0.191271
791,0.968831,0.492575,0.206763,0.189609
792,0.963046,0.488144,0.207904,0.189972
793,0.968947,0.495608,0.208356,0.189121
794,0.960725,0.486455,0.207154,0.188186
795,0.960725,0.486455,0.207154,0.188186
796,0.967047,0.493467,0.208193,0.193759
797,0.963825,0.491971,0.208998,0.192908
798,0.960934,0.489219,0.206192,0.192996
799,0.958894,0.485759,0.202759,0.190944
800,0.953665,0.483887,0.205874,0.195484
801,0.955609,0.481477,0.203444,0.192016
802,0.967075,0.492948,0.208131,0.189801
803,0.965342,0.492679,0.209259,0.19231
804,0.962423,0.482946,0.208589,0.190826
805,0.968484,0.491475,0.211788,0.193579
806,0.969675,0.496996,0.215503,0.190091
807,0.961909,0.488959,0.207933,0.191065
808,0.969224,0.500073,0.207514,0.191386
809,0.96166,0.491368,0.208482,0.191691
810,0.968566,0.499016,0.20979,0.193886
811,0.962338,0.490438,0.206444,0.191087
812,0.974302,0.501778,0.212895,0.193825
813,0.95746,0.483984,0.204561,0.194747
814,0.974303,0.500449,0.211606,0.192944
815,0.961547,0.487159,0.204653,0.193225
816,0.964602,0.49475,0.206423,0.193371
817,0.966085,0.49324,0.206117,0.190668
818,0.969167,0.49717,0.210023,0.193091
819,0.968696,0.495823,0.206139,0.19131
820,0.969289,0.496044,0.209281,0.190188
821,0.957095,0.485349,0.205084,0.193178
822,0.981109,0.50808,0.214362,0.190574
823,0.948966,0.478311,0.204108,0.190101
824,0.965423,0.492708,0.20923,0.189539
825,0.955483,0.488439,0.203826,0.192893
826,0.969106,0.499894,0.210025,0.193722
827,0.969106,0.499894,0.210025,0.193722
828,0.968389,0.49888,0.211337,0.191295
829,0.965317,0.496235,0.207462,0.192819
830,0.967726,0.497442,0.208596,0.190039
831,0.967726,0.497442,0.208596,0.190039
832,0.958007,0.490786,0.206233,0.192002
833,0.962264,0.491355,0.207678,0.190193
834,0.965838,0.493067,0.206919,0.192766
835,0.962029,0.489256,0.206597,0.193849
836,0.974833,0.495945,0.207876,0.190897
837,0.96324,0.492141,0.209867,0.194166
838,0.972464,0.50134,0.211037,0.192923
839,0.960087,0.490334,0.206537,0.193632
840,0.972902,0.50499,0.211416,0.19337
841,0.962544,0.491512,0.205626,0.194908
842,0.963542,0.493649,0.208344,0.192849
843,0.957998,0.489348,0.20581,0.193636
844,0.9656,0.49404,0.206534,0.192803
845,0.959107,0.492248,0.203828,0.198366
846,0.966972,0.500354,0.210038,0.195683
847,0.960463,0.48872,0.206823,0.192686
848,0.963211,0.492172,0.209364,0.193984
849,0.964574,0.492515,0.208216,0.191659
850,0.962402,0.492039,0.20914,0.19362
851,0.95908,0.488825,0.209136,0.193627
852,0.962396,0.4933,0.209274,0.189984
853,0.956337,0.485795,0.204858,0.192286
854,0.978922,0.506833,0.21105,0.194625
855,0.958268,0.489328,0.205477,0.191469
856,0.970786,0.498085,0.211245,0.192295
857,0.963962,0.493631,0.209596,0.190996
858,0.955633,0.486865,0.206939,0.191834
859,0.970033,0.500317,0.21131,0.191464
860,0.952056,0.478627,0.205775,0.192806
861,0.962851,0.493851,0.206847,0.192914
862,0.967491,0.497897,0.209863,0.193074
863,0.958743,0.492456,0.208937,0.19209
864,0.970805,0.499523,0.210106,0.191777
865,0.952449,0.483288,0.204001,0.189856
866,0.973304,0.503683,0.212989,0.190703
867,0.970968,0.497645,0.211665,0.190823
868,0.96426,0.485842,0.208271,0.19263
869,0.958091,0.484122,0.205673,0.191538
870,0.97232,0.501768,0.211617,0.191536
871,0.97232,0.501768,0.211617,0.191536
872,0.960585,0.490768,0.206191,0.191962
873,0.964243,0.491513,0.209975,0.189215
874,0.968473,0.493061,0.207312,0.19099
875,0.96778,0.488486,0.209333,0.191637
876,0.966411,0.490595,0.206858,0.194893
877,0.976582,0.496317,0.20969,0.190857
878,0.964302,0.485854,0.204504,0.191297
879,0.975417,0.498652,0.210581,0.192454
880,0.970657,0.487532,0.208425,0.192879
881,0.968135,0.490308,0.207405,0.194335
882,0.965113,0.488505,0.20635,0.194045
883,0.963446,0.491724,0.205337,0.196161
884,0.971918,0.49201,0.205241,0.190956
885,0.98095,0.498504,0.211701,0.190031
886,0.960669,0.48415,0.205488,0.192451
887,0.971875,0.499962,0.207756,0.190313
888,0.968196,0.491693,0.205803,0.193508
889,0.968282,0.490563,0.207375,0.191874
890,0.972022,0.493254,0.21094,0.193716
891,0.97242,0.493023,0.209304,0.193956
892,0.975421,0.494049,0.208588,0.191796
893,0.969152,0.485212,0.209391,0.190689
894,0.976339,0.49865,0.212265,0.193112
895,0.967588,0.488947,0.208698,0.19151
896,0.967588,0.488947,0.208698,0.19151
897,0.972518,0.48748,0.209561,0.190044
898,0.979538,0.500587,0.212941,0.193098
899,0.961204,0.4865,0.205707,0.192179
900,0.969608,0.496032,0.210075,0.193586
901,0.976872,0.498207,0.21231,0.19542
902,0.964539,0.484574,0.202798,0.192966
903,0.971231,0.492425,0.206882,0.192601
904,0.967341,0.485009,0.209297,0.18764
905,0.98449,0.504923,0.211785,0.192857
906,0.970928,0.489636,0.20456,0.192189
907,0.971679,0.494153,0.206973,0.192316
908,0.976356,0.496727,0.211191,0.190891
909,0.971697,0.496294,0.208487,0.191829
910,0.96754,0.493624,0.208328,0.193771
911,0.964819,0.486629,0.206252,0.192731
912,0.975413,0.502123,0.210783,0.191475
913,0.965223,0.487131,0.206059,0.192304
914,0.966725,0.487851,0.209379,0.187887
915,0.96595,0.488914,0.209847,0.190134
916,0.965259,0.491957,0.211129,0.192452
917,0.965019,0.494294,0.206562,0.19276
918,0.959467,0.494013,0.206228,0.194756
919,0.957572,0.489746,0.206869,0.193468
920,0.964244,0.494496,0.209722,0.191911
921,0.959998,0.490035,0.210864,0.194552
922,0.957878,0.489304,0.206531,0.191547
923,0.966377,0.496959,0.210617,0.192645
924,0.965463,0.495196,0.206899,0.194498
925,0.963344,0.494299,0.20633,0.190032
926,0.955146,0.484213,0.209095,0.191279
927,0.965158,0.493937,0.207042,0.192498
928,0.962044,0.490631,0.203787,0.193361
929,0.966769,0.496352,0.207851,0.192447
930,0.962177,0.491137,0.20837,0.191947
931,0.956233,0.482367,0.202506,0.192783
932,0.963506,0.496242,0.210484,0.192763
933,0.961228,0.493856,0.206682,0.192928
934,0.968022,0.492647,0.209768,0.19097
935,0.960666,0.487532,0.209019,0.188693
936,0.976364,0.500698,0.209133,0.191211
937,0.960736,0.486821,0.206832,0.189854
938,0.97276,0.497529,0.211354,0.18942
939,0.957966,0.484907,0.204847,0.19148
940,0.971424,0.495519,0.207191,0.19162
941,0.968469,0.500379,0.207989,0.193613
942,0.966901,0.498323,0.207956,0.192767
943,0.964793,0.492374,0.207218,0.191417
944,0.964378,0.49327,0.205981,0.192717
945,0.965362,0.494528,0.206334,0.191626
946,0.964935,0.495045,0.208712,0.189509
947,0.954306,0.485693,0.205954,0.192157
948,0.959793,0.491546,0.204787,0.191612
949,0.971433,0.50015,0.209879,0.189293
950,0.961071,0.48929,0.204496,0.19413
951,0.969704,0.497501,0.20732,0.194314
952,0.962602,0.494111,0.20775,0.194209
953,0.961014,0.486671,0.204191,0.193104
954,0.969874,0.495767,0.209535,0.195836
955,0.968447,0.494619,0.207796,0.195718
956,0.962928,0.492301,0.205704,0.193681
957,0.961581,0.493233,0.206998,0.197029
958,0.966939,0.49503,0.209191,0.192109
959,0.958181,0.491,0.205876,0.193758
960,0.97187,0.497703,0.206758,0.191218
961,0.966717,0.493981,0.207167,0.191481
962,0.960201,0.488009,0.208684,0.192133
963,0.962901,0.492702,0.209737,0.191687
964,0.972727,0.497341,0.209931,0.190897
965,0.963669,0.492312,0.206617,0.191531
966,0.968718,0.495215,0.207487,0.190591
967,0.964786,0.491986,0.207351,0.189385
968,0.961038,0.49372,0.207365,0.193088
969,0.953965,0.484503,0.204352,0.191232
970,0.970304,0.501611,0.209833,0.19439
971,0.96369,0.494016,0.209912,0.192607
972,0.955584,0.481763,0.205259,0.189157
973,0.964185,0.496988,0.210282,0.191715
974,0.958983,0.48784,0.20351,0.191082
975,0.962286,0.494403,0.207718,0.192115
976,0.964105,0.495962,0.21211,0.192608
977,0.958604,0.487312,0.207761,0.192539
978,0.962702,0.493481,0.211824,0.19442
979,0.963402,0.496146,0.210661,0.193436
980,0.963792,0.495671,0.209833,0.189408
981,0.963314,0.491487,0.205189,0.189051
982,0.962658,0.493645,0.207785,0.191445
983,0.960362,0.490232,0.205788,0.193582
984,0.964541,0.492874,0.207555,0.19089
985,0.962197,0.489322,0.207441,0.19227
986,0.964836,0.495787,0.206576,0.193381
987,0.959915,0.493402,0.205407,0.193688
988,0.959915,0.493402,0.205407,0.193688
989,0.963127,0.488727,0.209376,0.189299
990,0.962839,0.49144,0.210877,0.192839
991,0.968093,0.497659,0.209083,0.194495
992,0.955105,0.481571,0.202655,0.193203
993,0.972152,0.50689,0.21381,0.198122
994,0.955978,0.486975,0.208083,0.192084
995,0.964677,0.492635,0.21103,0.189172
996,0.961942,0.490383,0.209783,0.194317
997,0.96577,0.49211,0.206132,0.191882
998,0.962887,0.490754,0.204906,0.191883
999,0.960938,0.492809,0.208964,0.193623
1000,0.960938,0.492809,0.208964,0.193623
1001,0.959571,0.485656,0.207063,0.19235
1002,0.955726,0.483545,0.205128,0.191742
1003,0.963867,0.492423,0.208311,0.192959
1004,0.969724,0.497932,0.211401,0.192676
1005,0.961347,0.488262,0.204201,0.192069
1006,0.968028,0.496063,0.206024,0.1892
1007,0.964427,0.494643,0.205753,0.191446
1008,0.955921,0.490013,0.205516,0.190868
1009,0.973085,0.501102,0.209891,0.191473
1010,0.959059,0.488989,0.205799,0.193102
1011,0.962735,0.492893,0.210516,0.191097
1012,0.956849,0.487002,0.207109,0.193564
1013,0.955116,0.486917,0.203235,0.195455
1014,0.955116,0.486917,0.203235,0.195455
1015,0.962236,0.495348,0.206913,0.195782
1016,0.954288,0.483094,0.202255,0.188791
1017,0.965009,0.495018,0.205716,0.191711
1018,0.965603,0.493313,0.204684,0.189619
1019,0.954805,0.482382,0.203839,0.187309
1020,0.965644,0.4985,0.209797,0.191303
1021,0.963123,0.49303,0.209684,0.192726
1022,0.959535,0.490425,0.208179,0.193798
1023,0.959378,0.491992,0.208657,0.192534
1024,0.965485,0.494014,0.211235,0.192809
1025,0.958053,0.488607,0.205209,0.190961
1026,0.95723,0.48826,0.208381,0.192782
1027,0.95723,0.48826,0.208381,0.192782
1028,0.95723,0.48826,0.208381,0.192782
1029,0.959991,0.488738,0.208477,0.191164
1030,0.957781,0.486813,0.205666,0.191977
1031,0.964656,0.488467,0.209495,0.191604
1032,0.958295,0.491017,0.207612,0.193227
1033,0.955363,0.483768,0.206785,0.18945
1034,0.967637,0.498351,0.208361,0.193041
1035,0.966153,0.49487,0.210128,0.190833
1036,0.965014,0.49624,0.206764,0.190453
1037,0.955536,0.48786,0.207345,0.191308
1038,0.971102,0.502777,0.213411,0.188615
1039,0.965665,0.501045,0.210704,0.192134
1040,0.959714,0.491014,0.205619,0.193181
1041,0.959189,0.488628,0.20608,0.190943
1042,0.963413,0.494271,0.208709,0.196707
1043,0.960145,0.489199,0.206805,0.193103
1044,0.960355,0.488108,0.208878,0.191291
1045,0.970069,0.501224,0.208915,0.191403
1046,0.954559,0.486902,0.204115,0.192718
1047,0.962903,0.498419,0.205951,0.193562
1048,0.95712,0.4906,0.20501,0.191143
1049,0.962881,0.493681,0.208841,0.191446
1050,0.966518,0.495317,0.207847,0.192692
1051,0.95908,0.490251,0.205983,0.193443
1052,0.95908,0.490251,0.205983,0.193443
1053,0.959439,0.490278,0.207715,0.192397
1054,0.957701,0.485198,0.205302,0.190543
1055,0.962851,0.489977,0.20515,0.191834
1056,0.970226,0.503717,0.21121,0.193321
1057,0.970226,0.503717,0.21121,0.193321
1058,0.970226,0.503717,0.21121,0.193321
1059,0.961525,0.490831,0.208198,0.192564
1060,0.968422,0.50102,0.211057,0.193049
1061,0.962495,0.492282,0.207827,0.193431
1062,0.966449,0.495092,0.212315,0.193726
1063,0.964649,0.491522,0.206752,0.191893
1064,0.969306,0.494182,0.211723,0.19341
1065,0.958813,0.485361,0.204838,0.191946
1066,0.968819,0.490951,0.206707,0.191517
1067,0.964762,0.488182,0.207742,0.193234
1068,0.958303,0.480415,0.20654,0.188502
1069,0.969739,0.493464,0.207475,0.19193
1070,0.969334,0.493148,0.207457,0.191308
1071,0.96142,0.488304,0.205138,0.192526
1072,0.97805,0.500641,0.212913,0.191214
1073,0.960254,0.488691,0.203451,0.191731
1074,0.962982,0.486628,0.206217,0.191731
1075,0.965467,0.488541,0.204886,0.194022
1076,0.961738,0.488927,0.206387,0.194264
1077,0.966025,0.489982,0.208425,0.192462
1078,0.958421,0.48233,0.204587,0.193635
1079,0.958072,0.483018,0.20413,0.188651
1080,0.966096,0.494556,0.209545,0.193513
1081,0.961202,0.489749,0.206704,0.192301
1082,0.967301,0.497512,0.210074,0.191731
1083,0.965204,0.495715,0.210294,0.191764
1084,0.963224,0.491237,0.206857,0.19117
1085,0.965492,0.491777,0.206735,0.189195
1086,0.965875,0.491309,0.20602,0.192155
1087,0.965039,0.494942,0.206537,0.194635
1088,0.960263,0.490425,0.20529,0.19314
1089,0.96241,0.493326,0.208711,0.192863
1090,0.960118,0.491003,0.208643,0.192555
1091,0.964497,0.495551,0.213196,0.192918
1092,0.959788,0.48409,0.207406,0.191427
1093,0.969375,0.491939,0.209538,0.192395
1094,0.96267,0.487991,0.209119,0.19247
1095,0.969103,0.495695,0.210611,0.193458
1096,0.968721,0.496104,0.210145,0.192191
1097,0.960552,0.488245,0.206415,0.191099
1098,0.959764,0.490288,0.206262,0.19204
1099,0.970318,0.499771,0.211627,0.191261
1100,0.970318,0.499771,0.211627,0.191261
1101,0.959318,0.48247,0.206566,0.189978
1102,0.969596,0.495554,0.208467,0.190165
1103,0.964149,0.484314,0.208935,0.191054
1104,0.967178,0.492154,0.209544,0.192475
1105,0.967919,0.490326,0.2075,0.190783
1106,0.966145,0.489344,0.206764,0.188659
1107,0.965392,0.490024,0.206215,0.191606
1108,0.971618,0.498225,0.210572,0.192458
1109,0.968187,0.496019,0.206113,0.192155
1110,0.967963,0.493608,0.206612,0.194853
1111,0.959514,0.487277,0.203212,0.194684
1112,0.968028,0.497692,0.21161,0.19551
1113,0.959908,0.493444,0.2124,0.193764
1114,0.962342,0.49436,0.207438,0.193605
1115,0.961713,0.490476,0.210962,0.190282
1116,0.956418,0.485534,0.205022,0.191669
1117,0.971594,0.502734,0.210753,0.19328
1118,0.958288,0.485952,0.207784,0.190632
1119,0.974509,0.503192,0.211343,0.19429
1120,0.95673,0.479147,0.199331,0.192676
1121,0.971472,0.495836,0.206453,0.189739
1122,0.964706,0.490535,0.208352,0.190028
1123,0.963859,0.49712,0.20536,0.190832
1124,0.964551,0.496836,0.204989,0.194186
1125,0.955427,0.490519,0.203658,0.196165
1126,0.963602,0.492079,0.207513,0.191873
1127,0.958956,0.490192,0.207405,0.194198
1128,0.966424,0.499061,0.210651,0.190824
1129,0.957611,0.489505,0.204024,0.191795
1130,0.963294,0.494932,0.207366,0.19294
1131,0.963876,0.49269,0.208578,0.19223
1132,0.960515,0.492195,0.204667,0.192313
1133,0.964081,0.494206,0.210678,0.190866
1134,0.95927,0.488758,0.205424,0.192308
1135,0.959006,0.491951,0.207608,0.19408
1136,0.966473,0.497685,0.212676,0.191658
1137,0.952513,0.481718,0.205099,0.189742
1138,0.96436,0.496925,0.209022,0.191061
1139,0.953738,0.489943,0.206375,0.195218
1140,0.959951,0.494357,0.210451,0.191338
1141,0.96659,0.496958,0.20808,0.190712
1142,0.964177,0.494544,0.206977,0.19159
1143,0.965712,0.496443,0.208173,0.190004
1144,0.960911,0.490361,0.208013,0.192519
1145,0.965891,0.495131,0.210753,0.190809
1146,0.959759,0.486813,0.208384,0.19119
1147,0.962041,0.491015,0.209276,0.188499
1148,0.952407,0.483174,0.20676,0.188556
1149,0.972547,0.504148,0.210998,0.190324
1150,0.959759,0.487505,0.209894,0.191936
1151,0.977739,0.504156,0.214093,0.192001
1152,0.961748,0.489131,0.206733,0.192706
1153,0.960086,0.486998,0.208338,0.192345
1154,0.95425,0.484745,0.205392,0.189725
1155,0.969206,0.499868,0.206904,0.189048
1156,0.961396,0.490497,0.209884,0.190362
1157,0.962735,0.494541,0.211238,0.1929
1158,0.963894,0.495326,0.207169,0.191344
1159,0.97132,0.500509,0.207456,0.190545
1160,0.962497,0.489517,0.206493,0.189207
1161,0.969421,0.495481,0.210975,0.190062
1162,0.959491,0.48801,0.20676,0.189677
1163,0.963033,0.491651,0.210385,0.190271
1164,0.958818,0.491665,0.209529,0.191306
1165,0.959109,0.489714,0.207333,0.190765
1166,0.966182,0.496374,0.208346,0.191109
1167,0.955762,0.490015,0.206657,0.1904
1168,0.967147,0.500994,0.211033,0.192234
1169,0.96371,0.495511,0.204007,0.194165
1170,0.960554,0.487099,0.20666,0.191004
1171,0.959995,0.491161,0.205612,0.191785
1172,0.959424,0.488876,0.206835,0.191943
1173,0.961999,0.494249,0.207949,0.191244
1174,0.957164,0.488486,0.204307,0.193589
1175,0.957164,0.488486,0.204307,0.193589
1176,0.961969,0.491576,0.208801,0.191157
1177,0.959781,0.486249,0.208155,0.19074
1178,0.971419,0.497723,0.209105,0.192136
1179,0.961094,0.48863,0.204788,0.193252
1180,0.971357,0.496956,0.209916,0.192966
1181,0.958466,0.48726,0.20706,0.192688
1182,0.969247,0.495661,0.206623,0.191499
1183,0.9707,0.498527,0.210127,0.192221
1184,0.9707,0.498527,0.210127,0.192221
1185,0.970749,0.50125,0.209704,0.190039
1186,0.962655,0.490786,0.208962,0.193461
1187,0.967869,0.496048,0.207975,0.193836
1188,0.961814,0.489347,0.207598,0.192458
1189,0.963179,0.491526,0.210321,0.191186
1190,0.963873,0.496227,0.209238,0.194113
1191,0.967795,0.496062,0.20971,0.188602
1192,0.967382,0.495345,0.209166,0.189268
1193,0.961763,0.493477,0.20887,0.191703
1194,0.967747,0.499263,0.20848,0.193839
1195,0.953326,0.482655,0.204627,0.194508
1196,0.966513,0.495845,0.207269,0.191
1197,0.962784,0.49241,0.206353,0.193815
1198,0.957137,0.485387,0.203835,0.193229
1199,0.960712,0.491432,0.206595,0.192664
1200,0.962925,0.494,0.209924,0.193536
1201,0.955964,0.487101,0.204198,0.192853
1202,0.966438,0.493898,0.209479,0.192171
1203,0.965965,0.49416,0.209943,0.193723
1204,0.958526,0.484577,0.203995,0.190517
1205,0.965323,0.489285,0.208092,0.19219
1206,0.957077,0.48048,0.204998,0.191483
1207,0.979957,0.50469,0.213743,0.194878
1208,0.966231,0.491405,0.204976,0.18985
1209,0.96356,0.491814,0.207908,0.192854
1210,0.971106,0.496369,0.210189,0.191553
1211,0.969072,0.494412,0.208097,0.192014
1212,0.96907,0.492572,0.209278,0.189301
1213,0.964896,0.489496,0.211281,0.190142
1214,0.957231,0.488878,0.206335,0.195068
1215,0.958168,0.490615,0.203324,0.196992
1216,0.960507,0.49428,0.205804,0.194928
1217,0.957283,0.490082,0.203564,0.191711
1218,0.962703,0.494067,0.210737,0.192017
1219,0.958755,0.491121,0.205156,0.193629
1220,0.970322,0.502453,0.208427,0.190272
1221,0.962326,0.492001,0.209566,0.191481
1222,0.969095,0.501126,0.212065,0.192632
1223,0.965626,0.497129,0.210073,0.192889
1224,0.970123,0.498227,0.209371,0.193307
1225,0.962885,0.492126,0.208217,0.192341
1226,0.954542,0.480819,0.205467,0.191855
1227,0.958537,0.485092,0.208633,0.192275
1228,0.96279,0.489818,0.207574,0.192814
1229,0.955846,0.485369,0.205026,0.196201
1230,0.964589,0.493881,0.210525,0.192913
1231,0.958808,0.486623,0.206299,0.192855
1232,0.951446,0.47852,0.201968,0.190756
1233,0.959752,0.491127,0.20886,0.192369
1234,0.956927,0.486052,0.205901,0.192761
1235,0.961023,0.494876,0.20859,0.195928
1236,0.953782,0.485881,0.205005,0.19114
1237,0.952067,0.483585,0.203894,0.192321
1238,0.960832,0.490546,0.20543,0.191822
1239,0.956672,0.488916,0.20715,0.193789
1240,0.961259,0.493996,0.207947,0.194859
1241,0.964513,0.496423,0.205202,0.193569
1242,0.963197,0.495417,0.210403,0.193737
1243,0.960713,0.493779,0.210227,0.194704
1244,0.955573,0.485679,0.205606,0.1964
1245,0.958153,0.492234,0.208525,0.194435
1246,0.964155,0.497084,0.205182,0.193583
1247,0.962926,0.493316,0.211474,0.193758
1248,0.959578,0.485834,0.207341,0.193381
1249,0.965667,0.49706,0.208858,0.193072
1250,0.954258,0.486339,0.20737,0.194784
1251,0.961446,0.490657,0.209803,0.190786
1252,0.952085,0.482397,0.204271,0.191019
1253,0.962527,0.491473,0.207961,0.189088
1254,0.964708,0.494019,0.206477,0.191914
1255,0.963278,0.494667,0.211254,0.190071
1256,0.963476,0.496435,0.210229,0.190784
1257,0.95469,0.489581,0.208658,0.191433
1258,0.95469,0.489581,0.208658,0.191433
1259,0.967057,0.499436,0.212742,0.195665
1260,0.962067,0.491684,0.20602,0.191776
1261,0.951345,0.482968,0.204963,0.193286
1262,0.967423,0.496828,0.211188,0.189725
1263,0.956502,0.484611,0.209149,0.189677
1264,0.964117,0.492667,0.210413,0.191163
1265,0.96677,0.491738,0.211918,0.191904
1266,0.965673,0.491661,0.202858,0.193378
1267,0.976804,0.503316,0.208871,0.190808
1268,0.954123,0.480539,0.204029,0.191135
1269,0.972727,0.499377,0.208811,0.192194
1270,0.958251,0.484255,0.206486,0.192959
1271,0.964567,0.490134,0.209455,0.191487
1272,0.962474,0.492556,0.212467,0.190238
1273,0.957326,0.487107,0.204376,0.19183
1274,0.968718,0.495377,0.215848,0.193185
1275,0.954175,0.481704,0.207304,0.194843
1276,0.961317,0.489712,0.208954,0.192674
1277,0.963699,0.490049,0.205762,0.192368
1278,0.970231,0.496084,0.207975,0.189949
1279,0.972667,0.497251,0.209185,0.190912
1280,0.962301,0.49139,0.206148,0.191471
1281,0.964463,0.492605,0.208895,0.192737
1282,0.965463,0.490847,0.210133,0.190862
1283,0.951597,0.483802,0.199525,0.190037
1284,0.972621,0.499858,0.212516,0.191022
1285,0.958662,0.489916,0.206335,0.191485
1286,0.956784,0.485704,0.203787,0.190917
1287,0.969671,0.50396,0.20804,0.194945
1288,0.969671,0.50396,0.20804,0.194945
1289,0.953196,0.485976,0.205399,0.192001
1290,0.969049,0.498629,0.209655,0.194623
1291,0.952732,0.486294,0.205599,0.192855
1292,0.960008,0.489224,0.208241,0.192455
1293,0.962138,0.493655,0.207908,0.191983
1294,0.956741,0.48964,0.208283,0.193732
1295,0.956232,0.486828,0.204111,0.192187
1296,0.968049,0.497541,0.206306,0.191668
1297,0.956079,0.487439,0.201205,0.191703
1298,0.966576,0.498157,0.204282,0.193056
1299,0.963034,0.491802,0.206909,0.195255
1300,0.966717,0.49713,0.208484,0.191947
1301,0.955122,0.483422,0.205693,0.193131
1302,0.967002,0.497519,0.210351,0.194456
1303,0.959107,0.488781,0.207178,0.196055
1304,0.966325,0.500296,0.212087,0.195199
1305,0.962873,0.492748,0.207513,0.19229
1306,0.95661,0.489879,0.208146,0.190744
1307,0.965783,0.4966,0.208181,0.19286
1308,0.963597,0.488079,0.205493,0.191106
1309,0.967961,0.498558,0.211724,0.194515
1310,0.953044,0.483122,0.205378,0.193974
1311,0.964848,0.495367,0.208885,0.194863
1312,0.952332,0.482951,0.202367,0.193998
1313,0.961008,0.491211,0.206937,0.193505
1314,0.963612,0.493392,0.205719,0.192356
1315,0.961921,0.490722,0.204255,0.19246
1316,0.964462,0.493509,0.20853,0.194005
1317,0.964462,0.493509,0.20853,0.194005
1318,0.953414,0.482366,0.204628,0.193293
1319,0.957323,0.489898,0.205485,0.194055
1320,0.962446,0.491356,0.207693,0.192806
1321,0.966435,0.497954,0.209075,0.191685
1322,0.971866,0.500011,0.212038,0.193193
1323,0.963957,0.493388,0.211599,0.191837
1324,0.964406,0.496208,0.206474,0.194178
1325,0.964681,0.495685,0.208263,0.193658
1326,0.956784,0.49089,0.204813,0.194402
1327,0.966925,0.496373,0.208004,0.192248
1328,0.95889,0.48808,0.208495,0.190516
1329,0.964481,0.492817,0.204499,0.18988
1330,0.962429,0.496222,0.205842,0.194656
1331,0.968751,0.500602,0.206939,0.19301
1332,0.965326,0.493861,0.204691,0.19444
1333,0.967727,0.49812,0.209953,0.192592
1334,0.964752,0.496882,0.206674,0.192218
1335,0.964752,0.496882,0.206674,0.192218
1336,0.957547,0.485842,0.205488,0.191901
1337,0.975631,0.50079,0.209524,0.191594
1338,0.955399,0.483028,0.203665,0.190572
1339,0.972189,0.495072,0.208398,0.190186
1340,0.955458,0.48192,0.207089,0.192141
1341,0.968136,0.491826,0.211436,0.191509
1342,0.966142,0.489284,0.206871,0.190873
1343,0.959618,0.485857,0.207812,0.193538
1344,0.964971,0.490233,0.209494,0.192077
1345,0.960776,0.487605,0.206476,0.19089
1346,0.966343,0.497175,0.210136,0.19268
1347,0.96164,0.49309,0.210639,0.192892
1348,0.961288,0.490084,0.207656,0.191712
1349,0.963231,0.495195,0.205622,0.19109
1350,0.968621,0.495444,0.209454,0.19109
1351,0.973464,0.501401,0.210915,0.194204
1352,0.966784,0.496857,0.206035,0.19391
1353,0.96021,0.492691,0.208184,0.193123
1354,0.965668,0.496997,0.208384,0.192414
1355,0.957899,0.489728,0.205045,0.193865
1356,0.964776,0.494861,0.20877,0.192033
1357,0.96695,0.501847,0.2089,0.196811
1358,0.972287,0.505581,0.210081,0.192012
1359,0.959624,0.485938,0.205827,0.189712
1360,0.973366,0.501743,0.209629,0.188962
1361,0.96804,0.493704,0.209764,0.189073
1362,0.968128,0.496661,0.208924,0.193104
1363,0.969451,0.500708,0.21186,0.194322
1364,0.95923,0.489234,0.208771,0.190867
1365,0.969686,0.502219,0.212718,0.193003
1366,0.967995,0.498017,0.209581,0.191895
1367,0.964081,0.498162,0.211475,0.195537
1368,0.964081,0.498162,0.211475,0.195537
1369,0.958632,0.487241,0.208147,0.193047
1370,0.958632,0.487241,0.208147,0.193047
1371,0.975187,0.504684,0.21045,0.193166
1372,0.961647,0.487604,0.207886,0.190988
1373,0.966517,0.496605,0.210799,0.19019
1374,0.970604,0.499595,0.210835,0.192239
1375,0.956011,0.487611,0.203917,0.192933
1376,0.965154,0.498482,0.207644,0.193164
1377,0.955889,0.488419,0.203405,0.194033
1378,0.964912,0.494318,0.209135,0.191131
1379,0.957523,0.488981,0.20722,0.191622
1380,0.953653,0.484383,0.201554,0.192586
1381,0.969106,0.496012,0.205217,0.18852
1382,0.96957,0.495688,0.206924,0.192301
1383,0.963108,0.48934,0.204057,0.193203
1384,0.967769,0.493776,0.206261,0.192698
1385,0.969152,0.49723,0.210092,0.192282
1386,0.969032,0.495155,0.204615,0.192744
1387,0.969196,0.496282,0.206809,0.189916
1388,0.969677,0.494464,0.208135,0.191389
1389,0.96819,0.496345,0.208314,0.193752
1390,0.960975,0.485483,0.210471,0.188397
1391,0.96397,0.490395,0.208194,0.19368
1392,0.968729,0.495012,0.209668,0.192924
1393,0.970273,0.490785,0.209921,0.19012
1394,0.969238,0.487046,0.207544,0.190327
1395,0.972939,0.498818,0.210271,0.194688
1396,0.965585,0.490046,0.206205,0.192098
1397,0.974209,0.500058,0.209103,0.191331
1398,0.964945,0.488869,0.206205,0.190906
1399,0.972722,0.494918,0.209012,0.191698
1400,0.967669,0.492442,0.209008,0.195955
1401,0.969562,0.497313,0.211726,0.192082
1402,0.969562,0.497313,0.211726,0.192082
1403,0.96137,0.490121,0.205142,0.190344
1404,0.963129,0.494737,0.209948,0.195274
1405,0.965198,0.496097,0.207359,0.19189
1406,0.9683,0.493904,0.209937,0.189274
1407,0.965055,0.495226,0.210626,0.195105
1408,0.969289,0.499521,0.212884,0.196349
1409,0.964746,0.497158,0.209461,0.192838
1410,0.964344,0.497952,0.208674,0.193538
1411,0.958753,0.485962,0.204681,0.191294
1412,0.976111,0.505434,0.210273,0.191716
1413,0.953328,0.481021,0.201599,0.194621
1414,0.969495,0.497291,0.210227,0.191189
1415,0.964316,0.492787,0.208777,0.192898
1416,0.960647,0.48849,0.209057,0.192625
1417,0.965585,0.49393,0.20922,0.190465
1418,0.957094,0.487121,0.208423,0.189263
1419,0.953941,0.483828,0.204042,0.190859
1420,0.96266,0.494411,0.208131,0.194338
1421,0.959876,0.492073,0.209243,0.194873
1422,0.958945,0.491663,0.210258,0.192571
1423,0.956231,0.491483,0.206928,0.192984
1424,0.956231,0.491483,0.206928,0.192984
1425,0.960598,0.492099,0.206649,0.194575
1426,0.95438,0.484993,0.205159,0.189893
1427,0.962192,0.491722,0.208764,0.187759
1428,0.967012,0.495081,0.210431,0.189339
1429,0.947065,0.480636,0.202693,0.189737
1430,0.96155,0.48957,0.210609,0.19087
1431,0.953221,0.485628,0.203542,0.190807
1432,0.965331,0.497046,0.207816,0.192402
1433,0.951766,0.481623,0.202064,0.192865
1434,0.960224,0.48771,0.205794,0.192349
1435,0.968064,0.497802,0.209811,0.192556
1436,0.965104,0.49476,0.2097,0.190462
1437,0.958531,0.490543,0.202065,0.192446
1438,0.972469,0.501562,0.20929,0.192731
1439,0.97323,0.500149,0.211262,0.191083
1440,0.945709,0.472036,0.204203,0.191807
1441,0.964274,0.492005,0.208881,0.194077
1442,0.953611,0.482893,0.202377,0.19239
1443,0.960943,0.492194,0.206906,0.192559
1444,0.960598,0.489708,0.206735,0.192904
1445,0.96227,0.494677,0.210093,0.191098
1446,0.962492,0.493411,0.206122,0.189797
1447,0.957197,0.488633,0.208657,0.19062
1448,0.960676,0.492244,0.207214,0.193043
1449,0.959746,0.49303,0.208432,0.191636
1450,0.968482,0.500475,0.210714,0.190043
1451,0.963852,0.494062,0.208765,0.190926
1452,0.965352,0.494945,0.207766,0.191248
1453,0.955541,0.483941,0.204454,0.192858
1454,0.958303,0.485078,0.207223,0.193097
1455,0.959955,0.490438,0.208892,0.194059
1456,0.972494,0.495492,0.208618,0.191094
1457,0.967046,0.492232,0.209298,0.193355
1458,0.963291,0.483438,0.204632,0.192012
1459,0.968439,0.492823,0.206985,0.189584
1460,0.964764,0.490116,0.205097,0.192435
1461,0.967377,0.496124,0.208934,0.193212
1462,0.968009,0.49126,0.204684,0.190944
1463,0.965304,0.48746,0.207013,0.190528
1464,0.967453,0.49345,0.207154,0.190915
1465,0.969714,0.494333,0.203154,0.189008
1466,0.966821,0.49168,0.206296,0.190487
1467,0.974567,0.498848,0.206313,0.193595
1468,0.958595,0.480306,0.203946,0.191792
1469,0.970534,0.494451,0.207049,0.192131
1470,0.961614,0.487511,0.206741,0.192486
1471,0.962962,0.487461,0.208946,0.193321
1472,0.967335,0.495723,0.206736,0.191175
1473,0.967335,0.495723,0.206736,0.191175
1474,0.965374,0.491234,0.20801,0.19185
1475,0.963624,0.492226,0.20858,0.196547
1476,0.968219,0.496572,0.207537,0.196589
1477,0.957779,0.486578,0.206244,0.192618
1478,0.962731,0.492894,0.207195,0.191286
1479,0.966693,0.498249,0.20979,0.192866
1480,0.964799,0.493571,0.206644,0.192609
1481,0.970696,0.496389,0.20612,0.190631
1482,0.961267,0.487873,0.205855,0.191111
1483,0.968836,0.498347,0.207923,0.195811
1484,0.953635,0.480122,0.204894,0.191265
1485,0.981259,0.507447,0.217977,0.191854
1486,0.951006,0.4776,0.206443,0.193194
1487,0.974319,0.502879,0.211643,0.189512
1488,0.951398,0.47939,0.205583,0.191182
1489,0.961087,0.494381,0.210745,0.193462
1490,0.958262,0.488892,0.2079,0.195544
1491,0.965704,0.491615,0.20657,0.191746
1492,0.949285,0.478366,0.201987,0.190584
1493,0.973193,0.499369,0.211596,0.192151
1494,0.958122,0.488968,0.204777,0.192053
1495,0.969095,0.498798,0.209674,0.192514
1496,0.957478,0.487412,0.205185,0.192691
1497,0.957459,0.488995,0.207563,0.190994
1498,0.961681,0.492581,0.206234,0.191498
1499,0.962843,0.491308,0.205703,0.188298
1500,0.963412,0.491388,0.20569,0.190749
1501,0.960402,0.488109,0.206408,0.188988
1502,0.95352,0.482891,0.206937,0.191823
1503,0.970488,0.499406,0.207948,0.190795
1504,0.961236,0.489856,0.2079,0.19251
1505,0.955495,0.485616,0.205841,0.191206
1506,0.968081,0.496104,0.207843,0.192282
1507,0.961364,0.489154,0.201605,0.191219
1508,0.962281,0.493733,0.207447,0.193432
1509,0.961848,0.492943,0.209719,0.187916
1510,0.964538,0.497492,0.209507,0.191942
1511,0.958969,0.489167,0.203193,0.191611
1512,0.96969,0.498363,0.209915,0.195793
1513,0.961059,0.488124,0.203818,0.191247
1514,0.969281,0.493402,0.205488,0.188905
1515,0.966495,0.495339,0.206946,0.191127
1516,0.966444,0.496055,0.20949,0.191068
1517,0.960748,0.490722,0.209147,0.190068
1518,0.969192,0.500773,0.212062,0.194998
1519,0.958652,0.488378,0.208883,0.192914
1520,0.955338,0.486191,0.207148,0.194867
1521,0.965636,0.489957,0.207466,0.190738
1522,0.959217,0.490321,0.207333,0.191272
1523,0.97023,0.49947,0.212097,0.192848
1524,0.95262,0.481587,0.206094,0.192019
1525,0.966215,0.499191,0.211248,0.194969
1526,0.95884,0.488382,0.20706,0.189046
1527,0.97003,0.496972,0.212215,0.190661
1528,0.971461,0.497166,0.208293,0.192715
1529,0.961549,0.487948,0.203004,0.194102
1530,0.97647,0.503403,0.209471,0.194376
1531,0.958622,0.48626,0.205666,0.192869
1532,0.967451,0.495028,0.207477,0.192087
1533,0.969423,0.495128,0.211097,0.190822
1534,0.959801,0.492603,0.207329,0.195545
1535,0.957183,0.485489,0.20485,0.192209
1536,0.964688,0.493793,0.206808,0.193024
1537,0.958516,0.489423,0.208972,0.191417
1538,0.950977,0.480624,0.204851,0.192379
1539,0.966178,0.49253,0.209305,0.191381
1540,0.950309,0.484702,0.202711,0.194574
1541,0.964407,0.495157,0.207832,0.190866
1542,0.956409,0.489278,0.205544,0.192167
1543,0.965543,0.497427,0.209725,0.193048
1544,0.958115,0.491607,0.209568,0.193943
1545,0.964702,0.495781,0.20896,0.194163
1546,0.958324,0.490478,0.204155,0.190999
1547,0.964755,0.494082,0.209595,0.193155
1548,0.952879,0.481907,0.199967,0.192678
1549,0.973986,0.504305,0.213076,0.193322
1550,0.967363,0.494987,0.208344,0.190068
1551,0.956827,0.492014,0.206859,0.192849
1552,0.97064,0.500972,0.209151,0.19367
1553,0.959775,0.487688,0.205783,0.191298
1554,0.958948,0.487002,0.205946,0.191613
1555,0.963363,0.495016,0.20867,0.19337
1556,0.960153,0.490006,0.206518,0.190173
1557,0.968334,0.499533,0.20893,0.192545
1558,0.96467,0.495207,0.203869,0.190774
1559,0.96467,0.495207,0.203869,0.190774
1560,0.958726,0.489842,0.205121,0.191733
1561,0.963655,0.495268,0.20827,0.195063
1562,0.965292,0.492477,0.208652,0.191244
1563,0.962433,0.49454,0.206784,0.192449
1564,0.958057,0.485155,0.207271,0.194259
1565,0.967819,0.493028,0.207834,0.195166
1566,0.971369,0.49658,0.210571,0.191999
1567,0.962939,0.493481,0.209217,0.193263
1568,0.966807,0.497633,0.206482,0.191495
1569,0.958926,0.489603,0.20492,0.191484
1570,0.960614,0.49043,0.206047,0.191181
1571,0.961038,0.488626,0.206164,0.194946
1572,0.968666,0.498178,0.21003,0.192007
1573,0.958251,0.489328,0.208825,0.192609
1574,0.953619,0.483449,0.204317,0.195001
1575,0.96373,0.49502,0.20766,0.194926
1576,0.964102,0.491952,0.206352,0.191901
1577,0.964209,0.495838,0.210102,0.192483
1578,0.964272,0.493955,0.209314,0.190246
1579,0.954175,0.485614,0.205162,0.192363
1580,0.966341,0.496075,0.205392,0.192856
1581,0.963963,0.492454,0.20673,0.191625
1582,0.963301,0.487968,0.206536,0.190587
1583,0.961881,0.490663,0.20823,0.192618
1584,0.959295,0.487622,0.20764,0.195091
1585,0.960126,0.487444,0.208916,0.191703
1586,0.966007,0.498152,0.20839,0.193777
1587,0.961815,0.489871,0.20608,0.193232
1588,0.971799,0.500717,0.207604,0.192684
1589,0.976773,0.506536,0.208872,0.190019
1590,0.970836,0.497257,0.210067,0.192856
1591,0.95835,0.485681,0.207329,0.190911
1592,0.973644,0.500838,0.208987,0.190871
1593,0.957902,0.487542,0.204649,0.191853
1594,0.970427,0.49888,0.211567,0.190964
1595,0.966399,0.496157,0.206928,0.192341
1596,0.966696,0.497413,0.207771,0.195015
1597,0.966869,0.491405,0.210093,0.188971
1598,0.962193,0.490084,0.20651,0.18776
1599,0.971539,0.498938,0.208518,0.190792
1600,0.954279,0.483508,0.203637,0.191771
1601,0.959842,0.492181,0.209591,0.1933
1602,0.958913,0.489838,0.207816,0.191185
1603,0.96045,0.494272,0.20977,0.195267
1604,0.965637,0.494558,0.207028,0.193373
1605,0.962345,0.492181,0.208444,0.189881
1606,0.967852,0.498481,0.209634,0.191772
1607,0.953815,0.486904,0.203097,0.191824
1608,0.957475,0.488197,0.206414,0.192451
1609,0.96008,0.488462,0.205504,0.191036
1610,0.964428,0.49367,0.207392,0.192454
1611,0.969377,0.497744,0.206654,0.194233
1612,0.965502,0.491175,0.209442,0.192971
1613,0.971577,0.497682,0.209409,0.19141
1614,0.964173,0.494511,0.209237,0.19172
1615,0.963121,0.491637,0.208395,0.192785
1616,0.960765,0.4814,0.206375,0.189701
1617,0.968716,0.495706,0.20993,0.193404
1618,0.962695,0.486787,0.208038,0.189944
1619,0.964368,0.489654,0.208689,0.191788
1620,0.968929,0.49507,0.208236,0.190205
1621,0.96274,0.490202,0.208479,0.191114
1622,0.967332,0.496714,0.207649,0.193279
1623,0.963872,0.489241,0.204716,0.192154
1624,0.972808,0.499234,0.208289,0.190257
1625,0.958225,0.48654,0.202604,0.193293
1626,0.971279,0.500796,0.207693,0.192847
1627,0.954621,0.483834,0.202954,0.190892
1628,0.978743,0.507895,0.209918,0.192798
1629,0.959681,0.487166,0.208906,0.187421
1630,0.968291,0.496881,0.210813,0.187631
1631,0.951838,0.48195,0.204456,0.189763
1632,0.970267,0.49945,0.211095,0.192638
1633,0.9558,0.486191,0.206215,0.1922
1634,0.976493,0.504262,0.212955,0.190777
1635,0.95148,0.480642,0.202255,0.191117
1636,0.969976,0.499001,0.213181,0.191624
1637,0.952785,0.482418,0.20715,0.192988
1638,0.9679,0.501863,0.208808,0.192919
1639,0.960415,0.488528,0.206555,0.192729
1640,0.961019,0.4908,0.205245,0.192616
1641,0.964983,0.495762,0.207436,0.19309
1642,0.958353,0.491206,0.20644,0.193948
1643,0.953602,0.484134,0.20611,0.193872
1644,0.962594,0.500011,0.208133,0.196687
1645,0.973028,0.502237,0.21254,0.19585
1646,0.962315,0.488013,0.207777,0.19346
1647,0.962735,0.490005,0.207734,0.194704
1648,0.960212,0.487064,0.206539,0.192313
1649,0.97104,0.495439,0.206505,0.190754
1650,0.959701,0.486627,0.205045,0.190442
1651,0.962682,0.488685,0.207243,0.189762
1652,0.954088,0.483826,0.202394,0.189825
1653,0.969476,0.498082,0.211163,0.192481
1654,0.956688,0.486452,0.207738,0.191395
1655,0.967716,0.494264,0.209457,0.190298
1656,0.962157,0.488969,0.206016,0.193228
1657,0.963718,0.486563,0.206552,0.191364
1658,0.962204,0.491656,0.211,0.193838
1659,0.969617,0.494456,0.210985,0.193873
1660,0.966057,0.493093,0.211119,0.192258
1661,0.963204,0.489624,0.2075,0.191087
1662,0.968184,0.494615,0.207516,0.190995
1663,0.96472,0.491039,0.207145,0.190793
1664,0.970637,0.499121,0.209568,0.191893
1665,0.961242,0.491278,0.206472,0.191924
1666,0.964108,0.491469,0.20665,0.189725
1667,0.980335,0.504617,0.210479,0.188929
1668,0.950937,0.477788,0.204682,0.189908
1669,0.984378,0.508169,0.214726,0.188445
1670,0.962495,0.491245,0.207384,0.192399
1671,0.972408,0.501173,0.209034,0.191568
1672,0.964559,0.490151,0.206601,0.191962
1673,0.966005,0.496467,0.212844,0.192225
1674,0.961195,0.493215,0.205129,0.193705
1675,0.964811,0.493353,0.20724,0.193542
1676,0.952638,0.483167,0.203498,0.194062
1677,0.973407,0.499131,0.208487,0.190545
1678,0.957276,0.483944,0.20409,0.188472
1679,0.958193,0.490823,0.206201,0.190887
1680,0.97059,0.498782,0.211371,0.191648
1681,0.965444,0.492807,0.206908,0.190042
1682,0.965444,0.492807,0.206908,0.190042
1683,0.956457,0.487749,0.207053,0.193229
1684,0.965155,0.493382,0.209773,0.192133
1685,0.954728,0.483867,0.207578,0.194514
1686,0.965993,0.494224,0.209884,0.191436
1687,0.960398,0.488682,0.208243,0.19388
1688,0.968151,0.49934,0.210867,0.192205
1689,0.963589,0.488606,0.206598,0.191177
1690,0.965795,0.48961,0.207621,0.191953
1691,0.967124,0.490755,0.209779,0.191272
1692,0.95926,0.48691,0.205766,0.18998
1693,0.963009,0.492572,0.209328,0.190221
1694,0.963458,0.495444,0.210224,0.196855
1695,0.964338,0.495611,0.210732,0.191757
1696,0.955813,0.490156,0.206036,0.193215
1697,0.965258,0.49682,0.208745,0.192355
1698,0.957203,0.491252,0.206142,0.19507
1699,0.967487,0.496997,0.210312,0.196275
1700,0.956877,0.490095,0.204932,0.195642
1701,0.965927,0.494583,0.209697,0.193848
1702,0.960203,0.487994,0.206647,0.193626
1703,0.963608,0.496175,0.210798,0.191282
1704,0.948364,0.479858,0.204597,0.193454
1705,0.970593,0.502235,0.210555,0.19431
1706,0.963283,0.493436,0.207186,0.192665
1707,0.971964,0.501039,0.208848,0.193541
1708,0.955343,0.483588,0.205748,0.191926
1709,0.961169,0.492075,0.204769,0.192541
1710,0.958374,0.49049,0.207266,0.192246
1711,0.966668,0.495012,0.210204,0.193925
1712,0.962479,0.485972,0.206056,0.191337
1713,0.97007,0.495674,0.210617,0.193275
1714,0.968156,0.494578,0.207514,0.192717
1715,0.978098,0.505273,0.211201,0.191135
1716,0.96071,0.489782,0.208967,0.192201
1717,0.965575,0.497423,0.210527,0.195127
1718,0.964854,0.490528,0.20686,0.190483
1719,0.973855,0.501649,0.210687,0.193829
1720,0.960078,0.487999,0.209078,0.194724
1721,0.969836,0.495543,0.210977,0.191446
1722,0.963682,0.489894,0.209458,0.191926
1723,0.967262,0.4952,0.211106,0.192341
1724,0.967262,0.4952,0.211106,0.192341
1725,0.9653,0.493037,0.207125,0.194953
1726,0.96082,0.490447,0.205389,0.194983
1727,0.963381,0.49323,0.209599,0.192359
1728,0.970885,0.498293,0.209422,0.192662
1729,0.959801,0.488996,0.206212,0.190158
1730,0.972777,0.50162,0.209853,0.192507
1731,0.970004,0.498202,0.208237,0.192269
1732,0.961919,0.488393,0.207478,0.191138
1733,0.967609,0.493285,0.210744,0.191881
1734,0.962392,0.491779,0.209001,0.190649
1735,0.966306,0.490965,0.207526,0.190402
1736,0.958267,0.486894,0.204943,0.191898
1737,0.970259,0.500097,0.210975,0.192149
1738,0.951634,0.481297,0.205262,0.192553
1739,0.966841,0.500013,0.211393,0.194396
1740,0.962001,0.494371,0.205786,0.190097
1741,0.959606,0.490312,0.205918,0.190851
1742,0.953959,0.487029,0.208228,0.191222
1743,0.963285,0.495079,0.207376,0.194145
1744,0.958555,0.490669,0.206606,0.191983
1745,0.959775,0.491436,0.209014,0.192983
1746,0.958027,0.488632,0.208098,0.19285
1747,0.953473,0.485893,0.206572,0.190209
1748,0.960115,0.490342,0.207914,0.191896
1749,0.954272,0.483206,0.205187,0.18988
1750,0.972793,0.501589,0.209941,0.189916
1751,0.956287,0.489252,0.207025,0.189323
1752,0.974053,0.503382,0.210649,0.192002
1753,0.952187,0.481949,0.204733,0.191599
1754,0.96707,0.495967,0.211378,0.189034
1755,0.951129,0.483693,0.204313,0.189275
1756,0.952951,0.487895,0.199196,0.192316
1757,0.966593,0.499429,0.207797,0.193504
1758,0.952747,0.481245,0.204583,0.192144
1759,0.968079,0.494139,0.209789,0.188528
1760,0.961442,0.492596,0.2101,0.190703
1761,0.968319,0.497948,0.210385,0.192032
1762,0.963432,0.4941,0.206637,0.191859
1763,0.965087,0.492454,0.208239,0.191196
1764,0.965501,0.495895,0.207719,0.193431
1765,0.965501,0.495895,0.207719,0.193431
1766,0.968563,0.493829,0.208775,0.192204
1767,0.957436,0.483666,0.207537,0.190478
1768,0.959858,0.488329,0.209583,0.191817
1769,0.960561,0.487517,0.206208,0.191896
1770,0.965908,0.493322,0.210751,0.19176
1771,0.958668,0.486837,0.207591,0.19147
1772,0.960709,0.49145,0.20825,0.192978
1773,0.967009,0.495286,0.208222,0.19089
1774,0.965054,0.489791,0.205188,0.190798
1775,0.960802,0.489351,0.208359,0.193257
1776,0.959047,0.485267,0.205274,0.190986
1777,0.966373,0.494163,0.207961,0.191509
1778,0.956703,0.484053,0.203819,0.190013
1779,0.964995,0.494453,0.205436,0.196186
1780,0.954359,0.481589,0.201943,0.192912
1781,0.966193,0.495477,0.207499,0.191314
1782,0.959701,0.485754,0.208184,0.190968
1783,0.960629,0.488253,0.207297,0.19248
1784,0.968368,0.499598,0.210051,0.192035
1785,0.963112,0.489301,0.208246,0.190218
1786,0.962796,0.48949,0.207787,0.189041
1787,0.961398,0.491612,0.206955,0.193623
1788,0.971718,0.504687,0.2114,0.193688
1789,0.955888,0.48756,0.205236,0.194269
1790,0.972079,0.498884,0.210884,0.193002
1791,0.959479,0.493082,0.204373,0.194487
1792,0.970522,0.503254,0.211048,0.194587
1793,0.961565,0.490273,0.205201,0.193941
1794,0.969142,0.49905,0.208477,0.192361
1795,0.967057,0.493711,0.207153,0.193399
1796,0.974041,0.500278,0.207319,0.193467
1797,0.958473,0.488421,0.206513,0.192755
1798,0.955431,0.487684,0.203698,0.191775
1799,0.966469,0.497241,0.206429,0.192397
1800,0.961575,0.493424,0.208448,0.192063
1801,0.958121,0.489932,0.209086,0.190586
1802,0.960555,0.488864,0.209289,0.19316
1803,0.970232,0.500613,0.212039,0.195311
1804,0.961931,0.490249,0.206591,0.192568
1805,0.956272,0.486762,0.207375,0.191017
1806,0.962802,0.483668,0.20564,0.18931
1807,0.964021,0.487436,0.205808,0.189427
1808,0.962626,0.491678,0.206752,0.195172
1809,0.970653,0.493286,0.210347,0.190351
1810,0.959034,0.480698,0.204017,0.192847
1811,0.964644,0.488302,0.208199,0.192246
1812,0.961552,0.489354,0.208092,0.192763
1813,0.962478,0.486837,0.207606,0.191247
1814,0.968175,0.495502,0.210377,0.19419
1815,0.959249,0.485643,0.204604,0.191127
1816,0.977687,0.507914,0.212541,0.19469
1817,0.962763,0.492321,0.209759,0.19345
1818,0.962763,0.492321,0.209759,0.19345
1819,0.963516,0.491386,0.206221,0.194755
1820,0.965218,0.491979,0.209694,0.193257
1821,0.963658,0.495804,0.209137,0.193909
1822,0.966276,0.491449,0.209525,0.190794
1823,0.959723,0.488305,0.20761,0.194591
1824,0.963407,0.488665,0.209336,0.191373
1825,0.967369,0.497428,0.207196,0.193529
1826,0.957607,0.484271,0.202872,0.192894
1827,0.974243,0.498997,0.209149,0.193152
1828,0.957119,0.47973,0.204808,0.191905
1829,0.972809,0.49528,0.209817,0.192211
1830,0.967136,0.489675,0.205609,0.191392
1831,0.969151,0.49324,0.209322,0.192781
1832,0.969296,0.49486,0.208917,0.190741
1833,0.966458,0.493113,0.207043,0.192849
1834,0.965385,0.491332,0.208903,0.193668
1835,0.967542,0.494521,0.208107,0.194897
1836,0.966508,0.495324,0.210046,0.196596
1837,0.964774,0.486146,0.202537,0.193071
1838,0.973737,0.49678,0.210799,0.194487
1839,0.962814,0.486601,0.204068,0.19517
1840,0.965311,0.492914,0.205775,0.194898
1841,0.965798,0.493837,0.209718,0.19268
1842,0.968499,0.50001,0.206387,0.195636
1843,0.961104,0.492188,0.206072,0.195064
1844,0.961971,0.494661,0.206055,0.193906
1845,0.961789,0.494532,0.207052,0.19585
1846,0.965068,0.493944,0.209074,0.191068
1847,0.969468,0.497907,0.208285,0.191645
1848,0.965386,0.493891,0.207293,0.192483
1849,0.976302,0.505539,0.210072,0.191966
1850,0.962081,0.492424,0.2053,0.194407
1851,0.96471,0.493358,0.206091,0.1955
1852,0.969718,0.499669,0.210085,0.19583
1853,0.958546,0.489999,0.204596,0.196755
1854,0.961903,0.489567,0.205787,0.192941
1855,0.961903,0.489567,0.205787,0.192941
1856,0.957582,0.489689,0.204457,0.191965
1857,0.956011,0.486275,0.203829,0.190386
1858,0.967568,0.49933,0.209495,0.198598
1859,0.961397,0.489902,0.209632,0.194242
1860,0.968012,0.492901,0.208034,0.193525
1861,0.960489,0.487632,0.204169,0.192868
1862,0.9638,0.493581,0.209568,0.194041
1863,0.973053,0.500007,0.207915,0.195116
1864,0.967546,0.493434,0.209603,0.189594
1865,0.963975,0.491084,0.207211,0.192168
1866,0.955958,0.488715,0.206195,0.190073
1867,0.962908,0.49032,0.212188,0.189708
1868,0.954841,0.484103,0.204649,0.189782
1869,0.964091,0.494051,0.208747,0.191753
1870,0.970071,0.495554,0.211373,0.189297
1871,0.957009,0.483793,0.207754,0.192442
1872,0.95973,0.485371,0.207317,0.19545
1873,0.967811,0.496108,0.207605,0.191551
1874,0.959699,0.485401,0.209324,0.191827
1875,0.963116,0.492943,0.205724,0.191576
1876,0.957743,0.486438,0.205693,0.191447
1877,0.959872,0.488188,0.208258,0.19303
1878,0.958633,0.486204,0.206057,0.192707
1879,0.972565,0.501713,0.210377,0.192631
1880,0.961377,0.4909,0.204619,0.190948
1881,0.961377,0.4909,0.204619,0.190948
1882,0.957507,0.48452,0.205002,0.193249
1883,0.963371,0.494148,0.205568,0.194398
1884,0.967008,0.492342,0.203744,0.189536
1885,0.967668,0.494846,0.208986,0.192868
1886,0.973756,0.501006,0.210897,0.189647
1887,0.959907,0.487587,0.20553,0.191508
1888,0.970366,0.49571,0.208044,0.191349
1889,0.961753,0.486135,0.207763,0.192364
1890,0.967689,0.494751,0.20896,0.195233
1891,0.967689,0.494751,0.20896,0.195233
1892,0.960406,0.488547,0.205696,0.190206
1893,0.97408,0.497462,0.212043,0.193365
1894,0.960938,0.487939,0.208517,0.1938
1895,0.967692,0.492823,0.209925,0.192819
1896,0.956375,0.483698,0.207737,0.191436
1897,0.971904,0.497432,0.213139,0.193875
1898,0.963516,0.493244,0.205459,0.188832
1899,0.958752,0.483405,0.204087,0.193386
1900,0.973663,0.492117,0.210116,0.191356
1901,0.962494,0.48683,0.206152,0.194333
1902,0.973214,0.497245,0.210509,0.193728
1903,0.961808,0.484851,0.20791,0.19221
1904,0.976089,0.49936,0.211276,0.196652
1905,0.962984,0.483712,0.208667,0.190757
1906,0.974907,0.500494,0.209731,0.192851
1907,0.960347,0.483522,0.20403,0.189703
1908,0.967059,0.493713,0.205862,0.189527
1909,0.962562,0.488609,0.208116,0.1919
1910,0.966827,0.495307,0.209847,0.190318
1911,0.952855,0.479296,0.206733,0.194017
1912,0.970889,0.494463,0.211289,0.190751
1913,0.970889,0.494463,0.211289,0.190751
1914,0.95902,0.488697,0.207453,0.190491
1915,0.969765,0.498096,0.210448,0.193239
1916,0.960046,0.487186,0.205162,0.191612
1917,0.97512,0.500892,0.212826,0.192141
1918,0.963062,0.488656,0.204733,0.190725
1919,0.972687,0.499558,0.212288,0.193274
1920,0.958086,0.487456,0.205206,0.191253
1921,0.969281,0.494084,0.208861,0.190871
1922,0.966649,0.492616,0.209572,0.192651
1923,0.958396,0.488754,0.207297,0.188044
1924,0.957002,0.486707,0.207395,0.193299
1925,0.960098,0.492187,0.20701,0.190501
1926,0.960256,0.492601,0.207863,0.190207
1927,0.957311,0.490733,0.208001,0.190427
1928,0.969368,0.501719,0.208954,0.193169
1929,0.963275,0.495686,0.208827,0.195088
1930,0.967829,0.497598,0.210159,0.192822
1931,0.963076,0.491937,0.208009,0.192999
1932,0.96469,0.489649,0.210002,0.19064
1933,0.966845,0.49182,0.209487,0.193111
1934,0.965423,0.492556,0.204814,0.193747
1935,0.960473,0.486926,0.203106,0.191136
1936,0.976261,0.507722,0.211305,0.193877
1937,0.955881,0.481547,0.204336,0.1926
1938,0.972304,0.499188,0.213251,0.193133
1939,0.959073,0.48526,0.205545,0.195411
1940,0.960498,0.487776,0.207771,0.193485
1941,0.971791,0.502035,0.212657,0.193526
1942,0.961708,0.493873,0.20641,0.193689
1943,0.969277,0.500574,0.212238,0.192163
1944,0.958576,0.490951,0.204997,0.196454
1945,0.960779,0.489446,0.205286,0.1934
1946,0.959241,0.490537,0.204001,0.191854
1947,0.960656,0.495583,0.206032,0.193432
1948,0.969104,0.497779,0.205415,0.191338
1949,0.966331,0.49308,0.206698,0.189129
1950,0.961872,0.491055,0.206522,0.192998
1951,0.966429,0.495699,0.210238,0.19395
1952,0.951762,0.482219,0.205535,0.195716
1953,0.964683,0.490761,0.207096,0.193405
1954,0.959554,0.487942,0.206807,0.192595
1955,0.959554,0.487942,0.206807,0.192595
1956,0.963075,0.48821,0.208147,0.190806
1957,0.965248,0.495565,0.209111,0.193234
1958,0.956742,0.486767,0.204523,0.192582
1959,0.960046,0.494109,0.208982,0.195752
1960,0.963866,0.49455,0.208916,0.192689
1961,0.974661,0.504251,0.212964,0.190219
1962,0.974661,0.504251,0.212964,0.190219
1963,0.947961,0.482774,0.204308,0.192048
1964,0.968353,0.49988,0.207773,0.192064
1965,0.968353,0.49988,0.207773,0.192064
1966,0.960948,0.489866,0.206206,0.19019
1967,0.963473,0.496223,0.206736,0.192791
1968,0.96674,0.497106,0.207226,0.194524
1969,0.971222,0.497341,0.209074,0.19078
1970,0.962878,0.490097,0.208956,0.190647
1971,0.970932,0.499632,0.211389,0.191337
1972,0.952043,0.481276,0.203539,0.190548
1973,0.96389,0.496367,0.209595,0.19289
1974,0.958513,0.484543,0.201815,0.189655
1975,0.985655,0.50689,0.213117,0.190145
1976,0.968685,0.490923,0.206096,0.190565
1977,0.961247,0.487631,0.203816,0.191321
1978,0.967562,0.499782,0.2116,0.197533
1979,0.96427,0.489769,0.207245,0.192714
1980,0.965426,0.49388,0.207792,0.190317
1981,0.950589,0.484601,0.203527,0.192558
1982,0.962321,0.491595,0.20577,0.191087
1983,0.966388,0.498384,0.210815,0.19324
1984,0.966388,0.498384,0.210815,0.19324
1985,0.966033,0.499603,0.209415,0.194627
1986,0.960413,0.49212,0.211005,0.191852
1987,0.956661,0.485579,0.204146,0.194173
1988,0.954332,0.483804,0.208915,0.193531
1989,0.95916,0.490466,0.20642,0.191037
1990,0.962547,0.491629,0.204863,0.193072
1991,0.960769,0.487974,0.207889,0.192545
1992,0.958774,0.491025,0.206179,0.193159
1993,0.965458,0.496107,0.20881,0.192056
1994,0.959033,0.488712,0.205511,0.193142
1995,0.960398,0.488255,0.207224,0.190272
1996,0.960733,0.492506,0.208952,0.192847
1997,0.965742,0.497464,0.20845,0.193386
1998,0.959446,0.494133,0.209872,0.193462
1999,0.957562,0.488431,0.207477,0.193721
2000,0.970111,0.502996,0.211722,0.196162
2001,0.961957,0.492977,0.208004,0.193161
2002,0.964158,0.494586,0.209709,0.193518
2003,0.964158,0.494586,0.209709,0.193518
2004,0.955466,0.484933,0.20444,0.192144
2005,0.954505,0.482646,0.20663,0.188115
2006,0.964776,0.48994,0.206549,0.190233
2007,0.969452,0.493452,0.211865,0.190295
2008,0.974841,0.503691,0.210569,0.191027
2009,0.974841,0.503691,0.210569,0.191027
2010,0.966124,0.498295,0.206015,0.192428
2011,0.966124,0.498295,0.206015,0.192428
2012,0.969298,0.499708,0.208569,0.191871
2013,0.959359,0.492503,0.20787,0.19326
2014,0.961667,0.494286,0.205733,0.194288
2015,0.951875,0.485979,0.202031,0.191348
2016,0.96009,0.490639,0.207941,0.190613
2017,0.963,0.491101,0.207222,0.190979
2018,0.963,0.491101,0.207222,0.190979
2019,0.953961,0.484049,0.205679,0.190139
2020,0.968815,0.496307,0.210955,0.189651
2021,0.962921,0.492309,0.209957,0.192782
2022,0.966048,0.493819,0.209187,0.192012
2023,0.959092,0.483723,0.205334,0.189076
2024,0.970915,0.49708,0.211594,0.192573
2025,0.963837,0.487578,0.206944,0.193543
2026,0.97331,0.494568,0.210885,0.191447
2027,0.957091,0.48538,0.204854,0.193454
2028,0.961843,0.490504,0.2075,0.192781
2029,0.974053,0.500266,0.21094,0.19437
2030,0.965239,0.492365,0.206626,0.192598
2031,0.966237,0.492413,0.207725,0.191379
2032,0.965364,0.491427,0.209285,0.193087
2033,0.971512,0.498912,0.208397,0.193074
2034,0.955391,0.484123,0.208014,0.192899
2035,0.968176,0.496002,0.2069,0.190988
2036,0.958933,0.488019,0.204133,0.193685
2037,0.96634,0.49451,0.209873,0.193915
2038,0.958343,0.487339,0.205445,0.190867
2039,0.967167,0.496964,0.210023,0.189731
2040,0.957033,0.485482,0.208143,0.190459
2041,0.972583,0.502779,0.209683,0.191006
2042,0.967407,0.496767,0.209604,0.190926
2043,0.959474,0.488272,0.205671,0.191268
2044,0.957222,0.487982,0.20659,0.192962
2045,0.967844,0.498836,0.205365,0.192108
2046,0.957721,0.490223,0.205501,0.193924
2047,0.968059,0.499092,0.208935,0.189493
2048,0.965882,0.495429,0.20908,0.192126
2049,0.970622,0.497902,0.210425,0.192979
2050,0.970622,0.497902,0.210425,0.192979
2051,0.97309,0.498686,0.209396,0.193724
2052,0.967059,0.49517,0.209486,0.196007
2053,0.961833,0.487845,0.206463,0.190684
2054,0.968775,0.497049,0.205144,0.192939
2055,0.957352,0.484609,0.199525,0.19033
2056,0.96627,0.489212,0.205371,0.190263
2057,0.967583,0.496941,0.210219,0.194417
2058,0.957218,0.486714,0.20325,0.19332
2059,0.964728,0.496703,0.206295,0.193804
2060,0.959373,0.492349,0.205768,0.194644
2061,0.965013,0.496051,0.208164,0.197254
2062,0.962231,0.490113,0.207566,0.194531
2063,0.971366,0.495854,0.210194,0.190523
2064,0.966109,0.490584,0.207542,0.190927
2065,0.961314,0.490753,0.209241,0.193068
2066,0.960107,0.492911,0.206366,0.194567
2067,0.957083,0.486398,0.206107,0.192028
2068,0.960157,0.490584,0.207918,0.194329
2069,0.959781,0.490777,0.207249,0.193271
2070,0.952208,0.484947,0.205258,0.197237
2071,0.961728,0.492218,0.211936,0.19403
2072,0.96724,0.498054,0.207511,0.195173
2073,0.971564,0.496299,0.207101,0.190836
2074,0.957877,0.486041,0.208195,0.190927
2075,0.971781,0.49999,0.210416,0.189873
2076,0.958722,0.488267,0.208634,0.191196
2077,0.972096,0.499551,0.212266,0.194276
2078,0.957179,0.485258,0.206666,0.198221
2079,0.972174,0.498606,0.209391,0.193991
2080,0.962583,0.487229,0.208532,0.192698
2081,0.964468,0.487472,0.208469,0.191482
2082,0.96571,0.491359,0.204513,0.192019
2083,0.966799,0.48928,0.207219,0.192257
2084,0.971086,0.497175,0.206349,0.194498
2085,0.971086,0.497175,0.206349,0.194498
2086,0.96398,0.490773,0.207393,0.194962
2087,0.964354,0.489117,0.207531,0.193563
2088,0.96439,0.495651,0.211221,0.193534
2089,0.96651,0.495292,0.210801,0.190417
2090,0.964336,0.491213,0.208102,0.190471
2091,0.965601,0.492376,0.204581,0.190427
2092,0.96496,0.490316,0.207261,0.191027
2093,0.963941,0.492292,0.210108,0.188931
2094,0.956401,0.48558,0.204787,0.190478
2095,0.96903,0.493915,0.209264,0.189194
2096,0.962521,0.489097,0.208872,0.191942
2097,0.949332,0.480015,0.202675,0.190605
2098,0.964656,0.494923,0.209824,0.194882
2099,0.955144,0.486701,0.206272,0.18918
2100,0.961091,0.497216,0.20934,0.195127
2101,0.960611,0.493357,0.207955,0.193353
2102,0.959756,0.487761,0.205637,0.194706
2103,0.95461,0.485572,0.205643,0.191239
2104,0.974151,0.49943,0.210257,0.191647
2105,0.961893,0.493333,0.208777,0.191699
2106,0.970627,0.496441,0.207466,0.192891
2107,0.957156,0.486959,0.207125,0.190416
2108,0.958859,0.489706,0.207866,0.193328
2109,0.974567,0.507609,0.210705,0.193478
2110,0.962904,0.494412,0.208906,0.192344
2111,0.955135,0.48645,0.20432,0.193768
2112,0.968023,0.498874,0.206505,0.191947
2113,0.965687,0.494476,0.207978,0.188186
2114,0.951144,0.482491,0.202647,0.191031
2115,0.965247,0.496869,0.205613,0.193142
2116,0.958252,0.488966,0.208126,0.192966
2117,0.958252,0.488966,0.208126,0.192966
2118,0.963364,0.493418,0.20715,0.192354
2119,0.960322,0.486857,0.206765,0.189688
2120,0.961596,0.490406,0.205622,0.188892
2121,0.962571,0.494173,0.20591,0.194986
2122,0.970731,0.500637,0.20904,0.193385
2123,0.956944,0.490709,0.202132,0.1913
2124,0.9554,0.486268,0.202024,0.190078
2125,0.970087,0.500958,0.207734,0.193757
2126,0.96654,0.493748,0.210802,0.193435
2127,0.960023,0.489019,0.205626,0.190857
2128,0.966851,0.493674,0.209042,0.192459
2129,0.965993,0.493396,0.206666,0.192611
2130,0.957615,0.486596,0.204161,0.19217
2131,0.96642,0.49463,0.206782,0.18934
2132,0.961924,0.494662,0.207202,0.192
2133,0.968088,0.499585,0.211022,0.194814
2134,0.964139,0.488599,0.20728,0.192761
2135,0.955816,0.4841,0.205008,0.193594
2136,0.969506,0.496511,0.20804,0.19418
2137,0.964492,0.491297,0.208497,0.192866
2138,0.961869,0.490549,0.205997,0.19256
2139,0.974433,0.504782,0.207801,0.191621
2140,0.95772,0.486145,0.20367,0.192998
2141,0.975445,0.503558,0.208983,0.193256
2142,0.962633,0.490033,0.204186,0.192153
2143,0.963735,0.492502,0.205457,0.192853
2144,0.966667,0.494747,0.208737,0.191002
2145,0.968744,0.496538,0.208646,0.192409
2146,0.963129,0.490984,0.205357,0.191967
2147,0.970859,0.501906,0.207055,0.191533
2148,0.963528,0.49204,0.210737,0.193517
2149,0.962609,0.493377,0.209975,0.193693
2150,0.963431,0.492201,0.207628,0.192344
2151,0.968754,0.495161,0.209121,0.194132
2152,0.958835,0.488422,0.204909,0.192372
2153,0.95942,0.491533,0.206548,0.193214
2154,0.951635,0.488391,0.203707,0.194773
2155,0.971511,0.502017,0.209323,0.193013
2156,0.953546,0.488146,0.204765,0.192542
2157,0.953546,0.488146,0.204765,0.192542
2158,0.959812,0.491381,0.204455,0.191108
2159,0.962662,0.494331,0.203049,0.192062
2160,0.965151,0.494039,0.203793,0.193879
2161,0.958117,0.484229,0.202334,0.191349
2162,0.967728,0.497662,0.207399,0.191752
2163,0.964901,0.493601,0.206742,0.196219
2164,0.964432,0.488705,0.205905,0.190202
2165,0.970292,0.493477,0.208262,0.190886
2166,0.968305,0.494565,0.210175,0.191218
2167,0.965734,0.491065,0.209972,0.196818
2168,0.959362,0.486392,0.208196,0.195436
2169,0.963894,0.492151,0.204825,0.19554
2170,0.96965,0.494269,0.211349,0.194568
2171,0.964587,0.494283,0.206376,0.195776
2172,0.961289,0.487829,0.205707,0.192023
2173,0.960849,0.491854,0.208156,0.195503
2174,0.965112,0.493656,0.208035,0.190728
2175,0.955263,0.484385,0.204712,0.193965
2176,0.973135,0.503571,0.206974,0.191451
2177,0.962932,0.49167,0.208213,0.191333
2178,0.95677,0.489643,0.205209,0.193304
2179,0.976041,0.503763,0.211332,0.192611
2180,0.960482,0.489825,0.205787,0.192887
